id,filename,LHNo,extension,size_bytes,size_human,width_px,height_px,megapixels,colorspace,md5,sha256
1,lh-75-0001.jpg,75-0001,jpg,640954,625.9 KB,2640,1920,5.07,RGB,ad3620950df8a68db67ece02bb7ec583,be17b3094894a7f4e232fb4821bbc9f9adf3e7e4f0bf580171e2a826cc4e7329
2,lh-75-0002.jpg,75-0002,jpg,653894,638.6 KB,2664,2080,5.54,RGB,9183dedce3ecf40562bf16ad9d167b0a,0670d37ae907c047062846a2bc5087752df30f469d9a67664e5654fa2f900ec7
3,lh-75-0003.jpg,75-0003,jpg,750479,732.9 KB,2647,2079,5.5,RGB,a45f6166d78089b4a70697844e13843e,734981f06882aef0c4219775c98426e9bb506d52ff63404a56c2eb2b8660fbab
4,lh-75-0004.jpg,75-0004,jpg,777343,759.1 KB,2880,2336,6.73,RGB,e28019879cef8a986ecf40298cd4f935,550071f2d22edabd43e71819944009351f665193567f6cb6e5f2757862486f85
5,lh-75-0005.jpg,75-0005,jpg,574734,561.3 KB,2280,2888,6.58,RGB,12fde1c1c99c83ec441bd18c4cc5ce29,9262e2e2d0769bc710d9270259e8b22a9902345ff5939e2aaba379c1b29e6c6f
6,lh-75-0007.jpg,75-0007,jpg,608881,594.6 KB,2784,2192,6.1,RGB,def308657aac3fd2689c6ed8924d45d1,43c50f4cbca0914df10420ce46bd1da3ab6581657532d1e54a6058e3e6426b65
7,lh-75-0008.jpg,75-0008,jpg,776045,757.9 KB,2360,2927,6.91,RGB,2c7e4411887401827612951140a52ba5,dd177febb5b6e30e92d14d8c734c51cced98e078409dabb360d2ab8341b82262
8,lh-75-0009.jpg,75-0009,jpg,626995,612.3 KB,2952,2360,6.97,RGB,197904f1cdf16ecee5983a3e7114f37c,c13da76ee4d42cd39909649b4caf612e75c3f68bfb000f5df8d328c412b6c255
9,lh-75-0010.jpg,75-0010,jpg,951619,929.3 KB,2968,2352,6.98,RGB,3283de6ce5a5a93a009a0b08647b2eaa,3fd7cd41667c440f844d033ea0e1e81e05b25ffcf3452e7f3b49cc91b1ade2d4
10,lh-75-0011.jpg,75-0011,jpg,927579,905.8 KB,2664,2128,5.67,RGB,484fafa9b0607f617f6ed041c2133b99,fb55f27f4d44ab54f754dec5f66e32a0d1f7495697aa918c6b4f45873b71a8d3
11,lh-75-0012.jpg,75-0012,jpg,808623,789.7 KB,2672,2120,5.66,RGB,852aa505af1d76d37d112ee2c3e0a914,d98f23ed5f06c96153a835b8078f0dc7b81dd6967fb0125a2385fc09deb19f33
12,lh-75-0013.jpg,75-0013,jpg,982645,959.6 KB,2936,2320,6.81,RGB,baeeaa9e61c11b8cd886fff6f6f41938,6591f9952f68c6cc33c54a2fceaebb1f41b7221e850f0698aec6733d71adce91
13,lh-75-0014.jpg,75-0014,jpg,657560,642.1 KB,2944,2328,6.85,RGB,944a8ed6df99d9385c9db556a55ab53b,85392f150b10faabeb9d30fa7c5110d8f4a8831803decac54b152b4f3f256858
14,lh-75-0015.jpg,75-0015,jpg,726351,709.3 KB,2336,2952,6.9,RGB,a3081b95638d6d884ee945d124a30d0f,35091177cf192f5640dbfc5f200a07eae3be921fda4767c5d7aaa39b2e69e7f8
15,lh-75-0017.jpg,75-0017,jpg,791424,772.9 KB,2056,2976,6.12,RGB,422ce309abee7d3c3774756751cfdb8b,c67885c771a0d957c46b47fc45c0eb061b8dabe22a144d4d9e844f2392905cd7
16,lh-75-0018.jpg,75-0018,jpg,737330,720.0 KB,2223,2744,6.1,RGB,96a21d212c1cbc3911973eebf58c41af,093ea903dcd02620f936f0a4e90ec1bbbbb0842b8080a9a130cb4eaacf859a8e
17,lh-75-0019.jpg,75-0019,jpg,1362843,1.3 MB,2352,2944,6.92,RGB,279bb2d3cd76f1ef777b71489454f779,e4f0756371ed20585a331fa32a6ad908dd89d9be62295bfac0dc5687aaca69df
18,lh-75-0020.jpg,75-0020,jpg,642726,627.7 KB,2384,2912,6.94,RGB,578d71db6750b76f6a7da7f6454f24e9,c2ec477e9a727b27b3066910cbfa9f3333d87a666b6d0c126e0a4be244c85e26
19,lh-75-0021.jpg,75-0021,jpg,525805,513.5 KB,2336,2088,4.88,RGB,c6307ec540b0bb397ae2f9e81026859a,002973b5e11fd64b951da6b00933a88fefed61d33e7fbab2b79e3100c6750272
20,lh-75-0022.jpg,75-0022,jpg,1034780,1010.5 KB,2391,2935,7.02,RGB,bb3e4cc2bdb216766bd0e15ffa3da1ee,da31e513e3f43ca695c92a436883544f49d3d7e623f0833f6652da461d9058d5
21,lh-75-0023.jpg,75-0023,jpg,679363,663.4 KB,2471,3048,7.53,RGB,9d03b01e4ee9d503c706055cc239466f,74abf67cc52fc70b0c750d615e657daca53dc3a475e86980872745495941aa61
22,lh-75-0024.jpg,75-0024,jpg,522473,510.2 KB,2336,2856,6.67,RGB,f48ce8e3cda3090487024a9f0d5d1c5f,4ee4577ff8d5121cf9b260d9307c9f9a8a72b26868ce2f43beceb3b05f6df328
23,lh-75-0025.jpg,75-0025,jpg,765497,747.6 KB,2376,2920,6.94,RGB,831ef2f16a178629164e7eb822cbbba2,40456662a8e0c2a6ca1d2f0d61b1c864664c2a74c6a3739cc4bac4fdd0d04700
24,lh-75-0026.jpg,75-0026,jpg,746691,729.2 KB,2335,2943,6.87,RGB,4279f11b390ef09ecb212f80371ffb0c,922b99057a62ee922c7174ac412e2a0fe2028487edd14f5046f333f70df15602
25,lh-75-0027.jpg,75-0027,jpg,1014952,991.2 KB,2360,2952,6.97,RGB,74fda63ced3f5a3104f7d00358ff5688,18c713dd90959a2b46e8cd6a5fb7696efbb3fa97240ce41b2fa0c8f8077232af
26,lh-75-0028.jpg,75-0028,jpg,1079701,1.0 MB,2383,2951,7.03,RGB,9696e4877c7b774df74af71e1a4772a7,fa107b889c19be85abc15189b021b626e3f6ae9267cc0fc3c4804c308d08b9c9
27,lh-75-0029.jpg,75-0029,jpg,882236,861.6 KB,2328,2944,6.85,RGB,dca8d6afa0bc7b96d0927bb3d87ccc2f,08857ae7534c601eef1ba0de26280da7fa98d9cf1d799249f0cf6c6f04bf4608
28,lh-75-0030.jpg,75-0030,jpg,864512,844.2 KB,2336,2976,6.95,RGB,223f3f37e9e13691fd24584d4dd483a9,09961a4cdece76adfd3aa725c8bf8adc79ec9cc9c2a8d696f217cd041ee61d4c
29,lh-75-0031.jpg,75-0031,jpg,815814,796.7 KB,2360,2864,6.76,RGB,df4dc61d8d5dc5ffc43e88c7810734be,c5d6d3d7ea582a365fec985fb2df5046b4ed74e2ffa439ce8145d5142daf4aa6
30,lh-75-0032.jpg,75-0032,jpg,478038,466.8 KB,2320,2927,6.79,RGB,c396d7d899732d42e3f8b64ec2efe47a,6b557b7c2ead627323805a049237e03528b20198374634b952757d02ec9bedff
31,lh-75-0033.jpg,75-0033,jpg,1102317,1.1 MB,2336,2952,6.9,RGB,991d98fd151627b7f60968064a40e0ac,db2c426f00edffa45790fafeb8af9c81897c2ba5d941db0bcf6a7bb7d5a1809d
32,lh-75-0034.jpg,75-0034,jpg,972445,949.7 KB,2351,2951,6.94,RGB,919f16f955ec38dab4b8ec1f75a5bae8,4daebad06a1b0f6529dc46c58f2f30f88efdaf159458fcf150b0142098c1a175
33,lh-75-0035.jpg,75-0035,jpg,940247,918.2 KB,2312,2936,6.79,RGB,8acacd15f78947e5d689b1e82dc728ff,ac4c5c7fcdfecf5d204ca81839d3d949f9a3fcc702fab147b0654cab00e64f2a
34,lh-75-0036.jpg,75-0036,jpg,1065471,1.0 MB,2352,2952,6.94,RGB,2b367f06cc0ef77e0d34812848ef517c,37fa19f371a94f71ae0f856d51baed997e5f161700aa0268ffd792aa30bbedc0
35,lh-75-0037.jpg,75-0037,jpg,1069038,1.0 MB,2375,2951,7.01,RGB,23935d8a84dade1db7059e6b097812af,ec4fdaddab684a2887ea82b2a3800550a1e40d440bf6595ad52f43c9359fe96e
36,lh-75-0038.jpg,75-0038,jpg,896860,875.8 KB,2344,2952,6.92,RGB,964c189d5add09276f66d19a2d793598,c6a2eb39c5947515b90b1f04f6306f548d4ae462f95824fb0bc0c1eea56c72dc
37,lh-75-0039.jpg,75-0039,jpg,1029575,1005.4 KB,2151,2687,5.78,RGB,497c3749b742c189016ba9b29b47a439,b81e25a90adf26130ca4b6ff4c77546122220d4c55b546b105ddd38b6743e44f
38,lh-75-0040.jpg,75-0040,jpg,1118938,1.1 MB,2343,2935,6.88,RGB,cf52e831eb1fef3764557cabc0a1e787,2b73c99daeeef44d557b83b08e5d6d4117150f1d202cd45b55e8df79e95b8f65
39,lh-75-0041.jpg,75-0041,jpg,737883,720.6 KB,2152,2688,5.78,RGB,d076b5622e54327bd8846f8b7c3bc2a1,b424b806e86bf2c139f92c57708e3adedbb703b958e52a2aa0a03565d4dacdab
40,lh-75-0042.jpg,75-0042,jpg,964809,942.2 KB,2352,2936,6.91,RGB,a2b281a848470609c26f4c49100af3f7,bb3db113c670595b1f1cbe051168c5192ea48f9e4c66b252ee2c2ca97caf20ad
41,lh-75-0043.jpg,75-0043,jpg,933859,912.0 KB,2335,2920,6.82,RGB,13ee28559ae81f57ad2a93f6d483e20d,0af8f986063ea450d444fce942a9c5b11c17e9d33e3848b4c0569abaf16c0645
42,lh-75-0044.jpg,75-0044,jpg,576962,563.4 KB,2336,2952,6.9,RGB,dfd9eb310b719e60804ac186195dce99,9e44d978bbbd9742a75985714f4535f199757d0ca28975a7308ea97066b971ca
43,lh-75-0045.jpg,75-0045,jpg,574043,560.6 KB,2240,3008,6.74,RGB,05eaa382d041f5e818fc64d3ae67817c,86b66a1ce222e744be99e63121a602febe8891d44cf723f51532db99da43b945
44,lh-75-0046.jpg,75-0046,jpg,1149367,1.1 MB,2135,2815,6.01,RGB,355ca2fcdbf2483ef6a860545c694561,315e982eff21ec4627570c63e70e7613f23eb0effa730940686392e515647158
45,lh-75-0047.jpg,75-0047,jpg,861221,841.0 KB,2400,2944,7.07,RGB,c264117e74ea7c3a09be2eafee823d3f,256ccaf2380eba17c0d3cdad00e91a53e29cbc25723a28b23a9b3167d11e8e6a
46,lh-75-0048.jpg,75-0048,jpg,596961,583.0 KB,2320,2968,6.89,RGB,d33009b0cccb7b59c7d3a3c18845e5bb,33773336ab123e99cc28de1f4ecffe6e285871741192e9bb590948f23e893f03
47,lh-75-0049.jpg,75-0049,jpg,831954,812.5 KB,2695,2127,5.73,RGB,0cda1db84b6b1b276bb9f9fe5e53e74d,679684bd9b2e5619c4efe993cc922b4900fd2679b7cf3143c4da78a8d2ec7221
48,lh-75-0050.jpg,75-0050,jpg,696996,680.7 KB,2384,3032,7.23,RGB,b6a6c2c7c9b43620f8953fb754be9d2a,14a0e7007708b7c07c79e420bbf9515eee4d1e8018d9c06c6cd2c48cf291a2c2
49,lh-75-0051.jpg,75-0051,jpg,895438,874.5 KB,2344,2992,7.01,RGB,6b2bdbb937ddc59674c3199d7a4ead88,ac0bb24487b3f0a09caeca6335163009243baac54380d969d73e191f58e56560
50,lh-75-0052.jpg,75-0052,jpg,548764,535.9 KB,2360,2952,6.97,RGB,ac799e66e7ed1e3ded41bbd877c2fe1d,938b5b8940c258d0d8188c47a22d7edc91d8833e75634415f05cf7b5249a56b0
51,lh-75-0053.jpg,75-0053,jpg,1607627,1.5 MB,2360,2935,6.93,RGB,4676e9f49c498b4e0227f27e2b54f5b0,a66375fa7669d55f42ba150ad26ec8e8c530d0fa3281edf118ca449c9a4cd0e2
52,lh-75-0054.jpg,75-0054,jpg,579560,566.0 KB,2935,2383,6.99,RGB,a57c480c05d52eba4390c364af095490,9ed9ef41a3bf4f950eec653a71adb5d934ac12794645556de87878899f34fbb1
53,lh-75-0055.jpg,75-0055,jpg,571731,558.3 KB,2928,2376,6.96,RGB,6568bfcb4d4cc1d2fd4d79cefa2b11d6,78b67a2768b1923358c8cb92d7adc34bde91cc9b76062612ae2b8070a311c260
54,lh-75-0056.jpg,75-0056,jpg,623067,608.5 KB,2880,2368,6.82,RGB,0c0d4d694ae9a9af1c78a3a1ea20d12e,adc8199725690938caa7e587d671951a8a72e10126879c6f0adbd3d8e6c3d3bb
55,lh-75-0057.jpg,75-0057,jpg,864463,844.2 KB,2951,2327,6.87,RGB,5f5bc6cdb1730400c303cbda481aa825,1d2a6e20acf072ed3ae90405a44ab10c7bb3d7ac59c13cf9423bab33fac32c1d
56,lh-75-0059.jpg,75-0059,jpg,876304,855.8 KB,2336,2976,6.95,RGB,17bf09e4e52291492a772736b90bc20b,b0892751a0e0d6b362e75bb1613caa08f51f6cd34baf3558b1e9354d447f38be
57,lh-75-0060.jpg,75-0060,jpg,828640,809.2 KB,2912,2384,6.94,RGB,0d5815c253bda257fb65b02f0c25bda4,808a026aae7e4658b83b45a23dd7c9282c422c1f330caf295367e462fa32c003
58,lh-75-0062.jpg,75-0062,jpg,536062,523.5 KB,2343,2951,6.91,RGB,e1bc8c84abd5537eea9915a13653e780,13de1eb5477bc5025b60036383baa3fbc3dacee81e69c0cd46e79b6358d9af2e
59,lh-75-0064.jpg,75-0064,jpg,880448,859.8 KB,3000,2312,6.94,RGB,69c7b0631c5d8a1e2506eb57e6b8c4a5,dc6c89209e56bfb63caae49110608e7425aca75d57900806920e9f6fa2ba5d4e
60,lh-75-0065.jpg,75-0065,jpg,774369,756.2 KB,2896,2384,6.9,RGB,9647327080907a16b0f54ccd024575af,19cd1bc9769af43d4f1bd1dc4372e6d3d3c71f7ec05f35a2fad5a24767a311dc
61,lh-75-0066.jpg,75-0066,jpg,831447,812.0 KB,2935,2335,6.85,RGB,7cd8d7ebd48aaa52c914415ed650b960,f73ff64bd00c49d51b58e2685e622feb4daf63fb4c5b219b965755bddfc450bb
62,lh-75-0067.jpg,75-0067,jpg,685950,669.9 KB,2296,2944,6.76,RGB,4a48bcc3214752766fb864cc416e5a27,63ee223dda5e7140fc99dc8fb209ad5fee28f82bf1a5419fc2753ddd95cd2be0
63,lh-75-0069.jpg,75-0069,jpg,659844,644.4 KB,2912,2368,6.9,RGB,e2e06139e3b86a2d8fbbdd43a613527a,5c5c280eb3835b4723d71f3df6c712f5b4044f34857840e59a3446920d657df2
64,lh-75-0070.jpg,75-0070,jpg,496477,484.8 KB,2800,2176,6.09,RGB,7b1385a079f0e3d625038af6b113614a,de1762e79abc5fac44d29c70f0991ddd16c11f78030b7294f8ac7b1ebf7c2aac
65,lh-75-0071.jpg,75-0071,jpg,1106060,1.1 MB,2967,2351,6.98,RGB,5b3a026694d467cbdeaf1490c354e17c,cf15d11cebff863b7e817601cc9ba6b9c51d304d8b373b453177a76bd95b797b
66,lh-75-0072.jpg,75-0072,jpg,735421,718.2 KB,2848,2264,6.45,RGB,582055ec93fed934851434b45e2be571,64c5a28600774dba7e056c7ad16ef75d7dba80cfdb1ecdbfd272ece1a9193ccd
67,lh-75-0073.jpg,75-0073,jpg,1183838,1.1 MB,3088,2423,7.48,RGB,9445ba48f2ee43a7634f522ecc6ba7f8,c9af7dff78398cd45aa449a2dd5e856aecaf351ac98497bc84225c2d7dbfcbe3
68,lh-75-0074.jpg,75-0074,jpg,1077474,1.0 MB,2967,2363,7.01,RGB,5ec50e0de8c03517eec5f418138b9554,73638f627d8bd3bafb5446fe9c9db56883a953b3de315f439f3b252f4695b7a3
69,lh-75-0079.jpg,75-0079,jpg,597664,583.7 KB,2936,2368,6.95,RGB,de528599a9c5c16e3e6881b7fbba80da,c9b0803ce3f3f6d8072d2f3bbdc87f2e6dd0dca34636655261bfd9d34cce23e9
70,lh-75-0080.jpg,75-0080,jpg,764679,746.8 KB,2969,2044,6.07,RGB,2a66da03ab8ce0dfef24ba4f08faa7c6,53dfa77842719aa75442c98dcd56c5e91f6dc895ac60da70024c6a0a41e24204
71,lh-75-0083.jpg,75-0083,jpg,959266,936.8 KB,2969,2007,5.96,RGB,0f8c94925afc2a359ff9c872db6ff4ef,34f5b5cda46a4552baffc00cf5c1a8bd05e0600cca717c8932975b84fd6411e5
72,lh-75-0084.jpg,75-0084,jpg,804212,785.4 KB,2988,2346,7.01,RGB,f646fc8ef2f77247b9829c5815c91b7b,94f36988f83552503a2a30ca6d5213cc2481b0afa35baf23e6984d4d65daba1a
73,lh-75-0085.jpg,75-0085,jpg,540520,527.9 KB,2949,2029,5.98,RGB,4f3fb6f84d9138fbcb7262117df3500b,c3b2631ea0d85824dcd679394611fc9a94db34cf5ef02240ca0520b5b741513b
74,lh-75-0086.jpg,75-0086,jpg,810395,791.4 KB,3007,2449,7.36,RGB,60ee4cf1765470060c9e66afffe84a19,b268b777838a6b973a41dd8528fe1b7b3dfb1db6d5e8cfa5169a3c350ca9f77c
75,lh-75-0087.jpg,75-0087,jpg,760822,743.0 KB,2894,2393,6.93,RGB,617c2d092be7bce7d3cebbb6658ff7e3,4257d5c89cb1e6ba054b4341c5a9058f8c1892766b4da9e03d2d9f3130df3080
76,lh-75-0088.jpg,75-0088,jpg,827534,808.1 KB,2950,2440,7.2,RGB,7cb1fc0e217339cbac48b87aac95dfdb,eb124c253c8b7d2b10cfb818d47149e847a48bdfe64136ea1e3672768a0b164d
77,lh-75-0089.jpg,75-0089,jpg,474665,463.5 KB,2950,2440,7.2,RGB,0960899528ca8b97caacd22a28564350,3e4828e8beb5c399b3e3a4d9ceb63e789757da9a4b4fa0be048742cdc8566c19
78,lh-75-0090.jpg,75-0090,jpg,843569,823.8 KB,2997,2374,7.11,RGB,45b74f18a13efc9fbcdb0c76beb59f0f,8bd2e835d071014c214b7cd074b05fa9ca84e4dca8f40d9296c343f534efd09b
79,lh-75-0091.jpg,75-0091,jpg,780107,761.8 KB,2997,2374,7.11,RGB,90400a021b9afc327027c43455b203c5,f54361d2117be60be84345331119d93a3c50b0cda6aa30b6e956a4f69670854a
80,lh-75-0092.jpg,75-0092,jpg,761360,743.5 KB,2997,2374,7.11,RGB,bc1d46e2235bca45dfc04bf497dfeb56,7cafb0d4702aa791b9ca0e97bac5930b63bbae070c9fef77a41f46bedb3cbfb1
81,lh-75-0093.jpg,75-0093,jpg,593602,579.7 KB,2997,2327,6.97,RGB,6822bb26b9b8b5d8ed6e3f2633f087a7,f70f02f32c4cbc47b94083fcbc186d9dc805c011156d45ab424bcb1a8a125238
82,lh-75-0094.jpg,75-0094,jpg,583054,569.4 KB,2884,2327,6.71,RGB,a5f0bb63accab0c0f9f00e18d9410167,0f0b92c04296ffd649bc568a7462cb431a9b85088b1b27cd8b5fc9b87a1cca90
83,lh-75-0095.jpg,75-0095,jpg,711693,695.0 KB,2884,2327,6.71,RGB,bb99e1795c3f6130f943f9f153c87cab,38fd9b7d4e304fe9d6a193681beb4b80637a2daee3bf34bf2c705c18f536f97b
84,lh-75-0096.jpg,75-0096,jpg,618215,603.7 KB,2978,2383,7.1,RGB,ded972a7cc5721c260ccf5bda39816b4,91d1cba7a980583ea2612a93b84f5298a9a216a723b053cf05e6bfd11d99881a
85,lh-75-0098.jpg,75-0098,jpg,764022,746.1 KB,2978,2383,7.1,RGB,8dbd939a7e9d364185f7a2610bf4a249,2fc9e4e3e76e63fdf11e72a31e5d4f9ab128c38699c61710bc4ff07817b02eff
86,lh-75-0099.jpg,75-0099,jpg,880013,859.4 KB,2978,2402,7.15,RGB,d7ad2aa107d9036181fbb616fb9c6ed1,bba6d862743fabb81561c17027357f927308d485b2d750c8dd1477b113b5eff7
87,lh-75-0102.jpg,75-0102,jpg,647164,632.0 KB,2978,2402,7.15,RGB,7167c40b475fc5f1ff792b03b6345e17,d3174fc9f24d6db4224b8d4f0cf64efc36fb38811dfc51a0422e5904441cb441
88,lh-75-0103.jpg,75-0103,jpg,1085148,1.0 MB,2403,2977,7.15,RGB,1e711d0314934956a34ea0eb761c1c80,400415cbb47f7c8c1afc31c2777f559ca4285ce46b47a22a45ef351f76518cb2
89,lh-75-0104.jpg,75-0104,jpg,1136781,1.1 MB,2403,2977,7.15,RGB,11e8afa24fccc84a4171bf13df31ffdc,781c7de540cfe17910ec1faa9415a1822d2ece69b8a2d6c2a0321b09fadd82bc
90,lh-75-0105.jpg,75-0105,jpg,862987,842.8 KB,2931,2402,7.04,RGB,376d5096ca06f179e116e3505ead960c,b7ea30b3c9d943598f95b84434addb76c1050f603f0e56fb2a9520f59f32db51
91,lh-75-0106.jpg,75-0106,jpg,874579,854.1 KB,2884,2383,6.87,RGB,4ed11c89a783e432f89d6d83de71a3a4,4b1abfc8138f3d8b13f2892664d69b700b692778665ef6f18e0400a981df8cbb
92,lh-75-0110.jpg,75-0110,jpg,562992,549.8 KB,2903,2383,6.92,RGB,13b916d9520da819c9076adfe033e487,040aec46530924a26f0145673f21b8e303604da10ffa6447163302054f9edf5c
93,lh-75-0112.jpg,75-0112,jpg,518766,506.6 KB,3007,2383,7.17,RGB,e923f68086bc429fa5cd1c344979e063,e75914b806155c33e34ed9bb484888fc73f4afe0b268e5ae7a3e820430206631
94,lh-75-0113.jpg,75-0113,jpg,570639,557.3 KB,2950,2346,6.92,RGB,0db651187ca9cc7c6f1e60313d7c3100,b35a76dc085323968f4ead8ffc04941696516da0ad1b941b00e96c71fd89df38
95,lh-75-0115.jpg,75-0115,jpg,778343,760.1 KB,2950,2346,6.92,RGB,866f7f1af9e6f35c9677e2c62a23cb31,477562b0861e5a321fac4fd860fb98c0246a119b7d8e68dbab8861aa13f301c5
96,lh-75-0116.jpg,75-0116,jpg,670333,654.6 KB,2356,2977,7.01,RGB,7ff027d194f85ae2704b207c0724cd34,49f18913584f69ce4928c347c7a4f5875a11af9ff0e6f02c2798054fb5f721c3
97,lh-75-0117.jpg,75-0117,jpg,922004,900.4 KB,2356,2977,7.01,RGB,239fb2e7687a8350ffbab9747f510bb3,19c632e9e9c8776f45ca3618d44c96ddb3d5f650584e21a9afadacea2e10eba0
98,lh-75-0118.jpg,75-0118,jpg,361392,352.9 KB,2950,2383,7.03,RGB,716526d7de08c0ef9a837637371cfc62,850efc609829c1f138e2864a764c29f72e78a8f70b63bc05804c3f59ec809fc5
99,lh-75-0119.jpg,75-0119,jpg,755235,737.5 KB,2950,2383,7.03,RGB,de572e14bac27680352c2dd9cac6e05f,fbe60a621c68dd5796ad066165ef5b0a5e60d2faead7bbbf1a406d8d617c0e87
100,lh-75-0120.jpg,75-0120,jpg,728221,711.2 KB,2950,2383,7.03,RGB,37eb9b7813ee82b530447004694fe820,ec343ab6157abd38c24fd0e00e21ec72e640c1abe8a0378245c76b8288a8d31f
101,lh-75-0121.jpg,75-0121,jpg,695273,679.0 KB,2950,2383,7.03,RGB,3367dfd83d0172e712a172119db4688c,d8bbe8593d1e2703ac256e8406e59a9b803d962b360946aa38e5ba9cf02119bc
102,lh-75-0122.jpg,75-0122,jpg,1158050,1.1 MB,2950,2383,7.03,RGB,6f13b41090d82fa295ce9ef2c5b5d8e6,ac31437dd6ab38bba3f2c271bec42cf59085f234b1f744c53b22e963c9d3fb2b
103,lh-75-0123.jpg,75-0123,jpg,1041824,1017.4 KB,2950,2383,7.03,RGB,47513d4a8797e49e3c695b85d7b1c5fd,f859a1bd58ebfd2b093fa3e056311b5e59e00ae370cbdc88da20bf853afa75bd
104,lh-75-0124.jpg,75-0124,jpg,856414,836.3 KB,2394,2958,7.08,RGB,8b870c8d4fe9bafba7eba7c91ac82ba7,127850752bb23d6f44d11cfe8d90e6eb22f071f8de6918534e58999d0ca50c4a
105,lh-75-0125.jpg,75-0125,jpg,97824,95.5 KB,1164,1433,1.67,L,a85249c3b0a5b043da6b49f921e1d500,d6bcfb3724c0e1b8b2ca84a2599173b09fd238573a2f213c60883593503b7e3d
106,lh-75-0127.jpg,75-0127,jpg,161783,158.0 KB,1428,1158,1.65,RGB,3cba9b757d156de956cdf42a5778e263,a396cf2be28f93bc69de9a098f46b959853013fb26279feb4eca28c3cb2e55ed
107,lh-75-0128.jpg,75-0128,jpg,113480,110.8 KB,1452,1146,1.66,L,1261311d1e2aa5b8fa85d6a304a5b40f,013888aeb5e66cf1fab9e361cc2f1ed7fd576a0735b559821cd960237c2dfe6e
108,lh-75-0129.jpg,75-0129,jpg,112810,110.2 KB,1091,1361,1.48,L,2a97d67ab24600e4106352efc9672d53,bdf33c8fb1c7b6225ae3f7bb6e29d3c6aa0746568bb4dfa73f9997f25ef0fffb
109,lh-75-0130.jpg,75-0130,jpg,110088,107.5 KB,1427,1140,1.63,L,510eeb991b6618e32be07b1e903cc617,922fb3be8e90b580e2b92151b7b722d8689ab0b9243c80dafd4263eec2274a70
110,lh-75-0131.jpg,75-0131,jpg,105442,103.0 KB,1452,1128,1.64,L,6d3f5e0e3bd21fecae036f68423cdb60,544a31c4f7b24035d424f1d0edfb35ad4da3db3e692a808634f90d1db14c02db
111,lh-75-0132.jpg,75-0132,jpg,114779,112.1 KB,1374,1116,1.53,L,9c16e1c35f5beeb30a6fdc5fcddd4a2b,657d8e0e33c1da87beef19b0df37690fe8ee0eb6ca9175ad357fa10075698f62
112,lh-75-0133.jpg,75-0133,jpg,104007,101.6 KB,1458,1212,1.77,L,f339a9480d5d9cfa19447142cf8af8f1,7695b11f1d55760dc16476f22bb6fa6ef5b418f982ce7e2321240093e994a4b5
113,lh-75-0135.jpg,75-0135,jpg,119683,116.9 KB,1434,1104,1.58,L,9117f58aff29b06901745a74322c6fae,8f69b6def14dfcd7dfd43a48c869f8501310cac73f027558ea0c09bdde4c6a1b
114,lh-75-0136.jpg,75-0136,jpg,81190,79.3 KB,1440,1140,1.64,L,a4579173956d7ffb8e2164415e06d078,fd68a7d3c0e2813489961ebb22f7f073036d603dd5bfc184879f3e1f07ae240f
115,lh-75-0137.jpg,75-0137,jpg,88563,86.5 KB,1446,1116,1.61,L,98864320f2cbeaaee6b7d87be02eb7f7,91e0b220162ce47d7cf78ddd2e6ecc44a66234b093a65b88e34c96275f0a0d3c
116,lh-75-0139.jpg,75-0139,jpg,118742,116.0 KB,1386,1080,1.5,RGB,2eaab65fa1c8c810952c94628d1653e3,383622a566c5231476dc59dc84fd563a8668d0b13678567d170e222b59c4d469
117,lh-75-0140.jpg,75-0140,jpg,120397,117.6 KB,1440,1128,1.62,L,4f67121e33d16d4f855e7db095df44a6,1913a34c915389bc0037d5d3363ad120cd96b2d9ace59100dde496f02e217eae
118,lh-75-0141.jpg,75-0141,jpg,105672,103.2 KB,1434,1140,1.63,RGB,a34f9b0b8cee5d6678ce114f83ab3fdc,ff2cf65f672348030a688e2d99c012b584ea34bcea401154ec25640c134cb981
119,lh-75-0142.jpg,75-0142,jpg,126942,124.0 KB,1434,1140,1.63,L,7aa88eb0787001fae4fabcdbbf97e53d,e6bffb84c4faead7816366ff345787107de306d9b4a6b20d4e90ba31b921935b
120,lh-75-0143.jpg,75-0143,jpg,122355,119.5 KB,1428,1128,1.61,L,197270ae215c6cc5f0239adc72370278,4c1a77c100a9c4e1d63d5b207173e31112cb75760f2e153c2fe551b9146784c9
121,lh-75-0145.jpg,75-0145,jpg,140781,137.5 KB,1434,1146,1.64,RGB,91ea8a588e413a8371ad6dfbe6b8b96f,ac3eb55037735c6fe3a5ec95ee76e0302b003d7717b046657313ee91617aec7b
122,lh-75-0147.jpg,75-0147,jpg,91736,89.6 KB,1445,1145,1.65,L,1ec660f888fffdb03e299dececb174eb,737cdac89acc2382deb28572caa1f28492a4a5fa67b9ae1493f2292832fe3e5b
123,lh-75-0148.jpg,75-0148,jpg,105043,102.6 KB,1145,1422,1.63,L,79a6d52c8e2b7c6c44264fb35a95553e,e522976cdb85745ae1169604640b3a67365bf33db2eee96c44cde1904853711f
124,lh-75-0149.jpg,75-0149,jpg,133490,130.4 KB,1422,1158,1.65,L,746c4e0a6a3478c2111afb6dfcefb1bc,cbb8aa74393e7b6bbc1695923a785eafe3669d2b149fb9fc82a7fda8659c251a
125,lh-75-0150.jpg,75-0150,jpg,64529,63.0 KB,1433,1145,1.64,L,f95b9565d86babb6890a3f93ad6c30dd,1a5bde2b6cf850e28d9f1418962d7c3cfe172a399a0968cd30dc3022987992b4
126,lh-75-0153.jpg,75-0153,jpg,81314,79.4 KB,1440,1116,1.61,L,8d5e5d453625879f027d09e32835c49d,dc9d695e5a39d985815161138de55bab795259004acecb9139cdb12ab7072e87
127,lh-75-0154.jpg,75-0154,jpg,78616,76.8 KB,1422,1140,1.62,L,7dbdfbf9e39c2373fd7ce7ae9cdd238e,383c90c5556a19a0db56381af0dfe5799ecffaf641d77ecc32982227ece96060
128,lh-75-0155.jpg,75-0155,jpg,141292,138.0 KB,1428,1140,1.63,L,ca73000bacd30058d9478ad157345cb8,530487346f8a45364e4a422c158c6a26b4b97c9d0e46ee0d5c6d530ce2945dab
129,lh-75-0156.jpg,75-0156,jpg,96791,94.5 KB,1374,1128,1.55,L,8970ce841ba3d45b0a0181411a093de1,d686d421ed160779f9a84eb3cf952cdc18da73e147925fb96d76abde20070624
130,lh-75-0157.jpg,75-0157,jpg,96407,94.1 KB,1451,1127,1.64,L,a734e559b9e102033d5c637fb8c8c3fa,1238429d8f7150c602d453fc875135aba038edf28faf97d71b5c674c07e0b60e
131,lh-75-0158.jpg,75-0158,jpg,113529,110.9 KB,1133,1440,1.63,L,a80f4cd6b79cd29f21c434a875109f92,dd36b3dbeb1fc167a9ee8c702ea70d162a51c299ff172ec8c9e2d9603ed00a78
132,lh-75-0159.jpg,75-0159,jpg,107521,105.0 KB,1416,1146,1.62,L,f464bb670cca8d661b46f2498a9f71e8,deff74104884ae2ed5c7c560158bb27c9122015be1dfcb2afe82e5bd2d9914c2
133,lh-75-0160.jpg,75-0160,jpg,107936,105.4 KB,1427,1140,1.63,L,bbf7775f08e19c3477c13de81b3ac728,fe9d3b05361303f9b84a70c75768bff7763748e37b33e6d2f3c9bd819a677193
134,lh-75-0161.jpg,75-0161,jpg,139306,136.0 KB,1122,1464,1.64,L,8d4bccc1c427019a7b944b040e8eeac6,58c92c01aa9470080a1055570ea8603fac8eaf312f8c593e67c4e0c15d6f7b83
135,lh-75-0163.jpg,75-0163,jpg,109213,106.7 KB,1464,1145,1.68,L,524e2ac05ef12ded8a23bc3937c04f9d,4b89daefe73a05f3ce55bfa2592ef5812d87791c9c0f437f8e37118b15638af9
136,lh-75-0164.jpg,75-0164,jpg,74564,72.8 KB,1440,1116,1.61,L,92ecd8af801ab902d7e4d9524f74d542,a0901559506d34501736a6dc4fa1b836971a781f0b36a51f650e4ffab559d998
137,lh-75-0166.jpg,75-0166,jpg,143462,140.1 KB,1151,1445,1.66,L,5a59b06a392aae56b52b633f4062117c,964e7b1b88c15aa9ed4d417d85569da59e05c5e6fad61e2bf8cb7d7e7a7b2497
138,lh-75-0167.jpg,75-0167,jpg,67532,65.9 KB,1434,1146,1.64,L,ba6d1ef7cbfde00ec6f92bc6e302f744,1c2b305fe16bfba3e568ac26d3fca218c833ab2512f3f4e2f857b4802fa4492e
139,lh-75-0168.jpg,75-0168,jpg,152831,149.2 KB,1451,1145,1.66,RGB,54ba819cf78d9bcb5464c642c98df207,c92db34364488ff0c0dcc500aa3616b4169f4436cfba42821d7b5ddb97b9432c
140,lh-75-0169.jpg,75-0169,jpg,90054,87.9 KB,1451,1158,1.68,L,6a9c5122ee76aee1f5e3a5fdd2d1f65b,48fe1827efbb6d0a4763243b34ac262c863963e50a7e612b523d2f8f2535e84d
141,lh-75-0170.jpg,75-0170,jpg,84855,82.9 KB,1434,1140,1.63,L,efe8ffea86b30f67998b4cea4185b314,6cd0069babc2e7efb7f46b4322b5afb266ebf6234d8ecf1951db2ec13a66039c
142,lh-75-0171.jpg,75-0171,jpg,101671,99.3 KB,1458,1146,1.67,L,2ba2ff36d5258c59c1fa2a53316168cc,bcb0c6d663a21ff9091ca8dada7fa998843c8ebde80f70f4a295ad0342e30258
143,lh-75-0172.jpg,75-0172,jpg,58993,57.6 KB,1445,1151,1.66,L,90bc8c21e633a9c98f6a0acba766c78e,acdbb738b072a9a18eae4a698a7685c65c80a43f782531b3c1b87df0389fa7e0
144,lh-75-0174.jpg,75-0174,jpg,94611,92.4 KB,1452,1164,1.69,L,452043aea9484531eab9ab438d93cc90,9cd23940667cc12fed17a63cc4d63066f93d0185c2b115177c98f2748a663738
145,lh-75-0175.jpg,75-0175,jpg,127698,124.7 KB,1446,1122,1.62,L,bd49ff8b1ce04c2d3f8ff52ad22df5d2,4e27467c69beb70bf687536ab7651daa722357429dd2434c731086327041ae67
146,lh-75-0176.jpg,75-0176,jpg,98013,95.7 KB,1440,1140,1.64,L,fb237d57c98d04b1c4cfc32e58852f07,3e6de0f62f41633305845f979b8c241da7c5c86db8b07deeb20e0b4fbcc3a5ef
147,lh-75-0177.jpg,75-0177,jpg,102197,99.8 KB,1122,1452,1.63,L,aacd8882f963d8a43cd9b444e32d2051,c08e78e9a8b4e1b9000a10104618b77e1730e3c47b0d43464a037e49aace087f
148,lh-75-0178.jpg,75-0178,jpg,78195,76.4 KB,1410,1146,1.62,L,0a938980da4aa50e3c07a6e5f05db980,545426baee5aa116db77ddac8fce7f5205bfcd8458f21e1f82494090882cfbed
149,lh-75-0180.jpg,75-0180,jpg,129089,126.1 KB,1416,1080,1.53,L,4e1f91622f136b2a1873261fdc8f2d62,6d811d3f5c27bfc37f12d5178748361c51f723c649476070dcea040deec51dd8
150,lh-75-0181.jpg,75-0181,jpg,97699,95.4 KB,1404,1091,1.53,L,e414eabe759a386cce1baed2c415cd31,c7fd499e9eebba1e830b0de3cc1e0a0ccf596aa81f0ee3bd3c0fa297a0a0b488
151,lh-75-0182.jpg,75-0182,jpg,117476,114.7 KB,1458,1116,1.63,RGB,373b66df4157d9ed2e7a0d808d0fd299,359e3bd9cc3a1b59a6a985da5d42111bfea90ff1e7dc29fa5a64332903d45890
152,lh-75-0183.jpg,75-0183,jpg,134688,131.5 KB,1409,1164,1.64,L,a1321d8265e0a36a46f13e5446256103,364f04eae257de9924dec11912a2938db8c4cf9362f8d52d706cb3ddaadc939f
153,lh-75-0184.jpg,75-0184,jpg,129213,126.2 KB,1433,1158,1.66,RGB,4c8f99c4cd51e95e57ffb5cae6f879d8,f8d2beae9a4f28e22f7ebefe400571207ce872005b183a3a3c552e7c4689e370
154,lh-75-0185.jpg,75-0185,jpg,81636,79.7 KB,1427,1133,1.62,L,4cc75ecba187c087be7f6a1664ede709,f32337bdf85858b6e5636a9647178b273acbbe17acda2c59e581573a38a62c49
155,lh-75-0186.jpg,75-0186,jpg,73249,71.5 KB,1451,1140,1.65,L,1fb9cd5a685bf2cc79368e915e580f7d,2ea2285a10435ebf45886a4c96965c57065e6457c3c6a353aabf7840f29bd0a8
156,lh-75-0187.jpg,75-0187,jpg,111897,109.3 KB,1404,1146,1.61,L,afe8255fdcf94e43b7e973a9f046b244,2c7b3f47ef83a6570ce521b4ccdab1baf46186312ee6b0f305d2abd8ef07774a
157,lh-75-0188.jpg,75-0188,jpg,68317,66.7 KB,1152,1428,1.65,RGB,37c951d681de1c775754221306cbe9e8,39574bb876603dfab167279b4ec91997102c4124f3d25bfc428e17adbcabbd50
158,lh-75-0189.jpg,75-0189,jpg,166458,162.6 KB,1476,1140,1.68,L,f799600535697c2bea6d6e521ef19e00,21e3cdbbb796e04119d9706f736dc21b295ce0acabeaf1af84ff30e190d7c43c
159,lh-75-0190.jpg,75-0190,jpg,145914,142.5 KB,1422,1128,1.6,L,85f79b00258ccba9323ade0161f7853e,ac2e47d1941675949337bfb0c33fa9955cc3b09085593cb47eb4146f24951ec1
160,lh-75-0191.jpg,75-0191,jpg,115028,112.3 KB,1427,1140,1.63,RGB,68a15c731c9106640083acaa63aa9997,d24a11507f7c85790f6e5263c6c8e30b0033995ea9571ed94399957c57f74aca
161,lh-75-0192.jpg,75-0192,jpg,115893,113.2 KB,1488,1098,1.63,L,4abcc6a08fc62bd2a048540fe10bd043,491722f2e6ea651a059864e995ffa9bd8ad3c923464e16f5e6fb752a6cbe702f
162,lh-75-0194.jpg,75-0194,jpg,82152,80.2 KB,990,1440,1.43,L,459721ac8ba0debc266d319f110696f9,f05cf2c4700c4c206974f1ec50c98a05b2d96d614e6311b91745b6f43c552b87
163,lh-75-0195.jpg,75-0195,jpg,113690,111.0 KB,1428,1140,1.63,L,799eb4842521484c7813b3902dd03cd9,76403badd32e05174743bcd98cd65cfa72d6e951e7d9e8a7f429e85e396122af
164,lh-75-0196.jpg,75-0196,jpg,110872,108.3 KB,918,1368,1.26,L,916b59362d8a0428538cb3928bee79e4,177f7f9315c6a4f7aab016327baec366067f2d68ad5025e0cd7c183046a8dae6
165,lh-75-0197.jpg,75-0197,jpg,76065,74.3 KB,1380,990,1.37,RGB,244929cb568a6697d19a0ce71b81feec,98146b5b0e7b3d887bbabf5c97787c11f0ea2fbcf43c8ac05a08a148fd8c1c57
166,lh-75-0199.jpg,75-0199,jpg,120990,118.2 KB,1146,1446,1.66,L,6b2f22b97b5efd09f725b013a5923a31,31c95be9f4060774c36fdf0915f00958d2a7371cbb8b919bd36d007d4464c232
167,lh-75-0200.jpg,75-0200,jpg,96354,94.1 KB,1427,1140,1.63,L,15f29e218a8cfcd035c5d52177d9f818,81f7867132d6f7dca8b0b2e5e28fc582b3e9d177ab5eef7845e5f94f6565a7e3
168,lh-75-0201.jpg,75-0201,jpg,92213,90.1 KB,1422,1134,1.61,L,e4236186466504e76846871d77374c14,dc2d97b853f12eb6e12df4d73c9060b75bd6eb69c694731b0d75a4e0870b32e4
169,lh-75-0202.jpg,75-0202,jpg,59736,58.3 KB,1175,1224,1.44,L,8242ab6418fcd008998375310f36c185,7bf909e2090dc0cdcf505ad5f5daf46b5599b19ab731c5aae033ffe9a7cff024
170,lh-75-0203.jpg,75-0203,jpg,67125,65.6 KB,1092,1410,1.54,L,911f47445e36ca71cf73fc95ec405f53,56470fd3c3b4f3b0b68202cc86be9668558792c181b6400767c06685e7c35051
171,lh-75-0204.jpg,75-0204,jpg,572596,559.2 KB,2969,2374,7.05,RGB,5fd4c529ab4911bb0b6763e9020038af,a178894489555dc91c217406b376c9844be3f775766013a055b40ae6c666534c
172,lh-75-0205.jpg,75-0205,jpg,84525,82.5 KB,1464,1151,1.69,L,cea6c9a7b51deb7def17474e8f7a0d93,4438cec15b1d126c7520105600f312e32967cd644c54ee357374524d2c2077ac
173,lh-75-0206.jpg,75-0206,jpg,163010,159.2 KB,1146,1434,1.64,L,23446692d4f8b67c585079745d71da25,7c1fb20a32fc7bf280b60f37c649f49db13fd7b764580e14b7baf28448ae47e8
174,lh-75-0207.jpg,75-0207,jpg,129073,126.0 KB,1434,1110,1.59,L,d76f8627fa196c5d7a10121da5c10dbc,f186c63e0e1d633b87fb966e41bc7ccba293fa1b005c9b5ea376ecc66095d4e2
175,lh-75-0208.jpg,75-0208,jpg,164044,160.2 KB,1433,1133,1.62,L,bc37b03c6b1970511bf4005b24465964,c13ce73c4fe162b584c6739233c66b22303f02c10c5fe70ceb7dcd2f0de940c5
176,lh-75-0209.jpg,75-0209,jpg,88677,86.6 KB,1158,1440,1.67,L,a88f7f854e888c7caf95de736a8851f3,c18ba2fb5f883b68eb9c31112a0c79a30eaefb0358a575c33e691ea2fc3309aa
177,lh-75-0210.jpg,75-0210,jpg,193001,188.5 KB,1140,1482,1.69,L,c3e17b23dacb592de856cf0fe0337fbb,c578fb4d0fb310573c72ed060462f63d2c9117a1c6dcbca8cb2a14ce5d6a4068
178,lh-75-0211.jpg,75-0211,jpg,107447,104.9 KB,1098,1374,1.51,L,e4df1886074b9ad485a95e5d857a63e5,2b622234aaf2cbc508171d6cc433c2577a6d3f581576c4933b3f140ac8ea65d2
179,lh-75-0212.jpg,75-0212,jpg,179931,175.7 KB,1134,1398,1.59,RGB,9282cbf4bb3809793e1374fe2836e258,b607f3949dd2af4bbd09d87e3a24bbf653fc3b9f93549e375abdc28c14eb8a5d
180,lh-75-0213.jpg,75-0213,jpg,238277,232.7 KB,1127,1433,1.61,RGB,ea675cf930fea1961088bdd08fd1b94e,f93102934d5a36f774304df8ef968aca03f27dddb1721ea352c14247c276474a
181,lh-75-0214.jpg,75-0214,jpg,1048314,1023.7 KB,2451,2958,7.25,RGB,d10e958502067e22d9ca81405f5a01cb,98271fb398a1576154f8343db735bf76de40a870c7dd16791feb417b3ee2255f
182,lh-75-0215.jpg,75-0215,jpg,149122,145.6 KB,1176,1458,1.71,L,72daddfbac76e0ed6309e55b879e5f59,a6beb7aa7536e57a0363ac7047aa695026abe61ba900ea930cc854a292ec9ec5
183,lh-75-0216.jpg,75-0216,jpg,86895,84.9 KB,1140,1433,1.63,L,38821ad5a9339323f3a433e1dbf04d61,9d4174d50192154265f728b41e9b02bf6e9aff740958be0a9862d5f2b47522ec
184,lh-75-0217.jpg,75-0217,jpg,158873,155.1 KB,1152,1428,1.65,RGB,6f5b919b24b7c77ddc0f72b38c2e4e41,008c02c586e15328c95a9391d92257672f43c6368ea98049c6e6a5e5db7c2ae5
185,lh-75-0219.jpg,75-0219,jpg,231784,226.4 KB,1140,1440,1.64,L,9bc7f389d5d9fb0cd58e3280f3d97d51,4a78382b9332c27aed2b2a00a0aef21323ded66b602cfe1ae2a09c41aec4f93f
186,lh-75-0220.jpg,75-0220,jpg,129528,126.5 KB,1133,1440,1.63,L,03ece98b584d1454ab3c3ba871e4e2e6,63acaf484beee5268adf7dd8b42d95f160748e6a6540f749adc8b7cf9ba0f8df
187,lh-75-0221.jpg,75-0221,jpg,64501,63.0 KB,1158,1433,1.66,L,42a0b21e1fb6358a4c0ff582790ef026,b317dfa315eec70b77cdb01efec4f6511c05cce911de81dd659363690aaa100f
188,lh-75-0222.jpg,75-0222,jpg,132873,129.8 KB,1146,1464,1.68,L,c059b5ed505df482a6454dba666542a5,a5b90d1a669dd11cb6af3fb94f49911a4ebcf649ea005952e401b8a829e5d828
189,lh-75-0223.jpg,75-0223,jpg,111819,109.2 KB,1445,1164,1.68,L,4cf1714c34ec924da081406e0d02e4be,0abe925d58cf88ed02bb23d896bc5545f6ce2f402b06f9e4e050ea13e539707e
190,lh-75-0224.jpg,75-0224,jpg,84545,82.6 KB,1416,1152,1.63,L,2afb8f901bcfd210b203b642e6936704,78a52cc72ead0db4051d5ffaec9febdb71e10046bd32d75523af7b24133ccc02
191,lh-75-0225.jpg,75-0225,jpg,192372,187.9 KB,2316,1140,2.64,L,f7e6d7e0ce48131526de62bb0d0ff0f3,b8eb0261b25f641cf14f114a0c5276925da43df47b2e3412ee377cea8b7adf71
192,lh-75-0226.jpg,75-0226,jpg,167282,163.4 KB,1308,990,1.29,L,6c44759a65594b9dd5f382572aa9f3cb,6c1885a414c9e3a333b6d132dfe6234065197aa224a080d01c27e9431782e9f7
193,lh-75-0227.jpg,75-0227,jpg,146952,143.5 KB,1296,1020,1.32,L,8397dbf2e25eb5e6ef8a7c7ba055ed14,cc63d5804a99fdbeea3128963fa20f675dda4099194fadcf485ddb30a66460ec
194,lh-75-0229.jpg,75-0229,jpg,883822,863.1 KB,2941,2374,6.98,RGB,d1a9fd578f6967282c5846764e171a79,46672dc8bd334a0e90a24a54d74d14fd1757ed57bf638f08f6ae51b810c5d97a
195,lh-75-0230.jpg,75-0230,jpg,96121,93.9 KB,1313,1032,1.36,L,fc1fe1ab678958da80e74576e77b930e,e39a1f9b2c2265511962972d6d8f193583c2341e5e3879ae09665286505cc0f3
196,lh-75-0231.jpg,75-0231,jpg,116560,113.8 KB,1374,1044,1.43,L,27c7db0742ed08c72a6d7812195c9acb,febf3e03c935a036477be9a3767608883ea61fae509bce7127304fc04cbcd7a0
197,lh-75-0232.jpg,75-0232,jpg,125531,122.6 KB,1434,1110,1.59,L,100336d604ad296ea6020cdd75b9e44b,5199b22779fd19bda71723f9409eb53d238167c7829678706d7a747a4287e936
198,lh-75-0233.jpg,75-0233,jpg,95682,93.4 KB,1362,1104,1.5,L,4a2f561533dc01c9448250a7e0a57f13,e9951869eefe95f471234c368738cad0ca2cea3e64715e5362c96e05868fc2fc
199,lh-75-0234.jpg,75-0234,jpg,109267,106.7 KB,1301,1025,1.33,L,aa4853f7cd594a6db0beda201aa28c59,4550d8a5aadb6c61a73b9816cb12c09fc51abeba1b4c8cb68b0e55a958b3fa0e
200,lh-75-0235.jpg,75-0235,jpg,107473,105.0 KB,1409,1158,1.63,L,13e74be227beeb203ca1356058fd0ef2,0d27e43f8c1581db8ace9724c4060462aa471937fb1ade53065b8dcc00c5b545
201,lh-75-0236.jpg,75-0236,jpg,191503,187.0 KB,1362,1032,1.41,L,112f367cb7b689b7e19ecc79ce0ae8c0,8e6527384eadc15f940672a06e04ceecb2421e67882fcbf0e6a4a70076761980
202,lh-75-0237.jpg,75-0237,jpg,87237,85.2 KB,1296,1008,1.31,L,840acecf9a714057b963810f11e53c87,1dd01459b1c55e388540ce7de4271865bdc02a6599ff298a2d7cde69fdc4f945
203,lh-75-0238.jpg,75-0238,jpg,120890,118.1 KB,1068,1434,1.53,L,c4c933a9ff614aae683430c0116b2646,a80f26af689367cece6f1d957bb552d1ca0df35b02b214b7b783e62ec91779e9
204,lh-75-0239.jpg,75-0239,jpg,100984,98.6 KB,1080,1392,1.5,L,7e0ddfa581eb15175476da00fb1b7e91,21e70463a37f117b962215adc535ac4006987aefc82bf2459dc7443ef1f2275f
205,lh-75-0240.jpg,75-0240,jpg,87390,85.3 KB,1427,1122,1.6,L,795350f8b973c4162c2b326a09f63006,1f2eb70792556ae06ff1783f89f54437e2322e1e7cc64f6f7988ab9b314db7ce
206,lh-75-0241.jpg,75-0241,jpg,137693,134.5 KB,1385,990,1.37,L,2756ece2da9e82b0b0a433bb5f05a4a9,9a7a6b75d2f25f35baa5448ab4674081ffd25e3bb792b545295090cf990ecbbc
207,lh-75-0242.jpg,75-0242,jpg,200145,195.5 KB,1308,972,1.27,L,024c1b51785d9d2ece69d7ee2310da81,3de93c20d1a6f0bdfc8cbc71f7a0840b9cce10488e45d226f05f6f3052ea4a1d
208,lh-75-0243.jpg,75-0243,jpg,81352,79.4 KB,1140,1452,1.66,L,208dacb8e80ad1b3528fdec09ca9f7e9,486d6b5cb5eec3136cbcd7a8b346847c1055911ab3bd70f3abf911c31fe7830d
209,lh-75-0246.jpg,75-0246,jpg,163844,160.0 KB,960,1296,1.24,L,5609489ae9e936dddfcae26e5d418036,f7161c638b039df1ed1af22f94ca77c510ce91888e95135afe3e44b03a875117
210,lh-75-0247.jpg,75-0247,jpg,195247,190.7 KB,1074,1374,1.48,RGB,62fa023a0bd04a9804992039ebb111df,11c01112a3d34d4b7bd67da6415ce0e4e17c940f0fc3571fbebd621c4c94f038
211,lh-75-0249.jpg,75-0249,jpg,120343,117.5 KB,1446,1158,1.67,RGB,64e7959b7b6532360b16e7699b28a770,e57f58966f68bc7a5887861fe2534c26b4a8179df506c3829f4222a6c11e88c4
212,lh-75-0250.jpg,75-0250,jpg,329815,322.1 KB,1308,1002,1.31,L,e6925c28d5ff1b6a88b76bb26aa4d41e,093ced1dda6173a2e19c70540b2da24633c04731c630e468791972baca003833
213,lh-75-0251.jpg,75-0251,jpg,114594,111.9 KB,1050,1404,1.47,L,ba545f5abc9672e1add3546011da37b9,63a1538d38b90767449dad6305e38233647a82520b226aaab22e85d3cdc90294
214,lh-75-0252.jpg,75-0252,jpg,246837,241.1 KB,1296,888,1.15,L,cc2019c4cb6e09e3032e17dd455bb88a,0b29f4f07d6c59c538858d883373aa8109394937480a4da389de4725e9c9d5d5
215,lh-75-0255.jpg,75-0255,jpg,120447,117.6 KB,1380,1128,1.56,RGB,0a688b996a37a9f86b5a83ed6bbaa8ec,fb97473c9cdf5abb4cc0473b4680b5375171695e2f53f8d8b06468b58519f565
216,lh-75-0256.jpg,75-0256,jpg,122997,120.1 KB,1098,1458,1.6,L,8bf9ec9040a1c731416f1e28c490d3e3,a3d02fd49e9bcfd085faedd894faa52c3c0130af57eb0d8c1e6d9f76a02d0aec
217,lh-75-0257.jpg,75-0257,jpg,137745,134.5 KB,1302,1014,1.32,L,d21822d46f066296d8063e25541e03a0,20d1fc023306c9233b194448235fc5a2316d04845b6f9ff82034607781a35b3e
218,lh-75-0258.jpg,75-0258,jpg,106859,104.4 KB,1134,1422,1.61,L,8039bd6713a887237e7ddf856189ac1b,291979aa708c4ae284f5c4bfd654c56fa8e1207014b4bd7f47af633a5691e31d
219,lh-75-0259.jpg,75-0259,jpg,150821,147.3 KB,1434,1122,1.61,L,376713c8fa995a930789f1471f2c6619,9c2c645e9e7ddc7150db27cf8290e518212da3c3ea4b3c9b31fd5b7751f16c8d
220,lh-75-0260.jpg,75-0260,jpg,783518,765.2 KB,2988,2393,7.15,RGB,4242e642286b71dbb68ecad9eede0746,14b81ca2837caa5f40be392306684481a137a3600dc5b68560769348bef56e01
221,lh-75-0264.jpg,75-0264,jpg,75638,73.9 KB,1224,960,1.18,L,170b097596e9226180943ce468b03c61,f335bf2a4cad205632cdb6d87087f45d417ec317e624f635a3ac264c55093cc0
222,lh-75-0265.jpg,75-0265,jpg,73224,71.5 KB,1464,1146,1.68,L,b0844f881d74bb122248a10189bf3ecb,f69b130bdc9ea43b19faf8af4f4534d9508db8d818fa2de3c1765341259a9335
223,lh-75-0266.jpg,75-0266,jpg,73574,71.8 KB,1470,1109,1.63,L,864b11decf51e5b44e8cf0bf686044e3,305596f476f4d55119a02cd72b3161b29578e0d3274fa61d330c02ff6c57c3cb
224,lh-75-0267.jpg,75-0267,jpg,96538,94.3 KB,1428,1146,1.64,L,e44bd78d54169295a13652cb3bf7e505,545bfb7d33a546fc33b4da4c8feb05429c61f1b8a8e589ea53a7f8becefd4840
225,lh-75-0268.jpg,75-0268,jpg,195456,190.9 KB,1392,1026,1.43,L,24417acb9ed635e95ca778b673dc4865,fda81cf603073bc6282c1cfc50b15c11d98581a53e1c39b50be6d1f148d00f11
226,lh-75-0269.jpg,75-0269,jpg,96422,94.2 KB,1044,1446,1.51,L,a11e00032a886be9d31334f9439c0e1e,c73d9facfeefb5b50be59cdd9f938bb53f6b86116cc10e5d2dd002052ff6831b
227,lh-75-0270.jpg,75-0270,jpg,110144,107.6 KB,1158,1445,1.67,L,8ab50ad580ba7493e5a3454375fd2204,3aa00ad78ef106d438c056242d978099236f62e4551c2aa176edf86aa543058b
228,lh-75-0271.jpg,75-0271,jpg,1066382,1.0 MB,2413,2977,7.18,RGB,d215f0201e736f3f65cf7a2f28bfe2f5,ac6859d381c1af8faec9bd8c2014a8f02c2fdfc6488d7ca963a90f79f32125eb
229,lh-75-0272.jpg,75-0272,jpg,217698,212.6 KB,1133,1451,1.64,L,0f6640a780681639517e8fd4d9c3e2ef,c58350bbc6fc16e77c983c14f2b03a541566164b1101821f4272e5c2c8052fff
230,lh-75-0273.jpg,75-0273,jpg,152551,149.0 KB,1404,1062,1.49,L,06516b42000a9eb58758e350cf5a9fd2,5db67be0c5ec3fd6f53691407123e8a14e9d1255829b527481d62cc68860e205
231,lh-75-0274.jpg,75-0274,jpg,104071,101.6 KB,1134,1428,1.62,L,3e52f991d607164df161ee4106dbd71e,04ef9b92f84d8a2e764b127de5c0af2192e7965765e7f1ed4d7c9353694e124c
232,lh-75-0275.jpg,75-0275,jpg,142088,138.8 KB,1128,1440,1.62,L,327cbd0050f1d2a104ad6b1bc5889fd6,49313ceb23ea0d2df8b1303f6d0849eb7fa90d6b0626ddd0542768e0533e714e
233,lh-75-0276.jpg,75-0276,jpg,182116,177.8 KB,1062,1410,1.5,RGB,8d453d25a4000769b672fd554a528a1f,aa0fe218077cf9d5247fab9708930b6596fb3ef1be76740752200e3b3d5caf63
234,lh-75-0277.jpg,75-0277,jpg,95957,93.7 KB,1128,1356,1.53,RGB,1c35e335b867b4de7b14a81a77f6ec48,cfaf2cf6539e052b600803b31e0c88465efaedc08acbc3f823dc23da1fd68d6a
235,lh-75-0278.jpg,75-0278,jpg,75547,73.8 KB,1164,1428,1.66,L,724a175ed8573b90b2f836d4495a1253,6c94d564a1b9e126de37d61dc0eb54a55374463136ec62df25bd4e8439e04f4c
236,lh-75-0279.jpg,75-0279,jpg,96610,94.3 KB,1164,1433,1.67,L,1595f6067024e7011fc79a1822d42d02,06a88243290d640ec5f6cb04c4dd35fd15bb81c8fd9486aa75c42296b5cc3d07
237,lh-75-0280.jpg,75-0280,jpg,78802,77.0 KB,1032,1374,1.42,L,dd0a2fe2fe2c8145f4633f86e6bb0457,c72de923811f55eafa692602a68dad427ce8ec072a549276d0c1be763d59b9a8
238,lh-75-0281.jpg,75-0281,jpg,88394,86.3 KB,1434,1140,1.63,L,12d724112146c6dddf9443fea60785e1,f4b73d7f52135ea1d09c7edcb6764ff09cb601af0bebe1f401a905d8909b1b23
239,lh-75-0282.jpg,75-0282,jpg,172490,168.4 KB,1440,1032,1.49,L,5ecd3a28aa55f9e85ee12a0a2ee43446,21dd8565fb5b7e3c9b7f1ff396bf55784a34afbb3c4a68e629d17a6515a2c545
240,lh-75-0283.jpg,75-0283,jpg,56624,55.3 KB,1440,1122,1.62,L,113a83063af4f42fcd681c87b333fc81,729a3480da72ee2418e28ebe6169548323470a6ae7cceff3837034f8a9645c12
241,lh-75-0284.jpg,75-0284,jpg,50190,49.0 KB,1422,1098,1.56,L,46a46c41758755a15a35e38d0a15bc7b,69dc60abb388305b01cc2cc1672cb5b20d5c500954e9a939ae727b3c0f2b5a04
242,lh-75-0285.jpg,75-0285,jpg,223961,218.7 KB,1140,1452,1.66,L,7a02ca0db35fae99a119171a1da46d19,37b97c9ea0f4f096905e34f22d8a278c1dd5156b0142e356a9b53a8ae587de7d
243,lh-75-0286.jpg,75-0286,jpg,157986,154.3 KB,1140,1433,1.63,L,e8594baee0f9b452d7a08af9329f3fdf,cbc63ac5573f51f956c5ad5b1328fff2bf69a20d64eb7f475b6da8c47a0f345e
244,lh-75-0287.jpg,75-0287,jpg,73807,72.1 KB,1116,1452,1.62,L,d486f6d88219dcd12d39fc0b0e4279f6,a57d9726aafc7b6919b577e1ade5d0a57b146462c1f6cd51fb0b12f35a2b4173
245,lh-75-0288.jpg,75-0288,jpg,142757,139.4 KB,1145,1445,1.65,RGB,5c838751e5cbd65b58d49c8422d0ed04,4e986f1de57d38fd54b498b64f211f90aa73a3c9c0c0d3521b1b31ca42a438fa
246,lh-75-0289.jpg,75-0289,jpg,148703,145.2 KB,1146,1446,1.66,L,2b9012e58591746bdc94df215eecd338,6e9f1257236110335e1e04f2de4dc185d3fda614466c3f5190c842efa2319fc0
247,lh-75-0290.jpg,75-0290,jpg,122784,119.9 KB,1440,1158,1.67,L,8fb560092afd9c00c7032ffbd23ed084,dc36aad090d3e570e328bc9cd9d4ecdf49ff91545bd97465bcee76581d3e5344
248,lh-75-0291.jpg,75-0291,jpg,139658,136.4 KB,1452,1092,1.59,L,1dc429cb8caf27035a89a74df0d77201,6a149335f09c56e20d476db99e79d4a9a344743204a780caa398c8532f751532
249,lh-75-0292.jpg,75-0292,jpg,57497,56.1 KB,1433,1145,1.64,L,b2f43bce52ee7d7a26d914eb01691d9f,df4d348505e74246f03ec0364885c9675c5bdafa7536bf013d2d495ca2bf5c2b
250,lh-75-0293.jpg,75-0293,jpg,141373,138.1 KB,1386,1128,1.56,RGB,0efe3e139240a0114ffd6f9799421491,6a8ea87c33bd5688eeedd22e5aed6c486fd7d6223d7784bfd846216d7084ca45
251,lh-75-0294.jpg,75-0294,jpg,254285,248.3 KB,1398,1086,1.52,L,f353c282797e38f04d063ac74c3f7458,5773569cc9e2834e28b78ca0bfa82000826bfd4419ddf759cf660906e0ae7a7e
252,lh-75-0295.jpg,75-0295,jpg,358597,350.2 KB,1385,1091,1.51,L,7d09c2d875e1960d399688f2f24e346b,d3557114a5ebcdefa4d29094934e348fe79821f0238baa4d59c8b7ed3826955a
253,lh-75-0297.jpg,75-0297,jpg,208271,203.4 KB,1271,1014,1.29,L,b02ca7922e9f94c45956deca0dc6b264,e8fbc9aec09b0308bf4e21202be10588adcb652954a47eb19c78847a5f291f05
254,lh-75-0298.jpg,75-0298,jpg,217833,212.7 KB,1085,1386,1.5,L,a9bef668529a7fd2cc3e5f7e3dc42c91,4ea64e8e428011c7330eaa3e1f770d177ca34966f451dd4bea7edea69dc7cf40
255,lh-75-0299.jpg,75-0299,jpg,366266,357.7 KB,1056,1374,1.45,RGB,9f92e2fc8e57a2bb5165fb1446fde228,d625f137b696697233e024699a42df0350678db707a6479aa85204c13d281521
256,lh-75-0300.jpg,75-0300,jpg,237583,232.0 KB,1398,1086,1.52,L,4c6bd201ff70a55389e590251e36174c,db70d462329ec6b0310e5b059a6f5afb56ff5c606cf1f44030414bc7daa10e45
257,lh-75-0301.jpg,75-0301,jpg,142927,139.6 KB,1086,1392,1.51,L,5367405766396c743ae233254accf6bf,e71ed4e0261fefb70db701ec6c69732266bd32241b06f59d993c50ead1d30ba2
258,lh-75-0302.jpg,75-0302,jpg,193585,189.0 KB,978,1332,1.3,L,b0c93fa26786c8fb7b2f042180957d4b,af15eab8dbc1a9e059b54d2cde1dcb971550d01fc0e533ad38a3b2bc925139bc
259,lh-75-0303.jpg,75-0303,jpg,218162,213.0 KB,1085,1386,1.5,L,241f79bc576ed041ebf78d9603d85327,68a2627e2c8d942b39e0006a9999d8ed5be552b004834f086f273ed1b251f6cf
260,lh-75-0304.jpg,75-0304,jpg,176230,172.1 KB,1092,1386,1.51,L,bc0e145c096908d29fe6097a4a59a1cf,39001f02cb1b47c774858e21efd736440cf46280f11f0d1a6171a842823c6860
261,lh-75-0305.jpg,75-0305,jpg,196032,191.4 KB,1398,1062,1.48,L,c2f4c6b0802c7d85440b8a3bedef0d48,efb347e79e8a364eb816ebff4ac9c12532f2c892b49b0f6394b04b36bb44f0eb
262,lh-75-0306.jpg,75-0306,jpg,252236,246.3 KB,1056,1380,1.46,L,94e955997ddb2f876962c4dcdcddd6aa,bbf4b053ffc2267e45eae1d400c7fb72c528af43f3a56254dac5d6aeb2d4ec48
263,lh-75-0307.jpg,75-0307,jpg,207376,202.5 KB,1091,1391,1.52,RGB,75c0db0824ede0086158e294f4af36f9,f2b327ed759095b0df9c0b0a0f3b9f6c16e258bb3928c0f79bc09efe1691b685
264,lh-75-0308.jpg,75-0308,jpg,360875,352.4 KB,1092,1362,1.49,L,70b5f90d08361d1eddbec80667d5aeeb,38d5cb25c8daf0ae1b696c42eec1e9acb089355f2a458056f4eb67bf34948068
265,lh-75-0309.jpg,75-0309,jpg,247403,241.6 KB,1104,1386,1.53,L,833ef39da21ff534d9e803fd0b495410,3e462b6f5edb44dbb72af2d8fb199053455ff01b1f8cd15dc5d67fe198e990ad
266,lh-75-0310.jpg,75-0310,jpg,346953,338.8 KB,1001,1374,1.38,L,e8f4b8a470d4905c79cde1a81cdd537e,73932df1a46e082afb89fa3ac6dd581c543d51ecfabaeb38b9971883594c9c10
267,lh-75-0311.jpg,75-0311,jpg,161155,157.4 KB,1044,1350,1.41,L,b204a407810d4d3265f71e14928eb47b,bf41e9ba20c0465757370aa78071303590347e7fdf37fa10f162c1fb5d1c083d
268,lh-75-0312.jpg,75-0312,jpg,256739,250.7 KB,1085,1343,1.46,L,92889ccea0f5689a3d6ef3ed8704415d,64e3bfde0733102a7a47508af316fb6bf81988fbaa5a767f0cd7b0c4fb1cfa50
269,lh-75-0313.jpg,75-0313,jpg,156600,152.9 KB,1116,1380,1.54,L,f219c0709091744933b9488963a2594b,08dd3dd6712618069ed7593d61226ded8626b60fd05e409731c608564bfc44c1
270,lh-75-0314.jpg,75-0314,jpg,138266,135.0 KB,1086,1302,1.41,L,376b8ef7701e846ee4c5ad16fbbb2fcb,6613a2399ecb28b93428849d3b084b78c4f516f970e549188ccd432e2bbf750b
271,lh-75-0315.jpg,75-0315,jpg,195448,190.9 KB,1092,1374,1.5,L,fc61190a181c6a75b8ed9b889bc221f1,ec2e1f90f0d0861785f30de3d7e5a3b50abc83eec65dff7d8b5aaffc2d27f3fd
272,lh-75-0316.jpg,75-0316,jpg,146120,142.7 KB,1314,978,1.29,L,f853dda8a0bf457d67f239d1e5c713a2,20acf8ee6bdafaa70a0a8a1f441ed011ab62da81934217fc9a88ece6baa08029
273,lh-75-0317.jpg,75-0317,jpg,193098,188.6 KB,1091,1368,1.49,L,00418d537c2dcc33b56c3d3fc31c8ba5,cabb7f7dd476f9a9d70a8a1f2a196c8d16f11e9b348ca164c0b9f7265f2436cd
274,lh-75-0318.jpg,75-0318,jpg,213888,208.9 KB,1206,1068,1.29,L,beaca21ed4c168263105d22bf068693b,5806dfd15f9d7e16dea4c80e596560a7e118a7b9b39874ad635381623eb29024
275,lh-75-0319.jpg,75-0319,jpg,233698,228.2 KB,1092,1380,1.51,L,18c1511d9dfeecf413115b52fd50b563,bc5d83c018b470bc040fe1a1390dd1941301aafabd467267be84f90a32f9de70
276,lh-75-0320.jpg,75-0320,jpg,264889,258.7 KB,1044,1368,1.43,L,1dcabd6521dd76e5939d155aed086fff,a18fb2daa705c67f937e5e042eee4df83937bc208a95320b48f824279421433c
277,lh-75-0321.jpg,75-0321,jpg,95544,93.3 KB,1428,671,0.96,L,5c4ab7ee20823c04f5fb7671412de443,fa29310ac5d269416f0d21d621ed885b3e870af96cdc5d2274a22e0aa12d6012
278,lh-75-0323.jpg,75-0323,jpg,163007,159.2 KB,1398,1068,1.49,L,0e3a2f8c5bc5be3f9c7e11c500259848,f65a592b5fd70e654abad300dc4d19a1f0d9b525a3ce5ffb9625aa510898d0c9
279,lh-75-0325.jpg,75-0325,jpg,182757,178.5 KB,1362,942,1.28,L,4c8e8629a486bbe6aa6aefa6f0952622,dbaac6d85e7eabe4d604b9d48aff58a8e2a7d2ac46e4378aa76d04163d04545a
280,lh-75-0326.jpg,75-0326,jpg,251147,245.3 KB,1409,1116,1.57,L,37943d1dec8c8ccc24d7efb583656816,1fd7b98ea6141510237558b9b406231d595fcbb5bc641cec6589f7e1ee049940
281,lh-75-0327.jpg,75-0327,jpg,187993,183.6 KB,1374,1056,1.45,L,c076675386ad6812919bbab6cfffcb23,a611c20b8120ef2b41557387007d32ab3baeae0d74a8a22ba1e13891f6f1d513
282,lh-75-0328.jpg,75-0328,jpg,266565,260.3 KB,1104,1362,1.5,L,17f4be4c94c207241509326eb4f3b5a2,07c3335eba824788a14e8829d660b5b7279b965150f5e9e60df300311bdf5eb5
283,lh-75-0329.jpg,75-0329,jpg,113061,110.4 KB,1356,1038,1.41,L,31a0c6b6ea9eb9f68b396db051f24a5d,b5b2d3cca901d7c307750da588268e19322650e6695beb189f062bd15ee7540e
284,lh-75-0330.jpg,75-0330,jpg,148250,144.8 KB,1422,1032,1.47,L,8fb4580c42fa30da99f5bdcac5430beb,c814d8f398b9d7fad8e7863c5b88e9785efea7e18be74cc7843645c44daf1cb3
285,lh-75-0331.jpg,75-0331,jpg,168080,164.1 KB,1440,1038,1.49,L,3f672d1d88ae98a439730072dda1294e,a409d5c06c234b4d70dd90e24fcc2d665caf05f9a7207a66c1692a511bd4cb14
286,lh-75-0333.jpg,75-0333,jpg,122820,119.9 KB,1368,1074,1.47,L,e9b0485e80c5a54258bcfbdedf66db8f,864e88664ac2f43efe6707ec7fe3da7866b94feb1d4d2283e51339c3f906cf91
287,lh-75-0334.jpg,75-0334,jpg,197868,193.2 KB,1362,1038,1.41,RGB,83797600015fdda8dcc06e45538cb017,e0b76fc02e19229d5e907058b5b1430d8855a346a784e5c93fc3b02780179c1f
288,lh-75-0335.jpg,75-0335,jpg,106752,104.2 KB,1362,1068,1.45,L,f6217d8c0c458c5dc90cbee10898c13b,14c1024a2ad554998db8355cd56399350ece25ff54b97824d01d53869533b1a9
289,lh-75-0336.jpg,75-0336,jpg,193482,188.9 KB,1392,1074,1.5,L,9218096f96a538eb091c28291c16cc9e,024b59b02f3e131bd4c3ce107af51efcd859d8662a8c3f4560d36a2c5e24f37a
290,lh-75-0337.jpg,75-0337,jpg,234063,228.6 KB,1422,1080,1.54,L,450fb5e40d63e14c880cd67c9accce34,f31c51035cd5f798cfc1378dbe756b4742dbbf426ec553fb8c3143cfef72d60d
291,lh-75-0338.jpg,75-0338,jpg,160418,156.7 KB,1428,1050,1.5,RGB,86fa3826291aeab09251775b5eaa2158,7a332685bb93fc05b701ae9d2e468aa1aaf3f92f0f167e52e746240988f6bb50
292,lh-75-0339.jpg,75-0339,jpg,177652,173.5 KB,1392,1074,1.5,L,6ace95d546fd98f1d6da976c92ebfb3e,b7f0bc5e0086fffe9004000f83b169ee34d021440c1dacb7787adc68010a298f
293,lh-75-0340.jpg,75-0340,jpg,90925,88.8 KB,1506,522,0.79,L,fd95a83c4df171c4a8603ec1fc231b39,78e92438bbf1d1d81cfc56dcdca988a4a950250b6976a809e31b27642466b4f3
294,lh-75-0342.jpg,75-0342,jpg,184084,179.8 KB,1404,1068,1.5,RGB,e93746acd90cb62e7f5d6ef971960142,9ce0f3261ba3f2633802c77b541312c65ca040a53887e3e5ae32a232a91fd5d6
295,lh-75-0343.jpg,75-0343,jpg,211647,206.7 KB,1374,1080,1.48,L,d92ec0fa00207f1a07a08aa00fc5437e,7bf93d8db8a438bba17254cb628060931402e4449b53201210c98cc8c7e8ba58
296,lh-75-0344.jpg,75-0344,jpg,247093,241.3 KB,1374,1080,1.48,L,0a6103ae2c8deb2ed575a521f8b066d0,5773417a68665bde7ecd12c04102524f1e1b90d9f7ee1b6bfbf3f9b3ea357abe
297,lh-75-0345.jpg,75-0345,jpg,151002,147.5 KB,1074,1374,1.48,L,3f5271ad016cb1269dc0b72239368134,62abe88b5d74a4a931dcf2596c040766736bb13cc429c5b57b7df22eb546af28
298,lh-75-0347.jpg,75-0347,jpg,175053,171.0 KB,1386,1038,1.44,L,eb753ffdd4255124bbce191e1bfa0285,30f7484fae1026d3ad15b73893cda8a59736243c260a33092a987989b688f594
299,lh-75-0348.jpg,75-0348,jpg,207798,202.9 KB,1385,1056,1.46,L,4504c69ef182b5417a85deb0e31a80bf,5f56d5c9b4d3667941138cc8c007b24576a187e20fa138b7aac08c1c77b8bad6
300,lh-75-0349.jpg,75-0349,jpg,300543,293.5 KB,1098,1404,1.54,RGB,13d974836724a41ebbf51a30774f4092,7a03fae11b54b5e075115c521b2d998397b19a1c76a3cbd3f173834ee562f1c4
301,lh-75-0350.jpg,75-0350,jpg,240197,234.6 KB,1116,1344,1.5,RGB,978692f696a4a5dc0ed0a3b3e552c1f3,041a8a447130f68ee41122315bca47987cad54ac8f517b31c41d7fb8aec05ae4
302,lh-75-0351.jpg,75-0351,jpg,222898,217.7 KB,1044,1350,1.41,L,4dc056396803bdd19c172b572d1950c0,b63e4d72c76e8f87f3cd2aa1aa36aac0a5ce0bae07560bb921e810422a0c5d31
303,lh-75-0354.jpg,75-0354,jpg,226584,221.3 KB,1391,1074,1.49,RGB,85a3296b7c2ddeab72b0964c3508b46b,741523862d19138730d3781961adf001908d7f0e7e3e597f4f5f187ebff0821b
304,lh-75-0355.jpg,75-0355,jpg,195180,190.6 KB,1884,1080,2.03,L,642691fbacc4b2e9a91263d425d42393,834e68398b0e78e5a756b0c0a8af0e900bca42e6651d0b2b15510cb0a240b479
305,lh-75-0357.jpg,75-0357,jpg,180391,176.2 KB,1368,1044,1.43,L,2357586f74a8f54920cd3054c03ba4a9,987fadc563980487475760db017fc899601a0580bd6996ee2723c5ed5b4fd3cd
306,lh-75-0358.jpg,75-0358,jpg,280341,273.8 KB,1391,1074,1.49,L,a9e67ad8f2f189f4d519119c39e82169,a84eb118db91c5458e278b5d82dfc00f110b049c78d946a44b3d42b2c6eba7c2
307,lh-75-0359.jpg,75-0359,jpg,176155,172.0 KB,1056,1368,1.44,L,7320fa29b17823797eb77ac6026bfedf,e82da56b55678b6e2160c6b98f8cb55ae0ca8c4b676bf72e880673f7a19d346c
308,lh-75-0360.jpg,75-0360,jpg,221070,215.9 KB,1433,1109,1.59,L,6ef2ff714c016ee0b2ea6b9530a4f391,72ccca69d17a4e3d4a02c6cec4fe54fdc7126b28192d032e2b3e3ef67494709e
309,lh-75-0361.jpg,75-0361,jpg,226971,221.7 KB,1391,1032,1.44,L,c1533b7fbd7bb8e3312f6ec62e44e1be,ea0c7f1d5539415a5635365c3b37f234801bc4fa7322b10a4ac0831aa5b2d2b3
310,lh-75-0363.jpg,75-0363,jpg,153875,150.3 KB,1350,1044,1.41,L,e5facb7cfeeaa46e8fb23c94bdf49f2d,a8e46d78883707cefd417f6e5b0b3d7af6c02ce4789566857a7a531e08488b28
311,lh-75-0364.jpg,75-0364,jpg,179156,175.0 KB,1356,1080,1.46,L,4723382871b60aa5c853dc97cfd20a93,49727f51602ab2d3287f630d69e32d4c74b29025037a8a358ae423b44039f406
312,lh-75-0365.jpg,75-0365,jpg,194777,190.2 KB,1374,1044,1.43,L,a0bbc0b6499ee99a958545264a4cd4c0,b7f2086759a3a60723838b3dd23408b959c766a3b148ae274c69f24a0fd38fe9
313,lh-75-0366.jpg,75-0366,jpg,310567,303.3 KB,1385,1068,1.48,RGB,aead75126a933dac7694780512f8c8ed,73c85ab5b43f6920315623201f4df5e4602f08277355eefce482b51cd6c4c01a
314,lh-75-0367.jpg,75-0367,jpg,162106,158.3 KB,1391,1091,1.52,L,62633662189baeadb51c64fabd0cbfae,6d6141815c149e96478db0443f5f3e95b42e02fd6cee7752be0fcdb890ef9c69
315,lh-75-0368.jpg,75-0368,jpg,200419,195.7 KB,1367,1104,1.51,L,0b4d49b587f10868292ce0667866b56d,617a5c9b370f0f647e5251c1343d1ecc027f20b66442764bccfdcdcfc1ddd951
316,lh-75-0369.jpg,75-0369,jpg,205889,201.1 KB,1367,1110,1.52,L,9e84ca3c68213e49321608d5ac2fd16a,e0b7eb8ac359446cea3378a79779ff47f8dd3d09b55a9aba487ced2dcd65fabf
317,lh-75-0370.jpg,75-0370,jpg,125560,122.6 KB,1092,1350,1.47,L,ea516fbacaa9d9fec78ef667f5c1b6f9,92c497b2cfc87a7216cb1e64ef1c8a424b3298481f3232f8d60b8ea00168c8b5
318,lh-75-0375.jpg,75-0375,jpg,318173,310.7 KB,1433,1121,1.61,L,66d6625809037f733581cc1d8c0e076a,f0f471b7585dad318b82b6fe0d79243009ff0c4aa65218be7d2d4e466836ca74
319,lh-75-0376.jpg,75-0376,jpg,226139,220.8 KB,1391,1091,1.52,L,daf53b44b4aaaa0e5a4527661ab276f7,7421a6044473cb085b8db92cd24dd781f0e1340e9f9878f852246cfb41a8dd6b
320,lh-75-0377.jpg,75-0377,jpg,269401,263.1 KB,1091,1380,1.51,L,69e7a7b91c686b4aeae74f1870f13713,8b80f883c061183ec0bd62f0fbc74231f1f893b7c740dffe8b6ccb1dfae56406
321,lh-75-0378.jpg,75-0378,jpg,214615,209.6 KB,1422,1074,1.53,L,19cec73ff2d43c2a59884f2f59eea664,9560dda37fb7489475a1bb3ffa95afb7bb27c60aebd7a2e64ad8ca11f8077463
322,lh-75-0379.jpg,75-0379,jpg,260670,254.6 KB,1379,1091,1.5,L,3841ec82e77dfdee501caa14968174da,1316786edb7fe147e72521eabc57b04561f2018914d53299bbafeb6099e63385
323,lh-75-0380.jpg,75-0380,jpg,234188,228.7 KB,1362,1086,1.48,L,bde5469a70147dc4a890f047da472818,80e0dff0ef97bb628a2e02add38c0508e1b175749abb6ab7bcd0022d1b82f09f
324,lh-75-0381.jpg,75-0381,jpg,190979,186.5 KB,1338,1074,1.44,L,20b1f376cf7df4dd2d51fbff987132b3,a7396428a4b3cffc2ef26115a555cea005ea3ebbb650e910f20036d99bb63b37
325,lh-75-0382.jpg,75-0382,jpg,150799,147.3 KB,1350,696,0.94,L,4c601b1d73f646b4c0186bab343f51dd,05eb728419686b6d11309412677f1dd40752d78f90f519f4cf070b792d9e0207
326,lh-75-0383.jpg,75-0383,jpg,236768,231.2 KB,1385,1068,1.48,L,5743c3aec0c0a2bd63e1e17e9e8f8726,8b549fccfd34068c0b74956b48bc5361a7bb81a5f0bcc54264f08d61081cc5dc
327,lh-75-0384.jpg,75-0384,jpg,234797,229.3 KB,1398,1104,1.54,L,ceac81bf95c6252d76aeeae3d5f911e9,3f0465be739b356c5b3a94daa03d6b169f174e2b402d44d72d7a3b2c6579093b
328,lh-75-0385.jpg,75-0385,jpg,183599,179.3 KB,1344,1092,1.47,L,5ba0ebcd77f1cd59229e3b95a2be0b87,37e758ca4c07b7fa020784fcc655249de9d0c922874f770f6dd648119d02fc2a
329,lh-75-0386.jpg,75-0386,jpg,164421,160.6 KB,1392,1044,1.45,L,dce70db541127183a4c064d686e86830,ebda953626817e75a229079b7f3a113e5c417fcec2fc09bbfdc3f4cb59532f60
330,lh-75-0387.jpg,75-0387,jpg,273340,266.9 KB,1392,1086,1.51,L,d2ca285692b18f7d1096371d6fdc476d,507ec99ea40e9b66542aaea93276ea5cab05b4fd06c7217206687bfd24d80cb1
331,lh-75-0388.jpg,75-0388,jpg,262036,255.9 KB,1344,1086,1.46,RGB,816d26c1709b0bacc6a187059b108367,2420ada104c2d994382f3d7f2239c6909c0da46c4e2b29198a8024d0e32d4279
332,lh-75-0390.jpg,75-0390,jpg,226669,221.4 KB,1080,1379,1.49,L,c53a6667bbf83f21df0fece84e4cc0f4,78ed12f07589892c701aa44be31c130f38e17a52d16b109aacd373719afc80c0
333,lh-75-0391.jpg,75-0391,jpg,211162,206.2 KB,1368,930,1.27,L,c5cb6c93c3c06c5cb7398e5791f18d7f,9cf99053bbb9c18f482fda38372d9a6bd25845e461adde66cb751059c6e464de
334,lh-75-0392.jpg,75-0392,jpg,168171,164.2 KB,1368,1086,1.49,L,217bd8698e15e683500d46b2637580d5,ab192fc65e4cbaadecf093adcc066b87ae7abb146f87bac1d7ef223e9835f2c9
335,lh-75-0393.jpg,75-0393,jpg,235874,230.3 KB,1404,1074,1.51,L,7fadaecf7b3b29a89aed84f2ec7a234d,7d6c551e9d64ce03d86bf310c873835c2624786f8fefb456b8bcdd82ea48d435
336,lh-75-0394.jpg,75-0394,jpg,119809,117.0 KB,1380,1050,1.45,L,b406c4510ebf5fb3ea59a0d9d54254f8,92f045263d9263285e7eb8712088b4b7d80534437cbdcc532d564213b3732d4f
337,lh-75-0395.jpg,75-0395,jpg,147229,143.8 KB,1572,1140,1.79,L,407e53829e6eaf531b37d689cb10e569,8a72d3f0d5c28b13b8818671dfb7595845540e800d784c20df37e6e2002b635d
338,lh-75-0396.jpg,75-0396,jpg,189274,184.8 KB,1368,1032,1.41,RGB,6772fd4a91d9bdf60abb1ccb66606d98,ad54f9eaf7f2dece59d41f1a376839e648698303b0f4287b8ce59e41f59ce2ef
339,lh-75-0397.jpg,75-0397,jpg,211428,206.5 KB,1091,1374,1.5,L,6fd43b7aa53c73afb3551cae74df5cd2,466535dcdb0229300f19f5880c86e5631377df4f9e18b03701ece3177ee4be4d
340,lh-75-0398.jpg,75-0398,jpg,281049,274.5 KB,1074,1386,1.49,RGB,528977c8de4233be95fea2ecc861b4b8,d7571aca04083777b0975506d56beb36f13328f01a46d74ab99e1df81d6f9252
341,lh-75-0399.jpg,75-0399,jpg,162935,159.1 KB,1086,1374,1.49,L,262f6521ee89cc6c8499d080cc4617a0,24afb2225a2bbd3bcc756b823c8ab4f0e4a1aa8dc137f3196620d20c19ae6ad2
342,lh-75-0400.jpg,75-0400,jpg,138224,135.0 KB,1410,1014,1.43,L,b768fea032d2dd436cc77c0ed49bc871,d81f4d489a0fb99400c5696faf2c3cbb493790a96f7b1ea3e074cb18b4a7cc5f
343,lh-75-0401.jpg,75-0401,jpg,144203,140.8 KB,1398,1092,1.53,L,db4336ef0a47b95d1e3248d249e3c535,2382a893d420192e16d451063776f8edbda924f97faef4ee122ce529070f6915
344,lh-75-0402.jpg,75-0402,jpg,187307,182.9 KB,1392,1080,1.5,L,c997ca22ae85df32951ad2ebd1f477e8,02c3eb5c3842c448acf9b70778a9acad22e4be0cbf2641351a6dc2f2fbd7354f
345,lh-75-0403.jpg,75-0403,jpg,255709,249.7 KB,1002,1326,1.33,L,6f8e32d3404b66bee72dfd77b6a1a992,619c1346b125e6ccbbf8173df5cb3e3a2cc465a87880908d07e045b68669b2d6
346,lh-75-0404.jpg,75-0404,jpg,238965,233.4 KB,1391,1080,1.5,L,ee98d3040877d61fbec451923f304ef9,843ad86cac98e2a4e0acc17c22d61ac70ab2f3fe8d4431d451b28f13715d144f
347,lh-75-0405.jpg,75-0405,jpg,162425,158.6 KB,1410,1074,1.51,L,e9f24eea1500faaf6f0232f892deabe8,e63e52bc23bba756eee4b5b648b5749e73a916bf4b7165e6305c6e48ac44246c
348,lh-75-0406.jpg,75-0406,jpg,176021,171.9 KB,1422,1128,1.6,L,7a38b56dea590eba63504add7a1a4abc,e3d06af6654992550cb10cc0a30efb13e38da899c633ccfce0c5ea08bcc778dd
349,lh-75-0407.jpg,75-0407,jpg,145970,142.5 KB,1440,1050,1.51,L,baf7681e1cc76f38a9adf919696cc850,034c9123b414c6ac4a775151d4b331eec087abd1acffabb7b0b9856705ee0fe4
350,lh-75-0408.jpg,75-0408,jpg,138197,135.0 KB,1380,1074,1.48,L,a692cd89dd3fd2d84b0f65a3266b3292,54dad6408f753a96c932c61032985bf8ad5225c23341cfea7e6f8162a86a98ff
351,lh-75-0409.jpg,75-0409,jpg,160508,156.7 KB,1392,1074,1.5,L,24d3ea4a43d33c78b47068d201702a3f,a171d618e70a82c70f31ff7d64111e890e5f0c8a6061537a96b280504d881314
352,lh-75-0410.jpg,75-0410,jpg,227584,222.2 KB,1446,1133,1.64,RGB,d0accfae1250e8af5581b832abcc960e,f6789120f320638d70647b1d30bb7fd6db221be417c3ea095d014bded4456d9e
353,lh-75-0411.jpg,75-0411,jpg,142675,139.3 KB,1386,1080,1.5,L,3bc2230d56cbd5fa0d196225ddc16978,cad5024852c11aeec55c5f39be6445759bc83085ed4affe5c23657cf31633c02
354,lh-75-0412.jpg,75-0412,jpg,245780,240.0 KB,1470,1158,1.7,L,7369e1c27f7fc80ed6c33c7c3d6918da,e89a17db25eb63ffe95a3b62a18025c4b72d048fcea3bbf34a619a88989cd034
355,lh-75-0413.jpg,75-0413,jpg,222311,217.1 KB,1410,1134,1.6,L,2cf7536ca3cb2b3b1f016be51c83b958,10e6b1cd5538dd6aec0b74a6afb7e04cb335ec48bd9b1ad336ae2260a73d8c15
356,lh-75-0414.jpg,75-0414,jpg,187394,183.0 KB,1374,1056,1.45,RGB,82e93bdc6fbc2172dfa89ec65649b5fe,01d3d99fc44d486e466ffd5db12c816a1b3c899719987b5be748cdf32041877b
357,lh-75-0415.jpg,75-0415,jpg,166174,162.3 KB,1433,1044,1.5,L,629cd34a0a91b3a2a918b313a1308122,ee14c45b265c38d0830026b367ff14eb4b06338fed95b031fe6b777fe1fb78ed
358,lh-75-0416.jpg,75-0416,jpg,219972,214.8 KB,1380,1068,1.47,L,69411ca1444696e7bb1295c4dd865b2e,b39bafe9622d0c8fca3c97386e5ac4ac7477165ab0a520f618e99a9d0e40ec4b
359,lh-75-0417.jpg,75-0417,jpg,146503,143.1 KB,1470,1110,1.63,L,4e454a008774deac064ac2beeff1582f,7381a16aa33318ddcd619d2ea9ca75dac04f08d2584588982cb868ac89975923
360,lh-75-0418.jpg,75-0418,jpg,149500,146.0 KB,1488,1128,1.68,L,33f4fc49c9b7b70d0c4e1473588ed2e9,82357c91c7c1074469c5c8e637f178a85e6e675d31547b10efd4730478a6359d
361,lh-75-0419.jpg,75-0419,jpg,131036,128.0 KB,1098,1386,1.52,L,f607890af70fbbfe1d320af06aa13ab6,fc4135e221343b2b0a279503fb896458a511f2f9487fe170ff961b22d6bd5a54
362,lh-75-0420.jpg,75-0420,jpg,169842,165.9 KB,1409,1074,1.51,L,b053f8887b7677e1f4703ca3408d1a5b,0ba4821d569596a7036d90d9930e4f9db49c126869d849fd9a4683a7c2ddab4a
363,lh-75-0421.jpg,75-0421,jpg,258475,252.4 KB,1470,1110,1.63,L,4e641105b7da6aca4f1934e81bead32c,18441927217d07a42a5cb43230530291b5470ab1477eee1f772101b66d7f1924
364,lh-75-0422.jpg,75-0422,jpg,124403,121.5 KB,1398,1056,1.48,L,115712e3c1e442e31a120d8c18d15030,d1649dbc9aa5e257a538cdd4a1b5c605b1b3663dc9ac0c6b72523cca0a0d321a
365,lh-75-0423.jpg,75-0423,jpg,174246,170.2 KB,1386,1074,1.49,L,b116d0fee19d78bd243f9d81d12ae0b1,bec51b11055552357b5e8bba67b397746070d86b07cdc7ffce9ddde4890aa4a8
366,lh-75-0424.jpg,75-0424,jpg,775811,757.6 KB,2944,2478,7.3,RGB,0eaf681ef12a4961ad33ab540ec594c6,5dfd48a5170e7cfa849811b3f3e957478df52f971fa4f42c1c66f2287186f9f0
367,lh-75-0425.jpg,75-0425,jpg,924623,903.0 KB,2944,2394,7.05,RGB,d0392c663277e2aff093df1474ee882b,413192f34091f4ce3b768946de18590d3848fd226917da0a218caa00c7b81907
368,lh-75-0426.jpg,75-0426,jpg,744375,726.9 KB,2944,2385,7.02,RGB,ebdfe1a547596e8525536328bc39151b,8586212e3f0b8d95b4238aa32ddf064d7004c19998f8ec095c7350de822872a3
369,lh-75-0427.jpg,75-0427,jpg,121178,118.3 KB,1374,1074,1.48,L,58f1764e9c00cc1f23ec33b3506b63b6,e572b3a41ed0da82f5ed0f8c788a11fa3f9097014033ece3437a49e7b122eedc
370,lh-75-0428.jpg,75-0428,jpg,193126,188.6 KB,1392,1038,1.44,L,086edca0be6caae93c5594a079c2d420,fb1833d98d1bf47b3ac912dc5bef0cb77381ffa0dc6762230285f045b1989125
371,lh-75-0429.jpg,75-0429,jpg,210219,205.3 KB,1446,1134,1.64,L,176ece89d23f7ab2273da55a580cae48,1f7ee159aa6909bb3956380046763aa88a8f31d9e25ff5b0e89a2b0a1c16a6e1
372,lh-75-0431.jpg,75-0431,jpg,149476,146.0 KB,1374,1068,1.47,L,f4b388d08579005512af706a192df911,4cb85711c0945bbdfecc18c28f6d5ffb6e21cf807f51046c35464e2f24de0575
373,lh-75-0432.jpg,75-0432,jpg,122464,119.6 KB,1350,1020,1.38,L,09b04b187b27238849a066bc91e80939,3af71511093129de4abdf4d3a05f5cf03d427f8a16ac1682d0615c9875b01ffc
374,lh-75-0433.jpg,75-0433,jpg,161126,157.3 KB,1416,1133,1.6,L,186309ee7f2c6869a4d1d7b349f712db,05dcdf95418fc510eda13bc2a6cdd8c1f2d12ea095111872c75997559d83997b
375,lh-75-0434.jpg,75-0434,jpg,134269,131.1 KB,1404,1109,1.56,L,bce06bc53d78e6c9e746d071db663900,d443c8d62202821ea3cf5e1c0da90818ef778494d9b82e9dd28bb25036ba4a24
376,lh-75-0435.jpg,75-0435,jpg,184983,180.6 KB,1385,1080,1.5,L,ff1b4064da574a1eaa5f67ce62f8355f,4948a352d428d6c466cade8a8c3ba032e7ebce5f2385e9a3dff03739c156521d
377,lh-75-0436.jpg,75-0436,jpg,238527,232.9 KB,1368,1068,1.46,RGB,b25adf70e6020997c0de448071f4cdbc,c6e2b888d6c3bb5868e692aa4c36cf8e7cd6e045f497647f4789388117e9793a
378,lh-75-0437.jpg,75-0437,jpg,132935,129.8 KB,1368,1068,1.46,L,b81b4e8162a6beed05679da777afe461,a38e70a32301c3e9b41b3180a35ccc9372d0cfd5083775ffc669cb192c99678e
379,lh-75-0438.jpg,75-0438,jpg,102192,99.8 KB,1404,935,1.31,L,4478dcc66cf50c978f49d92e1606b379,e06f41239ae0a60a3a0541395718f4372271c4d58a3cef3b9d42f98da663b2f0
380,lh-75-0439.jpg,75-0439,jpg,203535,198.8 KB,1409,1044,1.47,L,e24fc6efbe91d07bc19b920ac1c493b8,671db12b5763ed9b82555965373586d06f0414d2bcdeaec3de3c7eed0e957d5b
381,lh-75-0440.jpg,75-0440,jpg,241958,236.3 KB,1398,1074,1.5,L,7824d30ba4e80c02d047a00817843940,4ec02d639c5de8c866b356e9ffd44ae303a58c603c0c3bc1fc5b87979bb45976
382,lh-75-0441.jpg,75-0441,jpg,251209,245.3 KB,1392,1068,1.49,L,7f6fdeb7b8b140d68fe4330d27bc8079,6a797bc3942b5cb192f4ee003333edd2f49dda7162c3ad56d28ed42744091593
383,lh-75-0442.jpg,75-0442,jpg,135317,132.1 KB,1380,1038,1.43,L,3cfa528498ae536dcf5209cd03e19c65,866ea522742e505015192432101e40ece82ca3bd9246cf8a6c4cb40a4007f0ae
384,lh-75-0443.jpg,75-0443,jpg,188081,183.7 KB,1391,1068,1.49,L,c779cbce6b3d5b1e9b7dd50cdbc33e62,e217f41127f1437a4ae026b58ea2976253616d3cbef00db3a90a8b976ba8e40b
385,lh-75-0445.jpg,75-0445,jpg,123515,120.6 KB,1038,1404,1.46,L,c8427ea46fcc8e9eaf4692f9a6e44b77,46e71740b87c278e15400851e7b90eea67c27aab735f2402d8378c277712a030
386,lh-75-0446.jpg,75-0446,jpg,143863,140.5 KB,1362,1038,1.41,L,bcb459cd611dc7f72c3a8f7a37947231,db57e214908cc25077a5f05c9346d33683be44dc7fe181a0a6f9b4ae0ecc0a61
387,lh-75-0447.jpg,75-0447,jpg,161935,158.1 KB,1368,1068,1.46,L,0060b8c9b90c971aaef6ee1789a09b17,893d0d78ec7799599d23ecc4e95efe19723b553ba58d15ba551dd576f8fa603c
388,lh-75-0449.jpg,75-0449,jpg,150306,146.8 KB,1416,1032,1.46,L,d9bc820a823947d943ec8ef2aae58884,6648a04d4ae96bf91b5862e5c5d4295a6f7cc69b17d12a71218010ae272cb75c
389,lh-75-0450.jpg,75-0450,jpg,209942,205.0 KB,1332,1062,1.41,L,7088755d781c74bd0e1c28dc2a7b936c,1a6c55c706a4cf6ea1c0f32749a3900687aafa51f78ec6d9b1fdc90edb25e23c
390,lh-75-0451.jpg,75-0451,jpg,264616,258.4 KB,1446,1121,1.62,L,280f35d8b1fb04769d2cdc3495e8a968,0974945438889885cb6505ddd0bf3b17bbf9c02a4462ca6a5f97b15f4f824811
391,lh-75-0452.jpg,75-0452,jpg,197042,192.4 KB,1440,1103,1.59,L,c18f80d6567b72a8ba1266aa64db7bb1,e1db2a227506fe1abc026ecdf9b58c0df0d5b8f65b7a16c6b03351a77a6efee3
392,lh-75-0453.jpg,75-0453,jpg,621684,607.1 KB,2963,2385,7.07,RGB,56f4b1fd9c4e08b29f8392ca86d11632,03bacf8a4ac8ff6dacf04001d20cd2fc6a1363291d377f2c63aebc641b0f7f15
393,lh-75-0454.jpg,75-0454,jpg,150686,147.2 KB,1368,1062,1.45,L,5267376cce3c162e89e2069c8ea7046c,67ad06f4b7044f0e0c2f73e225d308f282f3cdb624ebdef719d86786d4127c98
394,lh-75-0455.jpg,75-0455,jpg,209230,204.3 KB,1074,1386,1.49,RGB,bfcf9ddb355a800fb35d6fdf0dd5208d,50ca021e856dfc2b78405b8ed732ba495f83639a62e88943b392104b02a162e2
395,lh-75-0456.jpg,75-0456,jpg,292597,285.7 KB,1122,1409,1.58,L,69569d5b336dca6f8a735e0c6b04d803,78eeb83bf65d5472bb517d656e046a7baad04549d332fd9b1eef2fdbfaa12415
396,lh-75-0457.jpg,75-0457,jpg,227975,222.6 KB,1092,1380,1.51,RGB,0650f41362b6ce6100b64dcecbf453ac,7e1e6884b0ba62f4b56d8f92d02b6a094c98bf3e79ba86925be7f43baa296dba
397,lh-75-0458.jpg,75-0458,jpg,174600,170.5 KB,1080,1398,1.51,L,2f36cba24f7b5baf43a4a34f15836913,066d52d9c6ee994bdd63a892fc492f0d291f7fbf24db0ca20d3f77a36dcc94ae
398,lh-75-0459.jpg,75-0459,jpg,208245,203.4 KB,1391,1043,1.45,RGB,d7232e09ad8c7dc7947e0bf697043fcc,6505a7e4f74a770bd4e2cc565511e64c1fab965c2248acd717b10e417c4744e5
399,lh-75-0460.jpg,75-0460,jpg,192424,187.9 KB,1380,1146,1.58,L,60821f4403a9f71bcd283f018fecb48c,02a6735d175d01f5fc689bc499dada13fef2419e778ed398ee4da678189e47d8
400,lh-75-0461.jpg,75-0461,jpg,139160,135.9 KB,1362,1110,1.51,RGB,4cce95a1024d4390258e4cfd20e8dde5,d8c5f46700469384cf62b8938074f9917e83e7048959d601a30c3a159a143277
401,lh-75-0462.jpg,75-0462,jpg,101373,99.0 KB,1086,1350,1.47,L,2b4c2080772e0a3414ec4934021faa4e,59333796dfb12e4ba463d8f34aea1e982e1688cd00c6348391f7fac09842e915
402,lh-75-0463.jpg,75-0463,jpg,200724,196.0 KB,1103,1374,1.52,L,570d90b6bcbe6fc3b976fe9558d23f10,a87a0dcfef49919069f3f63889eb607d2ec935d76d9b6c732ceb52f9950b2968
403,lh-75-0464.jpg,75-0464,jpg,83708,81.7 KB,1056,1356,1.43,L,f7389714029f63c24fcaa6b081127268,f65dcecfd327d1497fa7ce32922d851dc6160d4e8350269986becc90de740b04
404,lh-75-0465.jpg,75-0465,jpg,170774,166.8 KB,1392,1056,1.47,L,5f11ebf1d66cbd0cf101750d823e2301,8cb90d514f50dc3da8f68109da2710aee1d5116938765386232e0f925f6d5fd3
405,lh-75-0466.jpg,75-0466,jpg,201381,196.7 KB,1392,1050,1.46,L,35bcd5cc1f64aa9ef468a5401ffa1c44,6379c35a8ff264e4b3bc82eafa4a9d07c5f7fb2251c76e6a09a2b9471d359430
406,lh-75-0467.jpg,75-0467,jpg,173773,169.7 KB,1374,1080,1.48,L,9d9d0311e2952c54ddcce6610e0f6627,7d4f6286ac3bedde7a93e1f6236913a0184fe9809024a5acedd95878544dcabd
407,lh-75-0468.jpg,75-0468,jpg,235741,230.2 KB,1398,1056,1.48,L,16f5fba09e997146d84e108f851178e9,88b4f21d1333c5f033852ac47c7e2ab519669b00069c85461d79e312d76eed5d
408,lh-75-0470.jpg,75-0470,jpg,225484,220.2 KB,1428,1133,1.62,L,29732048ccbdaba074bb1ae71ee0808e,7b152aa471157b6e3296cb47f2ff4717a1264c4fbddbe4bc73cb469a68b08545
409,lh-75-0471.jpg,75-0471,jpg,824119,804.8 KB,2981,2394,7.14,RGB,23f87443ba8f83e83d5a4db03363af7c,4a8f759da774ef7ac5ec5617f76cb4ca763b6f5b25b7254efc30014fe4e76e9a
410,lh-75-0472.jpg,75-0472,jpg,218421,213.3 KB,1398,1080,1.51,L,efe4f357239d2ebbf14267a4ea6e53d8,7d2e751aafb61857f31e5d388cb21b7e89919d14667fc80bc31830d7e29b5a62
411,lh-75-0473.jpg,75-0473,jpg,218937,213.8 KB,1422,1116,1.59,L,3961e9af2c90612346b789debccdc9d2,ac043b5970082bbf2ec8ee5f70139cad4b9ebc2696f135a4d258f8346d947170
412,lh-75-0474.jpg,75-0474,jpg,223568,218.3 KB,1398,1080,1.51,L,a927c9341200dbb45e770c340930b1c4,212cb363c5fabf1d73e0d06b5773768ccc0f7741155aa34f955b034e7ac9a563
413,lh-75-0475.jpg,75-0475,jpg,220937,215.8 KB,1380,1020,1.41,RGB,4553d1fe9715f4e5a758881d1531cfb3,a03c83516a73953b487d64387e471fc6dd92b0a642e6c59a0b12cdb1352e86bb
414,lh-75-0476.jpg,75-0476,jpg,266602,260.4 KB,1446,1121,1.62,L,b98d9c166e52a1c7fbc3b6634c067f7c,871f2dac224aaab679d90e5d2fa18f7eddbaa0442cd6a87791d7e8db7eb2760e
415,lh-75-0477.jpg,75-0477,jpg,176802,172.7 KB,1398,1086,1.52,L,a2fb18287c150900adf3ef6ff742555b,99fd93b018f43038f1f74647b80fa53e9cdeba7ae62ac75ce99b4c28961d9f18
416,lh-75-0479.jpg,75-0479,jpg,161319,157.5 KB,1391,1080,1.5,L,0bf2274fbc2f93a40bcc7baa191648e1,51e254948682c02bd8bcf5f377f57d0c7a6cbfe71e3ccc0c6d408109970d6670
417,lh-75-0480.jpg,75-0480,jpg,327558,319.9 KB,1398,1086,1.52,L,e787f0de9fe3f575a8f1b52c2ba5f0f1,c3a7590997e9446720f3ca4c75a61e2f41326ab154ea64169215172d0927b96a
418,lh-75-0481.jpg,75-0481,jpg,167149,163.2 KB,1374,1038,1.43,L,2a148fa71b5d3497fb4061f395af7a12,7d11474c143174789a3edb42865306865f5cfe27e3168ed7ea1d562b31c5dea4
419,lh-75-0482.jpg,75-0482,jpg,138259,135.0 KB,1433,1121,1.61,L,a88133d4c0fa3b4b16482874243110b7,e89fa08abd9efde612d65d865ec0d07f2d102bc524b5a58adf9481e5df1b695f
420,lh-75-0483.jpg,75-0483,jpg,235962,230.4 KB,1403,1086,1.52,L,6ae83cd7aa2cd734c5a1b31b9846268f,9778987e59e735b8cff9d27e4bde67d997cbde8734f1958188d4ff64906156e9
421,lh-75-0484.jpg,75-0484,jpg,255044,249.1 KB,1374,1038,1.43,L,0dc9ea36546ecb6d382fbd644b4dd98b,be6e37f6b372d32758b9687b957fe5b7cb56c390e3e5f6402c08a0b27887f850
422,lh-75-0485.jpg,75-0485,jpg,229242,223.9 KB,1380,1080,1.49,L,952cb79539a33ed33949e584c373b676,edf8f20f36fd143faf0f19e7ed0e97eac67fd6af5a1a822a9cd616cd29bce7c0
423,lh-75-0486.jpg,75-0486,jpg,195887,191.3 KB,1391,1056,1.47,L,efb8eee0a35eafd9ecfca849e954fd15,f2564c51daa776aa3397aadfe52457adcf81b5f49ca12390377a5b472f3f26f1
424,lh-75-0487.jpg,75-0487,jpg,125251,122.3 KB,1068,1380,1.47,L,cedfadc7cf797e8cb57ebaf92868e5bc,44cb09ae4212fc1b9dc36e49c8e724186d5300c2569bc7047d09f58911dafbcd
425,lh-75-0488.jpg,75-0488,jpg,117255,114.5 KB,1086,1356,1.47,L,f558ba6b23ec961acebdcb8b1d93cc15,0140a44f611ad6dd67c75a8d791650096a1f3778c7eb89b629a76b1425839874
426,lh-75-0489.jpg,75-0489,jpg,145752,142.3 KB,1391,1080,1.5,L,32dc1633d9b1aa02bc02b9bfee8211e2,0e78cc6db6ea7799e083f280b91f8770d66b4ee49e7538d516e08553b6bebcf9
427,lh-75-0490.jpg,75-0490,jpg,120721,117.9 KB,1320,876,1.16,L,93a9cc1a8f707ecec873068b3959c791,0ab816ae27982eaaadeb4751aed63926fef0b311dd6d9a1534dbe5c9b2efdca0
428,lh-75-0491.jpg,75-0491,jpg,167462,163.5 KB,1385,1074,1.49,L,bc43c6c0ac9e7c26cec524ef1cabeebf,f10060d1503b739c8d14384e6935828c205e55438dd77bc1a7bf53076855e6be
429,lh-75-0492.jpg,75-0492,jpg,143166,139.8 KB,1403,1080,1.52,L,950050531a798550cd90a6078f2b7dc5,f294d86097b1f89051171487915572c70c3ac6d6bc2aa1e93076633631b59d44
430,lh-75-0493.jpg,75-0493,jpg,256912,250.9 KB,1392,1074,1.5,L,3a192281bf74d3a4b6718879f5ddb864,d11988674b2bf1cfa14455c29f4dc790f50bd1082f4c8b7d88b7b13d8740487c
431,lh-75-0494.jpg,75-0494,jpg,294505,287.6 KB,1428,1103,1.58,L,2b591fc5874ed9cf07a742b42e632a2c,fad8527738e4babbcc95aa9b97fd6e21d343dcc7c36228192233e39dfcab2075
432,lh-75-0495.jpg,75-0495,jpg,205112,200.3 KB,1379,1080,1.49,L,6b9b4dcc2ed662a2463d54a03a9b18f3,83a2a89b2520e31fbf45fca44c0dcba1b68f313cf8daafbf52fe16197459dfa5
433,lh-75-0496.jpg,75-0496,jpg,173266,169.2 KB,1386,1086,1.51,L,0eb40179f5d4a654693af3aa12f626c4,f980715664aea0a2051577bdbf11feac50f646778add38f29cb1957a61ef7420
434,lh-75-0497.jpg,75-0497,jpg,172127,168.1 KB,1385,1080,1.5,L,c13abf5d9c85cbf3c31743095fcb3230,4d2fd441dd4e3890d04d68ee9e181c8378b7357c51481a164bca8be75e299f92
435,lh-75-0498.jpg,75-0498,jpg,169514,165.5 KB,1385,1080,1.5,L,d14f19fd26769c927743c9825808bbd3,68026a05c4b872e327948729f5d5958ed7abf9fc6dd60d58c4e00e5773991ac4
436,lh-75-0499.jpg,75-0499,jpg,177382,173.2 KB,1385,1080,1.5,L,4f6b422359c133c7ddbe271d14af92c4,afe35844226da06b3cc80296240d7cbc2e170387c9e7fbc3d389919ecd2b7e44
437,lh-75-0500.jpg,75-0500,jpg,294834,287.9 KB,1379,1025,1.41,L,495d12b4284d7e09c6117c5b2658e4f8,0878c1af129786e774f2c3cb47f6f064f73b6405d212562481ae3ab1fa1f18fc
438,lh-75-0501.jpg,75-0501,jpg,141678,138.4 KB,1356,1140,1.55,L,46b94d9e3bc9365b35af4291767617c9,12f0cfbac24974025b75ba50736e86ccf8109a59fce6d8c20377abd62c943017
439,lh-75-0502.jpg,75-0502,jpg,255483,249.5 KB,1085,1380,1.5,L,217ea87b7fcc205987577bc246f6f034,f4622ceffd8bec4cefb3ff3c077a91777f9465be5bbdbf65bfef5ea8ca7209f0
440,lh-75-0503.jpg,75-0503,jpg,304032,296.9 KB,1422,1145,1.63,L,9d35de9fb1de15273e147f39692873aa,2d7362fd02263390797ec947ba406c342628745c3e9b68471bb1b0626ccce40c
441,lh-75-0504.jpg,75-0504,jpg,120730,117.9 KB,1085,1398,1.52,L,b7c11e71a656edbcb2e9017683c9def8,617c006f980c08e22c37d47279108a7025bf8bb21eff81bfc89472158b68363f
442,lh-75-0505.jpg,75-0505,jpg,117551,114.8 KB,1085,1398,1.52,L,62ce7085ac2a54d1abf2d1d93a32ae34,271976daef9b9e78484f8ac574243169810b807e14c3d7f55009a8189884e7f5
443,lh-75-0506.jpg,75-0506,jpg,158788,155.1 KB,1092,1392,1.52,L,be5ee3dbf236e93ca2a8b6ef161f193b,ac61c6d5bd61ac1c77ccbdd134521d5741d6a6a61e6205b6ed0172642766cb0c
444,lh-75-0507.jpg,75-0507,jpg,231976,226.5 KB,1092,1404,1.53,L,b641d38d30259fc716354ec6ab520258,e13e533d0843c6e4db4445fa14db635e7f100130879a28f4b7c31b4e320a2359
445,lh-75-0508.jpg,75-0508,jpg,185268,180.9 KB,1110,1392,1.55,L,4c83f0bf4e8da78154875eb231f1a111,3c86cac471378448cfb0d76b34ce309e4c81a7aaccb17a834129af42ccbc8464
446,lh-75-0509.jpg,75-0509,jpg,217365,212.3 KB,1103,1404,1.55,L,6d29b2ed27a69b6998e76b274f8cac4c,62774e6a6706821a5050791d408699c439bd24e27d91dc902993b3980d9c2390
447,lh-75-0510.jpg,75-0510,jpg,221616,216.4 KB,1350,1038,1.4,RGB,3dad0c905f0df71a588098b14b483abe,9c1d078c0c39702834e2e4feceaf111c3c59fed069984460fa41d089c818b9a2
448,lh-75-0511.jpg,75-0511,jpg,155372,151.7 KB,1086,1356,1.47,L,dd394344a052d47bf8e673ea7eae0e41,4e0c3591aecb4bcf89ca8dc400f38ba54515b6002288848810a20f2270d9e18f
449,lh-75-0512.jpg,75-0512,jpg,272786,266.4 KB,1398,1080,1.51,L,10e4ed7f5b6dd976eac07365fdfe75e9,a1072557f61086fc2ad7cde83147e1b6814945552973e7151a70d50f663ecb32
450,lh-75-0513.jpg,75-0513,jpg,220341,215.2 KB,1350,1038,1.4,RGB,3479cc1d1f638ed860886d2b6b327af3,533584c891a54a3d6738efa7e7842ecf4e51e0d78a70abc9ed472967d499b53f
451,lh-75-0514.jpg,75-0514,jpg,235711,230.2 KB,1368,1062,1.45,L,88d59888fb665af1297d888c30361913,974d0971f7dfde42eb8f2d9c1e67cf234ea382aa96673fbb3b17c7075961b040
452,lh-75-0515.jpg,75-0515,jpg,154507,150.9 KB,1206,1452,1.75,L,32bc5e25b6e027e693ffcaca883240c3,e78c52e8f849931bce79fd2540645ad51c5d77fd37a4cef76d2e3924273a3a75
453,lh-75-0516.jpg,75-0516,jpg,145607,142.2 KB,1110,1392,1.55,L,3f480e8a81ad0e0af5053f5345c86b53,45839da515c55ce4f29dc03dc7219f6b08652456f9fee1028da767a05f4b6ca3
454,lh-75-0517.jpg,75-0517,jpg,177604,173.4 KB,1109,1391,1.54,L,4ae15a96f1c42659887642d2709a8d86,d32d5dea47b28e7a6c61c52d189e5158c251d54c3c3e0b6343da0fb67c48c185
455,lh-75-0518.jpg,75-0518,jpg,157901,154.2 KB,1098,1386,1.52,L,41d581c1970d28aa050f93bce6d0c3f6,a4cb0bbd3994a32cd1f484e80d5976223f814b392b11e238833619aac7c70c06
456,lh-75-0519.jpg,75-0519,jpg,222542,217.3 KB,1356,1025,1.39,L,28834a4c7530ff9626954bb1af3ec763,32378fffe39501af5d13437c5268fb946bf56c50b997dbebcd255b3a91894155
457,lh-75-0520.jpg,75-0520,jpg,252280,246.4 KB,1398,1086,1.52,L,26654b2a14f2659981d051b32b1f0be8,cda968870f3485be99d28de1f3e30d7e0032e1353ef2b5f2305e10b57b75965d
458,lh-75-0521.jpg,75-0521,jpg,200937,196.2 KB,1368,1062,1.45,L,c879faa8999e215a49ef7cef5e543b99,473abc6312dfd4be386be7f9a847f0e322bcd8ba771cb1e82b58831853989443
459,lh-75-0522.jpg,75-0522,jpg,195383,190.8 KB,1356,1068,1.45,L,079f90f88ce48c5f7b173eeac881902c,6c63c391b6159c9c9394b77ea968696a6f1e190970d8b75b2f2aa7f14f29ca2c
460,lh-75-0523.jpg,75-0523,jpg,230866,225.5 KB,1367,1086,1.48,L,5f901d793a9e94e957999a71c5cda140,b9fdf88c023043ebdf38d6fe3ab1f35ba1ba5a5c2ce9d27b9f9f7850c0b7d04c
461,lh-75-0524.jpg,75-0524,jpg,212465,207.5 KB,1103,1380,1.52,L,42448adf2d9bd52d398941afb17ab1da,3463756eaefb8d16d92f6b079531ae33d642ba68dcf6167b2a4804dc0559ac6b
462,lh-75-0525.jpg,75-0525,jpg,269319,263.0 KB,1409,1091,1.54,RGB,01600c0977af9e9d7802f3d1ac1c2a16,fdad5f603f8e40ae62822c814ee8cb0b4fd4e734ca1f0c69efdc18af646c40ca
463,lh-75-0526.jpg,75-0526,jpg,200973,196.3 KB,1404,1074,1.51,L,c6dffde10001843a0544c3c9e8813e9c,66caa3cec2ac236fda23e96f95557474609d72310b25a8d8142fa1b26de82d4c
464,lh-75-0527.jpg,75-0527,jpg,225742,220.5 KB,1398,1098,1.54,L,36bfadfd8bbc41b96cd33d0388b978c4,ab1b5afb00b939b26eb5d8303eaaabcaa6c93b7a1d282256f84b04611ccbe465
465,lh-75-0528.jpg,75-0528,jpg,198370,193.7 KB,1080,1380,1.49,RGB,88e04787e58e347581ff1d7479b94604,54eb4d248377ecfc4e99d254f4b9cd1354e40b817649388d940d4c1b1709c267
466,lh-75-0529.jpg,75-0529,jpg,335470,327.6 KB,1398,1074,1.5,RGB,83224ea49341d700c0780a98c9f59e9c,655f9595420e661a20c1ea9076d2d57abc17dfefc8e9f870e60d1b005f6a9694
467,lh-75-0530.jpg,75-0530,jpg,128910,125.9 KB,1391,1080,1.5,L,6ff4404a2d6de035829f3d06dbec68d7,5f5f1c8aeb480ed43155bf7c794579ac9b09d87736685c7d3ce51e79a94d6d98
468,lh-75-0531.jpg,75-0531,jpg,161120,157.3 KB,1044,1368,1.43,L,95c980f4e75d3eb7748052b954ad6bf1,c8820296528cdb5f60b0148fec26e63729092b9c37743a27bb31d3f3ce242a74
469,lh-75-0532.jpg,75-0532,jpg,215723,210.7 KB,1296,1002,1.3,L,0b9ab28320c3b0def9b9d9e4e7d7d303,c2761ac42044052fb2f4af5fd1bf868c99716f219f619bcd603ffde743aa71bc
470,lh-75-0533.jpg,75-0533,jpg,251247,245.4 KB,1398,1091,1.53,L,94cfe018b8d0970160386c2898023a4d,2e2601cc6e50ad604c5ca91d6117af80fbf8a627a43c41b93e6d8114dc065093
471,lh-75-0534.jpg,75-0534,jpg,187273,182.9 KB,1368,1062,1.45,L,325c3c35d002586da6259eef2bc7c72a,2cf6701b6ffc2d86aad63e91543adb43ab556243efeb6a30fdfccdb643554dc9
472,lh-75-0535.jpg,75-0535,jpg,163841,160.0 KB,1344,1044,1.4,L,44a28db058ea89cbbe5cbd8df2496611,53efe5037468f2431d8edd93f6b5241199d831c8bd65058ff1f9ab78aa9b0ebe
473,lh-75-0537.jpg,75-0537,jpg,202412,197.7 KB,1110,1362,1.51,L,b1408a0a8eb35be2fee1c67517821d20,776f7fa9fad456b3178a286b6a00b62c7577214c13dbad08effb72092d4acfe2
474,lh-75-0538.jpg,75-0538,jpg,184583,180.3 KB,1092,1374,1.5,L,35e6a4fa6e245f7e1e5dd75440900c26,ace0eaa33b1d86408d60082864206d980d76a116f591e4d7746e626e6b5ffcdc
475,lh-75-0539.jpg,75-0539,jpg,107099,104.6 KB,1104,1362,1.5,L,7d61b6362a50502e04591e2ed2cebe09,ca54bd17250d06a428c6acb9d1154eb3aad4e39d5fee5d41f94a8f004b9ee433
476,lh-75-0540.jpg,75-0540,jpg,150655,147.1 KB,1392,1044,1.45,L,1f182da8caee23a660648cacda4eae79,d285fda4ec0cd0f27dc819d8260bfa18c9ae54f7fcd08fda87f877270b4ffe52
477,lh-75-0541.jpg,75-0541,jpg,275843,269.4 KB,1410,1068,1.51,L,6fe585458a2a8577e411e6b9088cc315,c78dc7ceac340efa6b7fd970474a07296f59cee9131c786b4e924c446bd8ea3a
478,lh-75-0542.jpg,75-0542,jpg,299719,292.7 KB,1379,1074,1.48,RGB,eb0e43210e3e85ad426b23a4573fb1b3,28ba25d75133a477211f9db908d2b74e90f29c58fca2bda5e58d83d9852c005a
479,lh-75-0543.jpg,75-0543,jpg,254262,248.3 KB,1398,1074,1.5,L,a7d9f60d38f4d0bcf3cfe25965f9bfdd,0e20496e2b3d523ffff660b2820752019955c35f253d199aafadca31f2090904
480,lh-75-0544.jpg,75-0544,jpg,238622,233.0 KB,1104,1380,1.52,RGB,10e1223d019465866b4278d8fe05ef7c,23fde60c2516cf659a3d289d74eb4813492138c3b11d4f3161a2db1a0eefbc79
481,lh-75-0545.jpg,75-0545,jpg,208735,203.8 KB,1409,1080,1.52,L,5204d5ffbf7d635105f6361081b60880,498182a6441a2bf39b19d38730a43a5a3cab095f21f9bdd5c93f08b573385105
482,lh-75-0547.jpg,75-0547,jpg,284857,278.2 KB,1091,1386,1.51,L,80936fd3a6c661b25beae2b5b11e68d0,b533728ad9c48d7ea83e5580d537e9260f36659a6109402124a3233f6cc335e9
483,lh-75-0548.jpg,75-0548,jpg,218542,213.4 KB,1301,1008,1.31,L,c586964a9ae8a19a2f2315ef9a758f02,dbf747b4b3065b439327d0edbe007b5efb099fc8a4291730e513db6f1da8a2c7
484,lh-75-0549.jpg,75-0549,jpg,229461,224.1 KB,1301,1014,1.32,L,16a30fdf7b5c89ed08c7a0ad33d848f2,d58b1588c3224db2f08abff099962cceab50be4fee3f85ab2466f8f83c65b0c4
485,lh-75-0550.jpg,75-0550,jpg,193333,188.8 KB,1380,1086,1.5,RGB,9e61307b353d0121942208208ff2cc84,76ac201650e8c298a682dbf828eee766a44a5bbf8e0157f681b787276d921f0e
486,lh-75-0551.jpg,75-0551,jpg,179878,175.7 KB,1392,1074,1.5,L,791aa2ea86203464bbdb6697848ab80c,b6529d9516c845bcf1f878b565c87a3754b79253e55d34913c5a30094b427889
487,lh-75-0552.jpg,75-0552,jpg,291968,285.1 KB,1398,1062,1.48,RGB,85f70319ecc601b7a868858ee59a8179,4dae0d0a4a96cc80b47f6916b8be0e60c5a13e340d094b8576cb18b1b33a6790
488,lh-75-0553.jpg,75-0553,jpg,219671,214.5 KB,1296,1038,1.35,L,33b896a0d5fe4904758bc53cea3c2e42,39792b7e733fb2585dc121795d677760bc3348e3977a40952bcb88ad5a139ca2
489,lh-75-0554.jpg,75-0554,jpg,254479,248.5 KB,1379,1086,1.5,L,3fbc6beaa559249a750c05aee0a13707,5ff7be3aaa8379c5c9cf0e786950ff8e929eff29b1e8a4c8bd8518670d94c9c9
490,lh-75-0555.jpg,75-0555,jpg,230097,224.7 KB,1380,1086,1.5,L,59b9316c8a52ffc3efda631feaed1321,c7fae4280647b9eecb0fa2116d8d5ad74c4ff50bee2c9b65d4c42426de1a2420
491,lh-75-0556.jpg,75-0556,jpg,214291,209.3 KB,1319,1014,1.34,L,4389ce6f37ac89d1b985a079c5fd4f65,2391533fb5793ca475aaabb9fac342e26e0228f0e2107ca3c1678fec757492e1
492,lh-75-0557.jpg,75-0557,jpg,268220,261.9 KB,1308,996,1.3,L,14bd6c0dea2083ce11807c91ef0673f0,c789dfc85aa8cc40f7d2e9819a686ac47a9bb1f47eaddf40472ecef4365a9c02
493,lh-75-0558.jpg,75-0558,jpg,185543,181.2 KB,1295,852,1.1,L,9f14e800196ae02329c9df2e3d184012,8d7151d1f9ab59f117b8267ba3d8f8fca0ad6e33faf25780608314ee417af1af
494,lh-75-0559.jpg,75-0559,jpg,253196,247.3 KB,1391,1086,1.51,L,41a181f893f6cca828fb9884fb3a5286,b8397d40688e195710f2e7934af5eea5e173de1f21200676a7da36255343279e
495,lh-75-0560.jpg,75-0560,jpg,238874,233.3 KB,1272,1038,1.32,L,3b58ed32ef975ba25a962804843547be,e3424b7baf5343843e5dea781f9b44f4cb220765ff19f6bf5a7ccb155fb650fb
496,lh-75-0561.jpg,75-0561,jpg,201191,196.5 KB,1385,1086,1.5,L,dbb8df29239b0c0da3cd3f9f1e79e6d7,cc5cc7f41c89130de1a11b5541b8525b0cc4aea948a6e358f0ce1cc69e819eb6
497,lh-75-0563.jpg,75-0563,jpg,254110,248.2 KB,1272,984,1.25,L,ac3059eb646fd21fc6880566c6b03621,a80b6c76f178f7f62309fa311012b74efdab4b0e0cfe8dbc8d8fb5d65210ee57
498,lh-75-0565.jpg,75-0565,jpg,254745,248.8 KB,1428,1074,1.53,L,8e7437c72a019764b3a23492fbd888dc,6195afbcca22c921fe066bf0abac3c0a544d08724468f4b732e4270b02fef899
499,lh-75-0566.jpg,75-0566,jpg,946126,924.0 KB,2396,2942,7.05,RGB,3113a68c3ecac56710bbda57a197f0e0,78005f53645a7898097d241ec240d0d30330aa448258590a18b33915ac8b05c8
500,lh-75-0567.jpg,75-0567,jpg,189287,184.9 KB,1362,1002,1.36,L,bbfd51526b4486b983880408624c12fe,10618c252e8adb4b637aba7ab0f0c277a7899462c704d07d37935a9d815094e9
501,lh-75-0568.jpg,75-0568,jpg,232956,227.5 KB,1391,1074,1.49,L,fcf37c692bd489da768515b0ed455288,253764c0647bac990ef268c5f383a5323e345c50929d5503fbc5b39473c7bc49
502,lh-75-0569.jpg,75-0569,jpg,99734,97.4 KB,1362,1056,1.44,L,af3c7bc26561c8d8671e899ffc282568,1cd1f64ad15bc84edf463d2ae23e72cc0da85ff2c8399f220c6eb3ff2f52268f
503,lh-75-0570.jpg,75-0570,jpg,246731,240.9 KB,1284,942,1.21,L,e22e343b6bc6d9e314db37d4db6684e1,686f2056c6ebec3080f50823245ab907498c7e9e23d82a9d1848f0a9d1db2240
504,lh-75-0571.jpg,75-0571,jpg,307630,300.4 KB,1367,1091,1.49,L,46a408016086ceb09bf973865e8291f8,2823410da04dfdad57d4e649ddf124f55927e4b1168a1616645342c8461bc372
505,lh-75-0572.jpg,75-0572,jpg,194750,190.2 KB,1409,1080,1.52,L,2d176a59b7699b3de297f8cdc76b35a1,f3c9bd9e7073fcc063303f613df73c6f580eb5360f4fe52c2b9e9af0330d5ffe
506,lh-75-0573.jpg,75-0573,jpg,975248,952.4 KB,2963,2385,7.07,RGB,6ec042b3b30fd7908ca62a7c8310ce04,10dd88e1d2c2df14bc516f7bda6449d6d47004c514624d6d5277c73052940fd5
507,lh-75-0574.jpg,75-0574,jpg,228548,223.2 KB,1344,1044,1.4,RGB,01721638c3f913d8ad982f68b1e9fae3,225b975bd3aa1a0a12d82e3731acbf3dbef1bf67f8b27e849e3ba44c45aca594
508,lh-75-0575.jpg,75-0575,jpg,280639,274.1 KB,1409,1080,1.52,L,0d3ade97712999f874442ec097cf439c,377d50960e2d228594377cec39e3f4374b3156ce39312707fee43fab7ba9f1b1
509,lh-75-0576.jpg,75-0576,jpg,145603,142.2 KB,1391,1080,1.5,L,764d51b3649c147d74711ad68cc89f7f,ca8a97bfebd032f54a8e9b7dd73b598d8e509785d8a0154276518520c6f63438
510,lh-75-0577.jpg,75-0577,jpg,144379,141.0 KB,1019,1254,1.28,L,59717ee03ff667d47b6ad4bb41ec2fa3,f0a144bd2b114c785fa30338eaa0c049aff546e0df6b7eb3cd70b25dd2470b51
511,lh-75-0578.jpg,75-0578,jpg,186813,182.4 KB,1379,1086,1.5,L,cdee095ca0bf3fadf4cc2f197accb01e,7ec74c2694b5040e48fdfdbf4814ae956b87eba358f1e9da5a368fc4b636a1dd
512,lh-75-0579.jpg,75-0579,jpg,186732,182.4 KB,990,1260,1.25,L,7a88189ac5c4646669fc502d2b651432,ff40289fdeebe713ae80463afe380cb212a33c2c704a7571f3424ca74a47c410
513,lh-75-0580.jpg,75-0580,jpg,128002,125.0 KB,995,1290,1.28,L,9740de452ba4725553c57b90fb18223a,ed27a29c1242336f616d154d1ed414eade85b250cb61c0f34b3cdb0cd69fd626
514,lh-75-0581.jpg,75-0581,jpg,203981,199.2 KB,1290,996,1.28,L,89fbe70aa5043e3b6b32bc7683371a74,79394c9862927cb36c54a59f37503dc7f3eb3dc789a5aedbb0c698ad6cf5d763
515,lh-75-0583.jpg,75-0583,jpg,191143,186.7 KB,1374,1068,1.47,L,cb2c0b1e9deab6e33fb954757c6cd507,09fe9ac2e4599a4f17033a1737c526a77c0818bc5c9cd4a7bd491a041f3e65ce
516,lh-75-0584.jpg,75-0584,jpg,197036,192.4 KB,1103,1398,1.54,RGB,5cbc0c6ba38f41969575cea263a7b626,0a2318ff1e906957f295640966bb3e80fe3c5a2603c372a6881ea1ed6dee6732
517,lh-75-0585.jpg,75-0585,jpg,202798,198.0 KB,1272,936,1.19,L,4aff44d4043a86b7223f118e4cc8ca1e,e9def7819ebb44b394f1eb9b3b4861243fdd43d35f5af1caad1789ad0439e89b
518,lh-75-0586.jpg,75-0586,jpg,233982,228.5 KB,1374,941,1.29,L,de0afadcfc941ead25ca48989bdf5dbf,c40351b1f5f5dd8c6269632822b192293020b120c5ad968f2a6f846d9652506c
519,lh-75-0587.jpg,75-0587,jpg,217096,212.0 KB,1308,983,1.29,L,0a083dfe19919f90c8c43aa6d8c87d2f,3ae16865d80b424311c66046643f1ebdcc0fdb851ee5e4720a6b5281427ba37b
520,lh-75-0588.jpg,75-0588,jpg,210420,205.5 KB,1301,996,1.3,L,6ea7554bafceed0cf9995a2c71b67b11,f99e4c12bcafbed2b28980463ebad4ab1a794351c0104802b6ec32a646e307d4
521,lh-75-0589.jpg,75-0589,jpg,214565,209.5 KB,1350,1098,1.48,L,bf5cfc1395b8a92e42113fcbfe0707d6,134af7eb96666727bc52d9306027d4278cc5c84c6da2e175ffa2aedcdd28fde2
522,lh-75-0590.jpg,75-0590,jpg,180506,176.3 KB,1410,1086,1.53,L,d3a48126370434dd9d2d21431775c17b,a0d49042f10654c920d068d3f1316f938f6aed6ddc221ac216c249affd36dcda
523,lh-75-0592.jpg,75-0592,jpg,210931,206.0 KB,1343,1080,1.45,L,302d8ba9a8d77ff9bebfedb54504c20f,be179943605aac5816039b0b52c34e8ec5f071bc0845461aa9f35730500eacbe
524,lh-75-0596.jpg,75-0596,jpg,221353,216.2 KB,1398,1086,1.52,L,0d451356d3ad4d3c0169c26c0ba72788,729ba45da6a41189a5383fe90310631155997afc714a8a59804c92f66ba95305
525,lh-75-0597.jpg,75-0597,jpg,211102,206.2 KB,1416,1086,1.54,L,39ffae4c4b72f0e13b4738d229638fab,63ecaad8025f28b88803a3f89f07e2d947a94412e7df26ebfacc4cbf74a10ff4
526,lh-75-0598.jpg,75-0598,jpg,241729,236.1 KB,1392,1056,1.47,L,c88a372eaf70880b4f5043fa8a278f80,7c9969a9b5d4d89eef9a361874540ef5d8722937a5eed72ff478d4f5ad9aa080
527,lh-75-0599.jpg,75-0599,jpg,214195,209.2 KB,1301,1008,1.31,L,52547801d92536cd07fd81b71308e9f3,55fdd6203cf66b6d5d93bf67dabb67dfa541f3855fd776a2da728f9912c2cbf3
528,lh-75-0600.jpg,75-0600,jpg,270995,264.6 KB,1391,1062,1.48,L,06fc71d05c73e36825cb1250f7174fca,099f5602e85f40fa53ce5ff78e5f79ab0af595833b30d2bebfd85ca73f022685
529,lh-75-0601.jpg,75-0601,jpg,235369,229.9 KB,1080,1362,1.47,L,6839f4aacb29a307c11a174935dab44a,61abd742d8c56c000fe6a2b016532816018daed384f7cc7798025e6df362ba8a
530,lh-75-0604.jpg,75-0604,jpg,304768,297.6 KB,1367,1067,1.46,L,ba1e533a08ca3515c96fe0554a900c9b,180a6be4f8750b41489a0ff1fa7d985e5880477acebdcf6655307ac79cca0f28
531,lh-75-0605.jpg,75-0605,jpg,224355,219.1 KB,1080,1344,1.45,L,aa2e4997fcac3855a03079137071d8c3,506c42b300d27e71c06ae3570f04203487559f2eb6afdbdee353c82f7f94ae20
532,lh-75-0607.jpg,75-0607,jpg,126119,123.2 KB,1092,1374,1.5,L,0dfbdb8779f206701de932e030a72f4e,bfed63fde5a86e88c9c1766dc2ad157e61926457ed00a417e3a8659161c4e519
533,lh-75-0608.jpg,75-0608,jpg,179734,175.5 KB,1380,1002,1.38,L,62fd541e917b86aeac19fee3ad2d779f,87eb18b75cdda6bbdf542b89053af8ddb2c7a437cfd4f2322631abd870e3ffa3
534,lh-75-0610.jpg,75-0610,jpg,268814,262.5 KB,1398,1074,1.5,L,6b4521ff02307f68314317a8d51c34d9,d44b91c0748485eb6056806702890ed54d3bbe2f5af6a4b19465eaf8659e7084
535,lh-75-0616.jpg,75-0616,jpg,484115,472.8 KB,3028,2404,7.28,RGB,a0d6a4075efd6e1b554b49fd75e20a1e,bf8b89c2cd0657d1b933b463107fdc13ee0e716844cca392c4c1d147f6d3f637
536,lh-75-0617.jpg,75-0617,jpg,70378,68.7 KB,1410,1014,1.43,L,3d4cfa44a84c1617632422a2b66f38a7,db651a37335babeb384b6ecf8b91575a52ba6562b6676605eeb695a35f0826f2
537,lh-75-0618.jpg,75-0618,jpg,251367,245.5 KB,1409,1086,1.53,L,4cb4fb3d058881ff96d0a3b9de427487,2452100f148cdbaaface3e1fea6be89866aa991b72b594cc2f83729fcc3f5282
538,lh-75-0619.jpg,75-0619,jpg,217801,212.7 KB,1391,1062,1.48,L,7b3aa111c87818df83e6aac642edbe60,1e6c54c2c138e7659103203efdd6aa51e1e2c60bfa14f7d292c1c77c1a141140
539,lh-75-0622.jpg,75-0622,jpg,199950,195.3 KB,1085,1386,1.5,L,d4efa0a98cc99d8c4f4f6a40b90633d9,c32f225a0fb9ef735526d1092f4cd9c2e9fd6e1df1ce6ba9d678250b05e80338
540,lh-75-0623.jpg,75-0623,jpg,179509,175.3 KB,1403,1074,1.51,L,b08568427fcf9396b0bfaaf8be227eeb,9f00f6f42ac86a5c15600c4f1b7b8d6fdde2db0f80934cda52ad41545f5b5bbd
541,lh-75-0624.jpg,75-0624,jpg,206750,201.9 KB,1398,1091,1.53,L,7f1baed766075a7a104d2c30a434c913,16b7215cb18b05397448760992be07b9aeda30653cde2ef99d1411ec93a4af51
542,lh-75-0627.jpg,75-0627,jpg,134106,131.0 KB,1428,1152,1.65,L,51a818293f4e368b6e703935b8b308bc,b229e4a0ad257222d0a5bc102ec79021b7530e0a55431f571502530079bfc4dc
543,lh-75-0628.jpg,75-0628,jpg,174150,170.1 KB,1158,1386,1.6,L,571d58b87e764194583ab73aabd2d2e0,d7bf13d5da51a6a50c4e6309b7e6a248d9fe7cc5694712f7a2665c9d993b8b9a
544,lh-75-0630.jpg,75-0630,jpg,145551,142.1 KB,1398,1062,1.48,L,b4f087c0e432f9696a8d14516b725de8,f228d91e7582a8a3651efaf25a238de72316aa10e00d85c94b48cc685915b34a
545,lh-75-0631.jpg,75-0631,jpg,144133,140.8 KB,1410,1086,1.53,L,0815c03bef1481566a02b783d630695e,f26bd1037c41bc586e9f937fd94d3a147124683efb73ff5ce2e46d869874509e
546,lh-75-0632.jpg,75-0632,jpg,196081,191.5 KB,1079,1391,1.5,L,83d2644aa99a0e606a536360df17cc67,99996f9f95f6e0d5fb67b971f4ecf70591d2709652d49d4a39f65feca4e9780f
547,lh-75-0635.jpg,75-0635,jpg,385785,376.7 KB,1103,1391,1.53,L,bf333efc7e148e22da1a4b580719a24b,bd4140c54b75971618ee032185602cdcdd35720b232e639da570ca37a1742cc0
548,lh-75-0637.jpg,75-0637,jpg,169160,165.2 KB,1068,1368,1.46,RGB,d4f6cca745b289549971c14bd48fe1a0,f789bed8e50146d6f448e151edb6d0556bc390a9e8f3ecd893d66c37f3027489
549,lh-75-0638.jpg,75-0638,jpg,207061,202.2 KB,1403,1080,1.52,RGB,1cb956f921af16b89194263a72b7356c,2d9b32a4a81e44efe06b1a0e16d841d8848232d6c6a3b710aac2647f7e652515
550,lh-75-0639.jpg,75-0639,jpg,214874,209.8 KB,1085,1368,1.48,RGB,1304dccd2593403369bcf6915d66c3f4,1645c627ebb9c7f12bc3353fab2813b9f8da287e7c5910a2a7676a4d265d491f
551,lh-75-0640.jpg,75-0640,jpg,201476,196.8 KB,1385,1086,1.5,L,eeada3429970ddabf72621e89f0cce4c,28ff8a7a126a7c3eac0a1b0454836af543a4bb0a83dd65a04129403d1c895451
552,lh-75-0642.jpg,75-0642,jpg,223579,218.3 KB,1391,1098,1.53,RGB,fceb9b2422e7c3a24bcaa2601f693114,813c2ee489f2cfacdfb13b513e4fb551ea364168f1b951ebcf5dba14ffe3e97f
553,lh-75-0643.jpg,75-0643,jpg,121148,118.3 KB,1386,1074,1.49,L,848d8d051bc294f38f79e9f80fed1fce,ad220309e5785756e65cfd118cbbf989a037b2d5309a3df63803c917d15209ee
554,lh-75-0646.jpg,75-0646,jpg,111368,108.8 KB,1068,1398,1.49,L,76b1654b48bd237770182525737b07c5,bb73ea6bd31a86775c43fdcaa23d86268e0b0313cec18d1135c4b48880ffe087
555,lh-75-0647.jpg,75-0647,jpg,101535,99.2 KB,1086,1362,1.48,L,1d2107c49deafad8bdb3925f3fadba22,f9fc5762ccfbcd257fcff128124c128bd61ca66609a6b350a6eeeeacca2448eb
556,lh-75-0648.jpg,75-0648,jpg,124725,121.8 KB,1098,1368,1.5,L,3d85efd752eb002e16edbec9b7576b8b,bf5723a89ee94ed03bc85b1b30be84b04cdc9721814d704cc7a548ef54da0c8e
557,lh-75-0649.jpg,75-0649,jpg,180565,176.3 KB,1098,1368,1.5,L,bbf6eb8afff5fbb1e816af933aa19bc0,b3f5325e8298312cd0ac7ad5aed302e0395a4faa6927e7d26f833e8cf59ca842
558,lh-75-0650.jpg,75-0650,jpg,131916,128.8 KB,1392,1044,1.45,L,dc67361083e8d022ac7523b365dea398,fe606e644f6cda080af6e15d76586ea593fe6a7026c965565dbd8da3d7bfdbfc
559,lh-75-0652.jpg,75-0652,jpg,172483,168.4 KB,1368,1110,1.52,L,e4abb7bf6087bba8befe2fbde2c50d26,948531c9cbf016feec40f8056c483a5f5acd5508718d6f6f2160b678f5322f2e
560,lh-75-0654.jpg,75-0654,jpg,177041,172.9 KB,1386,1086,1.51,L,ed3b543840b07328a28a5a28c4f4a1a3,36d59d7ca06c9881a94b693a6b8bbbd5644b5b5ba08b95b125de2697bfa7f7de
561,lh-75-0656.jpg,75-0656,jpg,196264,191.7 KB,1380,1074,1.48,L,443cea3c06e148c8970c1a98fbdc8c53,08636c9d78deec3ddb5087de150c3511e1170765da7aa89aabc6daeae43a42ee
562,lh-75-0657.jpg,75-0657,jpg,204406,199.6 KB,1086,1356,1.47,L,48b2d7af0eb54f37a3c98500bb6c158b,38152559f107d89732e51ed3c039df05d3e970250ba2b294c22c4959f30cba63
563,lh-75-0658.jpg,75-0658,jpg,152627,149.0 KB,1385,1074,1.49,L,f205e53161f843aa28e5fb6d4548b194,8f1538aea3ba56be9c888db7c1668f46df962d3b960077b1382a2e3cf6d93294
564,lh-75-0659.jpg,75-0659,jpg,163775,159.9 KB,1398,1074,1.5,L,26c7bd8bc55ab8f0db6838e746135c77,60262051827a21599f3ea8e54d6fdc8cd76f2311b3bd4d8281fcab3150025b18
565,lh-75-0660.jpg,75-0660,jpg,187825,183.4 KB,1085,1380,1.5,L,2b6c6586d0971713e9fa7d4313d9f50b,fc2715fc0876672f2edcc477d57a92bd0e7fe4f9947c4af03d08930bfa4b0aa7
566,lh-75-0661.jpg,75-0661,jpg,240026,234.4 KB,1128,1427,1.61,L,4240c860e3c97ec2e86cf6b9af151b48,388a85d58588f0186bbadd4492edbb229f11a8fc857b426c04501c86f8428877
567,lh-75-0662.jpg,75-0662,jpg,200353,195.7 KB,1091,1374,1.5,L,1dca25ce7534946c58748cdc0dae10fa,564c400d61f8bda19518935fb3f3c6b439d178592798ddaf3d7ab30a6486690f
568,lh-75-0663.jpg,75-0663,jpg,263526,257.3 KB,1140,1433,1.63,RGB,83999eb0886b0c49ca6f9a99501e3804,70212683d9c86cd16609f36ab42a77996c1fdbc681bcf0299b242a8f58adf210
569,lh-75-0664.jpg,75-0664,jpg,149857,146.3 KB,1380,1050,1.45,L,8b82b40a437880bb0ef307aecbe00466,a1c600ca706ca82a8e5a11248c6edb110e1f091ac27eff1f39e2ec632a741afb
570,lh-75-0665.jpg,75-0665,jpg,167569,163.6 KB,1385,1086,1.5,RGB,9c2853b0141155059a565b6d57541250,62c8354ace559ca51633fe4866b25a47f9a5affdd45a8b4fc8bddf192a0a3678
571,lh-75-0667.jpg,75-0667,jpg,240642,235.0 KB,1080,1368,1.48,L,b2f1469dfa7a55e23d7ff5609b752e4d,c81fa7589139cacfc8ef3b82c8cdfa40b767673dc35ac6b2d27c81e3e8308cd1
572,lh-75-0668.jpg,75-0668,jpg,262621,256.5 KB,1308,1038,1.36,RGB,340db3a730b80912d5c865bfcdb65e8d,fff6816bb00e268c67cce76af782a0441c9b10550b456efd827216469e0e2535
573,lh-75-0669.jpg,75-0669,jpg,200346,195.7 KB,1025,1290,1.32,L,f61c9da0d9b4498c47299b613b0959af,0f75044d6d83f12b5be521924eb9dc949e8b1b9c49c5e809396801eebb765dd7
574,lh-75-0670.jpg,75-0670,jpg,204132,199.3 KB,1278,984,1.26,L,f7ff49da086e2e3413b5fb41393ecb25,8c71c9b5b64e554a207c05753c76d19ed9a830102cd058aacad23c2c0348140d
575,lh-75-0671.jpg,75-0671,jpg,184880,180.5 KB,1301,1002,1.3,L,feabf80e59c74c9aec77e68c971e074a,01658244cfe9cabbd0d543964430fd2c09cf1b044eb3b0ba0979dd573cd2afe2
576,lh-75-0673.jpg,75-0673,jpg,184119,179.8 KB,1308,1008,1.32,L,8a847434f199eb74f25b080e265ad6d1,e39d29ddabc344de1bb6e5aa95a32dac8c6ff504e390be4a1841cf890de3fede
577,lh-75-0678.jpg,75-0678,jpg,311364,304.1 KB,1308,1002,1.31,L,7a60dda3ccbbe944e6f9341969071153,988183d5289041aff31890b00d1a1a9896c52b1824505ca851fd80ba1d859954
578,lh-75-0681.jpg,75-0681,jpg,325387,317.8 KB,1301,996,1.3,L,10b53868909b74726a5e19c4fddaa931,b80e63e8065229f41635fb0b8c14e1bccdb60a99bf389cd8701b5de03a268318
579,lh-75-0682.jpg,75-0682,jpg,291242,284.4 KB,1385,1080,1.5,L,b0840da3edf11605e7c485c6707b9c59,0a2a6f2bfd5f7cec1a782c0573775e817fd2dcd81d7dc2f819e85d2654c4cf37
580,lh-75-0683.jpg,75-0683,jpg,255568,249.6 KB,1374,1050,1.44,L,031f04aee4c08405e7b84564d79fb6e9,fdc97ea8c2bf64f43e4495810d23ecdc9065ac57cc40c393a1818dda4437a9c5
581,lh-75-0684.jpg,75-0684,jpg,234337,228.8 KB,1314,1038,1.36,L,8c957f4bc39e7f8970de61d686373e3a,f2e0fce2219b1d40b01510b1c755e154abcbf102f596f5d9b0505d7caec80876
582,lh-75-0685.jpg,75-0685,jpg,182083,177.8 KB,1392,1074,1.5,L,0512a13ccb833944d4c2ec894ac6dbc7,2adf995f6f79627da4994be189759e2bfa1ac1c2d72d03f615c8ba1713d5cce4
583,lh-75-0686.jpg,75-0686,jpg,180857,176.6 KB,1308,984,1.29,L,295b1f6056d3cebdb1e53ac0145bb4b5,9875f4de4c159ba1c6e47a9f919eb3b400a3dbae65ca0de541c5fbf7161180cd
584,lh-75-0687.jpg,75-0687,jpg,217322,212.2 KB,1362,1062,1.45,RGB,41bcf3b19bcaf645bef592695be7ba4d,6a46f20c16dc093f5140b297769027f912026b76fed3bd0aa6a43632137a162b
585,lh-75-0688.jpg,75-0688,jpg,163886,160.0 KB,1044,1326,1.38,L,4f14affb0b7fe0658a57572a943f715b,3f67fb1dc0088df01941fd70d9a51321339a634d8a1c2af71ba3311d2955deeb
586,lh-75-0689.jpg,75-0689,jpg,173972,169.9 KB,1368,1044,1.43,L,197e16d4db02f55d9a6eb3d0bd1bb570,bac73394092c0de61184d8bb93de373c75d8fcb0e03ed64ec44d188e3069e3e9
587,lh-75-0694.jpg,75-0694,jpg,233744,228.3 KB,1392,1080,1.5,L,c7ad3a914af86f5ed3a37ff5c35a17e0,8fd558b16280bb283bff48dce044a346f33fb6e8b558cf9e48844d8d29945e8e
588,lh-75-0698.jpg,75-0698,jpg,212248,207.3 KB,1416,1086,1.54,L,d6899ec62f6890440d3cea3dc49ee2fe,761df81508b94a6dfa0a5cff58fc783aa9c97b1d9e22088fa363d5bdedb224a4
589,lh-75-0701.jpg,75-0701,jpg,138808,135.6 KB,1368,1074,1.47,L,cb9c65c56f2a7e411b5e354997c1f1bb,cd6e99d3ad7db13b39f83027264617f19369ea2535b0b7a04277bd53ed2ee16e
590,lh-75-0702.jpg,75-0702,jpg,271068,264.7 KB,1379,1074,1.48,L,d7dc599d4811909b3d625ddfbeb54895,66d5ab136cb16b3b3d0f19a4aa3d6d90d93c06024f89e5f3e24ffdf7e2608e29
591,lh-75-0703.jpg,75-0703,jpg,295962,289.0 KB,1374,1080,1.48,L,260961297acadfd7a32ac79108ba0561,cba322586122c87c4c97ad29eef91e8b6487b304176331868d4e3e76c61818fe
592,lh-75-0704.jpg,75-0704,jpg,170067,166.1 KB,1392,1092,1.52,L,705fe335f206ef87f66ae55ed31660c5,f99e922793de8137add36cc2a6c10f31e950cf4797b1e1e3f64b7088d54b5564
593,lh-75-0705.jpg,75-0705,jpg,29849,29.1 KB,1386,180,0.25,L,7c0fc36d3b209c808bafd04fb1c5f1eb,a1663f8fab6406689254267ea67bf56a38dc0b551727f76a54518fae1dafe6c9
594,lh-75-0707.jpg,75-0707,jpg,81205,79.3 KB,1362,450,0.61,L,70d8b93705c72ec4929d46df2dddb3c4,6647fc7f96ed28a6ca0d09938646cb063a1abe452ed02b01c2b8d939956bcda6
595,lh-75-0708.jpg,75-0708,jpg,188957,184.5 KB,1398,1080,1.51,L,75abf5da9549989480a81756e85f76ce,f824c2dce29938b6c774b2cfb1a8495589c431f3a8bfd90d25fca5a271102fef
596,lh-75-0709.jpg,75-0709,jpg,112310,109.7 KB,1092,1020,1.11,L,e116f633887ec95175359c3fbb1ff749,7d1456d9ef87823fd377af5be0c8727dff4d4c8221e38692c71a50d99a699675
597,lh-75-0712.jpg,75-0712,jpg,258701,252.6 KB,1428,1092,1.56,L,fac861a10edadda4a3f8360d4f3b8007,2f91c21983c49cd44b37b0848528d91de3bbf0b3e4b18a79fdaa6179d023d944
598,lh-75-0713.jpg,75-0713,jpg,282833,276.2 KB,1398,1080,1.51,L,ccbdaf885dd56c8abcd5e7d45ae07267,e3884aeeefcb9b5b37b56182b99137a1fdf7e01463d9b783e18fdef30a09f8c4
599,lh-75-0715.jpg,75-0715,jpg,290632,283.8 KB,1085,1404,1.52,L,17126a571de7160c00d5fce09207a111,f9f57dd88025b841bc741da11b95566c8ea698636963249c9108f8d9ad42de98
600,lh-75-0716.jpg,75-0716,jpg,219897,214.7 KB,1085,1398,1.52,L,4292686c722b32f41f441d56730d5ef3,74a4cde6c097d378bbdb7dbe59831c9c047403bb407d6302ea05d1f67f09e560
601,lh-75-0717.jpg,75-0717,jpg,212927,207.9 KB,1356,960,1.3,L,b69336dcb95f8319d4808ef1df8edf9a,0e57dd1d276f4baab04d4fbd1903cc39ef8ef7d1d14449e3b92e02dc9f10bc71
602,lh-75-0718.jpg,75-0718,jpg,306593,299.4 KB,1368,1080,1.48,L,c4afb8d81dcd6e15433fe8130cf81051,9fadb99290fa503384bcd3c71142d1c859952a019b5505d7bb02f91259b797a9
603,lh-75-0719.jpg,75-0719,jpg,137722,134.5 KB,1380,1068,1.47,L,376710a69d7339cbed62039b486dcf0a,055909a3a1b868ab7962ce7455d81e417bcf68e769c2c698adb7a7470de3eebc
604,lh-75-0720.jpg,75-0720,jpg,174356,170.3 KB,1380,1074,1.48,L,70ffcaf78e64d5172146056ad072a19d,8fed8aae9079b9a9486bf784751d4ea155e61997fc2d8efceb255e88c3e08bf3
605,lh-75-0721.jpg,75-0721,jpg,216755,211.7 KB,1385,1080,1.5,L,6a7d51fc422ccbd014eca473040e8f8f,a74a0bb9975f4216b28392f8c3b0e9de9661025939bd6887be93f1481d351165
606,lh-75-0722.jpg,75-0722,jpg,236594,231.0 KB,1343,1116,1.5,L,d207a7f34c26b727dd728bc63525ebf3,f059e65cf9d3fafd4f7d9e89b9f3a4f88494b74d041a2383701b09256feac92f
607,lh-75-0723.jpg,75-0723,jpg,349423,341.2 KB,1398,1116,1.56,RGB,e0b4135c7aba942fdd98bb4014f9796e,a7c2da30a7be461fe1edfa56e671c6cd81471b102f3e01aa2c84af37dbe85017
608,lh-75-0726.jpg,75-0726,jpg,207740,202.9 KB,1379,1043,1.44,L,be634acf2d68714069df1881e91ab016,3bef2c08230cb465aeeb81253e63b0cfa3ac93b43cac7b7d6e571588d54a7e95
609,lh-75-0727.jpg,75-0727,jpg,171096,167.1 KB,1374,1080,1.48,L,b6cb459b9aee0ad82507a7584781a87b,6d75670d6004af7004e3d6faf52538cadd33498971c4924a92f4bc6e2bb16b17
610,lh-75-0729.jpg,75-0729,jpg,277734,271.2 KB,1409,1074,1.51,L,cbae576cf23a174f14aa02bfee99fb13,997fdc75a0934b53ce696363dcd2102b5a03897844f97a4062d74fb2a7528fb5
611,lh-75-0730.jpg,75-0730,jpg,193367,188.8 KB,1386,1068,1.48,L,78e85ee21329f609ba75e1e52e176854,7177a71ce31612b48db4d44fa50b2c1d148131f6af22907f52cbcc6e732f60f1
612,lh-75-0731.jpg,75-0731,jpg,124592,121.7 KB,1433,1116,1.6,L,84dc0772ac912c0af9fa9a26f0aa75e3,b7dd03a4a8d257445aa9ff787c7718ae9d11ba1df47414983d1c7e7588317e48
613,lh-75-0732.jpg,75-0732,jpg,231073,225.7 KB,1416,1086,1.54,L,c151b52c6966d8ebe39c9a2c12156765,1095d86be9037f2795794c53e696bc84cae7adad5c2d75e6e2d115ac6c959e37
614,lh-75-0733.jpg,75-0733,jpg,166229,162.3 KB,1410,1080,1.52,L,2ac471d3730eb4e3b52f69b1e938ef83,b21e07744cc809247f1eea0b099e29d4da00f7c18a6cd6167acea44cc29bf617
615,lh-75-0734.jpg,75-0734,jpg,229099,223.7 KB,1074,1398,1.5,L,caee0fb97442bf176241bec6399bf179,fddfdb30305b1e2691a56914a8ce581d5e3ee2991f7cbde11dcb31dfd62374e7
616,lh-75-0736.jpg,75-0736,jpg,273480,267.1 KB,1398,1086,1.52,RGB,36f77429ea89b69a0e316db3152bd49d,3b74a2455b32fe8512a8bbc9875a5c3fdb072999de6281493d8a139a12fce70a
617,lh-75-0738.jpg,75-0738,jpg,147641,144.2 KB,1392,1044,1.45,L,798adb012c2b2ebae502a09a41e45fdc,9d71bba55259daabf0165ed7d6b9b2927b6d1ac8f44f026d2dd318075fb7d562
618,lh-75-0739.jpg,75-0739,jpg,242627,236.9 KB,1392,1074,1.5,L,4d2ca4acd7ea56fe2a939b8864de4026,793a2ddf7cb828f256f7ac1258321a9c072b6331c50f25de08c972b593dbc584
619,lh-75-0741.jpg,75-0741,jpg,200768,196.1 KB,1398,1086,1.52,RGB,5b49db6711b91a7ea7ae0227aacac669,b65b852c31e0b22167acefe15293a50c90e07a8c59b20fb07a6334c25a43cf70
620,lh-75-0742.jpg,75-0742,jpg,123703,120.8 KB,1362,1056,1.44,L,2e04047777108caca435a4446d1322ac,b29c453183cc211173f2ac85463c2c306e0d95a1cfa3ba1a4e7c7b16acb3412c
621,lh-75-0743.jpg,75-0743,jpg,246571,240.8 KB,1308,1038,1.36,L,c5b14f8b2a9b8775d6624711067944f1,2eda3095a48136e38fbf7e62161a1a04801399f695f6dd4a159307d8f6c2c226
622,lh-75-0744.jpg,75-0744,jpg,147750,144.3 KB,1374,1062,1.46,L,ac657561654fdb10be214a498f24f0cd,58bb590b030900119825df012f0aad605403d31432cb2ff4e25652d31a12af65
623,lh-75-0745.jpg,75-0745,jpg,154785,151.2 KB,1259,996,1.25,RGB,e6bd7444c2d0928109e5ae06aaa8a8f1,920a319f659d4cde6e88f79aab892b5f46522fba9f44562cfbaa0c41a8b58c95
624,lh-75-0746.jpg,75-0746,jpg,164047,160.2 KB,1302,972,1.27,L,e84b38a882bc46fe5f087401c3a27836,b751bcb5e4ca8d856e5efc380278a43bd5fc533dfe7c21090c72b351ba4d13cd
625,lh-75-0747.jpg,75-0747,jpg,205456,200.6 KB,1362,1080,1.47,L,ba4304e263bc2171ec5a966bdf9482f8,53bcdca378b70be551fc52e4127cb658919a44b804a330562f7fd11f24abdabd
626,lh-75-0748.jpg,75-0748,jpg,153713,150.1 KB,1368,1062,1.45,L,59e703eb089a7f5afd607c0a10b209a7,97dd6013fbcbb76a99ed412b9c60eebc275c2104eeab1b27788137c5df126004
627,lh-75-0749.jpg,75-0749,jpg,202912,198.2 KB,1068,1374,1.47,L,4efc26144dfe0a37cd3146be6c372006,36a3fb4e7c9bcd9279efab720cec7d180b091681dc062f88dfad89675e33f439
628,lh-75-0750.jpg,75-0750,jpg,136346,133.2 KB,1086,1368,1.49,L,bfa45b0a59214a6674cf42998d3dbecb,0fa34d9d78df8df0cec0fad91ab3fd76d7c321ca2438c34f1e50c649e4761e92
629,lh-75-0751.jpg,75-0751,jpg,280655,274.1 KB,1343,1080,1.45,L,1252a766245f623dd09cd35a9c9ccc52,d4fa73cd26a52acc3a38b5ce25d254669ab9f397374b91dd57055433698fcb94
630,lh-75-0752.jpg,75-0752,jpg,250201,244.3 KB,1079,1374,1.48,L,4c8abb2e9d5eb8cb373e75710d708649,4d514f693e4128f3602f7f9cb522c81d5efa0e4e0d7680a53679b35988bd42b5
631,lh-75-0753.jpg,75-0753,jpg,154236,150.6 KB,1385,1074,1.49,L,652e8595c060e53c16b382a74835faee,4b89e2306f9e20880052f911c8c4a2241c59c144fe43c29d1c65ee71bd4fca89
632,lh-75-0754.jpg,75-0754,jpg,170486,166.5 KB,1398,1074,1.5,L,8d4dbdc57de31601f67fef5d2867e7ad,744433e36d1eb17a74cb7671373f4715b2259af8e230b6453f438ba365dc6a44
633,lh-75-0756.jpg,75-0756,jpg,230438,225.0 KB,1398,1080,1.51,L,4c2939016adbaa64ce48f93d0cc68e12,c5b92de27208db9d8ae2fa1aeb1e007b84bf5e835718042c43e73b2439f74e33
634,lh-75-0757.jpg,75-0757,jpg,180182,176.0 KB,1392,1068,1.49,L,cab6f1d9a558a6ff9e922afb7b4710b4,b694df78c7135b847436ccc55b8cba59c0b9809c7c7325dcaa4bba816eeb02ab
635,lh-75-0759.jpg,75-0759,jpg,158264,154.6 KB,1350,1002,1.35,L,8a5875b61a1235fc04d37326dd92f9ac,6dba94cde8a8af28e64922cdbcfda6afff00a80bb933eb17fea0a36d7b336b6e
636,lh-75-0760.jpg,75-0760,jpg,145305,141.9 KB,1098,1380,1.52,L,f41358cb16bcd8ab8a8016b616629358,f4dbd6c0073253a08b3086047ee926eb3a3bcae0de2b427d303a8eda7a6b68ac
637,lh-75-0763.jpg,75-0763,jpg,250422,244.6 KB,1380,1020,1.41,RGB,582a6e343322e71e37b1f4de1f283848,96518429cff1791fa9aceec058b413360325367d91fde12955c6db0070e6c093
638,lh-75-0764.jpg,75-0764,jpg,182063,177.8 KB,1367,1068,1.46,L,a85552335af81f2cc826eb26e20c934a,e5f1c843fb154f3e6eb2581bf164c2a5eee630463f2442a78c1f5559c9a088c8
639,lh-75-0766.jpg,75-0766,jpg,282450,275.8 KB,1356,1062,1.44,L,164226699467f009979bff933c486b7c,cd71576b34a1090a4606e836e12eb9eece5f2da2955dd94014306db5ae38ba06
640,lh-75-0767.jpg,75-0767,jpg,210922,206.0 KB,1403,1074,1.51,L,2347e6b1d42c82add33a3a73bf1b11b0,9188c346abee11fc82392de94084d3e3fb77cd69b5490b308312b1b93e20af7a
641,lh-75-0769.jpg,75-0769,jpg,237809,232.2 KB,1403,1086,1.52,L,0ab8d5b15c331989380d82f2f7b44941,11a00bf587cf228a5b4acf99421dac05f72897bd02b214d5532c03ca947bf639
642,lh-75-0771.jpg,75-0771,jpg,155225,151.6 KB,1380,1086,1.5,L,d7301fc49dc8a696afa8101face20a79,256f67729f4e7a8bb1b023819205474b2777b44ef57a3ff57dbcb7718c0c6d1f
643,lh-75-0772.jpg,75-0772,jpg,156586,152.9 KB,1386,1062,1.47,L,54e0a0f77d3e028ad3f621229ce9cb2d,60315ff22824f7504cdaef4c009c209acfa67fe89a581f3586afa2dd1dbebbe2
644,lh-75-0773.jpg,75-0773,jpg,154949,151.3 KB,1385,1062,1.47,L,30816f64a344c99a8984b30954b82cad,b6c274564d91dcc17f95e896eee612c995878c4d591b69b6d4b0f17b8b4ca8a8
645,lh-75-0774.jpg,75-0774,jpg,153982,150.4 KB,1385,1086,1.5,L,74f76876bec96ea98ea2d35c2b18bdc2,73c0887d25273a78bd74b0eaf5689450b717d82a94c72ed40be851f1637a5084
646,lh-75-0775.jpg,75-0775,jpg,160175,156.4 KB,1385,1086,1.5,L,72849cd2421e5cf412c8fd34441284a8,f5e3e1aad568367376b5037f13e8a81e5ae1cae01c3122e0ee063d80a2943010
647,lh-75-0776.jpg,75-0776,jpg,161070,157.3 KB,1374,1068,1.47,L,af3838f750ffff01e5ca4c2a11647e3f,216e4cce0a3d577c7cd1ca803fb182dfade41da4974f7ae440b7b2c78180bcf1
648,lh-75-0777.jpg,75-0777,jpg,180425,176.2 KB,1398,1074,1.5,RGB,8833cdd0f43296dd0d8d55c78ac6cb00,0e33a086645209dfc81ccce8b6aea193a60ee3c78dc9459812c255838007e8f6
649,lh-75-0778.jpg,75-0778,jpg,110174,107.6 KB,1080,1392,1.5,RGB,744e3d9f922d88958f29e750804702cf,cfc9fd781fd1407fd587e6781c67caae4ad7650e921b147f4cc44122fadf3293
650,lh-75-0779.jpg,75-0779,jpg,160061,156.3 KB,1085,1374,1.49,RGB,ceedca37ad139055b84be97816e83f19,fb42246b8965b72b6dd7cfdd76c2f0a79d803f27d3b18d88576855e5591b00c2
651,lh-75-0781.jpg,75-0781,jpg,199420,194.7 KB,1379,1062,1.46,L,04cd2d95539c53d90d07e53467d8141d,6d865c8b429235836b1a04f7005028d7d02c5acb842346d1c635d3f9ae5a67e6
652,lh-75-0783.jpg,75-0783,jpg,197125,192.5 KB,1356,1062,1.44,L,4d55ea51306085fda4286ea52159ed12,5fe7a8bf4efbab3799b8cece7b7ccc205930a477d1ea1e745089c9c3bb43a69f
653,lh-75-0784.jpg,75-0784,jpg,231405,226.0 KB,1380,984,1.36,RGB,701152f143cb6530a6d0ac2101106c22,8c5c4a1236be87195374c03e7bee786785e3e6e4135917dfc54f8c8a494dc92d
654,lh-75-0785.jpg,75-0785,jpg,145434,142.0 KB,1374,1086,1.49,L,458f7279f4f2630791cec24a0437ae77,07c31f2a026f61de92cf4df4deb73f885122a0aa358a3e2d1768f0c60e19fd00
655,lh-75-0786.jpg,75-0786,jpg,252425,246.5 KB,1404,1080,1.52,L,147cc9612cb26499e5ccfbfbd19fcbf2,4d8eeba416a6d5b8438df35526c8d489a9c06dd15443b250baff33d828bafcf1
656,lh-75-0787.jpg,75-0787,jpg,153749,150.1 KB,1091,1380,1.51,L,05366290b67f42e98e553887a2385c67,c1cce8e692567c8764f9831678e4d9f6657800eb06aae47159fac694d1964904
657,lh-75-0788.jpg,75-0788,jpg,183817,179.5 KB,1398,1092,1.53,RGB,51ca60ed10786c7cfa715578d3cdaa8f,3b74987a85a000f10dbb19c11905b49dcb852b2844ccbcd41ac2129247cfef67
658,lh-75-0789.jpg,75-0789,jpg,170543,166.5 KB,1398,1086,1.52,L,6827ac33205f4121ae0a82b759a9a6af,68017fc5bc302a3fd1a28687c040e4880c385aa6d3e1129aebd21d6a8f9c33d1
659,lh-75-0790.jpg,75-0790,jpg,179981,175.8 KB,1368,1074,1.47,L,8752c273df447c20b3ccdb7203705444,63bc1a18523ec528dcea70933a8e38258f182bc90b8926fb9be57b912217bc52
660,lh-75-0791.jpg,75-0791,jpg,209670,204.8 KB,1356,1044,1.42,L,2130350c60a5217759f9feb7860fd9a4,80a06b9167e463f73f42046f52a94ab99b48cf7a8dbfe60873e58492135519f2
661,lh-75-0792.jpg,75-0792,jpg,257835,251.8 KB,1386,1116,1.55,L,4f39cc54de8bc8c0d3330b159b0edfd2,15d45d928cab61b1dbe05eb2a66a9f137921040a1f99fd87ef97e7da9e38950b
662,lh-75-0793.jpg,75-0793,jpg,72009,70.3 KB,1350,906,1.22,L,66ead09875bb4df52df6f669fb6c57de,de90e411671c1a5539171c79b8d5bc7dd32740728161cbd3c56cace85b52eb21
663,lh-75-0794.jpg,75-0794,jpg,174883,170.8 KB,1398,1086,1.52,L,9eba7e00c23ed80b9715a6d1b5fa6b30,197a413849d2019f6e86e3cc9ab6191dc052d454780065ee521596d3744de50f
664,lh-75-0795.jpg,75-0795,jpg,145822,142.4 KB,1374,1038,1.43,L,77a419d28feb61353519b9a3061a7aca,becdd69f6245325ac3797e61e0fac1f2ba9af89fef45d1bb4e3677a38b4b3e78
665,lh-75-0796.jpg,75-0796,jpg,152255,148.7 KB,1398,894,1.25,L,7a246cce5236de2f81b667d7ac33faac,49ff188f0d4083b97a3e65d2599e7e60866e2810d533f61cbe908491dd26b13e
666,lh-75-0798.jpg,75-0798,jpg,160539,156.8 KB,1374,1062,1.46,L,b3ebab77311fa96b48e8cc446d59d8d5,05358637c63d59fefe788ef2e677acb2031bf63f421d19b9fe4f91c5586b1b92
667,lh-75-0800.jpg,75-0800,jpg,130354,127.3 KB,1398,1068,1.49,L,55e1fda12f9f3aaa48007d06603934b8,27fdac8c3971048aadf7a4022c8b78860145caba4e6e35036a252e911d56472b
668,lh-75-0801.jpg,75-0801,jpg,193549,189.0 KB,1380,1032,1.42,L,ac72964736603df9c987a3536607314c,f9378f861c5f96a81d5bee2e428ebe2ccce44ad372d3fc672944794403850397
669,lh-75-0802.jpg,75-0802,jpg,193529,189.0 KB,1398,1080,1.51,L,7c23cd4efb3d01d1b651c4fb9812b295,2709ce7bfe762b151bf716574c23f9dc2291bb2672f5d1dec7f4462d05b15984
670,lh-75-0804.jpg,75-0804,jpg,178511,174.3 KB,1398,1062,1.48,L,103d8ade1b7a9d2c12a46cd26c840009,22e7373f7a77bc92f9bccbd8dfa6f3ca1070f276ebb5fc5f7b607694355c12dd
671,lh-75-0805.jpg,75-0805,jpg,167496,163.6 KB,1374,1068,1.47,RGB,799b521345a5e0279eff897f328fdec6,8ba3a4ef4ea1cd7a24ebd99604066d033df3a749c4adcdf3d8ec3b86fd02d013
672,lh-75-0807.jpg,75-0807,jpg,199689,195.0 KB,1404,1080,1.52,L,4ffef48349382ac06c02693038ea4e10,6da7f98506292d5643130da82bc8b14aeba47610d9b3e56723c8da8068b9f3ee
673,lh-75-0809.jpg,75-0809,jpg,148025,144.6 KB,1391,1032,1.44,L,c19ccb99fa899e70464968cedf0cb506,5727932fc365a1ea1741910ff8f3dea5113df60143c13919a27e1b65cda67757
674,lh-75-0810.jpg,75-0810,jpg,198991,194.3 KB,1398,1086,1.52,L,8c03a2a415561be8977eca4ba4ea1aeb,5e7b8e6a5dc3bbbe026aee8d88c26180c6d60fbc86752acedf824dc9f2a13ee8
675,lh-75-0811.jpg,75-0811,jpg,134752,131.6 KB,1398,1086,1.52,L,71efb7a7fb2c5a5677598c00c5d00077,94155a4c539de6893b7853199682a474ecc7e63cb9631f628294f7dd631f48da
676,lh-75-0812.jpg,75-0812,jpg,184398,180.1 KB,1398,1086,1.52,RGB,feec53ef5383b2c3c7d479f1f87f6d39,ed84c1adaf578c83b2c3518e35fc5e7ad7c9064b2378a345536a18eca283e577
677,lh-75-0813.jpg,75-0813,jpg,227913,222.6 KB,1091,1398,1.53,RGB,37cbba05382639afe5ee0cc9801d2072,cd8fcae35b6f455f89c1a5c5f15562677f207eb0100f75be5f129555321241d2
678,lh-75-0814.jpg,75-0814,jpg,257288,251.3 KB,1410,1074,1.51,RGB,14c1c427c43227809fc1804d79ad96c2,483970842544d2a61a655dc8023de14a8f683d539a00b8b7c40c0ccb8dc1eff3
679,lh-75-0815.jpg,75-0815,jpg,148637,145.2 KB,1391,1074,1.49,L,f2698eaf23f55b7a9b718572dad149b0,5f1d7c23480bfc5d9edf3508a352dd8c9d0358f668ab1b8048663e02a0399a13
680,lh-75-0816.jpg,75-0816,jpg,197518,192.9 KB,1416,1086,1.54,L,b0d09790926498a2a7fd70cee0c199be,907e20b4e8e427170208b725487f0c4bf9c7f2254f9c28cbd57a16aeb8503f49
681,lh-75-0817.jpg,75-0817,jpg,228666,223.3 KB,1380,1074,1.48,L,afaea0e15796698f63f5d414e6d9fd4c,7f2c6be8ece712f5753b736507c377c32fec1c6bfdcae5075dcb03c27af2b089
682,lh-75-0818.jpg,75-0818,jpg,301863,294.8 KB,1391,1056,1.47,L,7e8bfeac086525d6b11910180d27926a,f9ee45b37c59afa61a1dc5ef1c84cdbfe7cafb304718a45d7575ba8a85b48b58
683,lh-75-0819.jpg,75-0819,jpg,245973,240.2 KB,1374,1074,1.48,L,0d3eae74282fd4ca43acad3604653a98,706cb9ba7fbecea9c8fbf98571bb2eb1d165041d33e7f5be1fabb99960ca56f6
684,lh-75-0820.jpg,75-0820,jpg,332247,324.5 KB,1398,1092,1.53,L,b6e9825d2a460adee83959ec1f275415,4720bc9a92486ccbf75b0e6f70a1446554c372da1123f32d2dc1c126e70c59af
685,lh-75-0821.jpg,75-0821,jpg,170569,166.6 KB,1385,1091,1.51,L,696e05fd08c771afb193efe9f4752157,228dd30fc0eadac39d43ca77c0a852b1bca89f735caa5d2de1301adc34209891
686,lh-75-0822.jpg,75-0822,jpg,245809,240.0 KB,1386,1038,1.44,L,01742099e0790a7831305e78c23b5f04,a7687be30c46e72125440ce6094411c670526e68c0eef10110c13973ef622f2c
687,lh-75-0823.jpg,75-0823,jpg,219085,214.0 KB,1338,1092,1.46,L,1fc56d07e772d1a868ab27b598e0fcce,809de09d18cc60d776d40af743502c343f645083f48749bab165e68ed69e3275
688,lh-75-0824.jpg,75-0824,jpg,198344,193.7 KB,1398,1098,1.54,L,07c1e854dc24e1445e45af52808fb14b,97129f49f982c5f14218258f6bdc23016409bb969ec68fd9803f2c9883a17a0f
689,lh-75-0825.jpg,75-0825,jpg,288002,281.3 KB,1398,1068,1.49,L,c9626abf8efa134e4f2b07e686c6d22b,f449cddb3b26eea927ad40cd1849852675ddba4ec8a3319ae14a39e5ac9eeab6
690,lh-75-0826.jpg,75-0826,jpg,135147,132.0 KB,1398,1091,1.53,L,9a0b6e5ec77bdd8341ce6c51d05f9d66,078c05529253116c83d75c7e05c7cfdf850a6a5bd8c18a112dbf849d201a4eef
691,lh-75-0827.jpg,75-0827,jpg,197624,193.0 KB,1379,1074,1.48,RGB,d56b208b6ee6a37d2db450e6981d0f1e,ff24ff601c6d5ed2a50cf1353abbaa5271bc4e7a666425c61071b3fbea305919
692,lh-75-0828.jpg,75-0828,jpg,279147,272.6 KB,1433,1091,1.56,L,8d7d854f8b859ff4852bd1f1e1daf492,eea6f1b71d17de01ab8595bb55e25a6ddcf088dd02cae00913b86b12a3c948a3
693,lh-75-0829.jpg,75-0829,jpg,179736,175.5 KB,1368,1068,1.46,RGB,ee30774c4b40b2c446f6fd2bb12930e7,3633538f6fd7c595a09470a643c5a3b2643ad4361e0784ee09aac64293acbf5b
694,lh-75-0830.jpg,75-0830,jpg,195456,190.9 KB,1386,1080,1.5,L,c47b529a769fb81d57ab44b9ab752333,68262f10ef11a33b3e7687c641bef19a155ac0a9a34037ec81b9290bc38bafbc
695,lh-75-0831.jpg,75-0831,jpg,101073,98.7 KB,1062,1362,1.45,L,b08bfd9d47ae6d42f539a41205d4b10d,bd16aef994f63f203d2c69bf1064125eaccf4f39fca1578993ce97828b0a5b5a
696,lh-75-0832.jpg,75-0832,jpg,241627,236.0 KB,1398,1080,1.51,L,378704f4a79cfd4557e26bb3ba5b8152,767bd268e0911c2c51e05370214de49072c3043be12521607f5c795f9462b362
697,lh-75-0833.jpg,75-0833,jpg,225271,220.0 KB,1362,1068,1.45,L,8cb6896737c87934081ed0b3acacf08f,b291dbcbc68c91b63ec8f36c2f3eee4fc4639a5c9334644c33a6f2ea3d86648e
698,lh-75-0836.jpg,75-0836,jpg,139950,136.7 KB,1392,1050,1.46,L,58adfb9c9cc0cc9eb2dc84405add7a04,2766fba5a4fe7aeac414058e9ffe7b269a0bd507b9b95bdd96229e4b9e05e96c
699,lh-75-0837.jpg,75-0837,jpg,196141,191.5 KB,1332,1074,1.43,L,916a68307d5cf205a86a2fc5c816a160,c93f5d33b7396064d21b7e4b8a7e409d38d602463c92ec5c1273070cadddc081
700,lh-75-0838.jpg,75-0838,jpg,174976,170.9 KB,1398,1104,1.54,L,77a28af1459bfa0da9ba4a4deef49275,ac8e372d7043209abcfd63f480e740c2005ea07b80f2d0082c9a9e43526d9358
701,lh-75-0839.jpg,75-0839,jpg,137440,134.2 KB,1368,1032,1.41,L,fa914b78b3787591bd89046d5de716ac,ddbbadd8db0ae4d8d0ce5f44cb24c130399070090ff02473f0c41d2af9a4a7c7
702,lh-75-0840.jpg,75-0840,jpg,167174,163.3 KB,1380,1050,1.45,L,d3d423f8eaf382d7d51aa8fad71877a1,608414fe85d119ad7afafc036122e76643384bd7df5e7aa2800f3058c79feda5
703,lh-75-0841.jpg,75-0841,jpg,213544,208.5 KB,1398,1068,1.49,L,0e18ad5813260ea78baaacce653fe62d,8759fddd32d42bd4effd9bd14628bc8e9871b6277ca97ef33111611a6942a8b6
704,lh-75-0842.jpg,75-0842,jpg,169422,165.5 KB,1410,1056,1.49,L,efc4b85ce92b4a202da6c3d334a6d7fc,33130e933a74f573a20903756e52ce0ada8339ca2119682959a9e607ae172c4a
705,lh-75-0843.jpg,75-0843,jpg,133108,130.0 KB,1374,888,1.22,L,74f42449db945142a6095fe7369969d3,ef1fc93015ad78bbb270f3aa6938019ab73985ee77cc8a3cd225a87349b193e4
706,lh-75-0844.jpg,75-0844,jpg,201867,197.1 KB,1398,1032,1.44,L,f2e5c1971f2637e596eb62fad842481d,03bbe157810810a18a09d02b0899e723b80d9994c5c935d70bb090a16969aadf
707,lh-75-0845.jpg,75-0845,jpg,183803,179.5 KB,1398,1074,1.5,L,eb1a98e41e255e073d51afa80ce21dee,5d6b14dfe6003613a9de243d309678e3e2cf25cad200b193cd86148a197a60d6
708,lh-75-0847.jpg,75-0847,jpg,129133,126.1 KB,1380,1074,1.48,L,44dc1f03e0e6c60fc8bf7351958562e5,d240eb89191e0f3f083c5c38cbab439ecf20a7dcb0ffd0f9ed797b5865abc50e
709,lh-75-0849.jpg,75-0849,jpg,176318,172.2 KB,1362,1110,1.51,RGB,333170165db603dfe6957d51ab952aa9,7aba8f7227aa15d75ad674328cd4a3e3b886f927bdf97df4a18baf0efe1df7a4
710,lh-75-0850.jpg,75-0850,jpg,201588,196.9 KB,1091,1386,1.51,RGB,c547424ffd4252f91ff492c9a7ea14ae,925cdc4f5564048ff00e2225c20038402107aa9ee0b7446a3dc80900e3f043b6
711,lh-75-0851.jpg,75-0851,jpg,143095,139.7 KB,1386,942,1.31,L,3d0a659272833c4ba88f5b163688e8f0,c40b26dac3062a017f71a5d299983471407645018483d560606d4b0003188009
712,lh-75-0852.jpg,75-0852,jpg,131844,128.8 KB,1379,1086,1.5,L,c291fd6c7fd6265e7449edce7e62ab9d,842e6b6648c96245522e5081027b4419ddd6a2dcea477c50dde18223e7db772b
713,lh-75-0853.jpg,75-0853,jpg,139585,136.3 KB,1380,1068,1.47,L,219454648366ad3969a7d955dae56245,843bef258beb284cbeb5cc118864614ca6d61d624d27ad0111d85fdab54956ad
714,lh-75-0854.jpg,75-0854,jpg,141310,138.0 KB,1374,1091,1.5,L,1d141314fc6da3c4841edaaf238656fc,6e416fa8154752f2df67231c4622fdccc1bc94864df3869c3136c0aa7a199db0
715,lh-75-0855.jpg,75-0855,jpg,161365,157.6 KB,1283,1091,1.4,L,685b95c3b31908e1e42d144ea9d19131,3550a23a4db46eed8c36bcec494800b7efa1d48a78866ca977d0a49b51628d74
716,lh-75-0856.jpg,75-0856,jpg,135529,132.4 KB,1368,882,1.21,L,58e1cab6b301fd029f0d9dcee2350f7d,b07ebdea91cb27e18c44fcadcc7adb65d48484873e31a5399d53f7841bf46f43
717,lh-75-0857.jpg,75-0857,jpg,197163,192.5 KB,1296,1038,1.35,L,c2aff9c00cb582dcb8b76277154428d7,9b66d310c98bf6949c82829e7f3288e2dc0721440a974145b3be199eccf81fa5
718,lh-75-0858.jpg,75-0858,jpg,128924,125.9 KB,1416,1097,1.55,L,a06b9d430e9b8f6fb91433ce3307f611,83b1d35b4c3702ea6b82ff23ed508c2dd53e626bc737e314952083a78aa69eca
719,lh-75-0859.jpg,75-0859,jpg,244186,238.5 KB,1391,1062,1.48,L,5f1679cc46f6d499169873b66693a2ce,4901ea0bdaad1a4d167d2a08eac86acdb5aeb3876ebbd70af78609cdada2b4c4
720,lh-75-0860.jpg,75-0860,jpg,150008,146.5 KB,1362,1008,1.37,L,39fd50ad984ed5f7f670a8b7d8f3e23f,4063216f926317e8c8e638265c460a97630178069943420012ca1886a2faf39a
721,lh-75-0861.jpg,75-0861,jpg,142209,138.9 KB,1361,1074,1.46,L,92c46daf15b126fea25f87a5bdf8e6dd,475a6769e4849af999dbc5c661d36a37472564ef0ba93450718d6b4168f94272
722,lh-75-0862.jpg,75-0862,jpg,170175,166.2 KB,1368,960,1.31,L,a82b20bd683ab785f848ca402f8765ac,215a9805f84455a86dca8ec5a989d23d8e4a1e60fb9e671bf313de63101412c2
723,lh-75-0863.jpg,75-0863,jpg,149529,146.0 KB,1416,1008,1.43,L,1824cb863417598526b2f093eb5ba106,d2c5d73ce98aff4b5cec12f8855c4f382c9448d248e78311e7f2666bedd8662e
724,lh-75-0864.jpg,75-0864,jpg,145422,142.0 KB,1386,1062,1.47,L,edb5fd612b3354b1bef05b9772b68877,754fa569cd310f20b7825ae7feea0f69d5ec891b7c7a162fe3a523a245d93a15
725,lh-75-0865.jpg,75-0865,jpg,159445,155.7 KB,1332,1080,1.44,RGB,7953e6cff17b539f4a09b5c3074b9c13,395b555cbf33af9e5a1f1320507c173c7ae577b1c882b4af11dbcf1ce8d22221
726,lh-75-0866.jpg,75-0866,jpg,151435,147.9 KB,1374,1092,1.5,L,577cec97612543d0a94160f25c48d4c0,9003acbb0ff86d9be69ce58bac9d19323cc0007e13b706f086b260ff2ebd99bf
727,lh-75-0867.jpg,75-0867,jpg,117763,115.0 KB,1392,1092,1.52,L,80a3790efaedd14939072107a432905b,5f1ecaa2445bef33b00d6ff93cba629f6a7761a6198c0e6ec594cbfbe645c315
728,lh-75-0868.jpg,75-0868,jpg,141135,137.8 KB,1368,978,1.34,L,1953a11630fda80f514dccd53dc477f0,ea4f30ff757f701e15aef7cb73b70ac5e5b57228be73871b80ffdf8878c774f5
729,lh-75-0869.jpg,75-0869,jpg,155860,152.2 KB,1416,1121,1.59,L,7d4317833d0966db9b01e3e29bd6dade,b21a4dbdbfb4ca50618d199075fdbc0195ad4a072bbb97a32879fb14e70aa920
730,lh-75-0870.jpg,75-0870,jpg,166992,163.1 KB,1380,1074,1.48,L,30c616ea65596b8a15c6579aa58c44a6,3a7c59299368b07fbfc718e154ef36fe1f2c3637946948df4b6c13aa92a4436f
731,lh-75-0872.jpg,75-0872,jpg,125316,122.4 KB,1398,942,1.32,L,efcd0405fed2b36f896494ad561a9aca,42c3df5918464f8730634f9e1f31080b12c2a8f383eb1e6f9517ae69cb933952
732,lh-75-0873.jpg,75-0873,jpg,150716,147.2 KB,1296,900,1.17,L,d3e408d81f6dd802e2b2ce02ca572edc,591f9d4081fa3f6a70d9b4508609756338e17948362a4e2d0b90e24476417f20
733,lh-75-0874.jpg,75-0874,jpg,127032,124.1 KB,1308,984,1.29,L,0a8de79283cb97be67c0b5cb8506fa5c,8d88a11ae267ce65cb19adfc6e4a4633cf92998fd6dcca980eab3837541911c5
734,lh-75-0875.jpg,75-0875,jpg,130904,127.8 KB,1361,600,0.82,L,b6ebf4a14cf8ab59eec2736a1a5ad337,387bcfa37e8b200bdc62f62fa629e196fdd7f25578963358ef4208b37a98274b
735,lh-75-0876.jpg,75-0876,jpg,161772,158.0 KB,1290,996,1.28,L,ef631d331556da83839f0f1cf84c88d2,bc4b4b258ccd494a9cb2aba556d72a42e56462cdf163118bce9cedcea65329f6
736,lh-75-0877.jpg,75-0877,jpg,147657,144.2 KB,1368,1056,1.44,L,649954b9cc9f1933c3aca0daf63391b2,0c6677ed6e97d71ae3994906ac65aac49f84bfb762a95cd7960dfb9dbd09f1b8
737,lh-75-0878.jpg,75-0878,jpg,117580,114.8 KB,1284,816,1.05,L,1d97440021bc87ba5539bf61c0007950,0d568af627c7551c57f6e1f4ba4d1adb8a2263223ec8be985befa0730db90f25
738,lh-75-0879.jpg,75-0879,jpg,201442,196.7 KB,1368,1038,1.42,RGB,601ab7e47989797b7bc6fad0e41c7661,dd59d9d342b595a895f8b3a6afb0676f2ef075125d0623a2e87713e22246fa66
739,lh-75-0880.jpg,75-0880,jpg,118797,116.0 KB,1302,870,1.13,L,b16f490a736bad0acc80f00412bbdc63,9cd27fd114074a38b817fe42ebddb7f2681b5bd2e15a01efe548b016b9752d49
740,lh-75-0881.jpg,75-0881,jpg,181901,177.6 KB,1344,1014,1.36,L,77df9388855479ca3e4ef9fcb963b3ab,dc4d2f8df2fa0e9cf1b4628a18a982eeb1c1ab883c9a8c004a77fa39086dd043
741,lh-75-0882.jpg,75-0882,jpg,210548,205.6 KB,1350,1091,1.47,L,32e7b5b401f302cc468a14fd73aa2c14,c5a4cc37bf7fc826df9a719ae1cf94f08378302a08e371468a3458a302a7e9e3
742,lh-75-0883.jpg,75-0883,jpg,196158,191.6 KB,1326,924,1.23,L,5c3d5de6817a90783a1eb021668dc178,beadeb47a07440d52b0d3901dda9346bd6421cecce05abc10e9bb35ec700be8e
743,lh-75-0884.jpg,75-0884,jpg,124299,121.4 KB,1290,756,0.98,L,8cdbd7fbbc6b7646a253e2abb16b4f00,dde94fc2a291734e3739f830e27aaff41a3b787857b4c72130aa2654a284ed53
744,lh-75-0885.jpg,75-0885,jpg,132745,129.6 KB,1332,756,1.01,L,1cd414c53c691c8948a9dc7fcaf061f2,c1ee84df4946abce372511ac8ade6dea88c2d96c5c607263aa4fa7cf8ce245c0
745,lh-75-0886.jpg,75-0886,jpg,184801,180.5 KB,1296,840,1.09,L,9c264f1e97b98555dde6b2ab2e0ac3cb,d2b7b4a075df832c4dad4a30766c98745cd688af54e27fc1c44ef29dd3c6103c
746,lh-75-0887.jpg,75-0887,jpg,145663,142.2 KB,1302,864,1.12,L,f2aa1c76a4d4fe78e42a9db384e23003,27764b19bc2149ea5adbbc81e4d546e4701c9b44be887d9e1bd15a550e5ba91a
747,lh-75-0888.jpg,75-0888,jpg,132097,129.0 KB,1302,804,1.05,L,cdcf0ebfb2b898a6257e5607cce12941,4a41320e23cef939cdcef86b0027b3b79020da3c59db077c096af311490326c3
748,lh-75-0889.jpg,75-0889,jpg,155496,151.9 KB,1356,1116,1.51,L,545cec88b7debbeb77ff59a101a445e9,2017ed140f916ca999e714108e37f0c17bd4899c303d74d155240bef593648b3
749,lh-75-0890.jpg,75-0890,jpg,199257,194.6 KB,1284,900,1.16,L,5bf6413aa9b2cbd5d3480f417f08eb13,d33ae069c4fdeed9304978d831dd6b58804560c3e1d1d980a72f8d8b87b67146
750,lh-75-0891.jpg,75-0891,jpg,181835,177.6 KB,1368,810,1.11,L,d353755946c90afb58c57151fd7184c7,7b5e8e3bb902cf019d4017f38d25d2ca77c7f2e07a14f126953881bb22c6126f
751,lh-75-0892.jpg,75-0892,jpg,133158,130.0 KB,1404,1092,1.53,L,d7c25ca152d5d131e02272fb709166dc,aa6f2fa5ca0c663dd9407def6b9d48d67c0a9605cf6081fa277ab0670694513c
752,lh-75-0894.jpg,75-0894,jpg,160788,157.0 KB,1385,1091,1.51,L,39976982961cf0e474853a65bac35b68,9dc612a7b755e2ac65caf797c323547431ffd8d3cb20b03c7b0d1998f9f3aeba
753,lh-75-0895.jpg,75-0895,jpg,157717,154.0 KB,1416,1056,1.5,L,3f2b1a1b27a2f46dbb901703e23973e6,ee690bd9f28dc19f27ca646ffe104b02d60594f7c8dcf5c8c67627ff8cd9bd0d
754,lh-75-0896.jpg,75-0896,jpg,119556,116.8 KB,1392,1062,1.48,L,f013220ddeb05657cced53ece365fc2e,cf98ee44ae624208f4725ddfa28b7ce442313a1810f1f412411a5ac839317732
755,lh-75-0898.jpg,75-0898,jpg,281108,274.5 KB,1409,1091,1.54,RGB,b77efdfe58e25b9ec5eb0b879d5e8a70,3aaa6df57a1266e09c42faf5d33101ad55dd0c393899d59b24a1728724d7f0b2
756,lh-75-0900.jpg,75-0900,jpg,160032,156.3 KB,1314,1044,1.37,RGB,9595cd1e5a48449ec8dbad3584cea3d4,f446e1471ff35b65a734367f4c86d23283a743e08ffe38dafd3cec2f0767096c
757,lh-75-0901.jpg,75-0901,jpg,139345,136.1 KB,1356,1014,1.37,RGB,54824b330056f1a852bc43dab5099937,179eedf4f492820a9fee9de97663ef10997217e41e3458c8c6b23f6558a30054
758,lh-75-0902.jpg,75-0902,jpg,229790,224.4 KB,1398,1086,1.52,RGB,889b1fcb9375731d3244f7a58ad25f62,f7501d47602d5f94b31f94ad5268a6f38b2d05b6cb5d6ff2f1cf203bea5fa020
759,lh-75-0903.jpg,75-0903,jpg,187217,182.8 KB,1380,1074,1.48,RGB,276398345384ce7b9f0dfae327c1861e,18d2239340c834d41630e63cbc1aa20fe143f288a7c80c6db91f9af2f98b4aab
760,lh-75-0904.jpg,75-0904,jpg,203225,198.5 KB,1374,1074,1.48,RGB,6eaddfa96c3b9a004c0ecb91fceeebaf,5c89da457150ad8d23919fcf6aa2788e2254ec82b1b692eca21e342c4bbb2978
761,lh-75-0905.jpg,75-0905,jpg,185175,180.8 KB,1379,1086,1.5,RGB,f10bd2d5078b447da81aac9bdb6cddbf,ea8b725a619f3afb321461c40c8a27190102416e0f7f80a64f3dedd747989476
762,lh-75-0906.jpg,75-0906,jpg,155207,151.6 KB,1308,1002,1.31,L,5281381511481980c15ebefe734293a0,286d4d79c2ff5ded5fb02850ac8fad44a5841a8632992ca07047a71b33f6fde6
763,lh-75-0907.jpg,75-0907,jpg,172273,168.2 KB,1398,966,1.35,L,c00a6d25d6660918d59728472675336c,fa285bc79a50ce16749694767e36c99a1c50b8084ecd9355458c5310f2d5774c
764,lh-75-0908.jpg,75-0908,jpg,212045,207.1 KB,1386,1080,1.5,L,8ca46f5ab91b118a4dbc7e68eaad9ba1,07a64957fbac2f3170bc704d40ae5606be6e7ec9268f32c6a0a885cd8a3b6a84
765,lh-75-0910.jpg,75-0910,jpg,139694,136.4 KB,1356,960,1.3,L,fab564b29204485d42ea689c685d7f52,23d9d7da4e01d8fc0c31be2bee46db3de55f04eb614a9997dcd147c63a8bc3a5
766,lh-75-0911.jpg,75-0911,jpg,201359,196.6 KB,1374,1098,1.51,L,134a7c14348946bcfd9a925c8d4629fc,9100e0697929c53668b698a8fbd3e44bd8a4ba829bad6a3d7e9e22da7a09c30f
767,lh-75-0912.jpg,75-0912,jpg,233501,228.0 KB,1344,1050,1.41,L,0d78a8b4abe7cc18cbc5f7db9e92d283,c2a56348bbdd30b44dd55db4050c0cac75e32ae259fd5ebbed14535a62909ad7
768,lh-75-0913.jpg,75-0913,jpg,125878,122.9 KB,1242,942,1.17,L,1aa973bf66e3d7070a194a8f465ca5a5,84e29e4da92c8bdb2b51aa67c6b0f169a914008ceadb3c8ee74dfc368d638028
769,lh-75-0914.jpg,75-0914,jpg,168535,164.6 KB,1368,966,1.32,L,c637655004a31a339a262fde60d8d24a,8c96ce4af958d2476577fefcf37adbaf4306d093a29eaf882770c7b467854bfb
770,lh-75-0915.jpg,75-0915,jpg,169392,165.4 KB,1350,1050,1.42,L,fb4923f31d9f46fff66d1ed8381c2b46,cf0ce4be472f476931cddbd17d4d777abe3c1ac5d18608253112b658d236eb7a
771,lh-75-0916.jpg,75-0916,jpg,143438,140.1 KB,1356,1026,1.39,L,8d3fee7410cb9bfaf1ed4bfa9c6c1e7a,8dd6eccff26f07c4de1d70217791d1cb80be7b4d8d460316685c16beb9b2f7ac
772,lh-75-0917.jpg,75-0917,jpg,150392,146.9 KB,1338,1032,1.38,L,ba5bf1aa567349ec6dbb4ce00a58af49,bc9a093105ae905fa0afb4e48a8904f946bd96093c65beffcb5168ca18beb0fd
773,lh-75-0918.jpg,75-0918,jpg,170070,166.1 KB,1380,996,1.37,L,6ae3b6db727617daa8519a03003bf7bb,548433203226df534754af2e2665aa11b020fa30b8948723cd2aba47b6655376
774,lh-75-0919.jpg,75-0919,jpg,121087,118.2 KB,1392,996,1.39,L,dadc4a4812e4ed9e7f3b33866cfc0c56,5d50dea09978d2a621f01e1b5fd2aaef7936f0450ff1a4d57eea001f80d3b889
775,lh-75-0920.jpg,75-0920,jpg,163270,159.4 KB,1379,1091,1.5,L,000824466851ce2775c2d6610c0d4e0e,136ebad0ffb87fd50ee6c443cf2c54baa268dc5f824bd949f4d6c261cac028c3
776,lh-75-0921.jpg,75-0921,jpg,136794,133.6 KB,1296,822,1.07,L,3f303da3147a08bdf87bd88ef72100f4,817df5ff7f2564b93a50de99987bb0650eb5f99572275f4b7b1f0d7e30a2ae5f
777,lh-75-0922.jpg,75-0922,jpg,210087,205.2 KB,1302,870,1.13,RGB,b97da400925b1b7baceb17fb0263b5bd,3a7cdd0f74f8df849eebcc9e0bc1d8be9303d81a817bacfa30abc9b5c0e5cc7c
778,lh-75-0923.jpg,75-0923,jpg,120963,118.1 KB,1290,894,1.15,L,09b782774a56a43ff27543f004b7757f,00eb129185edacfb3ab3a58c16ba347dd998772058887663eb2c331e60f5232b
779,lh-75-0924.jpg,75-0924,jpg,167651,163.7 KB,1314,870,1.14,L,889c989d973236be75a956a30d01273d,ba88e9e45949bf8e5d605e2a1810a1a3f5b920fa4f1b08c1b5155d896fa701e2
780,lh-75-0926.jpg,75-0926,jpg,142341,139.0 KB,1266,792,1,L,f849e8f07cd5de1921ae6feb77308b20,0862ffa8058fb6e782f53e892155e61c7cc8579cf9f855d17a553837d4ade23d
781,lh-75-0927.jpg,75-0927,jpg,113731,111.1 KB,1248,888,1.11,L,853f474d2a6881a466559da87c8d88eb,970e58ce0b72be5b611b0ef10994a704c1f416cc3c9a7504860ac78d178d8b09
782,lh-75-0928.jpg,75-0928,jpg,157974,154.3 KB,1392,1056,1.47,L,7740ff284c63197e5830c98203bd967d,dfdc7c6465e1ff455b55bfc8a6a473b8c094919d9eb4391adf3e20b84807578f
783,lh-75-0929.jpg,75-0929,jpg,219978,214.8 KB,1385,1086,1.5,L,92d2464447fbd5a63d954a90c19d1f6f,7d4512f0d6cdfdfaeae16efed13fdf5781c5010b7117c2c30d9a9f5480144c80
784,lh-75-0930.jpg,75-0930,jpg,229370,224.0 KB,1391,983,1.37,L,d7e50b30e5ac2b1db66013813d1d6682,2dbf4304f8b43d33e2fe1974c7610a002e38e64b6b7a0264f7b9228be131a12c
785,lh-75-0931.jpg,75-0931,jpg,257537,251.5 KB,1374,1074,1.48,L,e0bec1344ed4167f5b3c93d6b16cbcd1,1157adb72fd8565e34eaa7ef60c6eed530aca2e79c8225d02a9c90aadbb52500
786,lh-75-0932.jpg,75-0932,jpg,177877,173.7 KB,1362,1050,1.43,L,2b5902ec376f651e5584bdd644c915e0,a8a751feee985e9b6a4f93a8891b3828a2596e8075f6d367e5e0a7fb44326b09
787,lh-75-0933.jpg,75-0933,jpg,161937,158.1 KB,1392,1074,1.5,L,b6c3ee644b87990875559a1b7efd677e,b84572d239cef79fdc13c17271129e7c9aab92466febb138e5a215e321268d7e
788,lh-75-0934.jpg,75-0934,jpg,94321,92.1 KB,1296,786,1.02,L,f3cb1ca5a769ca8fac67a49361b30a33,99f9616f868a119a34e195f4ba99d4bcd851b14be0693279e7dfa556ac4247b0
789,lh-75-0935.jpg,75-0935,jpg,132728,129.6 KB,1302,798,1.04,L,ac6bc87775a9808c7f7e923454b9b142,b016f48b6240a6e0b2abc891ff6001bedf2b75217221941d30a3ac66ea58f42c
790,lh-75-0936.jpg,75-0936,jpg,187607,183.2 KB,1320,1091,1.44,L,e99f29fe3fb665d9582508014f704db9,e7bc725dedc24613ade0397aa92dc7673c753d57cb186769c7908dca72982bb1
791,lh-75-0937.jpg,75-0937,jpg,130820,127.8 KB,1374,1044,1.43,L,8a4e03184d25652277477a81e4fff040,a053c57e0c1a0f8b1ff534164ef64749d88aa6b00f45c13ade0df4458f4640a9
792,lh-75-0939.jpg,75-0939,jpg,157579,153.9 KB,1422,1062,1.51,RGB,e28f1ed99897943b664579550b8afd12,72f5cf2462901c5c1f48d21b28319919f180289ec9848f022a9863071eb15b95
793,lh-75-0941.jpg,75-0941,jpg,206474,201.6 KB,1398,1068,1.49,L,5310b0bdbd81bceed543c6ad8539ed87,8b7e86cec094b6747a75f5c661b47275703f666cebbe199d0ad94b07e509b468
794,lh-75-0943.jpg,75-0943,jpg,170990,167.0 KB,1403,1074,1.51,L,2d7d54f607659cfd72dafbdfb323f0c6,678577c38b3ce6fa7b710c95beb65ee82cebc66d11e95608e9202b59303fb227
795,lh-75-0944.jpg,75-0944,jpg,128904,125.9 KB,1067,1404,1.5,L,9c7771347b6539fd2fa196e674074705,dff3f3417bc9ace1054c896c1b6e08cb521623f63f3d60189a57f7d41ae3923b
796,lh-75-0945.jpg,75-0945,jpg,339242,331.3 KB,1374,1038,1.43,L,4de42f98c1309959126c32ad331cf9eb,4db1e925840d032693560ee5439ecc480712c9b77fd00af3207ce3c66b89a2be
797,lh-75-0949.jpg,75-0949,jpg,170339,166.3 KB,1050,1350,1.42,L,0bb52fd95acdf8637145154e8d7e5f35,c3a9f7ed8cfa7d42dd28615e4a0768d16b32b9baa2fb32c2f065572eb7b80444
798,lh-75-0950.jpg,75-0950,jpg,213511,208.5 KB,1398,1044,1.46,L,d7e9bd14fd97e93df51902e19daa1611,117f7c851b6d847ef1a919a16f130dbe710e26b8188fe84284f48b3eaf0eba68
799,lh-75-0953.jpg,75-0953,jpg,101287,98.9 KB,1392,1014,1.41,L,a465b347bfce544d7b60112017b6695b,d7cf59f305daffeb928b183ab4518be0716f66122119d02a642ef12c51852507
800,lh-75-0955.jpg,75-0955,jpg,41417,40.4 KB,1428,1098,1.57,L,9e7be2fef5f5e630dc3d01c83923e95f,2a2331c4d433f3e2e3ffe35f42463baee7251664a9e7fcdfc75083b8073f9326
801,lh-75-0956.jpg,75-0956,jpg,126023,123.1 KB,1344,1068,1.44,L,d73537f55c0b6116b0af23072374610a,60bd18f1e9e7059827c2ec0b915f6664bdeabe891ea4a6caf08cf3d7d3f6eed0
802,lh-75-0957.jpg,75-0957,jpg,211285,206.3 KB,1416,1068,1.51,L,da6ee4f4c32c00f6f16f42f040539158,329585d12143c4088ce36b3429d4d12ae4cc7540b5cd8b965e957173480b1b81
803,lh-75-0958.jpg,75-0958,jpg,187030,182.6 KB,1398,1080,1.51,L,31d784827d4dc270c5729bc392facb63,c91a2e79db9fda28d05d1005d4c8cc4c9860e1b895ad8aec01883a4487862bf4
804,lh-75-0959.jpg,75-0959,jpg,214874,209.8 KB,1368,1098,1.5,RGB,6a52b7e8f7a00d8acbb961eabb779437,e4525730789927b8a327fd242fc891cc40fa5a3690b0407f910bc491d3e33dac
805,lh-75-0960.jpg,75-0960,jpg,222217,217.0 KB,1403,1086,1.52,RGB,b0f7d71e21dabdb436c5abbf8b93231a,093a323bbfcfdc1d206e5b1bd082d42cd3a4d53443f6e87fdce13234034c4830
806,lh-75-0961.jpg,75-0961,jpg,105781,103.3 KB,1062,1350,1.43,L,db60d4a045428c3ee44a491cda26b7b3,a63cb8f0372e2da131f648bd64dfb6fc209c2d9a84daa869d186ebd85db47a20
807,lh-75-0962.jpg,75-0962,jpg,206728,201.9 KB,1380,1062,1.47,L,9dd272a91f6d4be1086ced290cd0376a,439c0592e534c71115b69263379b0f5a1cd32e7848cf72a2913507788813a973
808,lh-75-0963.jpg,75-0963,jpg,284774,278.1 KB,1356,1080,1.46,L,372c96eea8a512c98a341f70a322753a,195bb163ea15a9b07c6d7db8551457b1459bc89002d686ece0c4dc485c926a38
809,lh-75-0965.jpg,75-0965,jpg,233851,228.4 KB,1374,1068,1.47,L,358917e52479e9163bb51011358938ed,eed6fef7d8dca8a6998319d09d24f5c5643eee343809268626759c310178f7fd
810,lh-75-0966.jpg,75-0966,jpg,179542,175.3 KB,1086,1350,1.47,L,558f7d9ee4c11d1c1b3de4790628bc63,2b5eb74d50d01e84e9079f835fb55c1fac0dd99e1f8e48ca972847412c55f343
811,lh-75-0968.jpg,75-0968,jpg,190653,186.2 KB,1356,1038,1.41,RGB,38187542c94d27d2c3e39a4347661657,29bb67d04f2b41a1905c0f70149a329974bfb63632e873a28809f171d7a808a3
812,lh-75-0969.jpg,75-0969,jpg,192875,188.4 KB,1361,1080,1.47,L,6b8e472cfaeceea2b37f3cb72135122e,e621174534bcc1f529463f78ea4c0d255e716fa4fff06c52d9b97bd7521ab222
813,lh-75-0970.jpg,75-0970,jpg,191714,187.2 KB,1374,1086,1.49,L,955c62f7b12e13a324eb5f2962399e6a,ba6351028239e99828de060c1798a1b59d47ea10a80ca7b22e0ee3e44a272941
814,lh-75-0971.jpg,75-0971,jpg,181438,177.2 KB,1409,1074,1.51,RGB,a5ade9bc0e201b9eb82585889d70c735,0149f9a4ac8092348e2fa9379a4d1adb2e23e71d5d036fc962a35806aa9c7295
815,lh-75-0972.jpg,75-0972,jpg,140708,137.4 KB,1362,1109,1.51,L,6fb49c7978e32c3876c92922d049ec25,02a6773710252e651a586edf493a98f9db96319a94086b117afff37c37085f88
816,lh-75-0973.jpg,75-0973,jpg,230847,225.4 KB,1422,1104,1.57,L,cdc2e149a42b9f17c54722237b7dad90,6e32300324fc241bb1e2484be69a1e55c9036d8d5aa5e52e9978d4ef99790df0
817,lh-75-0974.jpg,75-0974,jpg,205016,200.2 KB,1338,1074,1.44,L,d66adefa094925cac921acaf78aede3d,7a98dec56539641b73d9ed7a0c5586cdb76ab585a70344e8b40502d6e7285132
818,lh-75-0976.jpg,75-0976,jpg,196087,191.5 KB,1392,1050,1.46,RGB,1c4a8a09f0d6c0d79cc3c9947417462d,68bf2237ab1aed4e92221ec057e1f2ef64252414e26c536227655f96ba046592
819,lh-75-0977.jpg,75-0977,jpg,174894,170.8 KB,1098,1380,1.52,L,91c48adf5f7a8210a2ce1921803a8579,5af0734847323a32f3fc7825c73c20d348f070ce84a61cded6d2410fd45983ee
820,lh-75-0978.jpg,75-0978,jpg,172825,168.8 KB,1385,936,1.3,L,8b64d725c59767a5a14d8f03315a0ef7,b1d3f829d9d004f639beaf52f0277f41dfc51b110e7395432acad85d5cd6724e
821,lh-75-0979.jpg,75-0979,jpg,163715,159.9 KB,1398,1014,1.42,L,d062e7605075eb761a7012efbf41ea97,5c2a0f2753a602c63bb094db365bc30f8ad1b43ed046b5e61ee0b8ccf846b576
822,lh-75-0980.jpg,75-0980,jpg,156526,152.9 KB,1386,1038,1.44,L,dd0065a3b30280b33e1420ba02c45c49,c283163ddb036b20dc9578e1b6816fc5b922da40f89593e7f47ffd44204724fd
823,lh-75-0982.jpg,75-0982,jpg,176235,172.1 KB,1404,1032,1.45,L,cdacc444bad478d4b41ee30219940d97,888cb79e9a4dcd77a0d90f19edd6c316bc4f888b3a73efd9b4cfb241cfa674ee
824,lh-75-0983.jpg,75-0983,jpg,205225,200.4 KB,1470,1050,1.54,L,6b8c5e8dac323f1e0f43d59fc17e7cc4,0519d7eec2afe31b9a1fc5dfbeeb338eeed3e44412b0bd7473ff1ece51a9f1f4
825,lh-75-0984.jpg,75-0984,jpg,181328,177.1 KB,1404,1068,1.5,L,2e0110be2c06765a96dea5c5852ef562,a049a8f710004118f6d67218f5c07483788719fcb105325d58f97b3c32cbd560
826,lh-75-0985.jpg,75-0985,jpg,233186,227.7 KB,1458,1097,1.6,L,532ef793c1af2a8f2c71b679dee3bafe,91fa7e930eca4304626dbf014845e067c1b176538e652b97983cdeedf669c04b
827,lh-75-0987.jpg,75-0987,jpg,192240,187.7 KB,1086,1350,1.47,L,6c7e5add26e7c6215d43416414bc23e3,b03f8927d3cf99a6bae4f1ecaaeac8fa1b234913481b70d20359015375166b3a
828,lh-75-0988.jpg,75-0988,jpg,144693,141.3 KB,1398,1074,1.5,L,88285ed4eb4f3c9e7333c431c22be775,5ee846dff99a46ac9e42596b1f454d0150d55d7a60466eecaab84796c10c618a
829,lh-75-0991.jpg,75-0991,jpg,191414,186.9 KB,1380,1068,1.47,L,ee7093b464d71f08e160e82ec1b09593,be507fd8f095056e7692a2703f24ecd57c0e646f7cc92c92501690e49a139e39
830,lh-75-0998.jpg,75-0998,jpg,209742,204.8 KB,1374,1056,1.45,L,53ace31870c1fb0d4002533dfc778398,39b8632c7627456b2917fad4d7f7ee3cff13903531c6ff76ad95c2994fd559b2
831,lh-75-0999.jpg,75-0999,jpg,254478,248.5 KB,1338,1080,1.45,L,f7a5d07c67f61221c9da2f98bffb5923,312df2dfa7cd85220e937859c733166e3ad878a96fd49863a40fd6c4fc3c6fc3
832,lh-75-1002.jpg,75-1002,jpg,210441,205.5 KB,1086,1362,1.48,L,5f6bddae7accf6939db1bfd946c196bb,30547ff631e0e050f641566da40718f9c83ae5e363732b1eff0a2b0ba4391cf6
833,lh-75-1003.jpg,75-1003,jpg,263833,257.6 KB,1398,1080,1.51,L,fb9e33afa5db1e7bf6831489b2d25d66,79e3222df77f50d42292d99d7f9b497e595209adb1661e8f07d78441b13e21c9
834,lh-75-1006.jpg,75-1006,jpg,162511,158.7 KB,1494,1056,1.58,L,73e2c90417e010b79de7ca24f4360505,8608811501dee0c6afc4ccdeef5e8b7c46b3101eeb2713fdd1aeeeaabc033d32
835,lh-75-1011.jpg,75-1011,jpg,236227,230.7 KB,1374,1056,1.45,L,583b5fe12c7bf6569e5b65810c6ddd0b,0e75728cfcdf2d698a76739aa8b97af9c8b1cca02128ca33adcfa1e8bace9a91
836,lh-75-1014.jpg,75-1014,jpg,139870,136.6 KB,1404,1044,1.47,L,58b3df673fc7ce05ec1cb619e7d9873c,98c72c550ba632f3a5283845aefb193ce071712edaeddd4380e2bf1260f73327
837,lh-75-1015.jpg,75-1015,jpg,247895,242.1 KB,1440,1121,1.61,RGB,76c5e009c5e8290b885a3046d10dccf5,bb3a8d64642b2f9faa09f96292b76a0dece5a1833ec0968eabe7bd37f7ce6ccd
838,lh-75-1017.jpg,75-1017,jpg,171262,167.2 KB,1398,1080,1.51,L,8187da743b04f2a8098a664a5c70a6fa,bca68b4652db197b6aa9bc97464564aba2c16cf94612e0a226be64cd360c613e
839,lh-75-1018.jpg,75-1018,jpg,207386,202.5 KB,1410,1062,1.5,L,51f1025cd62b103bcc9adec8fcb1574f,fb62927ae894f3c7855f39a089469bd735e20befe6af93ba809a168db211b019
840,lh-75-1019.jpg,75-1019,jpg,163426,159.6 KB,1392,1074,1.5,L,b523da817cbab0cef14bd2fae07b91b0,e3920a4c33dcc960202f45910b1c0a748afbcc2595d00986a698f1ad256029a4
841,lh-75-1020.jpg,75-1020,jpg,182175,177.9 KB,1398,953,1.33,L,d56bdb3a765e123081f7ad7adc04a4d9,1d4f77ea579b07a826fca7e83fd62855fa16f7505002c1f390f4ad5102c55158
842,lh-75-1021.jpg,75-1021,jpg,279320,272.8 KB,1391,1086,1.51,L,e378fb7f0da05193856ebddd7762d353,333719cf5ebb502c62331dd430066ffe11108eb20631716e997674ec5d9c1b11
843,lh-75-1022.jpg,75-1022,jpg,212623,207.6 KB,1386,1062,1.47,L,8fb7cc3708790f6919e03e339509e5f7,cb172bda33bb26e325325cb8beeed155e536f8f3a4cc0aa09a9c4fb586316727
844,lh-75-1023.jpg,75-1023,jpg,180991,176.7 KB,1416,1086,1.54,L,a8ab411ae45f619fc47647d64da24e4a,b524efa9c917136e4eb34ff49dddbc560b77c74d84db0c469717082282333120
845,lh-75-1024.jpg,75-1024,jpg,231422,226.0 KB,1091,1386,1.51,RGB,4316c0ccd832686297d108a0ec3298e4,7503f87c1541b31973c389c7f761ac163572f0b644ee6e311695b0c108c9774f
846,lh-75-1025.jpg,75-1025,jpg,285675,279.0 KB,1409,1074,1.51,L,0423b36918c68b0208c49b26bc861d6a,935aa37648a01dce9c1d45e902a719d49824f25693fe64d0b63b666677feccfb
847,lh-75-1026.jpg,75-1026,jpg,208342,203.5 KB,1350,983,1.33,L,7ad2bbe3a79d8795c0cdf6bceff618df,67e280d57036b0f67807857a32c9e2361273a4e8e8d6edfe393d585af1e7af74
848,lh-75-1028.jpg,75-1028,jpg,198611,194.0 KB,1368,1026,1.4,L,c43caf922267ab603edd9b75c791b814,1323210d9cbd163dc9c7638ca170d8c485695e6cc88e5350ad5e491411fc58f3
849,lh-75-1029.jpg,75-1029,jpg,131618,128.5 KB,1386,1044,1.45,L,2d2cf1c6e4803f65039311ff8760abc8,7167108b9a36576a533ee9d3109fa9a065f42d1d864884b147f8fb8ce6c04455
850,lh-75-1030.jpg,75-1030,jpg,158249,154.5 KB,1361,990,1.35,L,75cb425571401dc0b5b4423efad8e8ca,225b80d76d99a8edd25be085ba82ba5cf2cec85dd2b96dc3f43166bf3a38cb6e
851,lh-75-1031.jpg,75-1031,jpg,278501,272.0 KB,1404,1109,1.56,L,aa653cc9385640b1dad3380637a90b32,71dee0265062592daf49596183d5f6e436e6499b53f60a92ab46ae5bdfb927d7
852,lh-75-1034.jpg,75-1034,jpg,244908,239.2 KB,1416,1050,1.49,L,f6eeefca603973fcf3e3584b028bf219,1416d53952cf77f680043180e25def16fb4e668d484afba1236b95dbdf2d6dda
853,lh-75-1035.jpg,75-1035,jpg,141180,137.9 KB,1404,978,1.37,RGB,d22b6fd22d4d4f868b92d8632425c04c,63cefdd05e5ed18690cf942969decaed05c60a24a21b04822009c9108c905285
854,lh-75-1037.jpg,75-1037,jpg,173240,169.2 KB,1362,1086,1.48,L,a3eda4d031d3d21d9fbf048d1c4e6692,bf3a1f1806ea5236d081f8e5926d6d3e1f1dee5240ee014127f914266cd5d77e
855,lh-75-1038.jpg,75-1038,jpg,177243,173.1 KB,1416,1086,1.54,RGB,dd942e2936e94f2b2724a4b6f5bf20a5,eaee141ed5a3d5601d70cc19a3e0a47a2952ce9213fda5ea0063d8ed035467f7
856,lh-75-1039.jpg,75-1039,jpg,165146,161.3 KB,1374,1068,1.47,L,d8f256f0ed6a165339b980fe9a88f6c7,c4732dc8db574b7bcf0f7dca3fa1c305db9b1bf937d5221d4bacf85f94023906
857,lh-75-1040.jpg,75-1040,jpg,143752,140.4 KB,1379,1068,1.47,L,d34dd71f42fd9a08da819844733e44dc,128e65e60004195b7ab8756869b5f4e89ce635b80082e2a27ac8ef407376f8e8
858,lh-75-1042.jpg,75-1042,jpg,162087,158.3 KB,1379,1074,1.48,L,fc49ba9312f1a94ca0deb670378b79d5,47755b768d010041e11837feaba1da389b1f1399383c89db45ad02756c71526f
859,lh-75-1043.jpg,75-1043,jpg,202399,197.7 KB,1416,1068,1.51,L,1744bb03049de2957062e28edad4ce6d,f9ab8c22d113d2da494db87b96f16d0666bc1993890141203619e18d04279ddd
860,lh-75-1045.jpg,75-1045,jpg,255837,249.8 KB,1098,1392,1.53,L,8dd5edc3898f1bf8e53162bc35c0e67c,7e4d61b4803bbd972976388012b85f83e55bdc61236284073169f1cd5fb16c8c
861,lh-75-1046.jpg,75-1046,jpg,218764,213.6 KB,1403,1074,1.51,L,bff1cfb611669c3781c9a80316a13d60,428e036d1b1c0afa59664e6e0201e17a91816b9e157d214dccd9ef39c49a7dbf
862,lh-75-1047.jpg,75-1047,jpg,240488,234.9 KB,1398,972,1.36,L,ee86a68b96f8891c78136455adb16f4a,db795275c54f28484df67021d5a37813cf73445084a478fdc86d25d1d86c9bb7
863,lh-75-1048.jpg,75-1048,jpg,207760,202.9 KB,1368,1074,1.47,L,8cd1fb59fb8bdd7f157d9c7eef5a8dcb,776f29c69ed7a7233b791e6748d993f131f07cc208f298351d7841be28a69130
864,lh-75-1049.jpg,75-1049,jpg,178348,174.2 KB,1368,1074,1.47,L,067d3cc493601eaa40960e4f9a3614d3,abad4f0832f0bff4824e21b348f5531cb68a97b164778d785f07359ba6584ff8
865,lh-75-1051.jpg,75-1051,jpg,175796,171.7 KB,1380,1080,1.49,L,aed9184fc0a8b56065e53e59221df0f3,e5de073957ba2c9e0b0ff6bff7fbe2d92dac0bdcbbd015358e43abca2b2591ef
866,lh-75-1052.jpg,75-1052,jpg,187159,182.8 KB,1368,1074,1.47,L,2390c98ec2374a86d47d271b985023e3,e37d1782cc507bd72ebcd8816eb48cceda0ed12f9bc43ff7993d702b37b8fe51
867,lh-75-1055.jpg,75-1055,jpg,178733,174.5 KB,1385,1091,1.51,L,3b14cb4020ff37e8f7f272a93368eab3,4faf00bd4524d7024606ad9bfa22fb1616273f4ce76f241af281f4fc1315f94b
868,lh-75-1056.jpg,75-1056,jpg,199687,195.0 KB,1398,1091,1.53,L,d0199fe2d71c8f73c6613f4b5925e170,c2f9579aca60db93ef206ba13fddf523e63c96ef87e6824c281628256da59af0
869,lh-75-1057.jpg,75-1057,jpg,144805,141.4 KB,1380,1050,1.45,L,50f779811651da571b7b5803fd089962,82f6b64d0c322c6f2cd8fbb99a4b206c301f4f2ef2aaac6becb1c3818a8f2d04
870,lh-75-1059.jpg,75-1059,jpg,174799,170.7 KB,1344,1086,1.46,L,c85a8b201c404b8d8563f3a30ed56da1,0f8796894e421a7b0adbba6982c0b823e7b6b1ebb24a667292b01d06eac9b586
871,lh-75-1060.jpg,75-1060,jpg,161784,158.0 KB,1350,1074,1.45,L,3932c97084d5a2b0f1527dc4b2cd67cb,45fe31b003704989926761e7d8e2cb896bbbe3617b35e25291efbab1c0c1c460
872,lh-75-1062.jpg,75-1062,jpg,101622,99.2 KB,1398,1074,1.5,L,8fd4ce524fa9be312960b41182cdd7ec,41207d83fbe9137db98e5fbbd98f8bcc6ba2944921d419d214c338ff6d322ae5
873,lh-75-1063.jpg,75-1063,jpg,197576,192.9 KB,1098,1380,1.52,L,c10b73bcc7f895c2bb8f554014e288a2,928f309293ed0e2784cf822e8dd9fbf231cfa1ab37ef92fab9fef3049adba296
874,lh-75-1064.jpg,75-1064,jpg,287886,281.1 KB,1422,1086,1.54,L,22550ceb34fe432052a3b07bc0fd7cd5,ef309a9bf193e147e8be8cc34e94351feb63733a2547c9a5668095cf35a16819
875,lh-75-1065.jpg,75-1065,jpg,137300,134.1 KB,1398,1086,1.52,RGB,f6dbd042ece59c09887ec0e9b807762e,ac849a2f6392759ef495ec0e70abfc68b5870d23032de78bc074809eb878447e
876,lh-75-1066.jpg,75-1066,jpg,97884,95.6 KB,1362,1056,1.44,RGB,c2dcdd06af5bac52b7969edf5787c849,70b5244cb2c5131bde3ca9e7a96fc1706ec575c08c2cf73d038d8b7afd160540
877,lh-75-1067.jpg,75-1067,jpg,173110,169.1 KB,1385,725,1,RGB,3ebb606abb4f2d81f12a87cd8a2520dd,60c100ed00935090ef3262022d63366142ea739421d64e3ee67224613dfc92e0
878,lh-75-1068.jpg,75-1068,jpg,178474,174.3 KB,1050,1344,1.41,L,03771079dd39de27c1418f31856bcb30,77880a2124ba3f70f05674aa47f1579420db9897a30dcc496aba87c454fd24a1
879,lh-75-1069.jpg,75-1069,jpg,111230,108.6 KB,1326,984,1.3,L,1ecfad2b0e146baf0b83d6729937a113,2f83b3c201816ad0f0f2504867e96110869af74c0d8b0b86d0442d6f9b42a918
880,lh-75-1070.jpg,75-1070,jpg,193880,189.3 KB,1409,971,1.37,RGB,5f34a89a4f6fb0a87d306ae21a0336b0,bf51a3bbaae2a805226715814147957c532bff40214f9a452ca499a28e4cb616
881,lh-75-1071.jpg,75-1071,jpg,180440,176.2 KB,1379,1068,1.47,L,e6fd4624720ee2c11a2424f1fe312733,62761628d05c27f737aadb5ebaffd2d52f3547fc310a59b571ff1847041fb34b
882,lh-75-1072.jpg,75-1072,jpg,178479,174.3 KB,1356,1025,1.39,L,a9efe2c8f8f4f922d10cafba16d9fbd2,37623442790ea789e4331893f0ce5724040d9efbe7fb182e2e754114282f2637
883,lh-75-1073.jpg,75-1073,jpg,79743,77.9 KB,1385,995,1.38,L,2e270d8cf2d749da81f84c5f857bdfce,7ea527ec03b65f17089b4a8e58100f89e9a0c6bfe1b97413e93db8091a609b6e
884,lh-75-1077.jpg,75-1077,jpg,200319,195.6 KB,1422,1121,1.59,L,d68ad2d08c8562f24a26b45c32b29679,dc979a58b970095327b1014d335eba7d0315e9a9afc8bbe1fe6f772cb8bd447d
885,lh-75-1078.jpg,75-1078,jpg,192022,187.5 KB,1374,1038,1.43,L,c7fd99f006de6da1d0dbeef6cc9a6cbf,b39131292ff3af76582ab65f728bcfeca050c6ddfa60beec89cf5af65572d518
886,lh-75-1079.jpg,75-1079,jpg,176114,172.0 KB,1386,1086,1.51,L,1807f161f2395f125338e5d8041d11af,839ec209f76f994fd47f503c22ded749c91277248b6a4b349eb6a46afcbbeb48
887,lh-75-1080.jpg,75-1080,jpg,169619,165.6 KB,1386,1080,1.5,L,696a57b18dc259f3037e23727d8f1fc5,76f9aeb7aaa9f1ecba368a9d3c875e13a28c7e82edbe51005b878e927d091fae
888,lh-75-1081.jpg,75-1081,jpg,210104,205.2 KB,1356,1074,1.46,L,c1e4a44bd403835801dcc5bc7534c0cb,a58431700804411a7f5f7ec1df4f859b9aa15de4c495418ce57996653c64f7ac
889,lh-75-1082.jpg,75-1082,jpg,182376,178.1 KB,1085,1290,1.4,L,9da359697cca700e4f4bcd292ce7880b,6e26ad23b22ff7c17e46d96618998dbb18f4f1bab4fbdec923a761bc58d4e9e8
890,lh-75-1084.jpg,75-1084,jpg,235287,229.8 KB,1074,1350,1.45,L,09ad490b1d2114e3b285c419880fed48,c54a52955e8525ae5c66345064d07db9350ec43e10817ae4a6f595ca62901cf2
891,lh-75-1085.jpg,75-1085,jpg,239117,233.5 KB,1338,996,1.33,L,8cd12597e6633b58b603310c142ec3c7,ba93ef405fa3b6882c81736fdb871c975b47206049a8a189411f1765fdeb4de2
892,lh-75-1086.jpg,75-1086,jpg,200560,195.9 KB,1374,1086,1.49,L,be9c5d5fa1cfffd78a768538c8e0dfd3,856579f5d4964d926bba90ea6e82d7c95ebffcc10e28e97cfcd9485645670084
893,lh-75-1089.jpg,75-1089,jpg,270179,263.8 KB,1385,1074,1.49,L,7e57ef443d5253d7d90f19f3618a3000,a6fff92d748d0d528bb81b03261e017feb2b32e5b584f0571547702a1de08e81
894,lh-75-1090.jpg,75-1090,jpg,175033,170.9 KB,1386,1008,1.4,L,4fffb6b067df58b4d5670c69dff45fe3,b2d34a6a8d44b0ed663e1872ef111fe3834bc197661470c9b0e75c1708bec5b6
895,lh-75-1091.jpg,75-1091,jpg,208621,203.7 KB,1398,1092,1.53,L,9bb86f637a851a85e7e2a92d6e9171aa,b9972ef163bdf52687504af89e8e05a9f94d4b44054773ed82f7c16337140ad3
896,lh-75-1092.jpg,75-1092,jpg,245738,240.0 KB,1385,1086,1.5,L,7b3df9219b6c1a4c9a84afbdacf41293,95c5f4fad5b50b7e33c81c7e09b3f083ed3733105940ee6d83c4511226068d90
897,lh-75-1093.jpg,75-1093,jpg,223452,218.2 KB,1385,1074,1.49,RGB,4b8c8e2c465274150cdd2bd3267f4181,5fb4504adb725f14126730dede572c80872a25492255bacaf41f823e21b03d7e
898,lh-75-1094.jpg,75-1094,jpg,295266,288.3 KB,1362,1044,1.42,L,1d2b0192dc49b8c5a2b7372f28627d2c,9ead3c802d3fc1d44b001bb2d033faee22c06b6aeb2aa61ec2f3d49a276abbfb
899,lh-75-1095.jpg,75-1095,jpg,239116,233.5 KB,1362,1062,1.45,L,1307414f01e1f7a3a397af67f659e169,ea7a824e3e0e50f1a2154c9b4f9f54bf5221eb7467be1ce3b9ec408a438eeff6
900,lh-75-1096.jpg,75-1096,jpg,244436,238.7 KB,1403,1086,1.52,L,f2666a5558d7603278e495d42ed7e65b,6cf8a2a2a0650e63b09b6cef1b76832113aa2c79fea7d3a3e924e4dbdb1fe6c8
901,lh-75-1097.jpg,75-1097,jpg,214808,209.8 KB,1374,1068,1.47,L,3ea8224fd296afbd2382b9a579966b53,745d6570053f1d95e914df9e2758779df32c670518c4581992a0a2938daac77f
902,lh-75-1098.jpg,75-1098,jpg,178248,174.1 KB,1590,1050,1.67,L,37752241116fa3285219cdedae58b2b5,39112f6cd1f0e382a01e8bc5cb707ce4392b1dc998de815bf730aefea9631251
903,lh-75-1099.jpg,75-1099,jpg,224098,218.8 KB,1404,1068,1.5,L,5dbf4c1d8e92a0b97d4045252607ac0f,089308beb14e42591335799a985613280607a9512e2f2ff1fc186a5e8e18dfc0
904,lh-75-1101.jpg,75-1101,jpg,250320,244.5 KB,1379,1091,1.5,L,cc0be8e75f7f32032c3713feb97408f4,037c9381f4fe415d9049a02ae2035c702bbfb8e967ad97efb03f77ac0e6168f5
905,lh-75-1102.jpg,75-1102,jpg,149226,145.7 KB,1109,1391,1.54,L,d85f0ce5a6c7d3b6357ad1a6d5d18bff,c307c6a2ba0503279af7b9e38c9273db84f302b35c7a57f2141a245d902f1ee6
906,lh-75-1104.jpg,75-1104,jpg,169964,166.0 KB,1398,1068,1.49,L,764e1bbd86290c39948792fc85683ad6,88ebf46ffad45804bbef54c6a0d544340b1f8bb05ccc1bb059d0412800140111
907,lh-75-1105.jpg,75-1105,jpg,102566,100.2 KB,1398,1074,1.5,L,b0feecb88fbf87483f6105eb19260077,1192de484ba2f4b126bd3d60912d9ac5a27aff5f2b5644484ec7e130d2a78477
908,lh-75-1107.jpg,75-1107,jpg,172906,168.9 KB,1386,1092,1.51,L,0c8b1623ba1d1dad453b2a3bc1e149ca,7e74b3835294d2b8bb71cb6cd0d0f1ec41e8ee16f68e011fcb84199ebd552078
909,lh-75-1109.jpg,75-1109,jpg,288309,281.6 KB,1116,1421,1.59,RGB,ac5b58d7f7a64bb62642eed48892931e,1a82cc32d29e6e8613a4f3e2a6517032cd20dc380da2e03308ddd24eeed0b531
910,lh-75-1110.jpg,75-1110,jpg,210628,205.7 KB,1133,1391,1.58,L,bb85123eb3c28833ecec4c24f2cafaa3,5716a87f1b844a8f6d0265f612659aa1848a1ef5b7e66b6c35864465675356dc
911,lh-75-1111.jpg,75-1111,jpg,182311,178.0 KB,1104,1410,1.56,L,1c2f0a6d9e70a8c1a389a48080106411,284b066578581934b7ebd9a70aa0e903cca120e56366835f536685c426185a3a
912,lh-75-1112.jpg,75-1112,jpg,259709,253.6 KB,1110,1380,1.53,L,c6a6f1f89fab7a6fd0b17e8750d7a48e,5da2e649562fe908497ccd2f140c4b6fb3c2f7455f61933e608de9397e09a8dc
913,lh-75-1113.jpg,75-1113,jpg,202264,197.5 KB,1110,1374,1.53,L,36e0a0507a854114167de83a8413cbbb,07f50f5ac3045f50634f1495f19e7a480bcc8cbc4312a0bfe5f725ce2eeec8d6
914,lh-75-1114.jpg,75-1114,jpg,84693,82.7 KB,1374,1068,1.47,L,9a2cfa3e456417a979393d774c61c29c,e2fd88e250408cf532b74c283c435dcca7f3ce3ce582755571a7afe5c4b0c42f
915,lh-75-1115.jpg,75-1115,jpg,269579,263.3 KB,1391,1056,1.47,L,add0c9a0835e21b8a6c98d6ccd31691e,96e0a3113beece79b66d6cb67b1b7d6ae3e1c70039a38a6d15b09f925bec996d
916,lh-75-1116.jpg,75-1116,jpg,252980,247.1 KB,1326,1074,1.42,L,d8fdebf84d290931edb5f7ceb332e9d0,a36d0825205f20441030a2c65b3bb8b499d5acdc0a6cc6c80fab13c0d793a698
917,lh-75-1117.jpg,75-1117,jpg,219061,213.9 KB,1386,1044,1.45,L,058c54fc302c932bbf8e559ce39ee355,cb813b595200613123dc6c8070bc262b9cb84e03c07416aa4fc89473d8567f0a
918,lh-75-1118.jpg,75-1118,jpg,139899,136.6 KB,1350,1038,1.4,L,835f69b152a14402f1c059d002fe60a8,b71dc80d2d6af6c32f8601c8c80fcb77704d94e50b225b5619243c6f0305836f
919,lh-75-1119.jpg,75-1119,jpg,255399,249.4 KB,1385,1056,1.46,L,c9e74ccd4f5a29a03f43522768220792,c1c2d2bb2e476223d7348afe1be26f05d957493d5a2702d0533456b9355057ba
920,lh-75-1120.jpg,75-1120,jpg,286768,280.0 KB,1398,1068,1.49,L,dc1aeee176ed76783ae4f06b52cf5559,6ad060b15e6a45b7900aacbef53bea042919436e36d76f52f0fe1c703a164370
921,lh-75-1121.jpg,75-1121,jpg,192645,188.1 KB,1416,1014,1.44,L,e10d5263391766c060db3ded0f40112a,0686b2ef8e2da84531a95ffc08827ff4378a65e2aa02f41c9f8ca2c19b7cb56c
922,lh-75-1122.jpg,75-1122,jpg,157710,154.0 KB,1386,1068,1.48,L,1087b761a3c9b12be65aef9705618af7,9bbfe34f9d432a6ad7bdb509149be057043926bd176256cf3c0192644feb8f40
923,lh-75-1123.jpg,75-1123,jpg,95775,93.5 KB,1374,1086,1.49,L,ff4928ecbc10f7b40c75ad4a19f59507,a3fbe353e910a07c3a811122263427d416e650276e286f73249bc6586ce03bd1
924,lh-75-1124.jpg,75-1124,jpg,106898,104.4 KB,1374,1080,1.48,L,81f40c42900b8f4f7d0adce4f68cfabf,db58389de638b2540cc90113e7c6c184b95aa46c5ddaf41a12d849ddadc71e24
925,lh-75-1125.jpg,75-1125,jpg,253629,247.7 KB,1403,1074,1.51,RGB,b07ec25c3c59f6ffb4cb445aa7f70f2b,77265fa9579cb9ef11b40a114d97ec3652b7ca3a36a866498c05150e74c18c24
926,lh-75-1126.jpg,75-1126,jpg,183712,179.4 KB,1428,1080,1.54,L,1d29436b101b1876da255e80485459be,929cbc656bd954ae43fd07db06a3cb377f1d2d717a3facee8ed4698238d2686c
927,lh-75-1127.jpg,75-1127,jpg,184979,180.6 KB,1392,1056,1.47,L,97b2dbce8059899913fb9a7eef3e8d13,b23e76c169be0634b4196cb35e34c01f06f6d5e0c42c640084da060fa027adb3
928,lh-75-1128.jpg,75-1128,jpg,212277,207.3 KB,1332,1056,1.41,L,2406155135da42162cac9086e6c12f30,a84a800164badb1d7fff5e89da80ccaf626c53880b57b54b5c3b7e2e7fc4393e
929,lh-75-1129.jpg,75-1129,jpg,193664,189.1 KB,1392,1050,1.46,L,c9e02c21d076e47cabe90cb472bc54c9,ddf2631635c3c7888f17ae1b7d91201e0e56336ac209dc3cbe12835bdc07c0d6
930,lh-75-1130.jpg,75-1130,jpg,223587,218.3 KB,1379,1056,1.46,L,7db42296c81f972d383db7c46539d394,677cf2660df6b7665e27bd7a288d69597bf3049b3d9b7b2b33d584206d61ce50
931,lh-75-1131.jpg,75-1131,jpg,283158,276.5 KB,1392,1056,1.47,L,1d54fb951a176d389a637f9c57cc5557,1d772734daa0d258cc734da9c7e022355fe005b33bf36df6cc99cc300a6c34f5
932,lh-75-1132.jpg,75-1132,jpg,172904,168.9 KB,1428,1086,1.55,L,b68aa7e1d4b6358102c1bb61201c4cf0,4cd25ca6fbf0e880379c8bebace7ac01fab6ce7a2d6d8d17976f78637e203dea
933,lh-75-1133.jpg,75-1133,jpg,176790,172.6 KB,1409,1091,1.54,L,30d9fdd7fca3fbcbda3c353517ea85bf,4cfc980eed8193de6dcbd688e5635ebfccecb2b3fd7eea7e2d517e680894fbd8
934,lh-75-1134.jpg,75-1134,jpg,180266,176.0 KB,1362,1038,1.41,L,bf4ab0a328379231daac46fc42e88f47,79866bf71352da00fba6fc9a2a25fea0afa72ff20c790e7e4c803f4414ee9fdf
935,lh-75-1135.jpg,75-1135,jpg,162981,159.2 KB,1362,1062,1.45,L,7721ff6cfaee9b6079fb6c3e32bfe139,c394c06e9822f2b4ea7d7b844eb1e677a1e1317a0327859d5090af0903f07815
936,lh-75-1136.jpg,75-1136,jpg,165803,161.9 KB,1410,1068,1.51,L,0bca5086d3204dfefc18619ec2565f8f,1346aa82d97349de238aff22a07fce5d8d7b7eaa7be5865aadec4d95384e4574
937,lh-75-1137.jpg,75-1137,jpg,212267,207.3 KB,1404,1050,1.47,L,0110ae0ed7fd49d1bd0162bfbf556a6a,bb123538419678246ce680075257e2f3a2b50f4e3332b52eedc9ea2614df1e5f
938,lh-75-1138.jpg,75-1138,jpg,160824,157.1 KB,1409,1086,1.53,L,1756d496b26ab39d6df6f76357ffbcf5,ac2f0e4c269c2bbc3f628788e7b2732c05435b8681030122ea67d5702b0bafbe
939,lh-75-1139.jpg,75-1139,jpg,210521,205.6 KB,1434,1074,1.54,RGB,2557919eaa77f15954fb39babc276839,e542851f9e1d5a78f552c7f150261f467b4267dcdaae54981461601250696ce9
940,lh-75-1140.jpg,75-1140,jpg,213816,208.8 KB,1398,1074,1.5,RGB,9ca5f8aa0ed22aa61b6d3231d9711f10,1e86d5ee99d2c2d49fe89bd249e4fb3abc437eb6651cccc8a34ba267abab5b37
941,lh-75-1141.jpg,75-1141,jpg,135833,132.6 KB,1362,1104,1.5,L,76b9f25c6d6ce9382c3ad0963f4b8bcc,e8e02f195e1682b4efd1b2d4834551f6bb5a16fd6cde33e069d0189d06f4a4d9
942,lh-75-1142.jpg,75-1142,jpg,151374,147.8 KB,1356,1062,1.44,L,e126b65c0625775ec2f0b501cb21f906,b6465146ac33156b56dbabb5daf6b4bc09f00c28e3c9c0b7d9f7018f76e94a84
943,lh-75-1143.jpg,75-1143,jpg,159904,156.2 KB,1404,1086,1.52,L,5ac05ef02fb92b5b4f40a311fcdfa903,23a256d50b5112d5736bbbcac44a3d9f07aa77d9edbd93f641169da77cfa0378
944,lh-75-1144.jpg,75-1144,jpg,198586,193.9 KB,1332,1062,1.41,L,8f5ce2f81bdf97b99174ea0fb96f20e2,2fb8531842f307cfc52e0d80995b7914538299ac9ee4da0503edcd3c930ad113
945,lh-75-1145.jpg,75-1145,jpg,124496,121.6 KB,1356,1086,1.47,L,fa6a1c724317c4ef9406b19aa084f267,07685747704d14bd87bafa129944cdad6b959678bef898e8c3e94a8beda2aada
946,lh-75-1146.jpg,75-1146,jpg,139275,136.0 KB,1104,1386,1.53,L,ebf2af5ea37a721e1f6db7385fb264e6,a539dc7547636124ab251390ed4fbc731f79e0e0f21ef4f78213d9d364480e31
947,lh-75-1147.jpg,75-1147,jpg,185259,180.9 KB,1410,1092,1.54,L,e8c28f24d81599fc0621352a69609f80,f1c5b8f400a26e280bcae47064a81caaca20ebcbea0aead84700ec1dcd57ad80
948,lh-75-1148.jpg,75-1148,jpg,113496,110.8 KB,1416,1074,1.52,L,df33d4028e2e8b3bfcc48b4b8030033b,1acd1512bfab59e91a447210bcbf73cb1f11bdbe5bfd7f6fd884071b23e45345
949,lh-75-1149.jpg,75-1149,jpg,176170,172.0 KB,1361,1038,1.41,L,ea0309a36d058a9ede12e6b9289ce5b2,75605903a4f0dae8988d03c25cd8eca595f9d2a6094582676a41a0ceaf9ae795
950,lh-75-1151.jpg,75-1151,jpg,225834,220.5 KB,1398,1056,1.48,L,f5ede8272b8171cc3fe3407b3c35f3a9,a2a155c296bdb3715c39b32fc415d4b74945f8c48cc22ee6ea78467d7e1aa236
951,lh-75-1152.jpg,75-1152,jpg,256374,250.4 KB,1362,1062,1.45,L,d3db1420cdcbae9b55a3e5dee49fe361,ec280eb02a9a00b3401e682f28fd6b96ce6fdbe9342fe5513d6fe20e59b9b74e
952,lh-75-1153.jpg,75-1153,jpg,170084,166.1 KB,1398,1086,1.52,L,7b90ebe2db6b4598920edd600268966f,b873a5efddc7ace2029e409362231a458329aae93bed67ab804d433f5d888a3a
953,lh-75-1154.jpg,75-1154,jpg,187448,183.1 KB,1356,1062,1.44,L,cd7da2b4670fc7b7e402f5ee62b1caef,ee9216240b70f12241fcc6f3f0c6671f53b2642d592e13095b9570531e15fc3f
954,lh-75-1155.jpg,75-1155,jpg,233184,227.7 KB,1343,996,1.34,L,413820dbc2e1935008368842138f1d20,6ad76fb007bd8fc99321fdbe1e3bc59176d075d9cc5bd39a0f7ecaba00b388ec
955,lh-75-1156.jpg,75-1156,jpg,119843,117.0 KB,1062,1386,1.47,L,25630361f00fca88d5ce56a9f758c94b,41f248ca12616948f7d5b5bcd82e1a4a30810ff6e7d8735b3574cc53f753ffda
956,lh-75-1157.jpg,75-1157,jpg,184710,180.4 KB,1385,1074,1.49,L,4c469b35cbf5d1e6d3116a8770e026fb,8214d8a04a6aa58276e992980a609b5c8fce71f01e1061d7da270c088e6fe2cf
957,lh-75-1158.jpg,75-1158,jpg,86547,84.5 KB,1404,1074,1.51,L,8998667f8d01eaaa36cf566540caa3e6,f38a81c416690abb0e2f469b0faec5311910374cf2c47087acb553f1cf40a4f7
958,lh-75-1159.jpg,75-1159,jpg,219373,214.2 KB,1374,930,1.28,L,4e76d9c0556fb491923a581e4e8f01d1,f982a2fde9959512bf2c3866ed71d9705592ef3813dccea390b3d95ad7899c6d
959,lh-75-1160.jpg,75-1160,jpg,183160,178.9 KB,924,1368,1.26,L,68bb225bf77ba103a674e4b0f45914d0,a210b87114d9e0b4d08cd5a820de4c796b616ee96704a41e3dc647005b5462d3
960,lh-75-1161.jpg,75-1161,jpg,221436,216.2 KB,1301,864,1.12,L,20766a42ba50cb206047a2be626708b4,3eefb8191853ab442cf3a21f183d20f17260f0b196513afd3429c9af6304aa15
961,lh-75-1162.jpg,75-1162,jpg,218964,213.8 KB,875,1308,1.14,L,9fe66d4e56f51d3a589978c392d623ad,9ccb68cfab19fab243e2e4baf3d0e933b4e348312c81e1b3a16a1f265591a9e5
962,lh-75-1163.jpg,75-1163,jpg,238077,232.5 KB,941,1356,1.28,L,6cd2b4c3216d9d23fa50622a68972eca,a1582fb5b84521a1963ca6838081bf24e645e679d3be5686b89353be076aec5c
963,lh-75-1164.jpg,75-1164,jpg,238550,233.0 KB,1314,870,1.14,L,094eb2afa10162bc977da1b1065bd49c,a514002ddffcdd12b0ab34681f4850cda3907115c31dcc5c64bfcfc1781b2e3f
964,lh-75-1165.jpg,75-1165,jpg,180997,176.8 KB,1314,864,1.14,L,99129fe5f3f9654cf9716adee63b0c5f,76195f577b3fc61cbb715a632e7f9f7d86b024bab4fd5d51af597c3924df031f
965,lh-75-1166.jpg,75-1166,jpg,291397,284.6 KB,1374,912,1.25,L,c261c4d0d0e3046fee43d2ac3f1e82d8,0a9eb43725f5aaba520107c5477b5dd74b2edf5819cd89827d02a3e25bd34b05
966,lh-75-1167.jpg,75-1167,jpg,194682,190.1 KB,1314,858,1.13,L,b20f2fd0c44d1d1cb55ec4bafa098438,9b952f5b7065711f264f69985cfa02ff1a75bac1c32788576b3401ebb2faa54b
967,lh-75-1168.jpg,75-1168,jpg,205793,201.0 KB,1379,930,1.28,L,1be5edccf11e553eff5f3bf00cafd5bc,3278d222b0479a322f4fcce6194291ed3abd570ae9359bc919962d81eb51673f
968,lh-75-1169.jpg,75-1169,jpg,180038,175.8 KB,1320,864,1.14,L,471a38509b3c156e54810bf4e3cdc613,e644806ad5ef69a650353d482a57558c189ff5724fe45da57d56abbbe00b6f22
969,lh-75-1170.jpg,75-1170,jpg,221343,216.2 KB,924,1362,1.26,L,94342f49758ee67944c8c74218694c2d,7f0ebacd9eda130dbe0b02f91af68461d5b62e7653bb88b2ed536c7f4fabb77b
970,lh-75-1171.jpg,75-1171,jpg,154833,151.2 KB,1308,822,1.08,L,8786cad797703471d82f8df136d2b21d,e21207ce62d98c66198be856be85cebf46ba387e102ce225e6b41a967a41945c
971,lh-75-1172.jpg,75-1172,jpg,175575,171.5 KB,935,1368,1.28,L,16e18e9297e3972f0678057ffd445727,686e5ae01796fe01af6e77ec0a1b32fb644ca0bde0b11552a7b1c21da5b7412f
972,lh-75-1174.jpg,75-1174,jpg,208002,203.1 KB,1319,864,1.14,L,2bea1e1a1b6723d4b73f23d70dcf95de,6b511a8f1c8c613c12fed388caf34cc54a9cedeade05c77f4e513901d319f87f
973,lh-75-1175.jpg,75-1175,jpg,192348,187.8 KB,1337,858,1.15,L,77406250c11dd92fbe3e72a65e4197fc,69949ad2b81848cb9f3ae9f29abe8f1360cabb979b596556143d100a6b3c7d0c
974,lh-75-1176.jpg,75-1176,jpg,181116,176.9 KB,1235,852,1.05,L,9eac83fee25da412711b3509accf0f8d,649e44d78621652728f2f53c809f3db6d8543bfcf7763edda0d5ba621d2b337d
975,lh-75-1186.jpg,75-1186,jpg,358668,350.3 KB,929,1368,1.27,L,2c1cba6a387a4819d7ecdfdc1150d7c7,18f476dcea5dcc2bad53c22753200b7941f3f6887164ecfb4b54007ae01d2e16
976,lh-75-1187.jpg,75-1187,jpg,262804,256.6 KB,912,1343,1.22,L,f23248d12e35beeabc50db6cd7337e96,0eaab870d2b429b083063e8897709a53a97f6fb69576d2aae098f958b251e7aa
977,lh-75-1188.jpg,75-1188,jpg,275071,268.6 KB,942,1374,1.29,L,ef01c7d21023dbdb9719417f6f13a1d8,c2ec28f18a95d34f0ac0c070726a99cf302956f6129ba5ddfc1b2b593058ea48
978,lh-75-1189.jpg,75-1189,jpg,127464,124.5 KB,924,1356,1.25,L,9fdeda2fb26cdbc9b991471bbfeb6331,03bc24612c71a66965ea5796b1cb62a76971fff86be2ef27cc5d20907ac17b60
979,lh-75-1190.jpg,75-1190,jpg,275656,269.2 KB,941,1368,1.29,L,c03311d3dbb854e5524eb05da023617f,ba30592479c75244c6bceeb962bb8e11ed37807c2f6ccb011d0d19986c2c2765
980,lh-75-1191.jpg,75-1191,jpg,251812,245.9 KB,906,1350,1.22,L,2a20972a11ae60228a8032c3705cf812,fca1538b8a9a4db00a7098349db7ad027fb8d0ae0e7ce9c90a4a564c15a40b38
981,lh-75-1192.jpg,75-1192,jpg,145015,141.6 KB,929,1356,1.26,L,6142e26a44aa694f19cfd8ffd4da2617,19ebef136d6c3ab6457ea587672c1f60ffe5ec4b9eeb00dfef0f23b06e5a0802
982,lh-75-1194.jpg,75-1194,jpg,169170,165.2 KB,930,1362,1.27,L,70daef971ad98d73694a5090ae566c3b,494f0d94ffd275a079f4162f3c24f5cbc40e34bc13e9ec93c7cfe861fe6504d7
983,lh-75-1196.jpg,75-1196,jpg,184101,179.8 KB,1259,774,0.97,L,eb92614b6da8b1af32531b3e91f2ee42,1daee0beb0e5fecf3528b8cdf7d5e3af0ab2eb76307c671a0dcf9cf09042d81b
984,lh-75-1197.jpg,75-1197,jpg,229895,224.5 KB,1391,918,1.28,L,e965c170c5f52959c636b8c0df01849d,d5f8ee36b2803b57a5be8e568be238a47a0b7eb895275fb3868096be75a7c111
985,lh-75-1199.jpg,75-1199,jpg,225480,220.2 KB,942,1374,1.29,L,3daf76ff07600515a6c4f956553c3f85,6cf20f80645bc11867be0bce920f807197ab6d03370194d87a58ecda7c6e3159
986,lh-75-1200.jpg,75-1200,jpg,200472,195.8 KB,941,1374,1.29,L,e3b1e1b5018fab59b254decf09cae8cd,cab3619a4d23f4859eaa7c7fa821472a35fbf416bfa32183c5f08bf3a75764ce
987,lh-75-1201.jpg,75-1201,jpg,309023,301.8 KB,1367,905,1.24,L,0317ba33805b9ce2ea3228337a6521ed,b2850559578df5874de7e5da6448082258b114fd8feb4a09c4fa86f7e097dc99
988,lh-75-1202.jpg,75-1202,jpg,211811,206.8 KB,1343,900,1.21,L,cee8741771930a55db87b2a2db05dada,d291d665d928bed1ad8e91d711bc268bfd27ca645581fa70144715c1deba321f
989,lh-75-1203.jpg,75-1203,jpg,169064,165.1 KB,1361,918,1.25,L,34adb3c6d78366ca2cd071853a1e7604,4fa56c1f5974e7eb6575f9de1770e31b4017070a5ac34da0efad9a1f0080024a
990,lh-75-1204.jpg,75-1204,jpg,167473,163.5 KB,1380,924,1.28,L,098026972717dc78a671b655b505d007,77e9bc871ca4ccbf241dee88e1ad7b1e210ab5bd2feac944e513d122ab998ffb
991,lh-75-1205.jpg,75-1205,jpg,173523,169.5 KB,1314,858,1.13,L,eb34cccae1a067f8d62b365424a047e3,24db667f618de51dd8ce06103c2942cdddcf755d23864d7e229851b3013904fe
992,lh-75-1206.jpg,75-1206,jpg,192915,188.4 KB,1295,840,1.09,L,3c784530c492f9fc09f9ab135bc3397f,e748552ba6c61edad36bf5c95e0c4ba60a2152f1069c942f56f8bd38658db3a8
993,lh-75-1207.jpg,75-1207,jpg,137592,134.4 KB,1308,858,1.12,L,9ac874a5be3ef8d48aad300f4614226c,434b7e0007bd0892e8c27297e16e5281cf80fb303d9fd46a6f7f839fd381dcb6
994,lh-75-1208.jpg,75-1208,jpg,204950,200.1 KB,1433,918,1.32,L,238e82351c6eed628f8680c553551faf,3fa1f06d239db22bde3c9ad1e31d59b03fb27dae1cccd9f8deb846c6259f1add
995,lh-75-1209.jpg,75-1209,jpg,174937,170.8 KB,1314,852,1.12,L,3cd3c53c42c1be1ca228a1be235cad85,17d4f023840248d8608067cb1f76a677e7664aedecfc3817184342b92fa805f1
996,lh-75-1210.jpg,75-1210,jpg,189902,185.5 KB,1308,858,1.12,L,e9f3b62affcc2be6eef3ec00abdeaeb3,e8593a20f5df7b96b84510cfbe07f83c1b63e432bef79756592e09a09f557511
997,lh-75-1211.jpg,75-1211,jpg,212908,207.9 KB,1385,912,1.26,L,ff12b6f2032054afcb84267cda1ae74c,e47410dd815e0f8c4282cca7289085aee9d48e216d20cd34513a072ee9eae97b
998,lh-75-1212.jpg,75-1212,jpg,144576,141.2 KB,1325,852,1.13,L,c93cc8600c786150e1e8d2fa56dd28ce,dc07c32e5a8d3a2961e1e17b4380baa14902d32e3531f04c9cdb11df57612504
999,lh-75-1213.jpg,75-1213,jpg,163716,159.9 KB,1314,858,1.13,L,9e3204ccda5234b5a701b9995fe4b028,37bf467b3aae9123661f3619b4bdcdc9d4eb469fd84323acf038142aade4102a
1000,lh-75-1214.jpg,75-1214,jpg,192025,187.5 KB,1350,900,1.22,L,254b17810e28025efc9904b9f2939664,68138ac2e254ddd03c2232914363e02f8f5fc56d8fbf1b4bf3ab5d6e5a0ef2d9
1001,lh-75-1215.jpg,75-1215,jpg,179942,175.7 KB,1308,858,1.12,L,1b728f3db40859d7f12270cfc3fb71a6,c75991f8850aa7dd33358b38bd54c1a903bf9512080ba1af612f8b8a6ce9f8b8
1002,lh-75-1216.jpg,75-1216,jpg,200354,195.7 KB,1314,852,1.12,L,53015fc3b35a7436d6a4f853190c1f75,7a93c96655dd3547298327659459437e758f62960aacde54f4caeb32dd5894b5
1003,lh-75-1217.jpg,75-1217,jpg,231669,226.2 KB,1385,876,1.21,L,fabbb58887b799cd3e37b72038798621,7cf1bee209b16b9213dab16d11c815ead423fd39fe00adee658f8e6593d4826e
1004,lh-75-1218.jpg,75-1218,jpg,221487,216.3 KB,1319,852,1.12,L,4bcb73b339e4405ac82311ffa575d8e8,e0b0240c971e63c43bdce11622f06fbc3ccde39904347ee3c2d38a91ce995a70
1005,lh-75-1219.jpg,75-1219,jpg,111708,109.1 KB,1320,876,1.16,L,4c9ce8668f5e7c66f95fb7b9b791a476,3bd001b196074e34124c070e8efc4ee62671f3f1a7cd840adefea849f6dec96b
1006,lh-75-1220.jpg,75-1220,jpg,148229,144.8 KB,1374,912,1.25,L,351e29955c14a64d45784f16d22e7675,c5e39824db52c8800b5f38191387849384030172bd034b6b3bc3bf1e493d4256
1007,lh-75-1221.jpg,75-1221,jpg,138402,135.2 KB,1332,858,1.14,L,dc83382a28aa724f2b8302469abe5de8,0487db2add914266253c5122446921f5ccccf832bc0fb637caa6fb738ae141a7
1008,lh-75-1222.jpg,75-1222,jpg,112260,109.6 KB,1392,912,1.27,L,68ef3380da8f770ea124eb497481876b,50a182bd9ff52fe620e0a88d5ebd540959f810a7a3b940ad1a862689b581f3dc
1009,lh-75-1223.jpg,75-1223,jpg,117588,114.8 KB,1308,858,1.12,L,ee6e7c9e919b1430ad112197552a452a,63fa7d3c8b1ac8c4dc530e0cce797e439e9f82f314476e42ae18c25aa30ddaea
1010,lh-75-1224.jpg,75-1224,jpg,118090,115.3 KB,1308,864,1.13,L,935c78c2cd49c980fcdc31b24bc3a281,021a9efc5a00a8a3e9b8e334d7735c53418b0dc6c9e27079b6739af7ee095f72
1011,lh-75-1225.jpg,75-1225,jpg,126453,123.5 KB,1260,852,1.07,L,90066d7f8d787341bb0d01f4b77f600c,af1d8a6f4ad4ee44940815ee6b40515cc0057673dd28707b53a58a288b29830d
1012,lh-75-1226.jpg,75-1226,jpg,149986,146.5 KB,1380,905,1.25,L,5ec048401487bb69f56f2f04414e9068,3c8475020f525dc8deea54ad883a22469b09ddb8a5affb3eda864e38fbdc472e
1013,lh-75-1227.jpg,75-1227,jpg,134057,130.9 KB,1319,852,1.12,L,e8c5df17dfeb33720b695cce9b907bdc,56441bf29c77759b6c20e5f39ea371311932c3c49d595260898a6397a5de0f1b
1014,lh-75-1228.jpg,75-1228,jpg,144113,140.7 KB,1356,900,1.22,L,8af94296324e5c95eba16a49c24edf0e,8e9915cdd4da3f8faa0eb511ae780f73273c2d70c252135c0af654d695425459
1015,lh-75-1229.jpg,75-1229,jpg,150132,146.6 KB,1308,833,1.09,L,d9e5dc4c89364760c83c504c5e69d67d,b6e8a73da0a3ca6e79b009550905000a8bc1a7156766dec2b3abe2a7d0b84cfe
1016,lh-75-1230.jpg,75-1230,jpg,102567,100.2 KB,1367,912,1.25,L,274e3147bdfcba8533c92722a5dd5177,0fac8eac0646c0133c7dddcb834b4268c901fcf383b10504b491e420e52f880a
1017,lh-75-1231.jpg,75-1231,jpg,125496,122.6 KB,1361,912,1.24,L,95692595de0ee20730c0a663def4d9af,f6a48dc630f6406d23c13b032f08a584c236fcbc4b30fba91870d6873245abb3
1018,lh-75-1232.jpg,75-1232,jpg,165213,161.3 KB,1325,846,1.12,L,8ff455b04dea24f9d86862c080e9c37d,a5fb9b575825e1d61926a3a9008ff33060440817eb1a67745e8d75aba3fe7811
1019,lh-75-1233.jpg,75-1233,jpg,163344,159.5 KB,1476,912,1.35,L,1bf51389ba5603341b5dc02f935e8c4d,b85265ef73a415892bf9f454262c0bc64ed510694cf4db0466332049d70bf3cb
1020,lh-75-1234.jpg,75-1234,jpg,136979,133.8 KB,1319,858,1.13,L,ac0c32e373f17fbdc3409a413237e05c,888cf69045085f6391e92473d18955e29ab10a796dc2970214bd70bba875c87c
1021,lh-75-1235.jpg,75-1235,jpg,236643,231.1 KB,1320,864,1.14,L,fe4a1437674975ee4e894081c6ed6373,21d4ed9f0facba563e7c90cfbc159cbd4f7e189a77dc29b87760637367654ce8
1022,lh-75-1236.jpg,75-1236,jpg,177616,173.5 KB,1368,930,1.27,L,e705828f04ff0e8db2465ae2bbeef8fe,c0711aed31ea7b0a499d3f01fc1b0b122a4ec49371c62f57baf4d9389c505563
1023,lh-75-1237.jpg,75-1237,jpg,164920,161.1 KB,1290,840,1.08,L,fa1318f9f64e939ce3e4077e803c53de,71bfd9b49ab62e5e682755c5413cf8ab5ae30746ed8e748c3fceb8e4dee9a13d
1024,lh-75-1238.jpg,75-1238,jpg,152291,148.7 KB,1308,864,1.13,L,107300fb05edf4a2e04b675041f40fd3,8b8e28e211fab57c5fe5a83f3d6656a08ca63a0730732bf7b55b45dac76dc2d7
1025,lh-75-1239.jpg,75-1239,jpg,241464,235.8 KB,1386,930,1.29,L,14a458503c7539b4ac1272eaf55e2749,7ee787868ffc7c74776adbbbf342c6959251a75d19ccad0d82e4d3a6ceb1c36a
1026,lh-75-1240.jpg,75-1240,jpg,241559,235.9 KB,894,1362,1.22,L,2df56edb6a04ff28ae4a365ac4c39cc7,2e740846001f73b481b58cb305b0b7e37822c656d9c384ec158102abe3de3c30
1027,lh-75-1241.jpg,75-1241,jpg,233455,228.0 KB,935,1368,1.28,L,6c6e6497a76a61a0110bd309ae2473ec,52e039295afc26156283e5c5f8d9e374bd4684508e9e5e20f63c8a1f2130c968
1028,lh-75-1242.jpg,75-1242,jpg,134298,131.2 KB,1308,852,1.11,L,bb8fa543421f7571e9b17d5e92e57a08,a43f2674945a3053bcc07c8efc2239096c59c178012fc6e846da2ea61a87f005
1029,lh-75-1243.jpg,75-1243,jpg,226273,221.0 KB,935,1362,1.27,L,e8531982397f67c0f168f7d86a496faf,9179d0611f384bf4a4e31a31112decff66e15afaf4956ad0d445e3f237302ae5
1030,lh-75-1244.jpg,75-1244,jpg,279336,272.8 KB,1368,1044,1.43,L,9c18c553edf8c8e850a263900e039f97,c28182606abc9062edca9bf8cf469959308792ab37bdc22012974ca5d71d8bff
1031,lh-75-1246.jpg,75-1246,jpg,185928,181.6 KB,1391,858,1.19,L,de8676693a35a31ef4b6218bf23b1c6a,f290e375b3a296cf0292323f56824caf8888d64c203990a90d67954984ad8fe5
1032,lh-75-1247.jpg,75-1247,jpg,159060,155.3 KB,1302,834,1.09,L,f941504da2c3cadabf39be5158b986d7,201593c0a97fa825f946d64b1b1f0dc882bc6e348e1a32894d94578058722a0e
1033,lh-75-1248.jpg,75-1248,jpg,153756,150.2 KB,1296,768,1,L,0ef9547af1eef94e60c30bc46ec5e179,0faab43004ed9b015e10ea8e6db5be5c7c88ad9c14727a7c51b8d6ab3a1d065d
1034,lh-75-1250.jpg,75-1250,jpg,244631,238.9 KB,941,1368,1.29,L,31cb94572249b64cbb4a60cce5323b53,ddc88aa192d1631e067c8ca618c712164ac87a81424c02fbe4307c32ffb7f554
1035,lh-75-1251.jpg,75-1251,jpg,153559,150.0 KB,1392,906,1.26,L,c055704b669bd8c0b2d73bed1eae60f6,ae6d17ca2750d1c2b4eca70044dd3e9402165bcff79f782e4aa0d92785972adb
1036,lh-75-1252.jpg,75-1252,jpg,185283,180.9 KB,1296,846,1.1,L,73d0edd2f3965e3aff2c163cc1e610a8,1f488fcf009565be8d15c7c7147b4034be71c804e3dfbab6a85d2e17588e914f
1037,lh-75-1253.jpg,75-1253,jpg,168793,164.8 KB,942,1374,1.29,L,b104c4a9b78502ea926e4750d97f5205,579189067ead065b0dcf3446a21de0051d79905b720f61e7f5124a9a4a17e5a4
1038,lh-75-1254.jpg,75-1254,jpg,174540,170.4 KB,1314,864,1.14,L,fe882d0e3396b3edfc6cf60964d019bd,cadb94cdbae52ef431326b0f69a6332e9ab1d8665eb684ecdba1fe43bd4f88c2
1039,lh-75-1255.jpg,75-1255,jpg,184432,180.1 KB,1368,912,1.25,L,7a05ee387747985a7b018aa371e89b47,2473aa21c9d542d89313f0f75a5caadfad5edc449404669da3f15843c9fbebf9
1040,lh-75-1256.jpg,75-1256,jpg,160610,156.8 KB,1332,840,1.12,L,e9c92aee6448a467a8c3d299b9ad3d7d,ac143b252a8fc04093a3300870ddde8e6d990dc8a792149a148edbcf31b528bc
1041,lh-75-1257.jpg,75-1257,jpg,186039,181.7 KB,1326,858,1.14,L,3f1d884720c92a2de74e1d4023908145,a72ac6f26a0a056076f1652e8ae40609740fe861c30dd22d451dbf11020b8cd3
1042,lh-75-1258.jpg,75-1258,jpg,206627,201.8 KB,870,1308,1.14,L,6922b9cc61a35c880075a74a33c5e4d2,17da20a8c7424e24c1a05500fdf31dc322a342597ea6e3a8f77672711dc595ad
1043,lh-75-1259.jpg,75-1259,jpg,169504,165.5 KB,1374,924,1.27,L,edd296157a03a63997ee574d72074cb4,6b5a5fc028f8fce3478ce5143c0614e5aa79ce576c38affe42d1821d6764b873
1044,lh-75-1260.jpg,75-1260,jpg,101917,99.5 KB,1236,780,0.96,L,f66735c58f060cf636196278193130c4,a3f1985301898129723a048c3ee70bc81697a8d7718a5c90e4b54d3dd07e06a8
1045,lh-75-1261.jpg,75-1261,jpg,167447,163.5 KB,1319,840,1.11,L,e2aef3c7330c7a482c610633d43232c7,baa17e092b1658889eb91a8c2df3222f782d10f9d2bd32ab9debb357634c665c
1046,lh-75-1262.jpg,75-1262,jpg,134049,130.9 KB,1284,846,1.09,L,81359429c6bfcfa69b4634e28b2fdbd7,ef934d6b3dcc0444dad13bc1f5386237b4f43c0ca55b84353ccf08cab51a2535
1047,lh-75-1263.jpg,75-1263,jpg,204733,199.9 KB,1385,912,1.26,L,539139b2c4a49889ef2014a3c2f3f2a1,d1598e6ebd050c29980bdce03520f00fb38ef1416b49d1ec948936a0b7bc29fd
1048,lh-75-1264.jpg,75-1264,jpg,162124,158.3 KB,858,1308,1.12,L,ccfa36e992dd2bac0ed484cc54d22512,77d18c978a0e51c41a3510556d5b5e8d209c560175eff34b3c2b163492f662b6
1049,lh-75-1265.jpg,75-1265,jpg,160138,156.4 KB,1319,864,1.14,L,2c0b4b12a5223258457117da3ff5943d,211bbe25546407ee501af62ee6347a6699afe9e52af576ed11651e56ba9182dc
1050,lh-75-1266.jpg,75-1266,jpg,167758,163.8 KB,941,1368,1.29,L,11a6825aea4ef92908422e5117946f73,36fcf51874c37ebd72a120d21d5bf2bf4e311c8ca1809d2ecee6cc98eaa24b09
1051,lh-75-1267.jpg,75-1267,jpg,274426,268.0 KB,942,1380,1.3,L,0b4ed9a0cacf896d0269949926346c69,4a2e9e53b39a3d3dfbc2488e7be0cede53ddc1bd2bdc2072aff9f099dec6aae8
1052,lh-75-1268.jpg,75-1268,jpg,208186,203.3 KB,912,1289,1.18,L,bcfd3d6726b93628c61554fff52e456c,30804acf6e552db500c9373f0390ebe76e676acbf69bd7003b31100caee5157b
1053,lh-75-1269.jpg,75-1269,jpg,284609,277.9 KB,912,1397,1.27,L,63801ef3ff5381d41810d348d18e009b,689823570e6c8382dfb109eef14a339cd394f917936799919591c7b4a54dc248
1054,lh-75-1270.jpg,75-1270,jpg,222591,217.4 KB,917,1343,1.23,L,c2b757e50d91cdbd34590631f4124e6e,385bbd56d475713243a5ec9367d8a23974a60411010c23e555691ff033e25402
1055,lh-75-1271.jpg,75-1271,jpg,173003,168.9 KB,1320,906,1.2,L,5855ad19100af4cfa38d31d01b8436dc,e74bba2143b6ee3eee32a9a00d9af2f8ef35820b4e51f606b8a12298256b9fb0
1056,lh-75-1272.jpg,75-1272,jpg,178244,174.1 KB,1380,924,1.28,L,750957c65c49204c44801b6f8c606c49,8a3e355474565cbfb3f9dcc6fc764ac9cbe4077f4ff91cced646f3207e44b863
1057,lh-75-1273.jpg,75-1273,jpg,137685,134.5 KB,1374,888,1.22,L,d7e58fdbf73e0ec5b7dd01927cd135e8,9773aefbbe242537e512dd32c5c60baadf0660aa464ea439c21f5112cc349948
1058,lh-75-1274.jpg,75-1274,jpg,128398,125.4 KB,1368,888,1.21,L,f4ddca305c20ebc936aeb1d3bc1053fb,fd18249fa1712f691757876ddab57ba39990d0bc9121f8d1974ea0755773478b
1059,lh-75-1275.jpg,75-1275,jpg,150152,146.6 KB,1392,924,1.29,L,2d39e96012458ea460d7661a9a4a8565,de32e577e79288ccc366a76eb7a0d182076580d3ddf06b488c5dfa456d358f6f
1060,lh-75-1276.jpg,75-1276,jpg,146434,143.0 KB,1290,834,1.08,L,460541d259b2fb7735e1325f9cb80d84,d9edb873695186463fde2e3083954e1e71ee2ef084d51a632ab13eb5cdd7f74a
1061,lh-75-1277.jpg,75-1277,jpg,189598,185.2 KB,1308,858,1.12,RGB,3716ea2de260f0e843046067b3282363,dd13169a5029fa54bf8b8a9fc80944187634e3c13103713c683fd8e45a2d343a
1062,lh-75-1278.jpg,75-1278,jpg,196114,191.5 KB,1379,930,1.28,L,f39e56e3c017bbb0f9226dc2aef825d1,0ab677f23a1180bfc28fc7ee1cec589e7a543551936eb4d49def20abec4b766f
1063,lh-75-1279.jpg,75-1279,jpg,172493,168.5 KB,1374,918,1.26,L,bdca1006da1588ec4f9c356b16e034bb,84c076dd3c0311a56ba205278eb0afeebf41fb1b1c72d2cb0b0a78f2e01a3b51
1064,lh-75-1281.jpg,75-1281,jpg,142481,139.1 KB,1338,912,1.22,L,a957f1d8cac5252be675b7021f2070b1,105cecf81f9af8eaf59042a13bc4bfcdc491d72d4d80731557ab51f65cf9ddd8
1065,lh-75-1282.jpg,75-1282,jpg,181213,177.0 KB,1416,1074,1.52,L,938c43332764a9c9c09a0d183516afca,9a4c543e248f72f15440a2535f9e96209fd2e556422a5fb8c85bddb650c4f74a
1066,lh-75-1285.jpg,75-1285,jpg,173820,169.7 KB,1325,858,1.14,RGB,b43a632f04285d5ef1260097215116e8,570d6f966b577fecbfdd79d0c38b97c5e490f79c37d11f7fd6924db2fa93dc24
1067,lh-75-1287.jpg,75-1287,jpg,133968,130.8 KB,1380,918,1.27,L,e006d54273b609a2acb11f1f8485c325,a737ade8948e52a32d8a4be95ee549e50d3f231c1436eccce1e430b5acab7cd1
1068,lh-75-1288.jpg,75-1288,jpg,161221,157.4 KB,1308,858,1.12,L,fa92bcc6e919d2a8d6da89d8afd681ae,a3174033e90b962a20f5c7f9478cb3623a49207e80b15ee14a9d0f07bd8dab07
1069,lh-75-1290.jpg,75-1290,jpg,153711,150.1 KB,1350,906,1.22,L,93f0b9eddc9c15de8cc4badb57965071,80e8517ee37504d3473a64d3e10d485c9bf373474cc8dead8979120c598d169a
1070,lh-75-1291.jpg,75-1291,jpg,144928,141.5 KB,1398,924,1.29,L,7193345906ea822819f30edcd0b3eb50,d7aab46bff810ded8db8c90e2c3a836046a9d126d4eecc679b5aaea183d67b76
1071,lh-75-1292.jpg,75-1292,jpg,136236,133.0 KB,1320,816,1.08,L,df0e4dbf768ff2d8a918ebf0c80f57ee,629561ca2019a7ba593de061364794b54a3af06f00e4fd5c9905e03b295045b7
1072,lh-75-1293.jpg,75-1293,jpg,138050,134.8 KB,935,1362,1.27,L,cd27ee9a99bdaff4c4a28a4950b6ec68,ff149691b319b3ae15ee7f5cfa605b7226d759ccb5a60780e5150473424ebc23
1073,lh-75-1294.jpg,75-1294,jpg,199701,195.0 KB,1314,858,1.13,L,ab52b253f1573f439879ba33cd94d302,cbc70b855e48c81e65c4f0c4db9a8121a6550ee80033f476ac1bcee12d8cf774
1074,lh-75-1295.jpg,75-1295,jpg,233890,228.4 KB,930,1368,1.27,RGB,b659033e7725ccf36c176f55d1f41939,d609b33a98affde76e2757cd0a836fcc7191dc2d71626e16ed06b87b93a40493
1075,lh-75-1296.jpg,75-1296,jpg,177769,173.6 KB,1290,804,1.04,L,9397a37317b454b14a2ae85e456b8b6f,d798261bb9600697c54378e1c0e1f1b30c595de1682c9a0e9568a0e7a5d13f49
1076,lh-75-1297.jpg,75-1297,jpg,167098,163.2 KB,1284,852,1.09,L,5492fa91dcd8fce2dfae15be477bd534,8d8e8a9d372d2635bbf3305a351e47c8829659baefd7e190c22b08299055f33e
1077,lh-75-1298.jpg,75-1298,jpg,146381,143.0 KB,1260,863,1.09,L,435698229030dc191086c95cce7764c1,89e73ddac9b642ebb4563e293ba08a59f75389c622804ed1ed7bf45a372c9cb7
1078,lh-75-1299.jpg,75-1299,jpg,212548,207.6 KB,1386,918,1.27,L,3e4029f2493b49693cbc3622fc8bce74,a0d44e6fe58d65f9bbf5c2458ec73aefc31e1c87fb66f9224bc29c628ec8e97d
1079,lh-75-1300.jpg,75-1300,jpg,234065,228.6 KB,1416,875,1.24,L,16656616722de6ba1f956e963b37a754,eeb5ef3bf2693be0558a32f57bf395f0c4adf7390a1392f1cd259f43ed0a5241
1080,lh-75-1301.jpg,75-1301,jpg,167142,163.2 KB,1248,894,1.12,L,2791fce9a590e92a16bd656f7fd91649,61837a8bf358df42730746aab5d5d7aa675207e72412531d87b7c634ece2df03
1081,lh-75-1302.jpg,75-1302,jpg,232603,227.2 KB,1379,996,1.37,L,eef8c9ebcbf85695451fe0f49ef0925e,508b5ce7a987f73d5d9fc888edc12c3a06b0e19f962079f7b11a371d0c75a919
1082,lh-75-1303.jpg,75-1303,jpg,165172,161.3 KB,1350,852,1.15,L,e29b7e9b4b98b419895f2a92f7f3e55c,ae14b8d978d8b2c6ec35187820b2cc9263bedb8be3c2b1eeca28a97c62dd03b8
1083,lh-75-1304.jpg,75-1304,jpg,139768,136.5 KB,1356,942,1.28,L,6e07a260ce5e69d8c3493bef4be994a5,d7865212bfdc8d58f1a9a0baf7a0f9d86abf5282999ef2fc8d47d9931eaa9fde
1084,lh-75-1305.jpg,75-1305,jpg,107922,105.4 KB,1326,888,1.18,L,9a17874173dfab3f23bba8ed566e894d,7bb1298b7514caa41a907d94121010d8a22fda1c50c7d4cbac72e98703f778f8
1085,lh-75-1306.jpg,75-1306,jpg,223794,218.5 KB,1080,1410,1.52,L,a44dad0f2d57ae629fb6abcf0113c2a5,6f246ea8987a679da731ffca8d8d46509e2e16932453f507f6269e1238ed8e5b
1086,lh-75-1307.jpg,75-1307,jpg,181313,177.1 KB,1326,948,1.26,L,b792222636aeef01f358cbe218999150,33400b525ac88f685d053edcc5b7380c5f50412b2409e84445092fe653fec71b
1087,lh-75-1308.jpg,75-1308,jpg,181057,176.8 KB,1320,882,1.16,L,19be5a1f60f63e631bf63e6693aaf03b,8d6ba57795e36051f4e1e4765e6f572807887f501204d498604696d1bc082447
1088,lh-75-1309.jpg,75-1309,jpg,186779,182.4 KB,1356,996,1.35,L,d60ea89a63bd4b396224e630b630cfe4,4de87d8416db3d47009362e856930060d62713a5141ceefefc15865af77aaadb
1089,lh-75-1311.jpg,75-1311,jpg,186304,181.9 KB,1367,996,1.36,L,69ec40f85f25c97a3b16c52bd0ac22ff,f7426799783f924c068fbc8b41d35890566ba78011259367885880515a96a8fa
1090,lh-75-1312.jpg,75-1312,jpg,226807,221.5 KB,1325,858,1.14,L,2523cf36c798b61a808fb400a46d8b84,3ffb2c716b0b6bddaff983b8ee6cdb5cdaadf274ed0a30fe5d1c50425a201ddf
1091,lh-75-1313.jpg,75-1313,jpg,145793,142.4 KB,1110,858,0.95,L,aac5411064faacbe38c27393aa7b96ad,4b0f7cc4d47fabcda877df332b8027bdbe3d6f9602690f229a1a9966e8a1859b
1092,lh-75-1314.jpg,75-1314,jpg,172547,168.5 KB,929,1464,1.36,L,077c909331dfac79939991d9af5b01a4,640aa463b37d7962e467df5e97bd029dbf1d321995a4422439ed0a2e23618c5e
1093,lh-75-1315.jpg,75-1315,jpg,173039,169.0 KB,869,1338,1.16,L,d8b0d4123cbe3a3ab7a699d181639572,ecef94a9cac5489f313afcc969db077507a4b367d2589526a0d58b506829be37
1094,lh-75-1316.jpg,75-1316,jpg,185581,181.2 KB,1320,888,1.17,L,5609dfb2db00a991b8ff5017045b522c,d1f7b54653496c0fbebc183c572e2efb2b5b52fccb8fca7bc73742685b862ec5
1095,lh-75-1317.jpg,75-1317,jpg,211688,206.7 KB,1374,996,1.37,L,5f0bdd4bd492caec76531f5fdb5ede98,3af0f29620241aea5dd16fc9ecebedc22ee13b7c1714c1b1654ccb008ee41f26
1096,lh-75-1319.jpg,75-1319,jpg,188739,184.3 KB,1368,888,1.21,L,10bbfd8de2fd335f70b7e57245896195,38ea04f440c83a08680b300113d8ed1950a2073ebf4d8c624cd103e3f43659c3
1097,lh-75-1320.jpg,75-1320,jpg,184017,179.7 KB,1392,930,1.29,L,d5be5924fa25caa2488b3ab46dc4e382,db90cf77606bbd0f211e90727f785ea5eb227b0ca0e11df097cabdbbdd4cf16e
1098,lh-75-1321.jpg,75-1321,jpg,223378,218.1 KB,1325,894,1.18,L,4a54348da444f647f6cb3430add1a5b2,0a222d6ed6c58a0d760be6b175e6e4b94eff6fbde854bc0d18bb5bfe04e93536
1099,lh-75-1322.jpg,75-1322,jpg,212793,207.8 KB,1290,888,1.15,L,c0781ee81dc7643a3d5a863ca4e0ec47,3a935e402c192458d80a31f9a49546507238768ede4a2708abaf7b04e95ceede
1100,lh-75-1323.jpg,75-1323,jpg,215693,210.6 KB,1314,882,1.16,L,536cfbcee349e88cd614819156cbe599,308523281b1fa0c5477ddf59204c6d6b24b7797b15810ad6f55a97f8ebefda3d
1101,lh-75-1324.jpg,75-1324,jpg,185300,181.0 KB,1368,930,1.27,L,7eee11f2a285be90f1d18bb97f1aff76,7da3c5ab313d4accc11995efec80358be5de20a3c038cc902b448a5febb4c98d
1102,lh-75-1325.jpg,75-1325,jpg,238493,232.9 KB,1314,888,1.17,L,08cd172a573080436ebf0ab42133b230,a88a453702c8d58027f1449f2a9f581b6ab49aa3b6d58041b26fddd74060c58f
1103,lh-75-1326.jpg,75-1326,jpg,237463,231.9 KB,1367,990,1.35,L,b7b51c1650ff8f7a028eebd1c58954d9,c71152368439cfc1a047b8b2277e1760d30797860386de43077ab1ff0e6edf72
1104,lh-75-1327.jpg,75-1327,jpg,190133,185.7 KB,1344,924,1.24,L,e959807a7304fd81df44d60118e8d531,337802cee6479032905965a7da08ff71543201061e0a589a3e830beaf8a92736
1105,lh-75-1328.jpg,75-1328,jpg,195940,191.3 KB,1380,1008,1.39,L,474783c5acd2604476ff5cce1ddb3edd,6208a95f6be82a747ff9fedbfd6b36092ffdbac64595877eb8356d645e198389
1106,lh-75-1329.jpg,75-1329,jpg,171950,167.9 KB,1386,996,1.38,L,2ceee9a9d3c304c48e0c296fdbd0856a,310a767614dbc7721a0eaa3af51026ab7728ae71c0f88ccca8f9107b296a1367
1107,lh-75-1330.jpg,75-1330,jpg,211525,206.6 KB,1332,1014,1.35,L,c3177727bf40dac9bc6320156184c1e3,7717fd7693eda9a4f53732dd2e453422b9fa09c108aaff5c3b1fb9d0aac9f7e7
1108,lh-75-1331.jpg,75-1331,jpg,152536,149.0 KB,1356,888,1.2,L,09a50612375dd6e03968ca79c002cbcf,2b169e01612931d211493f789e48fbcbebf37f77fe132d2d29234a7a9368ae5c
1109,lh-75-1332.jpg,75-1332,jpg,155164,151.5 KB,1344,942,1.27,L,2be1fe161965ca87805a34c2154fd470,c1c77d9fbcdac16edbe59c080cbbdc1515e29f84b56ae2d5a94a14f5d1473d98
1110,lh-75-1333.jpg,75-1333,jpg,183438,179.1 KB,1368,888,1.21,L,15938e688457bede5c3df1431a279e23,09d000d6690edcde1d2a5af991d7033f86d6815ec61ed0885594618f607d6558
1111,lh-75-1334.jpg,75-1334,jpg,160269,156.5 KB,1350,978,1.32,L,55516a059ebb4418160702bd29be179e,37712655a4b4c67b35ebe683fb0c9af7e9fecd17228b20bfa4f75e6cde2a8bc5
1112,lh-75-1335.jpg,75-1335,jpg,175756,171.6 KB,1308,888,1.16,L,b0c57e89821e183a5dcb287c1f7bd5b8,2010be47fd2e01f86d2b13e78d6559cf3851e6f5f240c964092086011c097c6a
1113,lh-75-1336.jpg,75-1336,jpg,210142,205.2 KB,1319,894,1.18,L,c0e875f8cf2cd4228e593e2d22ac7d7a,6b7eaee7262f788bd244acc475474aff5781fdefe8cbacf71ea4930f38f08bb9
1114,lh-75-1338.jpg,75-1338,jpg,187829,183.4 KB,1368,1002,1.37,L,bde8a2de70d6d510c98c7962801938cf,c6d810cd61b1f2f954a222fcb3b82adec1348cbb0ebfb57ad1b8631f96c6b3f9
1115,lh-75-1339.jpg,75-1339,jpg,206343,201.5 KB,1344,990,1.33,L,0c97652d01dd170437f7386fef3cc5a5,c8504df61dee271e9f53609fa23eaf79fb7cefe0c7cec3a44699b29d94cf6e7b
1116,lh-75-1340.jpg,75-1340,jpg,204050,199.3 KB,1319,887,1.17,L,0ae2e3f4e95e308a96f04bd69aa67b38,cb237f0809054296d27d98e9f7b2363b7c5790ea7d9147a8dcb229f5369f7e18
1117,lh-75-1341.jpg,75-1341,jpg,197929,193.3 KB,1356,996,1.35,L,5d913fa69a95c473459c1b796f118e92,198fa4dd4a244f91f5017990ca61a63a719c484e9a6ae73a994acc9c89f37e05
1118,lh-75-1342.jpg,75-1342,jpg,209569,204.7 KB,1338,978,1.31,L,951e98ce90a0ce10f6b0885a7eb5f26f,c1626f1444a7da9b10ccd7ce6a5caf34f790678e47636828725201bd1b01bec4
1119,lh-75-1343.jpg,75-1343,jpg,208478,203.6 KB,1319,888,1.17,L,a03e6e39bfd3702b5d546e4cf83a6688,4cc47ac142286a49a253642bc86844f8f644c27dd2feaa5f9db04e7eb0d47337
1120,lh-75-1344.jpg,75-1344,jpg,188080,183.7 KB,1350,996,1.34,L,1f57c4e82c76a932ee98619fd4ced5ef,5a282ec963f9e39f2d061c1a0e806e2f572210c4f9faa36095e03d40970b33e2
1121,lh-75-1345.jpg,75-1345,jpg,176459,172.3 KB,1332,978,1.3,L,337acde35c21ede223b0f926578ad3d3,f3819dc7f8667b40351f0672c69ee6084c5a70348aeecc2db2da73d759c9e16d
1122,lh-75-1346.jpg,75-1346,jpg,188941,184.5 KB,1344,996,1.34,L,02596a9eb71c3781afd4d3e9f5f9b385,db6221d2a4443e304e7af81d09352f767292212eeafc3a304e3bb1608de36d4f
1123,lh-75-1347.jpg,75-1347,jpg,206421,201.6 KB,1385,888,1.23,L,2902487c89e3a51edb290e08fa8b0e6a,6bbb8a4bfd3bd2a12af4123caa36c9a467db3e81dde113d74910fb064547d887
1124,lh-75-1348.jpg,75-1348,jpg,180562,176.3 KB,1290,882,1.14,L,57541b49e8bc44726a10d525bbab4370,a998eab1acc6764ca776009eb2aa95ac2476a33e197e60e94f52e346879a6c4f
1125,lh-75-1349.jpg,75-1349,jpg,201880,197.1 KB,1319,888,1.17,L,3c84b1f6cf4f2a2bc39061736329313c,4fb86b6009b5d500be9f9e4c8bac852d0d44354a374c71a11f28fc9c11ebfe99
1126,lh-75-1350.jpg,75-1350,jpg,172755,168.7 KB,1302,888,1.16,L,805d9a5d2de0de2aeb2e611126d7bb74,14284bc530ae8ec191873ed59bdd0c85f977546028ba423b5c0d53e1221fa679
1127,lh-75-1351.jpg,75-1351,jpg,161108,157.3 KB,1302,1008,1.31,L,5bae90fe7b05583c392b37a2dc21dd58,6d9028bd3d4d5265478e9887d7e681b4ec3b3deeb0f5dcbb878e76c204e8e479
1128,lh-75-1352.jpg,75-1352,jpg,172780,168.7 KB,1380,1014,1.4,L,658b858ab1188af010b05b33b8dfacb5,812092fc9f22f2fd499b7739af072a5cc06c9b553bfb5cb70da05f729e3b2595
1129,lh-75-1353.jpg,75-1353,jpg,174183,170.1 KB,1386,1008,1.4,L,1c9ad9f4da5e29d735cb1c02a53cba76,418e7e0e766b618f144512dccbaae6cf33936104c964d2a800d207093daa7b65
1130,lh-75-1354.jpg,75-1354,jpg,174071,170.0 KB,1296,888,1.15,L,17787ea578ff22c6f8ba4b4f731e94e9,b2f7ee293633d765d34a6631f65f8ccdfe15c4d510b6ba4d8176ca88ee35e25a
1131,lh-75-1355.jpg,75-1355,jpg,179287,175.1 KB,1380,1002,1.38,L,bc09ccd0822e491a04ac32e4d705754e,317d7689cdde2a50f1c681bc67cb234167d9a5926df9bb4e7821860b1f9b9ea5
1132,lh-75-1356.jpg,75-1356,jpg,193228,188.7 KB,1338,977,1.31,L,85293cace66b4eef58756a7246ce319b,48147ecae48c712b70401019cde78003588620b88a5d8499062f991b4e671d7f
1133,lh-75-1357.jpg,75-1357,jpg,188083,183.7 KB,1302,888,1.16,L,c8fb15ad792626145161967901993667,a356d8dddf70ce84ba890e7d972c7955e406a807e67b61b64f60a62f3a1b4e86
1134,lh-75-1358.jpg,75-1358,jpg,153150,149.6 KB,1374,1008,1.38,L,4309415f4608405be8d42440ddf11f96,485cbf2ee76648d8394faa378a23a18efd0b3eb9467757a96e323431a094556b
1135,lh-75-1359.jpg,75-1359,jpg,210163,205.2 KB,1319,887,1.17,L,693927cd1fb066f60d45fcca8f9086f8,73a6a5444272d3be64a9bc5de93acc003c685978364481f47753fa1a3047af52
1136,lh-75-1360.jpg,75-1360,jpg,190663,186.2 KB,1362,1014,1.38,L,4975a34693927ae85b6f518d882b1d5c,ad6985eb7616d47537b246364e75bc0751cc4faf81a254aa1292753051f1ec05
1137,lh-75-1361.jpg,75-1361,jpg,183826,179.5 KB,1344,984,1.32,L,a6cd69a11c14bcb3fb7856aa04ed6613,570a15e36c4bebba0d09e76f26ba374f08dc15d83b48e3bf9d7fcaa217575750
1138,lh-75-1362.jpg,75-1362,jpg,186568,182.2 KB,1422,1020,1.45,L,0362825d27ec4f4e2f3149a7c410de0e,9db995f4450f1741fdcf77ad001426528c1ccb21be4c8a5f4db0363a9b17c560
1139,lh-75-1363.jpg,75-1363,jpg,167641,163.7 KB,1350,1002,1.35,L,5791e51f8dfc54202d5a781fbcaa08ff,f4a6f4bc0eecd3d15505ea68eb650e73c586f3a9a868aefb156170750b0cf372
1140,lh-75-1364.jpg,75-1364,jpg,250395,244.5 KB,1314,893,1.17,L,893c8039f4a23539297382661c719193,ac6be0d64bc3d5f7c76557e5adc8823f13eb9eecc28e6486adc14abfe04e3db4
1141,lh-75-1365.jpg,75-1365,jpg,191860,187.4 KB,1308,888,1.16,L,cecca1d99723a67ee3a08e10ccc69ee3,bc9e9d950134a7748b38ee756eab588f74b44768a794f5a534ab8acd4a8b60b9
1142,lh-75-1366.jpg,75-1366,jpg,218805,213.7 KB,1344,978,1.31,L,1a2a50db0b31f0923dc4541c8b65fe13,e4270f31955c34448e5b68f6fd510d3884b4f01ce50aadcf7cdce87d19087422
1143,lh-75-1367.jpg,75-1367,jpg,183353,179.1 KB,1296,888,1.15,L,e5f39c5d7222657039e3b19bb6c0f373,4d8fa3e452e2878e47a4f72eb0ac26111b6354558d4dc2e2b42221e02a79877f
1144,lh-75-1368.jpg,75-1368,jpg,189133,184.7 KB,1374,1014,1.39,L,577c9b28984bf768be943ff829e2dc88,dae4e3d919ca0aa16cd15bd87e00dcd3fcd4453730cade2ff9e8b36dfb8b30b9
1145,lh-75-1369.jpg,75-1369,jpg,201978,197.2 KB,1344,977,1.31,L,aa52c559cedc1d0ba2b2481294424a3d,5090685448e9ced2e52dc123194e5633a49fd72bbe250c9d9f2e917e6367df7e
1146,lh-75-1370.jpg,75-1370,jpg,181304,177.1 KB,1362,1002,1.36,L,06ef2e094ab2ac6c2307f75afe39d0fa,240b09b4e825ee064cc2f32d09dd1218d074c704357004c6198974a595c413fc
1147,lh-75-1371.jpg,75-1371,jpg,217407,212.3 KB,1380,1014,1.4,L,5b90368e015fabe6a407fcddd95dc0ef,5e64a4a2fa1554ffbe58d70b68cf6ecc0c5a08921848bdf8615f65ee698a485f
1148,lh-75-1372.jpg,75-1372,jpg,185319,181.0 KB,1374,1008,1.38,L,fa2f9079c09a80d6cb2aeda5b13476af,851af97c1ecaaeca2882490a923b8ffe877ebfdccad0b1a25bb392e81aec7477
1149,lh-75-1373.jpg,75-1373,jpg,230472,225.1 KB,1296,893,1.16,L,104e9db32f1abc649c3d9f301a98bdf1,e694ac614ab7ce9f74b54167c527fb9154be5b163402a9954c7c5528c581b311
1150,lh-75-1374.jpg,75-1374,jpg,203691,198.9 KB,1296,894,1.16,L,53ffe90e845ba9e452d6d9bbba93c471,17072e5ae90b710095de779fbf6034b182ac797a6a3655a73cd1d630614764ad
1151,lh-75-1375.jpg,75-1375,jpg,236821,231.3 KB,1296,888,1.15,L,91be20c210db68fb274233a560d916fa,201fbcbbeafa533747e05e4c3df6b84b806fd41e9abf9d968c1b1de2fc0e4329
1152,lh-75-1376.jpg,75-1376,jpg,200994,196.3 KB,1332,900,1.2,L,231960f21db2502077025c2f838f8eb1,73c2d5fbfcba90584f515948c7b6450074b4f7723c10a6bf34fbb98662e35ec6
1153,lh-75-1377.jpg,75-1377,jpg,180695,176.5 KB,1301,977,1.27,L,f6c3b6c0613f9e62e1c02d7b5705ec62,06ee58e7558c87adfc823be3b950c4bf0d43cf0f6cd4317a4a2ea14a4a8ef485
1154,lh-75-1378.jpg,75-1378,jpg,199436,194.8 KB,1386,1008,1.4,L,e6ee67022bd23ceecc3bc43612768aca,e0866baf3a5e7dd1c036dbcdc11d3d734ea9e73c68eb34290238275ffb183925
1155,lh-75-1379.jpg,75-1379,jpg,202847,198.1 KB,1344,984,1.32,RGB,17b58441874470d77533cf21e0269b19,bcd03df3d8b0b7743887110806672813cefd055cdcf4f208e394c16b5c6727d7
1156,lh-75-1380.jpg,75-1380,jpg,219422,214.3 KB,1325,888,1.18,L,a41db38d4b3141401554c384790c355f,07a1b011572cc39b3c499f6caf4c32cae3e2a7c89da53ba3b57ebc68f6c66a4a
1157,lh-75-1381.jpg,75-1381,jpg,209170,204.3 KB,1344,996,1.34,L,6cedd8efe3bd5b78419021c5dfe0dfe0,dca0c078be957414fdc8567eb40a02d87617ac1d605ca90070698ae7ee25e604
1158,lh-75-1382.jpg,75-1382,jpg,184611,180.3 KB,1314,882,1.16,L,1515fa095cf5a8464230875de285b9eb,4930cef28c4b241d1aa1396d2b2490c711967c1cb7355ab8489b002b231381af
1159,lh-75-1383.jpg,75-1383,jpg,171873,167.8 KB,1290,894,1.15,L,2b6cf19ed9ad44406d37cf2ddd47676d,bdf8c08a839184fb4ecb689dd687ce196fc55f426d090b79e8d7c6f51bd8c168
1160,lh-75-1384.jpg,75-1384,jpg,189054,184.6 KB,1356,996,1.35,L,687da14d8e413838f72e71a7811b02c7,9ac4db2217cbac2cca60dd66c90e80442ff2bfd822d71510b28d7099c138e244
1161,lh-75-1385.jpg,75-1385,jpg,208364,203.5 KB,1356,1002,1.36,L,3c4e633ced6f412f2a47353a8ea0ff89,6952d3d25f045608898d5ee0a0b24782570d716a8a8d5f4c932bcf781c820429
1162,lh-75-1386.jpg,75-1386,jpg,200086,195.4 KB,1368,1014,1.39,L,8bf18527e7f1cb6f8731f38729f4b100,d079497d1b712f9231a19581e6abe5e130fde561750beb6fbe8e86c6000b8ed1
1163,lh-75-1387.jpg,75-1387,jpg,203704,198.9 KB,1308,888,1.16,L,5aadc73a08b83bd708dd61dab1410e7c,1e9a9dee956f198bf32a5140423b2bbcd5975b9f3a48ef71b1b306a88190df75
1164,lh-75-1388.jpg,75-1388,jpg,194078,189.5 KB,1332,882,1.17,L,b098208f69471ce7f55e356f7e24e015,8ffffd39af1027734edec2558c6974120a6e07cd6b28ef4e316d2334ea49078c
1165,lh-75-1389.jpg,75-1389,jpg,183557,179.3 KB,1356,1002,1.36,L,5bed7839aca9cc31814e9098504f5d8c,d9171867510ac92b8ecea5289c39bdc0e890c651b5ee38471607069264b7af32
1166,lh-75-1390.jpg,75-1390,jpg,181323,177.1 KB,1344,1002,1.35,L,ee08827eb34d12355215f228a758c586,270e62d858683e75e066f6dcec6b6fdbf40e3a71f7c0c4dc8d8f1580952118bf
1167,lh-75-1391.jpg,75-1391,jpg,177611,173.4 KB,1326,948,1.26,L,4fa64ef1065c5985879fb68eef63f63a,595de854413036739c5ddbe38c7847f7de938f0c5bed744440f8e7a1ec5df643
1168,lh-75-1392.jpg,75-1392,jpg,200415,195.7 KB,1380,1008,1.39,L,ab932a15b2462faaa7253772ef20d3b7,7e3c058fa29720381c9234b9bc7d61aa9bf6e64ccde381e3fcb07b1e5117be26
1169,lh-75-1393.jpg,75-1393,jpg,194678,190.1 KB,1284,894,1.15,L,c27116f97707ac2e8f620cae537303e9,e2feb0358593471394eec3167c13a1eb9b78b9683df260e0a00bc39e572ee948
1170,lh-75-1394.jpg,75-1394,jpg,186193,181.8 KB,1296,888,1.15,L,39d84dcfd4d04f86521ad9b9e981e3f5,137c6d0ba7f80d25d5dcc47ab762b747507cb4243e2342040fcb33dbc950c1f2
1171,lh-75-1395.jpg,75-1395,jpg,192458,187.9 KB,942,1488,1.4,L,fe0ddce4afab4c61a7ea205e32e764c2,7892c835655415e0a0a015044dbd2206233c8d6b97b16495c6f8b6e2dff03562
1172,lh-75-1396.jpg,75-1396,jpg,215951,210.9 KB,917,1385,1.27,L,59567e7df3920cc97e99181bc1417794,205514299f67d3c44fe3b3c30d55c8f06194102562ee0574b71098716312efcb
1173,lh-75-1397.jpg,75-1397,jpg,213154,208.2 KB,1325,887,1.18,L,6db536774a25ce05dbbcad7d2bc16095,9dbec9d589b8dba2803a115a6d0e161c4b70e61fc9e33999c251d09b5903804f
1174,lh-75-1398.jpg,75-1398,jpg,181748,177.5 KB,1337,882,1.18,L,eee7270a06ba0eb6ccc29bd58413bd56,375aca9ff3f0094953e4b2fcb4da17eb93670e7ae03f7eea4bb06b9d0bff4700
1175,lh-75-1399.jpg,75-1399,jpg,145849,142.4 KB,1290,888,1.15,L,fdf3b6a9e0658461eea3343e506e088d,16da5d1eacb447e057283311c05e3c6cdeb6079353ec5d6cc63e836d3240100d
1176,lh-75-1400.jpg,75-1400,jpg,203972,199.2 KB,1314,900,1.18,L,919e940f06644de7795c3d5b546a3e50,5be5958743f1748fe2cf2a8217cdbcee65a684468cf98f2ad151b952997a9ee2
1177,lh-75-1401.jpg,75-1401,jpg,164684,160.8 KB,1380,1002,1.38,L,db637563b80f5c08f75a3abb182e005a,14c6cfdfcf959f503ef3c62f2a26fb31f0d40bbdab27d55085652d460adf0b43
1178,lh-75-1402.jpg,75-1402,jpg,258066,252.0 KB,1319,888,1.17,L,219075440bc72e4fd54e618c4d146cfa,53d3a2334ff80033d1c603d581d9d5423f19d4da7c390acf40de4b8db18ca3dc
1179,lh-75-1403.jpg,75-1403,jpg,145124,141.7 KB,1302,977,1.27,L,6ef9214da9d221890b4e0e2dd83348fa,c8a82bab8794fe2b10c96d1bfe6696ed87692b9912d1ca77a5fa642d7368e13c
1180,lh-75-1404.jpg,75-1404,jpg,205373,200.6 KB,929,1440,1.34,L,5d3a4d74e30f79db4b97a9466b1080bc,12b9eb7ad0678b65df39f8ba9682db79bccd4fb5207fcc1ad85b0c8010008272
1181,lh-75-1405.jpg,75-1405,jpg,309482,302.2 KB,924,1386,1.28,L,bf23f6aa875ffa77f58674c33774f1af,389d5cf67769fcf8aba54fef5d1c8b329052bcbfbb408f14d82d3c6d71e01d28
1182,lh-75-1406.jpg,75-1406,jpg,164167,160.3 KB,1296,882,1.14,L,2f9da8c0b08db89206a4d7ab8334e679,1979151752a0764f8a3e4ff823500d10e38e50996608ffe3f1efb3de0591e6b4
1183,lh-75-1407.jpg,75-1407,jpg,176767,172.6 KB,1356,1002,1.36,L,ceb95eb5a700942b838330fcf1872978,d4f211980cec79a22d0af6c5cfdcd6832dfd5c45a97be9adf3ecc933001000dd
1184,lh-75-1408.jpg,75-1408,jpg,272508,266.1 KB,1368,1014,1.39,L,e9e91c4f19f0af64b9506078a00abb4d,e5c4b8434c406fb3ab283307b1cb61fb98ba5a9bafbc41aa652e6c5e7ff8a18e
1185,lh-75-1409.jpg,75-1409,jpg,212493,207.5 KB,1356,1002,1.36,L,1cc586a195873f9ab136efaec6a8cc0f,9792a4ebfcff0a230c318494e48dab10d7f142859e3350cb04e68c03c7f3a68e
1186,lh-75-1410.jpg,75-1410,jpg,310568,303.3 KB,1314,887,1.17,L,a4b4f6424e69d54552af9b6918ded990,1b6bd57fd4755002fdf951ada048e8daef18ae28a4a73e9eae616da796587709
1187,lh-75-1411.jpg,75-1411,jpg,257491,251.5 KB,1296,887,1.15,L,dcf359c6ba12a1d9e8c02691d58871e1,0e9e497d9697bb56fd5f99138791ae20722e2872557bafa60bf0cdec10ad44d2
1188,lh-75-1412.jpg,75-1412,jpg,213601,208.6 KB,1386,996,1.38,L,c8e4b54ba8500bc72cfbcb065349ab00,a208b985084e5aa3c913d39f506ec3cf1ed4fea5731155f9bebe0c47d50a7cfc
1189,lh-75-1413.jpg,75-1413,jpg,219589,214.4 KB,1343,972,1.31,L,408f3a4edaf895e27dc3fce6b1fcf2a0,1ee27107cfff751f746d379fb4367166f65bd4401554cdc9024d03db1d37d15d
1190,lh-75-1414.jpg,75-1414,jpg,152572,149.0 KB,1320,1008,1.33,L,4b948b8a9c36cf21cea2c378e03a7e8e,4908506252f469fcfd25a60c87bd4039ed026b4c0fdcce030f4190ba03a083a2
1191,lh-75-1415.jpg,75-1415,jpg,239126,233.5 KB,1326,887,1.18,L,b769d49fd9f4f5a5d07e6022eaea5b1e,524175b345b5a1b08d9a0f0612de57b353e1aa2a311218324229cf8899a16a2f
1192,lh-75-1416.jpg,75-1416,jpg,250549,244.7 KB,1314,887,1.17,L,2c9831fef4d97710a4c2ae1de8e420d1,b913bed898cab7178eb5769ba629b2ac6ccbbd272a187e2835e573b76e5122d8
1193,lh-75-1417.jpg,75-1417,jpg,204838,200.0 KB,1284,887,1.14,L,6ddc067f0ee58aef3ee25dff57630fc8,4efd543ffb3ae2eac38bef9e8d7b6e119680a6388ef5bc6dc40e801068c58983
1194,lh-75-1418.jpg,75-1418,jpg,179471,175.3 KB,1380,1008,1.39,L,6cee488d26bc8e8e5dd89d26d1536aba,4e9bae6bcba82195a5a8036224952be0b51ba5f22996400df031912031722a03
1195,lh-75-1419.jpg,75-1419,jpg,118147,115.4 KB,1314,882,1.16,L,59e1372d901c5593111f481f6951630b,833e95a98acecc6128a001fdc146e53106068406dc9080443e747af30b33cdef
1196,lh-75-1421.jpg,75-1421,jpg,156954,153.3 KB,1290,888,1.15,L,921ddf41d0cff96633e87ffcb068bb96,1a701999a0d0bc253d2a07e55313204c2dd2aa30261824947a114814ef1133eb
1197,lh-75-1422.jpg,75-1422,jpg,144304,140.9 KB,1314,882,1.16,L,8169cf855b827a31059e8aeeafdc24e4,97d89208fe2a48144615253d1a0231129bc9ea2273711d2fe3a9c0cb93eff378
1198,lh-75-1423.jpg,75-1423,jpg,116023,113.3 KB,1302,882,1.15,L,c993893381ae1ccdd414590016d3cfee,ffadf5a6b13ae0e5b7531e3af8226d713c0a6a0c1299ad50fe1139ec14178837
1199,lh-75-1424.jpg,75-1424,jpg,149330,145.8 KB,1368,1008,1.38,L,7b4eb76d8631a2efb32bdf3fb3e7951a,6594522ab06c05672fe8ff8609b31f254845108ad2fc5672ed04b4b939c651d7
1200,lh-75-1425.jpg,75-1425,jpg,190429,186.0 KB,1301,881,1.15,L,ecc3af48e3655c652fc1735185667ff1,9ba3c8b09aad5cb11ff27f32a08e1c936430d66be457270f4fb2c9aa502f18a9
1201,lh-75-1426.jpg,75-1426,jpg,103387,101.0 KB,1302,888,1.16,L,e2200b3e8931a6227d079595d6712d99,110d889083cf62d65be01fe992dc253b91e577f623582b54135c67332e75c326
1202,lh-75-1427.jpg,75-1427,jpg,111034,108.4 KB,1356,1014,1.37,L,4e18a4109346405423959f745228b56c,8fafbeb2376aabeb8ccbcc872c012fbc80468908f3c71e72234fa90c3bd7929a
1203,lh-75-1428.jpg,75-1428,jpg,118265,115.5 KB,1326,882,1.17,L,2d55febc5dc7db50343542fe420e4e3d,7311d736a684917373b09784a1d8b54a2d62589dd55941d701b3721107c481d6
1204,lh-75-1429.jpg,75-1429,jpg,128337,125.3 KB,1253,882,1.11,L,62ee8bf629324899f335dac4bc9852ed,9373c34c21cc997fc6b9f6d70333dd0839c45e7d7b549e7c52de27ef8ddd4f64
1205,lh-75-1430.jpg,75-1430,jpg,174855,170.8 KB,1314,882,1.16,L,617fca4913f0964866b1248b394d48c1,81147957892728b9085a4b908841195b576968b3047f85f744e0f110a7f0f644
1206,lh-75-1432.jpg,75-1432,jpg,150336,146.8 KB,1314,888,1.17,L,760996f742812a09c102489f616f1011,39314241ad1e41be755d75de02999c301f7393f942b06f89e1087550a26b82b9
1207,lh-75-1433.jpg,75-1433,jpg,162636,158.8 KB,1398,1032,1.44,L,35b69a28629c59f6682ef9284fbdbfc5,a338a7d9e7d0304cf0ce2fa162ac9114b7b7856fb7f74b7f0b73f5726ff58840
1208,lh-75-1434.jpg,75-1434,jpg,163344,159.5 KB,1230,888,1.09,L,7591da3f180f55c40b50a8eefffe44e9,93cd3e67f3edbd75979d7127599d7c0f4c805e4e37c4d1d7c63a2d9fc93321ab
1209,lh-75-1435.jpg,75-1435,jpg,146193,142.8 KB,1242,888,1.1,L,6dd41addc8b631173279c739ec951cdb,620cb14d2da7a4d8fff27819bacf015f4f0d77939116848d2ab19cdb4a6f928e
1210,lh-75-1436.jpg,75-1436,jpg,141939,138.6 KB,1356,996,1.35,L,a52a6f8b2e0e7306d0e4ea98088f02ef,f60eef539a2f8f9a91cdf0efa652bfaf970d23d5644ecb97317a6e57ee65ffa9
1211,lh-75-1437.jpg,75-1437,jpg,141825,138.5 KB,1368,1014,1.39,L,107324e3ca0a3585e062573e461e03ce,ebd7d2bd080280061066103256eaed13b0448f36be5d147f528e691b6bc8c703
1212,lh-75-1438.jpg,75-1438,jpg,166361,162.5 KB,1278,888,1.13,L,90f2d2e6f1385ea29e094bade63496ee,557b72fd6a3e96eb2a387ec6dc7d2e1cee1496ac193f48cf9eaae1935156aa71
1213,lh-75-1440.jpg,75-1440,jpg,130406,127.3 KB,1290,900,1.16,L,37ae9e5313af7eef7a5f6159f17997a8,38a1a95d2c2deb738c94de00d1c94c5ac64398e0936d1159845d232df7253c2b
1214,lh-75-1441.jpg,75-1441,jpg,162049,158.3 KB,1380,1014,1.4,L,2f36ed5a074528a59490071706c4da87,6eaa7c556bc6de08045e3be467d6d623199e65ad20327f2c6c8359bed130d392
1215,lh-75-1442.jpg,75-1442,jpg,174919,170.8 KB,1320,888,1.17,L,d1d68ef40ba0daf88cfe9d8a81ec360d,381c93f8cf25ae4e0b6b09d046eddaf14f50e60a316b3276d8621fa112975d5d
1216,lh-75-1443.jpg,75-1443,jpg,177314,173.2 KB,1362,1014,1.38,L,72f9e34face92c51ea3356c10972ab78,7f31c02ebf2625e086c15a6472561cac98266654a8619eb0c56a6b11bd82d75e
1217,lh-75-1444.jpg,75-1444,jpg,189303,184.9 KB,1290,882,1.14,L,8080697fcad8b72ce6045b7cc6172c73,aa35110197d3190eedacb6e7958cdd3fab27a45bbcc6359cefd095644c7096b2
1218,lh-75-1445.jpg,75-1445,jpg,182824,178.5 KB,1314,882,1.16,L,d171621be6aeecc7721f3c52f27d1783,35d1df61f6b02cf4e55460f8cfdbd450ade011452a28b28c5097cef0290701f5
1219,lh-75-1446.jpg,75-1446,jpg,127037,124.1 KB,1326,1002,1.33,L,aa8b059d06b9eb6942b481630909f237,e5576810bfd8721b2a18b1c0a47a9bed285e5a2860110c622f48851069a27651
1220,lh-75-1447.jpg,75-1447,jpg,223134,217.9 KB,1350,1014,1.37,L,66822da134e92b0b28d73ad48f46ac39,a2d5dd69944f83674ec92731378569d649c2e4c07393472fb2b96836617d5eeb
1221,lh-75-1448.jpg,75-1448,jpg,171465,167.4 KB,1308,882,1.15,L,6d76056deab031cbfa52aa88fb90eb76,32c084e62439fd208d31799042fa9876c723a497ec309fb4092f813f64a2300d
1222,lh-75-1449.jpg,75-1449,jpg,243155,237.5 KB,1296,888,1.15,L,a37d7e6a79258785b7122a40ee3e6b08,ca801cfd48db749d6db6afa2b8d558a61b562c73f6b7b683b4aa0cfac6bc1aaa
1223,lh-75-1450.jpg,75-1450,jpg,264973,258.8 KB,924,1410,1.3,L,0134c83c145cb6c415594f83112b474b,ef0cf39960f6535b803267f0edc54161066568e09837ea3f48b3fdfe14345eb3
1224,lh-75-1451.jpg,75-1451,jpg,223808,218.6 KB,1290,888,1.15,L,32eb19a3de4f14da6ecf53cf4b6fdf85,d4829025a24e3382c328172beef049a487f203c02b2eb3e8b73d911bd8cb883e
1225,lh-75-1452.jpg,75-1452,jpg,119639,116.8 KB,1380,1008,1.39,L,02a16dbc2b1b722bffeaef496d603c62,09b932a3b3f7131c8267804743b1dac22460eff04114032ae922ccdcb52f48ee
1226,lh-75-1453.jpg,75-1453,jpg,154421,150.8 KB,1284,887,1.14,L,02ddc8491c2890a8aeaebb9784fb9954,3b21865761d32f4bc61c361745fe36389ccabd6976c319ad1960953da877ca13
1227,lh-75-1454.jpg,75-1454,jpg,187379,183.0 KB,1319,900,1.19,L,ba45e68bd91501f8557455c2fb99c858,9f5d5885e6d900bffac99ffd4356eb75d7dc27e712caf0a6b1a29fa34a4b1d8e
1228,lh-75-1455.jpg,75-1455,jpg,202252,197.5 KB,1079,1452,1.57,L,b7e48ecc65b8d16d586a72c5f5c36bcf,c8e11d39998f32b96418672280e50e703e35af3cb86a4f9f532d2a6b69b900b9
1229,lh-75-1456.jpg,75-1456,jpg,219854,214.7 KB,1091,1428,1.56,L,6097db3b0702fde551e96413a3ad2f13,5657a74f6c1d660a02a8c3c31b2d246d0c20ab7f733121dd60ed252474ad2c97
1230,lh-75-1457.jpg,75-1457,jpg,254817,248.8 KB,1362,1140,1.55,L,15d6d285a03fa920576ea8b736a71f89,f0435c0e8f2d2bf3104748277ed1d0510a87ee8777973505d73ddaae45ee797b
1231,lh-75-1458.jpg,75-1458,jpg,196085,191.5 KB,1332,966,1.29,RGB,a9bd448303297d26b71e0c2b872e2b01,95841285319330de519d7dfcf3a55c7c98f97adeb85a44c65a48665606fea0ef
1232,lh-75-1459.jpg,75-1459,jpg,162533,158.7 KB,1098,1403,1.54,L,281f98485bfb5799055684ee99e528e2,23feb9769dc5c868f117f80633eac90b392af80e06520f2465e43b41b2e95c5e
1233,lh-75-1460.jpg,75-1460,jpg,93502,91.3 KB,936,1092,1.02,L,a7a7ea5da8f8f9316e244d19f4fc63cd,5a370580802dbac01fba90021880476859de9fe8cdc73d70b973e3d4744b4ae1
1234,lh-75-1461.jpg,75-1461,jpg,136592,133.4 KB,1044,1434,1.5,L,21bb92671023b891fd51bdb7f22013c5,f4ac191cd74d4a8eec65d665c56fc84b5df4850f2dbdf9a5236fec0d01727ec9
1235,lh-75-1462.jpg,75-1462,jpg,114019,111.3 KB,1038,1355,1.41,L,58bff49adcc7e770e5097beea6a48d89,7174c18391246eac38a416fdf5eca42028071673cebeed2c86a2ecc9290aa010
1236,lh-75-1464.jpg,75-1464,jpg,147967,144.5 KB,1464,1091,1.6,L,b622b743e90b7d67d6377fb839a44177,754e1514f54f3f6c906ed53ac23e9d258040b41077a697ba1c6b065050bdbe72
1237,lh-75-1469.jpg,75-1469,jpg,141547,138.2 KB,1392,1086,1.51,L,867302369e8ed164397cec9153688512,cb343f9dc734bc6fe70b286a4f988c8a29e028cbff696dd81bed6f2383156f21
1238,lh-75-1470.jpg,75-1470,jpg,159878,156.1 KB,1074,1458,1.57,L,7d03ba1202d5cef59f8cb83629444674,33e7b7b966d67e5f56a549a1ad53972f6f852e4d845bc9d0a18852a2d18e09f5
1239,lh-75-1471.jpg,75-1471,jpg,238186,232.6 KB,1379,1110,1.53,L,d66b309f7b300967def7e052086da028,d1b1fbbac9bf683405334dede8dc6ae7c1d1755d69f9f4d9adab22c42a9f7ead
1240,lh-75-1474.jpg,75-1474,jpg,242669,237.0 KB,1398,1134,1.59,L,1a25045b8a7cd365d629f6392496dcff,a8ea301c4291e353f6e959818ee73fb72326b925355967a2d9aa828dfadbaeba
1241,lh-75-1475.jpg,75-1475,jpg,239396,233.8 KB,1319,1056,1.39,L,43694b417782ba3632f077c27a4bc8d5,89c4f132c381048b7585900007cca6c5950fabd13dc1ffe397c10acab4f0a493
1242,lh-75-1476.jpg,75-1476,jpg,170901,166.9 KB,1344,1110,1.49,L,f8200797323582007b0350d918ed90ba,096bbba8db1edb7568832c3242b56b80de537ab8cb5260dbcd820db162b17400
1243,lh-75-1477.jpg,75-1477,jpg,251746,245.8 KB,1391,1110,1.54,L,b7e9796d38721fc03fa76bfe45e3250a,a96a900f9aa4a724fc2de9614b4a1a765ed969dbf5ada80b679dead5b944e143
1244,lh-75-1479.jpg,75-1479,jpg,283826,277.2 KB,1374,1086,1.49,L,3839f338bc4840cddd72a84f06ff6f42,f702f7a93944edb3d3036bdc416b6b03eda263267831a47405b8ae215a1514c3
1245,lh-75-1480.jpg,75-1480,jpg,326398,318.7 KB,1344,1103,1.48,L,ece61c4f1d03dd094e95da69a3e7a4fc,5f06f8cdce7ff1d3a574870808eedd06e0fedd88f3b6d915db7f52e0f6738d74
1246,lh-75-1483.jpg,75-1483,jpg,171922,167.9 KB,1098,1452,1.59,L,f3ebdc1eaa334302ebf103295308a9c7,f0b307e956f74e436e286913c66cd53b495712f61d47d7a786578e31d6d58a2a
1247,lh-75-1484.jpg,75-1484,jpg,184675,180.3 KB,1590,1122,1.78,L,e739089ce67cd3c113211ddffad0fd2f,bcd9099014674f16f0cb6712528d52c3ced90b9cfc0df5c1e55a84e626f016e9
1248,lh-75-1485.jpg,75-1485,jpg,243148,237.4 KB,1392,1152,1.6,RGB,055f4f29afdafb1fb3c23340076c8d22,954db8db048fe539c999115a276cf816c6d01c6928134dca55fa0658c15c5774
1249,lh-75-1486.jpg,75-1486,jpg,160204,156.4 KB,1374,1164,1.6,L,aac7955f456510f75598e66641ebc340,9013d115ef588d49ae69e891a1b03299b698f7ef78595c5979912875013dbc25
1250,lh-75-1487.jpg,75-1487,jpg,283559,276.9 KB,1385,1158,1.6,L,ca1cd61c64736a267821f2ec033c0b8d,8d4514ab45226e716ef5c31b3e098665ffc0de52d30e9091909e79259ca0f8c2
1251,lh-75-1488.jpg,75-1488,jpg,211198,206.2 KB,1392,1140,1.59,L,1bc5eec27c2b2cbb2bf28e01d007bccd,d46727f539d9d51c2b0a832209f396fdcafc385ee0c46e8db51fae0a644b447a
1252,lh-75-1489.jpg,75-1489,jpg,248126,242.3 KB,1428,1074,1.53,RGB,c8bd76a1f64662a8d7516b372ba92b3a,13778e0a48dd5a9e946000f86aad379a98636f5882d443eb4319455742217ca0
1253,lh-75-1490.jpg,75-1490,jpg,182851,178.6 KB,1379,1182,1.63,L,16fe2148b4032741287b4aecac5a8e20,f0b139bb432dca934baea1de8d366d216431ea9ec11196a65cd31fe5019d053c
1254,lh-75-1491.jpg,75-1491,jpg,213831,208.8 KB,1380,1176,1.62,L,9a12621f9de11e7d99255a27ca620804,b803887fef131a6be3f18b781218d6c66739aea6a4df2ce74ebeb7600e8115a1
1255,lh-75-1492.jpg,75-1492,jpg,184147,179.8 KB,1374,1116,1.53,L,3475816d857d2d0d5211e4254415e6df,9f2fe831ee4da38052997a0a07172e00c635d7194c9d648e3c3bb32a57cf3404
1256,lh-75-1493.jpg,75-1493,jpg,139344,136.1 KB,1374,1170,1.61,L,e99482a83002cd09a0a14351ba5bfdb9,d8c85f0b2c3dbd23b152c1f970d4b1a52e2b96cdf2077e019acb881e13c5c84c
1257,lh-75-1495.jpg,75-1495,jpg,264123,257.9 KB,1379,1170,1.61,L,67974a177933698bb32644f6d2083efc,0c690f9638b069098ea06b7f27fb4725dc08504c73f02a9068761a7395c9fca5
1258,lh-75-1496.jpg,75-1496,jpg,181831,177.6 KB,1385,1122,1.55,L,be05d0c38f382305f3cff44edc44b939,555d1068e4cb066053f890c901eb00f7baf8502bb1e68b9efebaa33b5e882a27
1259,lh-75-1497.jpg,75-1497,jpg,245683,239.9 KB,1380,1158,1.6,L,ba9b33bb6dca274b6bfba4f2d0357023,1f929d9521640e8981f4d1bd6e75030dcdf1943d64865fda1f23c18eb3b7c529
1260,lh-75-1498.jpg,75-1498,jpg,257493,251.5 KB,1380,1170,1.61,RGB,2d3c40cf445f9595b8fc0e93a5f37459,8ebc86ec91fd0040b98ac0693272e8c2372d735866d2de8d24c5bcc851d933c7
1261,lh-75-1499.jpg,75-1499,jpg,190643,186.2 KB,1386,1188,1.65,L,e2105d90317473dec8875d36ec7bd7fb,d19a496be6738161ee4d9700eb043cdc45f599cde3e1759b498a80472407ece5
1262,lh-75-1500.jpg,75-1500,jpg,206020,201.2 KB,1374,1170,1.61,RGB,0c839af41c5392d0e2b74513700d3932,7b584f42dd937830ce5e2c1a528d24b7531942cebc12cc51c98ff0eac5038d4b
1263,lh-75-1501.jpg,75-1501,jpg,297714,290.7 KB,1391,1163,1.62,RGB,5b1f1e3c8b65804b04980a9f65f940b4,16bf57a2e7ec0b44f157395c64f2ccd57312cc96bb7822cf55a0df7c7678211a
1264,lh-75-1502.jpg,75-1502,jpg,243843,238.1 KB,1391,1080,1.5,L,8526600ca82e85b808d3bf4aa0adc670,dc95bf4d58f35990a6af3c9032919a60dd759dc2a27edd15d9bc21545fda7869
1265,lh-75-1503.jpg,75-1503,jpg,163642,159.8 KB,1380,1134,1.56,L,494d79bfdd697bf27d3e92d1c00eaa37,dc5ea1d0de5ad434a778b3da43a8d93650a69ef4b7d6adfb1d98c880fb4e39ea
1266,lh-75-1504.jpg,75-1504,jpg,219783,214.6 KB,1410,1170,1.65,RGB,fb61daeb4a8a3829f61aaea84fe42bf9,51971196fea31eecd2f4a8b0b4a3f2a6f158d92cd73f2d3bef0c3be8235f9f88
1267,lh-75-1506.jpg,75-1506,jpg,202846,198.1 KB,1385,1163,1.61,L,04eb8ac5cc2bff8b7bbe47ac78c71268,c9b77ff0a3182e39d89657d265c54d8c5f9a9014d58ef7f9c4e9778073a445c5
1268,lh-75-1509.jpg,75-1509,jpg,182266,178.0 KB,1116,1500,1.67,L,6d9bfad736d8b9ac38ce3d61b770abcc,45ec82ac42a82269ad6827887f01259ca3d7191e1a9dae70be44e446cbaee61b
1269,lh-75-1512.jpg,75-1512,jpg,259082,253.0 KB,1392,1176,1.64,RGB,951c595d42543155c5dc068e5ffa48c1,96b76d62ddcf28709614d5b84ed38d89f51a0c7cb2c1595e34412747d9ca7926
1270,lh-75-1513.jpg,75-1513,jpg,380698,371.8 KB,1866,1182,2.21,L,1e55470223db1731006b0c49d5e8fe32,517311b0a2a6cd554261b761388e24ffb8cac2fd5c4c7e2360a3bc8025a35479
1271,lh-75-1514.jpg,75-1514,jpg,205758,200.9 KB,1704,1050,1.79,L,dd50bc6a61fd6f05b696403d8bbf26bf,77bd0e11f9995b9271d643b2a8477b07f366cd2ac96d8dc65af8fc8def559cf5
1272,lh-75-1515.jpg,75-1515,jpg,257121,251.1 KB,1464,1170,1.71,L,ff47e70086e4754efbde42aa0a39463a,2b22f05f66059897a502afd9adcde45f584153dd1f85e8017d8547d24f4a39ef
1273,lh-75-1517.jpg,75-1517,jpg,195477,190.9 KB,1080,1476,1.59,L,2a22a95958b2fda7c879f8a1a2c5212b,27b4b411625643be10920b618fd6d9653d7e28c798a7ac06f32d409888f45745
1274,lh-75-1518.jpg,75-1518,jpg,249245,243.4 KB,1091,1260,1.37,L,f17eb84fb67ece1da01b5f708d2e69ec,72c010c32b5a88e0fd8eb39377bf05546ebe110ca7569371d42c82d87844bf84
1275,lh-75-1519.jpg,75-1519,jpg,339777,331.8 KB,1074,1458,1.57,L,f6ac9744b9a6c63611ccf4a25dcd8ee1,60086f956f67cfc869110491e9e00c0af363d649221420f6345c5ba24869fa15
1276,lh-75-1521.jpg,75-1521,jpg,158715,155.0 KB,1296,971,1.26,L,6cd45df91e962d403b9aa38ca7c53466,711753bd7d11e102c9c76aac40196c4d576f1d1c609ab705eb3d347ff82f7b09
1277,lh-75-1522.jpg,75-1522,jpg,200334,195.6 KB,1374,971,1.33,L,3209b294d847a01ed330437e828c6bea,99f853a3eb71639841a3348310edc2effe333243c332ab73705e06dcc42d2f9c
1278,lh-75-1523.jpg,75-1523,jpg,247122,241.3 KB,1362,1127,1.53,L,e4a8cce53da8f6408d3b38209034f058,b6f34b6f88602f8fed39e36ccbdd32da290c23c434c2ff3d8b2aef83ed4e605d
1279,lh-75-1524.jpg,75-1524,jpg,243416,237.7 KB,1356,1140,1.55,L,ba42d52e202b1d621f5fce98ada294ba,a3d51211194303467cb75025368d2bf10555b49668dc60e0497df558bad1cda2
1280,lh-75-1525.jpg,75-1525,jpg,193828,189.3 KB,1398,1182,1.65,L,3a7edafba89dc8a9a0c427dc1a3bc799,4961c71a3feff584ba7815c870047ba912dd4ebe979c4a52237e92b6d785d5b6
1281,lh-75-1527.jpg,75-1527,jpg,197798,193.2 KB,1344,1128,1.52,L,23d25aaa446711ace6cd5b91587d925f,f3af2b3938f13eef8f6bd6c20eb6b92d5f37cf9a68109d85fa31ef328a720d3b
1282,lh-75-1528.jpg,75-1528,jpg,112297,109.7 KB,1398,1170,1.64,L,d1316ff72e9db655707fc738ae5a76be,fc0330ecc580fe442b89d892a861194cb296b5dab6e8a45d93d5168aa3ca6a60
1283,lh-75-1529.jpg,75-1529,jpg,196946,192.3 KB,1434,1068,1.53,L,ebbc20660ed20f605d5a9197ca5058bf,fbb9cb0dfac9ab81a49107a1bec671cda26b0a193466f78df49fd8339217203d
1284,lh-75-1530.jpg,75-1530,jpg,189136,184.7 KB,1350,1062,1.43,L,8107338a6d9ec2576d196d46bc98c0a0,eec3b00b5f1fd37b943aca956891e4cd8de6205615a5a6c5a19451128d3eec7d
1285,lh-75-1531.jpg,75-1531,jpg,166296,162.4 KB,1416,1164,1.65,L,b13eca6108d52a1375f4c72dd2d41f71,80803198f44dc97f037e8fb376253f900f76804d253a7de45c261cdd247ede0d
1286,lh-75-1532.jpg,75-1532,jpg,209590,204.7 KB,1374,1152,1.58,L,85e5c27cf9b88888670642747b2dad54,1e679ca8532de11f4294f50e5537fbb535100b42abeb56bd881750989007c396
1287,lh-75-1533.jpg,75-1533,jpg,192687,188.2 KB,1296,1068,1.38,L,8633ece6eb626fe9035728d8176b94ca,b5129714283db668cd9f0b3178d3fc0546b4b7c77bc435d6e02d16af6c049d4d
1288,lh-75-1534.jpg,75-1534,jpg,144841,141.4 KB,1368,1127,1.54,L,543b1974a4c553eabce19ee861853940,34c1eae1108a0dd0b2267487b16146a87ec5944223f88471c111c889b60adc0e
1289,lh-75-1535.jpg,75-1535,jpg,131133,128.1 KB,1284,1020,1.31,L,fb3828e94ad0271f765305cef552bf50,59bc58d836b85e97e50f335a0dd1ac6ee04ff37559c80643bbe85bc6e20079cd
1290,lh-75-1537.jpg,75-1537,jpg,177692,173.5 KB,1350,1056,1.43,RGB,c43b011b0debd099b99c03547a295e0e,767a99da79a6a06f7775b39b532bae5b6553316c3cf31fb541f9313ddac013c3
1291,lh-75-1538.jpg,75-1538,jpg,170493,166.5 KB,1433,1158,1.66,L,f64096f7bf98494bd98770bfeee8cc32,c2b1d71893844e1681831fc695bec0dc8fa1eb3c9c53fec253c72417090eb658
1292,lh-75-1539.jpg,75-1539,jpg,156970,153.3 KB,1284,900,1.16,L,57b8e70d473bbc97b082bce3b34dbccc,86af14c1430e3fe8d1aad1c309fcc2b9cf9647a197601e81915099f2490a18e5
1293,lh-75-1540.jpg,75-1540,jpg,131341,128.3 KB,1458,774,1.13,L,0cfa6b6b850d7cacb1556ff1082cbae1,fbe53e47286f14a356a0fb0f9474642b24bb90f0ca62e5174a0118cceae78739
1294,lh-75-1541.jpg,75-1541,jpg,219920,214.8 KB,1398,1074,1.5,L,0467aa7524b83b0884988b8c1e8199e5,03c580a89ffba61a4148b8079fd51a296449c693605ffe7c79e94e426a2c514f
1295,lh-75-1542.jpg,75-1542,jpg,148736,145.2 KB,1386,1170,1.62,L,7f3627988d18c5c3fa4b0fb2aa1816cc,18748805b5ccadf5e21a93943b60f7ec60c770557c722223c5d149b15151bc25
1296,lh-75-1543.jpg,75-1543,jpg,186257,181.9 KB,1368,732,1,L,002e04cb18e343177159a06643cac0eb,0bd4753c1f59c229e8c19db39f2294f13ebac02b0d9118d55b09ff5fdf115890
1297,lh-75-1544.jpg,75-1544,jpg,228530,223.2 KB,1440,1175,1.69,L,3b08854149b7d03cd401471126f822ec,4926f9520ad1fbcf1d680fd25ab69cac7502ed9f5ad3e494ed8fb6a15187450f
1298,lh-75-1545.jpg,75-1545,jpg,180443,176.2 KB,1344,1158,1.56,L,f3f66aab4486a3774b796cff1da79ef4,14953bf2600dbcdae4d23832cb8988711ce7d5684de4faf355bdbc978b3211ea
1299,lh-75-1546.jpg,75-1546,jpg,189330,184.9 KB,1446,1187,1.72,L,f6d6b798c933059be19b97323cacc5ed,9fd1ec06dfa468db82dc0cb55a7eae176bed1bccb7302f5ea2f41c24c04a3cbb
1300,lh-75-1547.jpg,75-1547,jpg,219899,214.7 KB,1452,1158,1.68,RGB,c0da331e5e92e479cb50af13d92ea82f,66be2936f041aa1d70f2982ffacab5efec7628f9d5b4528fa9e920e5a01e4ddf
1301,lh-75-1548.jpg,75-1548,jpg,227296,222.0 KB,1554,1182,1.84,L,3e8cdbb5b08b52636cf3993800b39191,d9cc6b723b3ebeb5e34ea908a9c0a0bd80bcab6164b0be2e7fbd68b516dcc68f
1302,lh-75-1549.jpg,75-1549,jpg,204377,199.6 KB,1416,1164,1.65,L,034defccfd1beafdbe119b50e0636b7b,a59b4e6eaf58f263749cc3e9ae10dd8436f761e9867f82167fd2c671fbe75fbe
1303,lh-75-1550.jpg,75-1550,jpg,258684,252.6 KB,1380,1110,1.53,L,25b3872af3338117af44c5288858308f,e59d06f63cbdbce43639d792dd4209ccab3956b8ba9cff6a40717f5df7efced0
1304,lh-75-1551.jpg,75-1551,jpg,279464,272.9 KB,1398,1140,1.59,RGB,f9e8dfec1b938130ae1cb46912c6664e,ea3c2c0b77fa3b3c98c670f7e137599559e1a349d52c14c2cf815b5a64881917
1305,lh-75-1552.jpg,75-1552,jpg,162240,158.4 KB,1085,1398,1.52,L,d91294375c7176ad39b8ea060c9821d9,e821700b20c9f159755d19c9f936a73db07cb67b3e6a9e38c30410a43e4e0ca4
1306,lh-75-1553.jpg,75-1553,jpg,110387,107.8 KB,1428,1067,1.52,L,553601bfff69b0cb6989bf5573bf1d4d,d1c3bff8bc63bb41285c7474b102e1d3ca19d09df19bd0b89396d741b688b7f5
1307,lh-75-1554.jpg,75-1554,jpg,180732,176.5 KB,1086,1446,1.57,L,61901b54107a3d9838a4f586fe0fcd33,3a3ee3b2f4554b3e4abeca26f2d9a424978a90e5a1a0608f63cacea21567019f
1308,lh-75-1555.jpg,75-1555,jpg,203238,198.5 KB,1391,930,1.29,L,1270136adf0075417d9cd09a92c537ed,f98467cdd76fc3b7b1469004bcde6fd4652ce6874591f8fa5a2d82a062636473
1309,lh-75-1556.jpg,75-1556,jpg,191828,187.3 KB,1368,1164,1.59,L,ac2100a1472af431474c24307422cd10,0cc0bb304d52c6cf1142ec49bf016b46c2a9311ac1310cd2d0afefb88fc649c3
1310,lh-75-1557.jpg,75-1557,jpg,235102,229.6 KB,1392,1158,1.61,RGB,92d354062646dd5c93ea80507cf8a93f,b11f423d553cbbda99e94477d81a458bbac9e7dcc9e35afc47d3ad06b959c713
1311,lh-75-1558.jpg,75-1558,jpg,185250,180.9 KB,1356,1128,1.53,RGB,99d3efa5b4777586013dba5979671df3,4bfa364a2532b719e67149f86f811c3d2f9cf16feb2e950e7caf723d69820452
1312,lh-75-1559.jpg,75-1559,jpg,251921,246.0 KB,1685,1182,1.99,L,07f9dbdcf0fe7a4de47bd979075da7c0,0c8a786e32add8a4b258ae6dcffb735ca8aad47a71ac01416569f2e258c12864
1313,lh-75-1560.jpg,75-1560,jpg,320954,313.4 KB,1572,1146,1.8,L,2e608b2c85a6a56c8cea2742af7fc625,0bdbce05972a55a2958c19e192d3a5d267d4f0a945d196a22d18e4d81347d377
1314,lh-75-1561.jpg,75-1561,jpg,302020,294.9 KB,1385,1170,1.62,L,3f4b4ad424dc09af8d42b2f84fa1e8f5,eec235b12f011fdc52ded21af25a0ec73ca7112688ff8028e81835a0f07ebfa5
1315,lh-75-1562.jpg,75-1562,jpg,172984,168.9 KB,1368,1152,1.58,L,12e5260ae8791d14c5d79d37e65c77c5,ee1fec5b5fdd2ea2975ed82df1b45b58d956354be59a7035c617b4d64b669d18
1316,lh-75-1563.jpg,75-1563,jpg,230341,224.9 KB,1314,1104,1.45,L,be5d3e61616ed09b3d935b26f2727791,4e88364493c7c80ca61138127e5e84afbf5cbbb4b9705d2b947ea0af4a623659
1317,lh-75-1564.jpg,75-1564,jpg,229330,224.0 KB,1368,1086,1.49,RGB,8e416e958fd6e5c390586dc7c8657c23,fe1a2ac7451fe1301403a14c4e06d4c67b2fc622405fef711dca49e85f56f4fd
1318,lh-75-1565.jpg,75-1565,jpg,236632,231.1 KB,1416,1212,1.72,L,10552a4c4a3a46e18397436ab25dc7f9,a9b6bc0b6a09748b798925c9ecc0913d17742f3df910511d9bf313ce7eb81f8d
1319,lh-75-1566.jpg,75-1566,jpg,150903,147.4 KB,1404,762,1.07,L,dfda7b15e00b03f621f89c3939b9c368,39958a9dd80b39ce7d24dc1d78040d84b65ae7cb9cc8352e83760dbde2672eca
1320,lh-75-1567.jpg,75-1567,jpg,237113,231.6 KB,1319,972,1.28,L,8a1a745e0ac5111d19912107581270c3,387e9d88974be5d5cd6d4e084e34372957c37c49f6a6f4e47f4b89f722fcf536
1321,lh-75-1568.jpg,75-1568,jpg,208964,204.1 KB,1379,1151,1.59,L,f3789214b7038260554296d25bc7c0c9,3a016555c507a1d2a897a9b6938dc0dbfc21f90344584154c5a03988f3169d05
1322,lh-75-1569.jpg,75-1569,jpg,192949,188.4 KB,1109,1452,1.61,L,76f0c56941dfc4432c544a1845827e5d,3c53a64d3a4ed3888380ab0912120678a0b67902e1f3f0eaa840202f10d83fad
1323,lh-75-1570.jpg,75-1570,jpg,219000,213.9 KB,1038,1427,1.48,RGB,6dba5ca26f47203c7cbc2aef751f47f0,d0694a1538d21812650d87934d6fbd7a3cd3b472dc96660a331e039ee2cf46a7
1324,lh-75-1571.jpg,75-1571,jpg,222634,217.4 KB,887,1344,1.19,L,b5242d5a03bf5a60bea8b3e8b7dbcd1a,aa4458eecd01070d809dd61c008e0173930e338c8f25676e4bd8e4f37e474056
1325,lh-75-1572.jpg,75-1572,jpg,216724,211.6 KB,1079,1416,1.53,L,c6f5304e5bf7312446391262c857e008,efd3cae4c085c53dbf6db274217627699ee5de867d284b82dc390bd4bd1c931e
1326,lh-75-1573.jpg,75-1573,jpg,147593,144.1 KB,1386,1158,1.6,L,7d1cbdaed02513c57ba01c57cb63724e,d9ce6a60a485acc8e7ce88e10bf1c9da7ba1f990f5e117dec934005d12004c41
1327,lh-75-1574.jpg,75-1574,jpg,143713,140.3 KB,1038,1404,1.46,L,507f3cbe9a2a91914cbc3c87604c68b7,38ec04313d904797994fb8c3ced98bb259ecd6fba5d59d272ef125634b0ae944
1328,lh-75-1575.jpg,75-1575,jpg,277038,270.5 KB,1392,1170,1.63,L,7fc459d9b4d8f10b97c9daec416bac07,39aef4589e07d73008dd74929585139e7735e165e5c835c749d289752b6ca853
1329,lh-75-1576.jpg,75-1576,jpg,136505,133.3 KB,1374,1164,1.6,L,e7881848b8ab199d84932e7db9c3bdb4,4a154840d699c99d92e0905be994eecc1e11c381df3adbfef179ee4d26f01dfb
1330,lh-75-1577.jpg,75-1577,jpg,140413,137.1 KB,1350,1086,1.47,L,d10b51bc9508a41bb0f02c7e13559842,f9f8bbbf3dd6f11ed060d6dfd9f53b7be2cbc54bb8c6f26a6a912b2318931a79
1331,lh-75-1578.jpg,75-1578,jpg,225796,220.5 KB,1326,894,1.19,L,f305228df4860e03218ac97100191a52,6a79efd2346b203378e6556b84a4d173b31afe69921f08e2dff0b289ef3d1f9f
1332,lh-75-1579.jpg,75-1579,jpg,155200,151.6 KB,1374,1158,1.59,L,e9c8e1915f9e40285a4df0fb0c135eb2,db68a4a14e6812b277e3a350f99d8406530877814ea96985ae11fb82a84f64d1
1333,lh-75-1580.jpg,75-1580,jpg,150497,147.0 KB,1398,1098,1.54,L,c8bc7e9d4e0055b5205e333edeac902b,5a899c3efb1404a62cb88b8f415f17963271c4aa46b21cf5eb8ccc85b16a3618
1334,lh-75-1581.jpg,75-1581,jpg,152969,149.4 KB,1356,1140,1.55,L,197723e4353380098cd648dab701e190,a5e2996054b100d1b9d866055ac0f219d38ad3ded6d846c10a8b6a5c82b00c86
1335,lh-75-1582.jpg,75-1582,jpg,119090,116.3 KB,1284,882,1.13,L,dc01b3d124fc2590cfd8f51853b367a8,33f38ec47c9b118332be8cb8395b3e776ca61f7be3452563607f2e520acb7b75
1336,lh-75-1584.jpg,75-1584,jpg,187223,182.8 KB,1380,1158,1.6,L,d50a5d47dd97f5c87c5810dcb144c281,2b38b5445cd5e80306f29f720b22795364cff7de883315443748dde63587b79a
1337,lh-75-1585.jpg,75-1585,jpg,286997,280.3 KB,1362,1146,1.56,L,242deb493d03b83b560efef098a9b7ff,6c08ff8af6ae93753bcd1eaf9f137b08cde5c64a8cead8cc9fb3f9e7920a3ed5
1338,lh-75-1587.jpg,75-1587,jpg,282729,276.1 KB,1385,1104,1.53,L,8ef9fbfecf562099c001f299a69dbbe9,f2963b81f93c405253193c687c27f49819c24f8937f7586ae24a07877c11f17a
1339,lh-75-1588.jpg,75-1588,jpg,156273,152.6 KB,1038,1409,1.46,RGB,0d026ec661511857f46c362f3141f5fb,31453bd6fcac11e43343c116796c9c1890904eb67f7985331812950439c101bd
1340,lh-75-1589.jpg,75-1589,jpg,283659,277.0 KB,1380,1158,1.6,L,4885631c8959d5a00ea229bbb9b848a4,019b312ca815e677ebc967e3648b9c6a62b2187e8e2b82b63205b64c9a26c23d
1341,lh-75-1590.jpg,75-1590,jpg,215548,210.5 KB,1338,1182,1.58,L,98b7b8bf0ec8c67e85e572c4cf4cba0f,96384993462b60df2f325996d8fa27d524ffe18b2cc589c43e074164bef00caf
1342,lh-75-1591.jpg,75-1591,jpg,190054,185.6 KB,1368,1128,1.54,L,0ab7763edb46a3c8df73f5a27afda932,7b05ece963fd10e7c26811b03e62cdba11b3c191d73bd88698f9b4317fdffcfc
1343,lh-75-1592.jpg,75-1592,jpg,134582,131.4 KB,1110,1464,1.63,L,4ada772a1f53ec40896c0c6aad5fa766,df8d266ceef60dbac4ace5a5d5a87cbef34dfb6668cdf2097e15ad52e8f1c51e
1344,lh-75-1605.jpg,75-1605,jpg,184353,180.0 KB,1308,870,1.14,L,5837ed4c1ce4f321a9558cdcafcd80a2,90b822f7a7b907d3cf7f3aa08ad9315b00b5eb2cbc7aa06b0a9f3d66d3df9763
1345,lh-75-1606.jpg,75-1606,jpg,658739,643.3 KB,2931,2074,6.08,RGB,5412ee8b15c33ac9d79cbb8467a47207,58af0ad7983e0ff5d6538c8102d83b9a07d6e59ef78ffdcce2bcc2c38db92387
1346,lh-75-1607.jpg,75-1607,jpg,664474,648.9 KB,2931,2074,6.08,RGB,edf3ad1e1e88a5037845d0586cccc361,796a213f8591ebac5b4262cfa536d9c767befbe3d75fd206903b70d61634b6ea
1347,lh-75-1608.jpg,75-1608,jpg,652675,637.4 KB,2085,2955,6.16,RGB,cd080b1574e4bd5a1dfb4a05a164cb96,5b33634a113981524f2b963473c8ca619936d63c6c42043102a9547ce186fa0c
1348,lh-75-1609.jpg,75-1609,jpg,835582,816.0 KB,2949,2074,6.12,RGB,7e8ffa04c8f90b52b0ee3a3b81d8c865,8066b8e82f9e0857c134b7efcc99d04bab1e7894c10ecbaa00a555bb22b9fb40
1349,lh-75-1610.jpg,75-1610,jpg,647913,632.7 KB,2076,2964,6.15,RGB,2fb58f859c3cd32dfdf72950f5137284,0849986f8652242964dc64d1f2d7596bd2a8a318bd4bf0e875a26d7dce49656f
1350,lh-75-1611.jpg,75-1611,jpg,797763,779.1 KB,2076,2964,6.15,RGB,273200aa42164fbc745df335ad36b31e,78432698655bc6b8159aee788094eb698e4309ba556c7b76d087be78ab4f748f
1351,lh-75-1612.jpg,75-1612,jpg,506806,494.9 KB,2949,2056,6.06,RGB,6bc6114762ce3ed8f51bc4987d4c944b,ce6def6cdaa441a34c109eb3fdd2acfa1695bfa8b087ed6644e195b4283f4e3c
1352,lh-75-1613.jpg,75-1613,jpg,672738,657.0 KB,2949,2056,6.06,RGB,06a91c44c4ea0337e6c73b5951dc177e,46bde9ec046dbf45176932fd09d5fa5c4ef98116866d708de71e9d99c496bd78
1353,lh-75-1616.jpg,75-1616,jpg,606523,592.3 KB,2949,2056,6.06,RGB,1e0ae7fe5bf1b104b0d8e69526e38994,401bc57cf939c881e32a8a2f93ff01dd4739cc6d12ecc2fa8f76390905806ada
1354,lh-75-1618.jpg,75-1618,jpg,529796,517.4 KB,2949,2056,6.06,RGB,dfb92b959c195234b892259bbf834d54,268b521cd0c904469e839e51a01484d715b4b05854ba40e4007a4e893b9dfe10
1355,lh-75-1619.jpg,75-1619,jpg,643611,628.5 KB,2949,2056,6.06,RGB,4a5bb95053d57e0afdb9c7f1cd933870,7904f3a260eb088698de23eb760fcb9fc93389ab6dfcb285cedcad82e2623d64
1356,lh-75-1620.jpg,75-1620,jpg,474023,462.9 KB,2949,2056,6.06,RGB,58a5246e481fe12462bb3c80c81bae56,5afd0ba4d15957a5a2d6f7dc9ac0d686afb6a8f26c0a3a027573149734b71b4e
1357,lh-75-1621.jpg,75-1621,jpg,722021,705.1 KB,2949,2056,6.06,RGB,9369916f709ec40988d3992dc90616bc,caa200cb249961bee56a04f2c8a2865723a79e508412c5b113261ea8a76450ab
1358,lh-75-1622.jpg,75-1622,jpg,514819,502.8 KB,2949,2056,6.06,RGB,c1ab8f476946ecbd5bc4ef5385fed323,52f64617cee2c193a320f398761b2e2e2128f258e21c842bd4ef6c26efcf21f8
1359,lh-75-1623.jpg,75-1623,jpg,570084,556.7 KB,2949,2056,6.06,RGB,f9cb072e7450271fde5a82a65b7b741c,0378dd5f6ed9fba59aff5e230839a4193f7758d4ae9eda19219ac91b584006ab
1360,lh-75-1624.jpg,75-1624,jpg,746923,729.4 KB,2949,2056,6.06,RGB,fe90f3b05df0d48f166accb326963bca,134aaae0d1d8896ca8f52fd5ead45a689d02edd4d72ee393b9283b672e755600
1361,lh-75-1625.jpg,75-1625,jpg,594256,580.3 KB,2949,2056,6.06,RGB,0a5659c76d4531baed1f26a00a30ba3e,72d1271a96a4170e8e80631b8ed209d2a65d236b4784ad412910e922d6ef18d2
1362,lh-75-1626.jpg,75-1626,jpg,635083,620.2 KB,2949,2056,6.06,RGB,df527c7439e068abaf75b2be49f1ec0f,c533eaf5915dfd0589e8a7604b64464313bce44a174ba60568d7a564859b95e3
1363,lh-75-1627.jpg,75-1627,jpg,606904,592.7 KB,2949,2056,6.06,RGB,fcffc31098d2a72e705acbb3ba628f99,2891f6fc1fbc1f5838528ed893fffd1490b1d520b580a812f25ea2fb6b021d2c
1364,lh-75-1629.jpg,75-1629,jpg,631772,617.0 KB,2949,2056,6.06,RGB,8c33d5d18644ea5a6f85020579d25879,a9a022571e6dd23e0422331cd5c6da846a615f68cfc1e14f6be9253792a512f3
1365,lh-75-1630.jpg,75-1630,jpg,679004,663.1 KB,2949,2056,6.06,RGB,4f62952d44d5dc7475debba580343c3b,d2491a9f26b0c3d1fd42d03add1844b708d6e2609f8515ecda19b4f940a105ab
1366,lh-75-1631.jpg,75-1631,jpg,779367,761.1 KB,2949,2056,6.06,RGB,b750484cbe65d46df829f8b520ce2785,2d8958189c82612bf88febfc7d06a68f2c9a7e52dfde69973dddf3e2923a8121
1367,lh-75-1632.jpg,75-1632,jpg,530861,518.4 KB,2949,2056,6.06,RGB,cf806623a8de682563a5a1525f7c057e,644b1d378edf85730aa441dd45337735f8b6b25189946edbc2e3697e599efff7
1368,lh-75-1634.jpg,75-1634,jpg,601981,587.9 KB,2949,2056,6.06,RGB,2255d8433e76f27d3632d871afc146a7,64481e88e3c3827fb6052462dd908829db161369b5590f12fec947187ba7eff6
1369,lh-75-1637.jpg,75-1637,jpg,607651,593.4 KB,2931,2065,6.05,RGB,5dc164efaa4770f424f6d23de7bb241d,6935980e2e30d8c25ded2cd268d32dea8f3d7ffa630390a73cc9f5c6a05d961a
1370,lh-75-1639.jpg,75-1639,jpg,552525,539.6 KB,2931,2065,6.05,RGB,d2ea3516e9192e66e0e782bb826f2400,92a69ea60a154d78fcc892f63bdefaa677db3d87eb155cfd2821055f376e348d
1371,lh-75-1640.jpg,75-1640,jpg,482947,471.6 KB,2931,2065,6.05,RGB,e5bf984a60edad923e8830bd0fbe80c8,9ccc722707c8079a7f352213bdc81bb470d8e2eeda1aec1de256cc5343113be2
1372,lh-75-1641.jpg,75-1641,jpg,508767,496.8 KB,2931,2065,6.05,RGB,db8766f3d95e8a41b552dde56df161a7,dfcccd8071e6e283f6e9bdff11ced9c7dd2af8b97116d7d729932de435be153b
1373,lh-75-1642.jpg,75-1642,jpg,523685,511.4 KB,2931,2065,6.05,RGB,daa525fc4976b80931e516559ed96f5e,8960f87e1d0d2199a03c9a7bb6b71c674c4240e0f507243aa451c0901fe1e93a
1374,lh-75-1643.jpg,75-1643,jpg,673818,658.0 KB,2931,2065,6.05,RGB,d53d43d7b05edc81f157f821655ce16a,4dde1526d6083766e47b8ecefbf47a145ec449cd6432fece9b7024cc3fa130a7
1375,lh-75-1644.jpg,75-1644,jpg,550235,537.3 KB,2931,2065,6.05,RGB,61327ad063d3f5f198fb4c64d2bc4ec5,d6b0d0c68b7565f3bea2a87efe5a04ba957987d43e773eeae59f507106dcf805
1376,lh-75-1645.jpg,75-1645,jpg,714743,698.0 KB,2931,2065,6.05,RGB,ad4a0bb005632f2b05fd98c97d32b8cf,2bd903d9d9e53a94eb86b03f6d0dded31e07e243e266f8f2ec2efbcff91c5ee6
1377,lh-75-1646.jpg,75-1646,jpg,587481,573.7 KB,2931,2065,6.05,RGB,8dc0780ee48018d948692c2f8b74bf71,74e3827887ecbcfc873512c9291d38d926da0f9c69f54e69986ea3b78f9fea78
1378,lh-75-1647.jpg,75-1647,jpg,565001,551.8 KB,2076,2928,6.08,RGB,1fd2fd9f6eb5f92764865bdf6e46b56d,d04ae94b138f17933bb66dcdeec432ffbe531c6c740af1b1c19f5ccc4516e70d
1379,lh-75-1648.jpg,75-1648,jpg,727254,710.2 KB,2922,2083,6.09,RGB,c1b9b924a5851a07b826a48437439410,4900ad47a9ab25f34dfa6c45bc4fc5146c9e01cde8e688c8b40bf0c6d14775c2
1380,lh-75-1649.jpg,75-1649,jpg,716752,700.0 KB,2922,2083,6.09,RGB,f1e9a92fad156ef8c7c7be494a0db67e,f1eb8d30e6e52f40e696b466a47aff606407f2152684ebeeb0bc0753354fa61c
1381,lh-75-1650.jpg,75-1650,jpg,598568,584.5 KB,2922,2083,6.09,RGB,0a095a5dcef8bad74c4edf6306e6ae2f,6869683673c10a313264b0afc97982f2c24e8e0767081552b097a343f8984d32
1382,lh-75-1651.jpg,75-1651,jpg,736041,718.8 KB,2977,2083,6.2,RGB,b1a1406a6b6d3fa2f97419fd004e3f25,ac2dbe17de7e0e145ce62e635f74e000f0e5c9c5676987d3c4308f8858cd275f
1383,lh-75-1652.jpg,75-1652,jpg,857472,837.4 KB,2977,2083,6.2,RGB,167264de3cbe721434d1cb22f0e789f8,42f19d8250b6df02187be68d20d4abab454420478b55632b606ba134270b1187
1384,lh-75-1653.jpg,75-1653,jpg,576798,563.3 KB,2977,2083,6.2,RGB,fcef84839e97f3cf531c610a2b70150d,5aecf44c4094e09bdd80e25c6bfe8566185df16ee7856467e3c564c5466ea53a
1385,lh-75-1654.jpg,75-1654,jpg,718511,701.7 KB,2977,2056,6.12,RGB,6af35bbf658f40f9543bed9972f493c3,2e53562f44d5951b866dc8938b0cf476f26385e435fd5ef6bd0b330d7906266c
1386,lh-75-1655.jpg,75-1655,jpg,779171,760.9 KB,2977,2056,6.12,RGB,f0cdac87c3120bbe5ee20561401832ce,372358f2361f4b4255783022b7916def9d3dd2340fa0c34c34eb8b2b059dafe6
1387,lh-75-1656.jpg,75-1656,jpg,918811,897.3 KB,2977,2056,6.12,RGB,74538e6ab72a697710cd1073c4b48adb,a148ff1916affe63150c71579e23b0d54b908483a853c15750aa85dde6873ef9
1388,lh-75-1657.jpg,75-1657,jpg,792332,773.8 KB,2977,2056,6.12,RGB,9cd5b45d6fe3dd42e20090aa0e22bfd2,b8f0bd8b6a7bf1d1696122602e816ca1126660ac6227cd6662c09c260a00cb13
1389,lh-75-1658.jpg,75-1658,jpg,987728,964.6 KB,2977,2056,6.12,RGB,f148ddfa5b33bf790464238fe83af833,eb3ad9e68c03bd17e9d37e90dd4c9c69ba28abd8a375414f50089abaf09b04d6
1390,lh-75-1660.jpg,75-1660,jpg,953272,930.9 KB,2977,2056,6.12,RGB,6c159f9da7a383bde3fe825b25b1c037,9c7981a084050348c5624e6333a139333eb087c9659376ee6ba47e15752977e9
1391,lh-75-1661.jpg,75-1661,jpg,496253,484.6 KB,2977,2056,6.12,RGB,bbb1ce39b62e36bfa4e2f464b9be07d5,fee8e8d3c2db4b019be9ef908d938e1a9bb3f1fb6355fe73cf482835e36b6b9f
1392,lh-75-1662.jpg,75-1662,jpg,670250,654.5 KB,2977,2056,6.12,RGB,53c2b3c95335b24cb5a15eab451da472,f5b9ade0a97caae5aad0ccee8253ebca235e68fc93e8ee64e648dd5e8b11bc00
1393,lh-75-1663.jpg,75-1663,jpg,665439,649.8 KB,2931,2056,6.03,RGB,ccc1ab40023cc72ee43c0ac4ecfad2d2,87422fe320729d06ff8549d4d11ca904197a9b4014214c323c68e544c58bd55c
1394,lh-75-1665.jpg,75-1665,jpg,588855,575.1 KB,2885,2056,5.93,RGB,990d0bff44007c6d270a04afcac146ad,0558b3dbcf66309b719ab2d4e8579107b9a4c22dc0e0fd5da5dbf0a936c4a741
1395,lh-75-1666.jpg,75-1666,jpg,643769,628.7 KB,2885,2056,5.93,RGB,81722a321b6014d05cff4ebf2a9743c1,09e906835a8f5bcd610662623a8417de432f8ca54f9df38efa21b8323d4009cf
1396,lh-75-1667.jpg,75-1667,jpg,662380,646.9 KB,2885,2056,5.93,RGB,80a95e30084fcf1cc2adada76a60b122,cc8908e1c108e3a6d25745c5c091575c1b036af9774176d5abf078a81317b7b6
1397,lh-75-1668.jpg,75-1668,jpg,686160,670.1 KB,2885,2056,5.93,RGB,8d8c574dad5bf77c3eeb28e26c0c86b6,d186f37e0836c4eff14b08df5c2224c83e025cacf79cde0805adcbb02e064b92
1398,lh-75-1670.jpg,75-1670,jpg,841669,821.9 KB,2085,2928,6.1,RGB,e60e01eb244fbe10f3ebeb553c5f5e29,6304c8ff9fba4d7eb54db17e38c2c539db428bbffad22b961fb57be3a02d4e7f
1399,lh-75-1671.jpg,75-1671,jpg,626193,611.5 KB,2085,2992,6.24,RGB,12882bf737e0d436f1412a032b8b9897,ed0d56d45e1d03c308916f6b0d689240aa97ef715bbb059999aeb3e1a092164d
1400,lh-75-1672.jpg,75-1672,jpg,751907,734.3 KB,3004,2056,6.18,RGB,d7866a71207a9aaeca59b6e7ea9482bc,cde3662d6e736fba6f55a5b4011fd5c7e60b3637773810d48121d96ea554b058
1401,lh-75-1673.jpg,75-1673,jpg,617349,602.9 KB,2067,3010,6.22,RGB,f9d171db5a52caed7386dcaf0f158cca,ca6188156fdcb34c6e8d998f414252ef6f3cb1e9a98135b6ef01682620db6646
1402,lh-75-1674.jpg,75-1674,jpg,694813,678.5 KB,2968,2065,6.13,RGB,e769eeae009d8c36e68756b1b72468ca,9c2bde1bb82026690cc7654cf03e573952ca5f683a753ca2c87a1cccd48ec440
1403,lh-75-1675.jpg,75-1675,jpg,617594,603.1 KB,3041,2065,6.28,RGB,4c9dd73053a1b29f34d0cf742ef03043,2193017b863c46269f9d60d7725a37bd93d2c0c379e51da7b7ccb92caf4b528f
1404,lh-75-1676.jpg,75-1676,jpg,800934,782.2 KB,3041,2065,6.28,RGB,a213fa0d85cc8fcabf08a2552531bb7d,e32dcfafb63ba47c388d4462b6ba7023e225166033773fe7c3685dfbfe64aec1
1405,lh-75-1677.jpg,75-1677,jpg,650054,634.8 KB,3041,2065,6.28,RGB,52ae419ef4e2d87df8b6889c3e1c23ae,cc0881dc7660c8ba1c51132d75dc15f5ef4d8ac184e5badd5c8bda7d4619b321
1406,lh-75-1678.jpg,75-1678,jpg,441550,431.2 KB,3041,2065,6.28,RGB,63a59b631265b6593c99050baa7a5e55,8864d2cbfbd3ed6009454d714ec00da380bb4af62b16ead9bc42e91b7244005f
1407,lh-75-1679.jpg,75-1679,jpg,478105,466.9 KB,3041,2065,6.28,RGB,d32ee0b2aa38b0cc27550a4876451725,4fbee532a332fa5641b9460b5349061e0013cd312a6910d064f4ef255d7a2f7d
1408,lh-75-1680.jpg,75-1680,jpg,437420,427.2 KB,2941,2026,5.96,RGB,8dce003f97908aef5c897af7e0a73636,85e5fd4056091b617789cbaf9825d22027cef024f911ebc7fd54f11c13475149
1409,lh-75-1681.jpg,75-1681,jpg,816581,797.4 KB,2876,2056,5.91,RGB,acd0640be32ba700f4a9d0516fbb4999,47a7bff8aa048b27db4bedb493b1f6ed2352342d9880394b905c5abab4fe7514
1410,lh-75-1682.jpg,75-1682,jpg,638747,623.8 KB,2931,2056,6.03,RGB,14016294e76c26dde6b5827465d71e15,0f2ef96657d982af66853531a17b0ae5948d63a14b9d0ba8b1f63ccaa99747b6
1411,lh-75-1683.jpg,75-1683,jpg,723478,706.5 KB,2931,2056,6.03,RGB,dad784260b29e920c347657606b2bf50,82c66e83093c344239eb80ed91bf8d2566ab2857e13738ac9137917dc1388dc0
1412,lh-75-1685.jpg,75-1685,jpg,710501,693.8 KB,2931,2056,6.03,RGB,5db707be72075f02adb7c4088cee633b,53a3a6901a7bd5366fdea04c925c33abb5374f79bc9589de0cb8b6e32366213c
1413,lh-75-1686.jpg,75-1686,jpg,646423,631.3 KB,2040,2919,5.95,RGB,abafd37768abbe3079d8e65c22bbe0f5,f543a16035b7f14eb78ca80cd138a2197a599ff338aa47cc27f212e63d7a4875
1414,lh-75-1687.jpg,75-1687,jpg,576520,563.0 KB,2058,3056,6.29,RGB,add25ac5a7382c049a0d02b5e3ca2545,65ff49752fa9883109b0f9538a00bf7fac9700cd67ad8defb9abdfe6d0bdbb83
1415,lh-75-1688.jpg,75-1688,jpg,647351,632.2 KB,3041,2074,6.31,RGB,57b6f445fa80fe9ef508285d360a18d5,284b23bd786426bafc910c31ddf71c112230861536ac298271fd02640f3f93b6
1416,lh-75-1689.jpg,75-1689,jpg,499214,487.5 KB,3041,2074,6.31,RGB,f937c1cb4c1b3c7e13f8e9f262b2c3eb,46ba1767b64d02876463e2e11a99f38c1ec350f001388fb7489f4d1432df8f7e
1417,lh-75-1690.jpg,75-1690,jpg,726071,709.1 KB,2058,2992,6.16,RGB,82719a4cdf31359a73857941f7e3a21e,02a3dbeab2784e24d9d702047a9de82229c2694a147a162b255837ad635aa5ab
1418,lh-75-1691.jpg,75-1691,jpg,618435,603.9 KB,2977,2037,6.06,RGB,224c2c8b951c4fa8e21eca5e0adf1a34,7071907962dd4d14e16f2541e240b748f20c18aabde7170724083c4d1a89aa7e
1419,lh-75-1692.jpg,75-1692,jpg,626661,612.0 KB,2977,2037,6.06,RGB,812215218a15a3f9998173e9db1ebc31,243191f7350acac8a41bf1dff753ca8ae8c26911d7ec495545f057c964c03d93
1420,lh-75-1693.jpg,75-1693,jpg,570856,557.5 KB,2977,2037,6.06,RGB,eb115987cd5c90c2a3e82873750d78c9,6efb38968d8d1c15984c1b846a240095ed02841b04c4b626853a33e4b800124b
1421,lh-75-1694.jpg,75-1694,jpg,605821,591.6 KB,2977,2037,6.06,RGB,88509343fbc67610aa5f8d7baabd4c43,6d0829d4235b83d452b3f67a04d36c5d0c52fbe639926153ce6dc66854a16010
1422,lh-75-1695.jpg,75-1695,jpg,667475,651.8 KB,2894,2037,5.9,RGB,13e7e2d3112a57fd7ea789342ae14141,ec47f76a414a1b6011a1ebf9da0bd834ac182746218833aa7d2f9aa2d7a68a06
1423,lh-75-1696.jpg,75-1696,jpg,554268,541.3 KB,2894,2037,5.9,RGB,4523bc92696dfda4a81a544155f1506d,8d019834eae3208ae1ec61dab1e6a446ab6db5bd4390d94de59a9098fc529113
1424,lh-75-1697.jpg,75-1697,jpg,602540,588.4 KB,2931,2037,5.97,RGB,a546a3ae7d1f6e95af47e8734b74b680,99bb4a80620e181be8218c79dab2948f4f7489cb625f5e82736d36c77f8f3e0a
1425,lh-75-1698.jpg,75-1698,jpg,616116,601.7 KB,2931,2037,5.97,RGB,dffffca96472bb790a0680666fce3384,e8654cee251a6303dbfd1d5a26b109fe668e68e64dc8a488138e57efdb9fb8d7
1426,lh-75-1699.jpg,75-1699,jpg,773054,754.9 KB,2931,2037,5.97,RGB,565918de4fb2cedaf1121d7569c12f19,bfa7066e8f0cee327664bd6e1b6c1a310f0ae1798445fadd7b47493f3138d7f3
1427,lh-75-1700.jpg,75-1700,jpg,752199,734.6 KB,2949,2056,6.06,RGB,5c9ead10d389107faf6ad712aa782734,ed8fba25fd4584ae92a0ef3b7431c499fa8c355acc783268d306e8b99d5d2b40
1428,lh-75-1701.jpg,75-1701,jpg,649415,634.2 KB,2949,2056,6.06,RGB,76d8cc5305540b7710fa13baa29632c7,682fc615e26c5cfb46b69321379b3b613d9d3aed75b8e0899f1ea1a30391b4e8
1429,lh-75-1702.jpg,75-1702,jpg,828225,808.8 KB,2949,2056,6.06,RGB,78087ca0579e5900cbc0020bdd3ff067,414a0fae1678fda0222f36b517c12688b1e3235cef41cb6b68dc48b0af74edd0
1430,lh-75-1703.jpg,75-1703,jpg,665546,649.9 KB,3069,2056,6.31,RGB,ed91b076a9518445d17b0f1136549517,be2a50933b5fe6bdb6cebe29418679500aa14c320e4ba69499629a1571757540
1431,lh-75-1704.jpg,75-1704,jpg,537192,524.6 KB,3069,2056,6.31,RGB,7e7df7823f380d8e09552af5c9d08e20,4620e7133852f42ecac2ce0a77f76fcc0b698a208ba319afc69854d3d9fefe63
1432,lh-75-1705.jpg,75-1705,jpg,895408,874.4 KB,3069,2056,6.31,RGB,842f02a1935553ec69d861ba9e4df039,a6788db8908ba413c0ffdff6109ddb1cd39eb28837756151000f12b7227652f1
1433,lh-75-1706.jpg,75-1706,jpg,553306,540.3 KB,3069,2056,6.31,RGB,4668401d31af45770a577fda0df66492,8cf10ed6765951f43dd1fc0df86b01c51e9e70e3f5b336c8c62de533164c221d
1434,lh-75-1707.jpg,75-1707,jpg,722743,705.8 KB,2977,2056,6.12,RGB,54609e476c90bb9710b98087f3b1d05e,10e8f41e467b67e5c8804fe0db1e60731f791086ecec3063ab4d8c8f74b65ab9
1435,lh-75-1708.jpg,75-1708,jpg,565728,552.5 KB,2977,2056,6.12,RGB,0df485887c76a89c15798aebbf0f4315,fb7c871535580b778b6c0c2c627ff6984fafadd8ee5c4820524cf95c9b6234f9
1436,lh-75-1709.jpg,75-1709,jpg,574948,561.5 KB,2977,2056,6.12,RGB,0a62b0ffba1351402b19a11bea8bc595,14346d8830bb62f016460cf34b5d0cbaf819a1b7390af82d85546d803d798c49
1437,lh-75-1710.jpg,75-1710,jpg,615012,600.6 KB,3050,2056,6.27,RGB,71b22903d75a52650e5ef2b2081cfcd3,9fa296ac8f69904b8157aa04c9c5522fc163ac02a24a5a63eccd2867efe74221
1438,lh-75-1711.jpg,75-1711,jpg,609966,595.7 KB,3050,2056,6.27,RGB,056201309a452e176b02e0dd2c688405,f1374a09136adc44bd0d73d8db4d1cdab205698f7b35b29714132a630600a348
1439,lh-75-1712.jpg,75-1712,jpg,614466,600.1 KB,3050,2056,6.27,RGB,9712ae6e0b3a2a73f9cce8e3ee6875ea,434ded1650bfa421b8770606c3846702b021a0d12faa6dddbaad28612da190c3
1440,lh-75-1713.jpg,75-1713,jpg,576169,562.7 KB,3050,2056,6.27,RGB,d35d778af752d2c35f19cb3ed152d717,5b3979d3027ac179998de9263d87ad0056a57050fe6f8adb43721271f704d2c2
1441,lh-75-1714.jpg,75-1714,jpg,646660,631.5 KB,2076,3075,6.38,RGB,4a62751f51873a1b480ec8b72492742f,d3a03f783024140a29ccf5f41b78b1252da7d3ac5f1d7e540efc9a6935b0af38
1442,lh-75-1715.jpg,75-1715,jpg,770069,752.0 KB,2076,3075,6.38,RGB,fbc66387e7aaf74de8bfb564d994f585,baec7384e152bdd586eeae3ad27fdfdf62236bea270ffcc4dd9ec44ad3983737
1443,lh-75-1717.jpg,75-1717,jpg,641334,626.3 KB,3014,2074,6.25,RGB,398e940d24668b143b9594f1326eb89f,e10412b9902d7420e00203152a4972e24410540115d1488719b78d6282c93a3f
1444,lh-75-1718.jpg,75-1718,jpg,520169,508.0 KB,3014,2359,7.11,RGB,97fa7aff2662f578e21a080f19828466,eb6eca6cf719063c9c0326b56d6397a97af12a484b6a339a0a22af0fbdd5231f
1445,lh-75-1719.jpg,75-1719,jpg,791743,773.2 KB,3078,2092,6.44,RGB,2a324d522900b33642785aebc9a424c4,d543464c7352306bca4cd1da119537509ae1881c968e762132112803e0170789
1446,lh-75-1720.jpg,75-1720,jpg,681202,665.2 KB,3078,2092,6.44,RGB,06803c258b982152eed345c7275dd7b9,44c1e79be89f419726e2d89f852e955bf699feb1fc1ea5ff0295905f5e985336
1447,lh-75-1721.jpg,75-1721,jpg,1023418,999.4 KB,3078,2092,6.44,RGB,6918854a6ecb8cbe2aecf2cbc5b60595,720ac45f25d8a0da90d8ca4e0ba2d03dd864d00a282ab098895aea49cb8b94bc
1448,lh-75-1722.jpg,75-1722,jpg,822693,803.4 KB,3078,2092,6.44,RGB,4a4dc30380b04672849d567e79a61ef3,771b76047b2bf2bdd29bf7c84a0e9c8eac426e5ee128cbe2b4441e0fc73e2e26
1449,lh-75-1723.jpg,75-1723,jpg,500187,488.5 KB,3078,2092,6.44,RGB,73b27c6fd4b713c8e9859ae93f5dbcf8,e7658cd2466e6bfb38a4115f19ff352c66dedd2e68299dd62837fc7f4e2ed84d
1450,lh-75-1724.jpg,75-1724,jpg,452776,442.2 KB,2085,3047,6.35,RGB,5888e053a508e2d543a26d64f4dc0dcf,29870ce44a2e8d853ad2d7df5e7a18392f6362f1d32a8518ec8e367e675685f6
1451,lh-75-1725.jpg,75-1725,jpg,476648,465.5 KB,3032,2065,6.26,RGB,d7f5fa6468e751eea5e1c2ee4b3f8a26,6be5363938d653fb9c6b2c28aa5d7f71736aa9e812beee874df907781e1cda60
1452,lh-75-1726.jpg,75-1726,jpg,597096,583.1 KB,3032,2065,6.26,RGB,7b07868219e02730dca0ae5ae48a7690,ee19fe51680c4de163ca24d148ef5dd180297f0bfe57afb5fa54ab5fd2bd85ca
1453,lh-75-1727.jpg,75-1727,jpg,669373,653.7 KB,3032,2065,6.26,RGB,0b8ad6f48ad69cae5a402f7afed4aef0,bfa5d98874ef1dd36488b4c84a98a5c4a0186a57024b49e2f3101fdb33b00c83
1454,lh-75-1728.jpg,75-1728,jpg,797621,778.9 KB,3032,2065,6.26,RGB,511b8f82c8c5a4ad19679283c4784253,911ac06c4d077c4833343849a9091073b4ac6276cd31a1056dd305892c0eedf7
1455,lh-75-1729.jpg,75-1729,jpg,566160,552.9 KB,3032,2065,6.26,RGB,b4fc0e7c4857c7f46336f577a937c081,4473d3241cb2a6945e0601512c53655f6c4dacf14b4429a82fac3784391e328f
1456,lh-75-1730.jpg,75-1730,jpg,461070,450.3 KB,3032,2065,6.26,RGB,17fb90b2c177f908d2685422a1567b00,b4e99b7891eb1a24baa281f92b4e93484a00c6a6257dc5289c33abfa7e614011
1457,lh-75-1731.jpg,75-1731,jpg,720556,703.7 KB,3032,2065,6.26,RGB,1e0f53696e0db4d2d968f92ebafe4fb0,f569c04643663ecb60399c98c41cc0947ee8429ac8db54dfdd76c0c19b558be2
1458,lh-75-1732.jpg,75-1732,jpg,669149,653.5 KB,2922,2065,6.03,RGB,e8380e5710a3b86f6f814071a75a8bb7,88cddece25c6fb9e14dcad4a8d3ec8963f1c0b7d93eb5b35ce42d94a425ca7ac
1459,lh-75-1733.jpg,75-1733,jpg,951283,929.0 KB,2922,2065,6.03,RGB,2b0271accd9feec7a86b431a23b9512e,af3653102e9822dc0551f70972f502875acff54221f68b1ab386784f206a0c66
1460,lh-75-1734.jpg,75-1734,jpg,634254,619.4 KB,2922,2065,6.03,RGB,1c093c43c1d30e8ab71d1ef9d9ac94ce,a02570c6a77770253449dfce51d511a7bda0b87509625e84342363525b937278
1461,lh-75-1735.jpg,75-1735,jpg,589397,575.6 KB,3032,2065,6.26,RGB,69d90beb9b997ff709f55971c6ba364f,96ea81a1ff3d8a8733369665abccbb1f5236bd3f5b6387837e2d9b9c2f32f8f6
1462,lh-75-1736.jpg,75-1736,jpg,606140,591.9 KB,3032,2065,6.26,RGB,2bd00320547551e8b208d57d425313bf,2aae616eea5cc295b9b7c64b8e6d3d4d5c4c8664d36eed5279435b40b4888a0a
1463,lh-75-1737.jpg,75-1737,jpg,730511,713.4 KB,3032,2065,6.26,RGB,f0b1207754bececb1b7f0fedb7be7c59,706b46409a21fc7a327e44b4cce7458a84c3a9a3cdf467c458843a64f23e3acf
1464,lh-75-1738.jpg,75-1738,jpg,685448,669.4 KB,3032,2065,6.26,RGB,d5cf8cf77635dcfcdc4d28dad7a1df9c,1193730b52238b988bdc60842903e43695cf09483f9fede2f15f1fcc5df85da1
1465,lh-75-1739.jpg,75-1739,jpg,564391,551.2 KB,3032,2065,6.26,RGB,573ddb4502b1d4eabe7447fe49a8b1f6,07a7ec7b567486c31c08a2ef8dc6efbcf035e7d1552f6b4d5e25b9fc19bc8476
1466,lh-75-1740.jpg,75-1740,jpg,558216,545.1 KB,2039,3065,6.25,RGB,d2b3e5b7241a32a9a5d292a3ce9c0605,3fda25f9464866630cfa27fee5ba8fc281178097f5551a05d50e1a0030c662ec
1467,lh-75-1741.jpg,75-1741,jpg,776013,757.8 KB,2894,2065,5.98,RGB,9bc8e84cebf4904c3ca25a1ce696e4fc,3c3f8ab7b29464e1d77660f7ba64d48d9b54f29b15cd932a2e89500c86f0fb5c
1468,lh-75-1742.jpg,75-1742,jpg,676971,661.1 KB,2076,2900,6.02,RGB,ba509ae71f8d56c68d2a935dfada37f3,c29c456c3d7a542715ebe07739126e27a4593c84215a6c32783ae86f3f8f296f
1469,lh-75-1743.jpg,75-1743,jpg,902407,881.3 KB,2903,2074,6.02,RGB,02898ee529a3bc87c5e5c9673220259e,93a87ce3c332d35aed2452918b804dd38e9b52d31324483a4b26722c2622589e
1470,lh-75-1744.jpg,75-1744,jpg,658643,643.2 KB,2903,2074,6.02,RGB,2547a2ec29b7c2e9855d70ae5de21698,9d64f5918c4ca1e7a4a962d1a77c59d9fd9facb00a34e6a5575b5e40376ef374
1471,lh-75-1745.jpg,75-1745,jpg,917460,896.0 KB,2903,2074,6.02,RGB,e7fb93ba36a505054878c3d30d865735,c07e29f20490d86d29c0b77bdc02a5ed00ed7de61883b75b1698990a46e0c816
1472,lh-75-1746.jpg,75-1746,jpg,600554,586.5 KB,2076,2955,6.13,RGB,6600123aaac33714a74953a328a6b7a7,a096c8c10896811daa59b841d3d6373c254d79527160711224b35e6c51f11269
1473,lh-75-1748.jpg,75-1748,jpg,839379,819.7 KB,3050,2065,6.3,RGB,24b9a47a3b15712cd25c9098c815bd28,d439ee279c2c843abf06ca025c456343d39688299edaf1a28e00d2c58ae6d7dc
1474,lh-75-1749.jpg,75-1749,jpg,616639,602.2 KB,2968,2065,6.13,RGB,76f1204321fedeaa97a9ee67b0153aca,de467f68572207d77641bd2507361485b0a0c5e5cdfb31faa139b9b21d9ea6c8
1475,lh-75-1750.jpg,75-1750,jpg,771009,752.9 KB,2968,2065,6.13,RGB,552465102b513c38800bb9b4482b0eb4,11001f42c6bc0b90141b806a78bdcd44d6e986ff468a622b80c304af58dc2305
1476,lh-75-1751.jpg,75-1751,jpg,816749,797.6 KB,2922,2065,6.03,RGB,a5922f8b9f2c64cb2d9ce7fcf30570d0,d6cac672847170145918ea2cf9942d840ef1bfb6c57c944e036f6f7d1a70db42
1477,lh-75-1752.jpg,75-1752,jpg,679404,663.5 KB,2922,2065,6.03,RGB,1fc3d7396b4e2a86003070419be77d83,fcc4f8ec9663715084ba8638bec322e309daa3fd6c69c9b558cf6f798d8e336f
1478,lh-75-1753.jpg,75-1753,jpg,664284,648.7 KB,2922,2065,6.03,RGB,d5adecf25067262347585e0938374030,421669d8c32fdadd86eaae0dda9ef865bbbe407b70de16c22cad4379600088b2
1479,lh-75-1754.jpg,75-1754,jpg,766513,748.5 KB,2922,2065,6.03,RGB,8f372acee7d96ec94f17ed0188c1b96e,df0cbd8f9e1380191f43a10ecdc9599fbe01221cf72bfcedd066131d7bd004d9
1480,lh-75-1755.jpg,75-1755,jpg,830477,811.0 KB,2922,2065,6.03,RGB,f616b6dc027d198a3bd703c7c4f03d3b,f8e3d89573de7c026ca637998ed68c9a0e210c1457c4a13a2e9260ff85f8031a
1481,lh-75-1757.jpg,75-1757,jpg,793588,775.0 KB,2922,2065,6.03,RGB,fc634a0130c0eabed2332e11cbe2ab50,5161dcec6167d7c96dca36053f70694fe8831d572caabb778a5d84f677dbb6f0
1482,lh-75-1758.jpg,75-1758,jpg,528929,516.5 KB,2922,2065,6.03,RGB,5bdaae27b2b3521a5c515edee5c1d934,b3fa1dab7aa7b6a2ad4393b8d567b8209697224722ba69e782828d24c86bd990
1483,lh-75-1759.jpg,75-1759,jpg,874130,853.6 KB,3032,2065,6.26,RGB,fa4be02f9c14f89dc399ae39cb3c07ec,3904a6280f7972377fc0eb06eb8cb47aedfe63d1a7d8aecdbe4ef0855cb1223c
1484,lh-75-1760.jpg,75-1760,jpg,553879,540.9 KB,2949,2065,6.09,RGB,32dabc6276a5211ebac0554d627f572c,85bcc1554e6a5d4249aa19590dfa4e92002c5efe058c0bbf84505184532af887
1485,lh-75-1761.jpg,75-1761,jpg,528983,516.6 KB,2085,2909,6.07,RGB,71e894c1640d1a7c35cd09a6cd34dce8,09ec1ad13dd1c23a35ad64b2a98f169abcc1bf64907e7818919c8e3977f16943
1486,lh-75-1762.jpg,75-1762,jpg,576814,563.3 KB,2039,2909,5.93,RGB,2fd10a313680734538ed0c90d328f099,e8b1c2b2b0f01f4f442e1d8633a1145a75e2eb940f18e8bcde223ed905b98720
1487,lh-75-1763.jpg,75-1763,jpg,559438,546.3 KB,2039,2974,6.06,RGB,1a408d0794d5ec71456e9c2b1b339833,6e34cabd562e57b4fa6c89c4af1c43975daeffcdfeadc4bacf4a6e09b5d52e00
1488,lh-75-1764.jpg,75-1764,jpg,383089,374.1 KB,2986,2037,6.08,RGB,61adaf195340f97d03a836a010227b59,360a38e95877650298c32ab24fc2dbb4da53d03fb014bcbae05ef3d378c7dac9
1489,lh-75-1765.jpg,75-1765,jpg,568818,555.5 KB,2986,2037,6.08,RGB,7de52e9c6ca3d4fa9a0fcf7094c2b645,f4105eb9b26e48d99ec915ab0316b0f8df98f61f296207286857e8a4ce5e178a
1490,lh-75-1766.jpg,75-1766,jpg,477453,466.3 KB,2986,2037,6.08,RGB,cd3d564ca490562a9dd015c98da730d3,1b3a707ddc4f64f948212282f415d8cd1abe755a604135bdda9c4af9c8ef3624
1491,lh-75-1767.jpg,75-1767,jpg,645917,630.8 KB,2095,3001,6.29,RGB,733bab63ed458b5078c06fdfbe2ebe6b,986fe983a4bf173c1bcf943766b9905d6d472a7cf0ddefe4ca03259e71e4bdbe
1492,lh-75-1768.jpg,75-1768,jpg,427091,417.1 KB,3069,2047,6.28,RGB,80d71df04e33da5dd8cf933dc5df64ad,e80697bc9d9fb5e0519e1e085f316dca429f9ffdf8258d4efe8f833f4472b2d5
1493,lh-75-1769.jpg,75-1769,jpg,534441,521.9 KB,3069,2047,6.28,RGB,ceb0371f0fb8a935f23af0e21bdd8ffd,f37e9b2e48d742ebbae1872474ec7ff3900ac1ad9ae44bb85548188b911aff0d
1494,lh-75-1771.jpg,75-1771,jpg,718031,701.2 KB,2986,2047,6.11,RGB,6b87cc6cc0805b49f519e7eb0d41176e,acdaf9213e62bbf9665c11fa9cf47e71136253999f408cbd1231b858d4c2798a
1495,lh-75-1772.jpg,75-1772,jpg,599494,585.4 KB,2076,2992,6.21,RGB,8603671e2153d4f5b0708a95c1d8e236,e7a71c3385c547e7105ac1bda03f9ef251f99b75d598ece9e830ac0d5caa4b2c
1496,lh-75-1773.jpg,75-1773,jpg,732996,715.8 KB,3069,2056,6.31,RGB,8be58d8cc67113ad5cff03d7e459f438,f2234ee566a21a901e966e8225595b6ca91dcf1bd21d315d1f959022cd5eb6bf
1497,lh-75-1774.jpg,75-1774,jpg,638502,623.5 KB,3069,2056,6.31,RGB,209991ea0744e1423baa242513219a4c,ded2ab37cc69e10aeda2d5a5daebf156b694043670f62e4a2b0ce871e72b8dcc
1498,lh-75-1775.jpg,75-1775,jpg,700763,684.3 KB,3069,2056,6.31,RGB,f66188f62a572d8517fa740360a0c812,1ae42f730118dab0db35bb56778d83312ef76ee98b928c2db0704fed9c20b4e9
1499,lh-75-1776.jpg,75-1776,jpg,451758,441.2 KB,3069,2056,6.31,RGB,4652f153b509ca062d90c5850a01eece,4915ad25b54df18de5ccefd6f62b822ae1825192186043ed213345c0c8c74cc5
1500,lh-75-1777.jpg,75-1777,jpg,480354,469.1 KB,3069,2056,6.31,RGB,0a26bd71fd5f95dd9293fa1acdb7f9f3,9805cda375c55db0eba91d74966afe637e19913d16d7f00c412258020c322a94
1501,lh-75-1779.jpg,75-1779,jpg,437826,427.6 KB,2049,2992,6.13,RGB,5168d0a0d2ef841783c53714a64cd5b9,cdbc7a7679fb462e83e2cac26e37cab4a6b35f067dde0da40a56b6a45dd3ec86
1502,lh-75-1780.jpg,75-1780,jpg,478636,467.4 KB,2894,2065,5.98,RGB,7322440f6e6dfaefe3fc3e3dcd69962f,c606be2f1982da3e7c45533a79a7329e4d5296ba56636a9d40a09042d40ec1e5
1503,lh-75-1781.jpg,75-1781,jpg,376355,367.5 KB,3032,2065,6.26,RGB,e23ed68ea87be2bce4f278833ffe553a,7bff60e49ba7fe71c4639527cb31ff924372360bcc929da16a6ad9356741d674
1504,lh-75-1782.jpg,75-1782,jpg,611251,596.9 KB,3096,2065,6.39,RGB,f76e8b1ea153b9313e24e5a189ed8c46,a4e282599f80a7bdfe47cc7fa6cb656fae8df353c8d8f0bfa7b7ed29d2d83ca8
1505,lh-75-1783.jpg,75-1783,jpg,591596,577.7 KB,2977,2065,6.15,RGB,15bd4a9a5371d9c69987661a29a13309,3c031f1e7dd96d348f776bf11c17d5f23f99b3638fcf4a8c943e226eb86696d1
1506,lh-75-1784.jpg,75-1784,jpg,741609,724.2 KB,2977,2065,6.15,RGB,63e912b3737e44462a8698ae92b92cc0,6eb7dccca6bc8cb26ae9c41bf8143681f3aff7888964094a5e8b53ba9f19441d
1507,lh-75-1785.jpg,75-1785,jpg,577096,563.6 KB,3004,2065,6.2,RGB,8cb5032d055829e915943074a3e62a10,34863cb861cefdd9ce7235bc2c6c7ef499432f615026e5dc3a29f630170fe0bb
1508,lh-75-1786.jpg,75-1786,jpg,688849,672.7 KB,3004,2065,6.2,RGB,5a1fb29c62925e791a9d043b162d244a,95e0d1bea30aea7c73e1f7a219e5e0958465f994ce2c4f228f25adf1b5aa7ba1
1509,lh-75-1787.jpg,75-1787,jpg,588443,574.7 KB,3004,2065,6.2,RGB,5a0e4e780651ef3d103c0ce61a81d955,db008ba439c78291125686ada168649cca667b09e2345cb4e77cd91daaa0839a
1510,lh-75-1788.jpg,75-1788,jpg,472038,461.0 KB,3004,2065,6.2,RGB,c8440cb2e609a83910c31fda53e23e7c,921a3aa360d2e0c36ae502235457a6363fc4408161b8e867cedf2d877377abe9
1511,lh-75-1789.jpg,75-1789,jpg,442225,431.9 KB,2940,2065,6.07,RGB,ab87c0bc83fe461ac2b58a1db4e03ef2,280af82633a269fe54449ac67515534768ccc8020a27d0487f27d8d8b8a19acd
1512,lh-75-1790.jpg,75-1790,jpg,410942,401.3 KB,2940,2065,6.07,RGB,83bb61ff8c333aeb936ec361e0e82c6c,f44a6385713a9443ace7cba97a03ed435c0163ee3a139a781d1543fd140da137
1513,lh-75-1791.jpg,75-1791,jpg,560931,547.8 KB,3023,2065,6.24,RGB,d5287babd2b4964f47124092c85e7515,c0ec1fb44eda2828f72570f209b46a33b04ed9a375803e50de0e7930bba235ff
1514,lh-75-1792.jpg,75-1792,jpg,531075,518.6 KB,3023,2065,6.24,RGB,9a9bef95666de5e614dc12ac9dd67123,10889f2f771a5f67274d7aab49296a41c9b2ed546ce2766307a6c8fbda4c045d
1515,lh-75-1793.jpg,75-1793,jpg,641692,626.7 KB,3023,2065,6.24,RGB,9f10adc56ec5a7a86224c8dd855c476c,5c6b2b7be33656a6ee879b12fcc349d6d8d57ee0788d0eb596a0f9312baebda2
1516,lh-75-1794.jpg,75-1794,jpg,639926,624.9 KB,3023,2065,6.24,RGB,ac4d92bbab4edddfd6dde555c401a867,0a6832aac4ed1c23d0e3e9f43905713841dc912ea1468b97ab1f00eeb4ad54c7
1517,lh-75-1795.jpg,75-1795,jpg,583345,569.7 KB,3023,2065,6.24,RGB,52629aa050b8d0205574dfdb4fa6cc2d,10d36055d228d24ee0c2691ab260bc95557038a5c0fdaf09b7ae5f2fbbd7dd89
1518,lh-75-1796.jpg,75-1796,jpg,644178,629.1 KB,3023,2065,6.24,RGB,a1a08870325799102f60c592bd539553,581d0a3eaeafcb4097933ca75f49291bf125d1818b0d1c3e9c0e6314682ef979
1519,lh-75-1797.jpg,75-1797,jpg,431888,421.8 KB,2067,3010,6.22,RGB,c52b5f21395f6ff4c4d9184a29b0cf41,5153dcefc830926cd532069d55c88e0531cf6e43a6bf49804401a2643d28503a
1520,lh-75-1798.jpg,75-1798,jpg,542849,530.1 KB,2922,2074,6.06,RGB,6156c75be2f3538dc174d97f7f03e917,1da7b9cb1ddfcab6bc6537087f5ce5c6520d77a0425414bc4059886a647237b8
1521,lh-75-1799.jpg,75-1799,jpg,535779,523.2 KB,2922,2074,6.06,RGB,cca73377e7d3fb7bf4a348cd5257cbf5,603aeb93175ce92ca4507699f0618f0f82693ac00c6703fc66c84b5fb82a9a00
1522,lh-75-1800.jpg,75-1800,jpg,677379,661.5 KB,2986,2074,6.19,RGB,4f72db4ea4438c63ab7af87884084c19,228da823d7bbb8bc7b76108079c246149c86543bb6b0343058956456ab7d29f7
1523,lh-75-1801.jpg,75-1801,jpg,513874,501.8 KB,2986,2074,6.19,RGB,9bdc71625d6b99cfd2c18bfa1453b589,645fe1be170178c4cf6cc385386bb8e26af0c1978c715e7869ca917cdfd5ebef
1524,lh-75-1802.jpg,75-1802,jpg,618811,604.3 KB,2986,2074,6.19,RGB,627119e753ec060ef8d068e23a080460,6bac8db4d4df1ba5b8147a9c5941c42ee8833c2887844815c1d33dd6fb51c4d4
1525,lh-75-1803.jpg,75-1803,jpg,440423,430.1 KB,2986,2074,6.19,RGB,83501248aaca692a861c7957220e5371,0827c465c483324363529af0b4bb22348397efc4fa9929b8f1987ddc224933af
1526,lh-75-1804.jpg,75-1804,jpg,443805,433.4 KB,2986,2074,6.19,RGB,02449e0c23272d8fc361fdec09524fd7,afb7d817c6d78261a74af055e3adddf8976475949e993e43560e1ade0ecd91b9
1527,lh-75-1805.jpg,75-1805,jpg,450415,439.9 KB,2986,2074,6.19,RGB,ce3131c74379ec56c403112b87074422,2359c22d61efc761dad94abc6cfdeb4e6a99946588ce9ae671171efd3b3bad4b
1528,lh-75-1806.jpg,75-1806,jpg,501372,489.6 KB,2986,2074,6.19,RGB,910d7cc656e87eec37492dd387132abb,41db1a253ae4d57d3ad2ad1c5d1293cb2809779425c13a7a57945bf07f00a8cb
1529,lh-75-1807.jpg,75-1807,jpg,592040,578.2 KB,2986,2074,6.19,RGB,4e8304b6e1d09b9e5e35e3fe054f3bb8,d32b316c572205f0d3b3473776195cfa21ab75deb9da621e8461c82003778480
1530,lh-75-1808.jpg,75-1808,jpg,630219,615.4 KB,2058,3093,6.37,RGB,bbc82a53f5f37e4a2ed9dbff0776fc18,fec9102a7f9649ebcee1292949193f8276a028c2412356860857fa4f7edfc3f7
1531,lh-75-1809.jpg,75-1809,jpg,596368,582.4 KB,2968,2065,6.13,RGB,bb3fd6bc6d67618d2eea291d6de0a781,57805c89050a37ced61b96369503306b353ca0c4a1f884ae318cf03bead3c3b2
1532,lh-75-1810.jpg,75-1810,jpg,694764,678.5 KB,2968,2065,6.13,RGB,b83d2172794a1aa59d03a44f255234c9,08fb2651f5e4bdfd8f7f30d7576e81eb16c88e462f581df82d16aba335d17343
1533,lh-75-1811.jpg,75-1811,jpg,525462,513.1 KB,2968,2065,6.13,RGB,5639dc25e0e98a5e3fe18c9d76850a8c,3b5162222a5fec3343700dc519c47eaf8a2d99ed2bd49a97e345a906cd51994b
1534,lh-75-1812.jpg,75-1812,jpg,447090,436.6 KB,2968,2065,6.13,RGB,d364b466b7abfe8f7bc527c35fb84bdd,4c3b347e05cd9e0597f5c1d69311a4dc96fb4d77535678197cb26498bb622749
1535,lh-75-1813.jpg,75-1813,jpg,483427,472.1 KB,2968,2065,6.13,RGB,924b23bf45f451e9cbdbba1478cdd8d5,f6889b8cfbe9d8068916770d2a81ebb688fe24e3a5fa54877e23a72997c4d3be
1536,lh-75-1814.jpg,75-1814,jpg,411882,402.2 KB,2968,2065,6.13,RGB,a2038f4b3e797702f0c42cead0c2b756,cbafb1ab1a0daf8ce2bbffc0f094f581e93f6c19aac4f399c6130b68625b0b85
1537,lh-75-1815.jpg,75-1815,jpg,490562,479.1 KB,2968,2065,6.13,RGB,8b19270f92bf852b04dbd23cb980d968,59ebb9a27a4d1b8c89db43246c790883c3edb900e3ad0e45740d226bc0bf56d8
1538,lh-75-1816.jpg,75-1816,jpg,660045,644.6 KB,3004,2065,6.2,RGB,12a62cd0d81c5ad501fc0c6e1348fd64,eb16c31353ee541ddc5fdbe39a2c1bca19a3a80bb9d8ef56ac04ea704ecd6b7d
1539,lh-75-1818.jpg,75-1818,jpg,645082,630.0 KB,2058,2983,6.14,RGB,2e28bd06cfd9a54f6f4f6e313fff6f45,762582cf35575600dcd62baf32e30df6a976a6993447b87c223c474d13fdb033
1540,lh-75-1819.jpg,75-1819,jpg,484660,473.3 KB,3041,2065,6.28,RGB,394dcad7a7e6af9f1c5dd04d9d5e6722,4db61d4b86a4b3c362556a8ddf1cd11d66897221ffcbaa332db1b291af13a300
1541,lh-75-1820.jpg,75-1820,jpg,519882,507.7 KB,3078,2065,6.36,RGB,f160ce18ca8ab10cb6cb6efcc3b16862,3093900346ea3c12daef14a4c6cd4a5e180a31ea528ad96348136ef058cc0fe2
1542,lh-75-1821.jpg,75-1821,jpg,567749,554.4 KB,2058,3056,6.29,RGB,319d547a97e7dd87ff4dbd56d0fc09ae,7f2fadf1faeb7ba9399cb68cd085860a42852bc3831fc981253e9f2c9f7b3d19
1543,lh-75-1822.jpg,75-1822,jpg,599060,585.0 KB,3060,2056,6.29,RGB,ea903636f5b34bb43eb347ae47acdfe9,2d6f4707b7e00eaf1d1c20fb2a17ce21da314221fd015ac001d7d3be8a6e2b99
1544,lh-75-1823.jpg,75-1823,jpg,646139,631.0 KB,3060,2056,6.29,RGB,37c553ee534fc87831a331e361583bd9,227ef6687408bf7b62f621de5fabd7e7e16e1973b9aa477bc46c73a4ee460f77
1545,lh-75-1824.jpg,75-1824,jpg,516246,504.1 KB,3060,2056,6.29,RGB,a06b9362f7eb7cdb0b0a1b4ad68a816f,4c5b60b5ce6030453e8824952ad3974dc5707dfbd511abada3c3ac1fbdd778ae
1546,lh-75-1825.jpg,75-1825,jpg,522849,510.6 KB,3060,2056,6.29,RGB,279e4f24d47bb1d8417d165343214b45,27e8a8e28163c11c897dc104bd36739ae1315f652dc68517ce37dbe71b294666
1547,lh-75-1826.jpg,75-1826,jpg,708448,691.8 KB,3060,2056,6.29,RGB,82f6585646518c7b8d2cf325aedbad80,f3a39067bc711e374cd61c3ec8e1d5cb8b0b35437956103788b0ffe12452590e
1548,lh-75-1827.jpg,75-1827,jpg,717900,701.1 KB,3060,2056,6.29,RGB,d417f23e3e684b92037248932f68eb2b,0c92b106dc03c582f1124b37c1bd12502fdfb87a3c61ac28829f152d7bdc56b0
1549,lh-75-1828.jpg,75-1828,jpg,625220,610.6 KB,3060,2056,6.29,RGB,51aa7db2f87d4dc005370fc1fe3dcd9c,18fd63f73eb7e687adba83d40c30e54179fc53683480b4cdf5aea201573749b3
1550,lh-75-1829.jpg,75-1829,jpg,614795,600.4 KB,3060,2056,6.29,RGB,30564b32b80d08b8d213837a2aecc930,92aa2582f4ed5b704b75d05eae83db4fc6022f1474bd422096e5b3816312ccf5
1551,lh-75-1830.jpg,75-1830,jpg,624185,609.6 KB,3060,2056,6.29,RGB,8b471f682c3c373108190750c576c411,d11f5f1398d76e60eb6b22762f0680d7598ba5285b1c2974c0567a508863fa56
1552,lh-75-1831.jpg,75-1831,jpg,470935,459.9 KB,3060,2056,6.29,RGB,81b6d768dc019a74ffc5b39bf01b6c25,e1cb28b994e5feff4cc86562a47865641967a1fdbf34909b0ab51f4afc4487fc
1553,lh-75-1832.jpg,75-1832,jpg,541983,529.3 KB,2049,3084,6.32,RGB,a37a8ecb240af1a31bf9737ccacec021,372047c87210b6f5607da6be75f0f12727993a3305824d44d9bd2de8e42f4f03
1554,lh-75-1833.jpg,75-1833,jpg,603370,589.2 KB,3105,2047,6.36,RGB,dd0bedbd956a10aa6d71fa0d5f3a43d8,963f15a4eb6f09dd73dcf0e8178b19e8ba6d80c346894d4a0a179ccf31317d23
1555,lh-75-1834.jpg,75-1834,jpg,575703,562.2 KB,3060,2065,6.32,RGB,0de4d71a9ed9e6c4508915b4a17e3049,6769a86c617793490aad9270e2d0149e3b83a1e832612c3ed28b0b0b74293999
1556,lh-75-1835.jpg,75-1835,jpg,561406,548.2 KB,3060,2065,6.32,RGB,4cf3c0f4a34e78c4ecbcd82533d2910f,50c178ae9c23b4f7c98dbb3fa86474e95eba5e293d2bf59b7871f98f0c9e4965
1557,lh-75-1836.jpg,75-1836,jpg,640572,625.6 KB,2030,3029,6.15,RGB,e35bd437392c7e973b661b627ed57e03,6a81cd337562e0b6d3102504480f3ebef5269a3d37d22257b0659c623a752dc5
1558,lh-75-1837.jpg,75-1837,jpg,495732,484.1 KB,3041,2065,6.28,RGB,5d964cf1ede42f0e97ed6ae32fa89692,77202f082e56da7b9b58b4e1e3fe7a3737db753365f098bbd08b05de41346d92
1559,lh-75-1838.jpg,75-1838,jpg,602941,588.8 KB,3041,2065,6.28,RGB,b0669fe14fff70138bafedc7b45b646b,d66ac435b73e0a6aba4efa1e377ea4100ce4d1a7786bddd40be72661b8f94c8b
1560,lh-75-1839.jpg,75-1839,jpg,547901,535.1 KB,3041,2065,6.28,RGB,2be2f32df35c020a81a8c22e0463ebad,c639ea2e39e82d9913d34d4a0e3e48a21cdb0e6cd4b5014917ee64554655df6c
1561,lh-75-1840.jpg,75-1840,jpg,673081,657.3 KB,2049,3084,6.32,RGB,14f7d1f6c0f6745a53ae26520c89363f,9507084402a586074642cf246860c81a25fc710755719381461187c3e2a1cdf7
1562,lh-75-1841.jpg,75-1841,jpg,591002,577.2 KB,3023,2056,6.22,RGB,2d73acf3c28236b9aa33c82321d53986,7120850eec8d4831c96482eb2ae1d3d1858a53088adf6206b76a723138fc0d84
1563,lh-75-1842.jpg,75-1842,jpg,629580,614.8 KB,3023,2056,6.22,RGB,ea726f7f725077fa32bf6859d11ab2a6,381395c0cf3f95e510febe06090130ac1e0d813f2c1ca5146f5e6db46ec64617
1564,lh-75-1843.jpg,75-1843,jpg,562556,549.4 KB,2085,2992,6.24,RGB,3835a46fb48e351d2a65126e95b74f83,9ee7a963bdde36f0dbeed4e62626969ff2d1b8cfd4d5dcb5ab559b92053852ce
1565,lh-75-1844.jpg,75-1844,jpg,622966,608.4 KB,2968,2065,6.13,RGB,1af11c5168eee5750345b12546e42266,b99ee4310b2c08cb25f42316b22c887e92f853e49f27264682e0eca750d0afa1
1566,lh-75-1845.jpg,75-1845,jpg,574517,561.1 KB,2968,2065,6.13,RGB,ca9ae0030c5e02417796f0a1b030c9e8,ecd766cdbc06f2d5d8578a9260dff90e40554d1652cc3212e37f3488bc491fb5
1567,lh-75-1846.jpg,75-1846,jpg,547549,534.7 KB,2058,3001,6.18,RGB,226d1c2c5f6a511c21a44d5e6150f01e,4c46c2d44d4d2983a4e76609b22ae3e022d7b906d4da1ef9add315b059c8bcbb
1568,lh-75-1847.jpg,75-1847,jpg,620480,605.9 KB,2058,3001,6.18,RGB,189a3a847e28bd70f9ca888dfefd5a13,9abf0690f8f05a70131a30c9ba671797ff4c4ec962290500fd0e6ccb8c84ddc3
1569,lh-75-1848.jpg,75-1848,jpg,607552,593.3 KB,3069,2047,6.28,RGB,a45bece793d76206f01bcf915123373d,3d6c638d8987fc084fdccd59b55270e13590616233b4051a6008fddf2e9deafe
1570,lh-75-1849.jpg,75-1849,jpg,714311,697.6 KB,3069,2047,6.28,RGB,b18b9819e02b3d3590a31d33867439bf,8c986ace3f5a4d5a26687abc70ad0da5205aca0cc66934c040d97b0d7d679f5d
1571,lh-75-1850.jpg,75-1850,jpg,706474,689.9 KB,3069,2047,6.28,RGB,1304bba98ea4e274200b33aed239d323,53796f601b7dadfb390251674e14217d1d6fbe79a72296efb93f25ed6df5acad
1572,lh-75-1851.jpg,75-1851,jpg,752413,734.8 KB,3069,2047,6.28,RGB,a6bf71a961a26e8c674f547cb9418475,1f9ec72c6475eba47be7fb8dca436b3ed7d764f0f45083a98a9e8c064281d332
1573,lh-75-1852.jpg,75-1852,jpg,471532,460.5 KB,2085,2983,6.22,RGB,00b6686dfd6ff2f865558c2c69011ea1,aa9eb7a52102dd895793ad49227117d21e3c8e3a34405748956a94bd8023504f
1574,lh-75-1853.jpg,75-1853,jpg,603373,589.2 KB,2931,2056,6.03,RGB,9051f2efeec99050355ca54f2259787a,946ccd2a2446c97d31078117a05a27b6a904a7879140b5d43b8a7f47a571f002
1575,lh-75-1854.jpg,75-1854,jpg,659941,644.5 KB,2931,2056,6.03,RGB,463500deb2672d866b851661bc79059a,1b98fdbe635497de0dd6f44cf54e5bfd6bcfdc9a90745d6319b3bbc0d3c5b010
1576,lh-75-1855.jpg,75-1855,jpg,738013,720.7 KB,2049,2983,6.11,RGB,a5d380338969d9e1fd02ce34781f78cd,1963cffdf7bb5512bad42995029cd542c503a15eaefa7820a38bf461cd433eed
1577,lh-75-1856.jpg,75-1856,jpg,725483,708.5 KB,2995,2065,6.18,RGB,1c1722032dceb60abee6826bf183c1d4,79a30bb0dfb06bbeb83763e16d3fd6b4764425748df4d9415a35395b68e4d358
1578,lh-75-1857.jpg,75-1857,jpg,475396,464.3 KB,2995,2065,6.18,RGB,d321e039ce42534040bc23fcc47db57f,83927a1973bbdb4ff41c28b5bb9f2802ef10b40dfbecd1d9f693732a0bb702c7
1579,lh-75-1858.jpg,75-1858,jpg,546795,534.0 KB,2995,2065,6.18,RGB,583139bc29825de0b1741bc6c996a273,2fa7599bbedb80612b85ede8dce5d66bc5d92f728d2ab3ced5e7731352592b10
1580,lh-75-1859.jpg,75-1859,jpg,629787,615.0 KB,2995,2065,6.18,RGB,e82fd3d15b71f52b0d55744e38ea71b9,8e20efb1a9bd56e37af2db4e095adb01eac2001a577c2a2c23cab9b892ebc00e
1581,lh-75-1860.jpg,75-1860,jpg,519870,507.7 KB,2995,2065,6.18,RGB,aa6f52c33492f59e80964a616d6c7ea5,4009a7215eadf205d5b789bc617309c6bbd0e9274aa3ea226c5e432091b5cfbe
1582,lh-75-1861.jpg,75-1861,jpg,463928,453.1 KB,2995,2065,6.18,RGB,d3a701b4d6c51054168c3c05b0d70fe6,4c9c16299f8eb12b087f42609f8b93315b27f64268ad815d4d753442a3d21f23
1583,lh-75-1862.jpg,75-1862,jpg,819605,800.4 KB,2995,2065,6.18,RGB,b6828ba7808ba1889ab2a07ca5b820f9,20f8991e15bbe5c826b73dbda2dd58f96d32c0ffea617f6edd0f51afaadc49cd
1584,lh-75-1863.jpg,75-1863,jpg,573839,560.4 KB,2995,2065,6.18,RGB,4d3b1348702e0f415717edb48d6d566b,d13fa2f81f024709d653950d60279a7917ea71edc87beb7ca36e8a709cf5c7ac
1585,lh-75-1864.jpg,75-1864,jpg,505055,493.2 KB,2995,2065,6.18,RGB,9cc86e722d1ad5ee4a3fb58ca84c9408,4f753797aa9055ad3d7ef28937b48f307bed845f32a02dce5f8164702ed50144
1586,lh-75-1865.jpg,75-1865,jpg,515460,503.4 KB,2995,2065,6.18,RGB,fb6ddae906130c281891135cc219248a,a04c57b3db77946b063d3466bbce1c395f49317f10e597483e0a0d7f84494c17
1587,lh-75-1866.jpg,75-1866,jpg,603916,589.8 KB,2995,2065,6.18,RGB,9bdec65320edbcbafe1503f7f6cdabe9,9bf07395cacee5cce57598bfe4d78a80d8735be718ab651eab2d8a54d63fee5e
1588,lh-75-1867.jpg,75-1867,jpg,530636,518.2 KB,2995,2065,6.18,RGB,030a502a385d4ede76cbe63f9fa7222c,e1e7520695850561de6335a9dcc7858f91c69d95fdfa8e6497b6baaea57073e4
1589,lh-75-1868.jpg,75-1868,jpg,499995,488.3 KB,2995,2065,6.18,RGB,a01a3d24241bb2da2b62b33d9a3cdfc3,a87a959d532bd50d82072fa55c7f1443a6087cabea0ffc0a3850a507b6592c70
1590,lh-75-1870.jpg,75-1870,jpg,577626,564.1 KB,2995,2065,6.18,RGB,43c868c41d7748e94f06c4a9877eac91,105bdbd327b793849048304dce3d8e0d0c190901bc3097bbffbf9330276f2222
1591,lh-75-1871.jpg,75-1871,jpg,620176,605.6 KB,2995,2065,6.18,RGB,aa7cb217b3772be72aabd62e34cffefd,33e328647d69753e2668780812fed9166f5cc10fd0f24533f083844ebc77fdd6
1592,lh-75-1872.jpg,75-1872,jpg,491732,480.2 KB,2995,2065,6.18,RGB,05a3628a572fe1631c5972821fed2c4a,bd0a8f58ac68d7043a42e2fb644c7cc778bd66a5de6cfe17e5ea3561ff511b9f
1593,lh-75-1873.jpg,75-1873,jpg,541390,528.7 KB,2076,2928,6.08,RGB,4aed0292e17ece3a2758892dff723b8f,0cd00270b2d9717c034895de7154f931a03216f59ae704290b984e07788df75a
1594,lh-75-1874.jpg,75-1874,jpg,500754,489.0 KB,2958,2056,6.08,RGB,42932ff0ca9f07ef91acd94805619367,bb1ed616d40eb48bf15ea4f6d675022b7dfb6dbe85cfc427d1627e1f46e2ee36
1595,lh-75-1875.jpg,75-1875,jpg,554710,541.7 KB,2958,2056,6.08,RGB,b0f7478bee7c0937205d0a72bbef94c5,0c6c68a794661cee463e71653fb7e44a1ae743cf49bed6997e5e99ec92a20fd7
1596,lh-75-1876.jpg,75-1876,jpg,588239,574.5 KB,2958,2056,6.08,RGB,718e0a49fe0fcf5751c9dfe49b3aab45,a111b2e65b7ddb9e18831b9f148c6072b80ea33caf09af876be6d81d4f806c55
1597,lh-75-1877.jpg,75-1877,jpg,539303,526.7 KB,2958,2056,6.08,RGB,17c2e551345879bc0ca5cc66c9ef2733,4efcc4d9bbba37c4d355aee8dcb51d46305709079d4c20444654d7d262fcc00b
1598,lh-75-1878.jpg,75-1878,jpg,507072,495.2 KB,2958,2056,6.08,RGB,d0afc7d31fae20e9790aca8f8a8b65cb,3a8a873eb12e728145d52c4646f8cb3829ccea0168004b35ffd7f4f6e10f7e6e
1599,lh-75-1879.jpg,75-1879,jpg,502642,490.9 KB,2958,2056,6.08,RGB,89699fe6f485264ee5c025093b5192bc,77088cd51fa830a707b53f45a5f8eaf436dd775d71859e915f5690e652174da2
1600,lh-75-1880.jpg,75-1880,jpg,442289,431.9 KB,2958,2056,6.08,RGB,51b5e9a9d75bf7b829147d86603451f3,272a17267e070a57ec7332fa3729b6ae7d2848a401db63e38f8622c26d870865
1601,lh-75-1881.jpg,75-1881,jpg,495656,484.0 KB,2958,2056,6.08,RGB,40bf667da038ffd2129ee43138afe50d,1e64e6db3aaaf2d2b04a574242fd28c913562e076d2cc4da442fa2f84fa8fbe1
1602,lh-75-1882.jpg,75-1882,jpg,570385,557.0 KB,2958,2056,6.08,RGB,fbb1fe5179e6471778daa4f320907547,acd98f4f24c00b54f0df79fdfe055721b8bbad4e43b46269432fe12ff1221174
1603,lh-75-1883.jpg,75-1883,jpg,574656,561.2 KB,2958,2056,6.08,RGB,902dd6750920ef73b4374f34345d74d9,265f410239296e0b0640c2b1751df66606cc1b95e1b56da92b31021674dd78b3
1604,lh-75-1884.jpg,75-1884,jpg,374886,366.1 KB,2039,2964,6.04,RGB,716198461c3a53e8a2a6a8e34fedd4eb,b621d407b03d8fe0c88fb1ba6beaf9c3c8919263e3f86a85005968139de0d5e0
1605,lh-75-1885.jpg,75-1885,jpg,615333,600.9 KB,2039,2964,6.04,RGB,b63c3353b185b7c2da950c911751bfed,cccbb934639a467483d1cdab30b920bb948736a2fbd1f97beb10b5bec6cfcc4a
1606,lh-75-1886.jpg,75-1886,jpg,543129,530.4 KB,2912,2056,5.99,RGB,efd114b56de63ff0a3e3385646a4a7ff,11e54f7780f34d6ab4732f30dfd6dd7cac7debfa6a41387ba569c96d34c1633b
1607,lh-75-1887.jpg,75-1887,jpg,496231,484.6 KB,2912,2056,5.99,RGB,9734aaf9dbf44ab357c7e1146785f103,cf52560540822b9b16abce97d3f2c132b7b3571fddc5f9d0805fdb42ca1b3e33
1608,lh-75-1888.jpg,75-1888,jpg,587099,573.3 KB,2949,2056,6.06,RGB,6a5e6686fd79fda2a41c750fd4e33f35,761caf91f2e0199b48d404150fe11b70935f3e08a3cd003d51460a5d27edb814
1609,lh-75-1889.jpg,75-1889,jpg,635121,620.2 KB,2949,2056,6.06,RGB,99dacfbd1b6ea1f23f868562c9e960a2,d5e9c30089f786ef3ac5c31cab1ae9924a51a7ab74125761ba5fd0686b7582f9
1610,lh-75-1890.jpg,75-1890,jpg,379060,370.2 KB,2949,2056,6.06,RGB,5b40f710cd2e6ea9ebe7ca49a9f2e09a,940df05f4093b060a7a5635fa3bf9582c7de9f5956e8b15cf78b5a0cb45efec3
1611,lh-75-1891.jpg,75-1891,jpg,383605,374.6 KB,2949,2056,6.06,RGB,aca84f2ec1a87e7783261950ae7bbf8a,961a9f3de0ad7420e40a49fba7f09df1f7fef427611d1e4a71b8cd9b4295fe77
1612,lh-75-1892.jpg,75-1892,jpg,403406,394.0 KB,2949,2056,6.06,RGB,c4029b7452d4034272f41bfd956e952d,aaa5109a0e6baae156d966e0f08eb7ff100077429e916ea69a295562d5a0448a
1613,lh-75-1893.jpg,75-1893,jpg,586427,572.7 KB,2949,2056,6.06,RGB,b38949c1afa7bfae142366c9b2cfdb8d,5eb921e082c31ea459825f3b068be398553237adb0ba8f50a652fc953bb1e079
1614,lh-75-1894.jpg,75-1894,jpg,512291,500.3 KB,2949,2056,6.06,RGB,91644459c2c61a5f86b826fb4fe328fa,9dcf25871d36b26d0f94145d975999b0f2adbebe329854b154ea3495680dc42f
1615,lh-75-1895.jpg,75-1895,jpg,595100,581.2 KB,2949,2056,6.06,RGB,7dffb6d33fc1bdad3921d4fb5962b2b9,58fef0c7dc7e485aa8a9b1d0cc71f3b6c99fbc92ad32fb9267a0f13db60dfa6a
1616,lh-75-1896.jpg,75-1896,jpg,507354,495.5 KB,2949,2056,6.06,RGB,9ee34458a15ed2f42cb9bc4b10aeeea1,582e86cf25967dc05e89631bf2a48030330c113fad724761eed961f51dd29cfc
1617,lh-75-1897.jpg,75-1897,jpg,407473,397.9 KB,2949,2056,6.06,RGB,c902ebac4acedbc7217fef167d7a0da5,a32033bd8bd082ee93dbb98ab417736751b3fec4b30a4218ef7a2ca937a657f6
1618,lh-75-1898.jpg,75-1898,jpg,424370,414.4 KB,2949,2056,6.06,RGB,8157fc2be778c845df0457abeb6aa2d4,4d6089e21924a546e309ab715faaa44178a306094f454062aac34bfcd30eac09
1619,lh-75-1899.jpg,75-1899,jpg,542010,529.3 KB,2949,2056,6.06,RGB,e6904a0c7d1a1f90814af558861a924d,bc2a8d34f8b3165d707fc4f7d4c2732aebbdc01f3e76bf7cdef9d964296c609d
1620,lh-75-1901.jpg,75-1901,jpg,404897,395.4 KB,2949,2056,6.06,RGB,6c8e65286e31b21b8df60e5312d312a6,f483f19ab9819f69698c612867ad7546c29353672271e538327ec80aa04d739c
1621,lh-75-1902.jpg,75-1902,jpg,418745,408.9 KB,2949,2056,6.06,RGB,72c8ac5809629b2bbd94b54d854868a6,756a7089250ddc4970e7bb8e167df021eb4045128b5146fc6b46a98c802ba5db
1622,lh-75-1903.jpg,75-1903,jpg,494289,482.7 KB,2949,2056,6.06,RGB,b5eeb3399f6c98d5ec3b5ee6f66ececf,e30fb24762154fcd038e09927bf1d3ea7504274fa31cbace7762f950adf9b2ac
1623,lh-75-1904.jpg,75-1904,jpg,496129,484.5 KB,2949,2056,6.06,RGB,db01cc80c08621b512509a59867393fd,41aa29a91c1a39256fd9fa6d8e13a1a39cdb8df4dbf44cf5aeb999106218135d
1624,lh-75-1907.jpg,75-1907,jpg,573226,559.8 KB,2949,2056,6.06,RGB,b96b7e01afdc377fcf73ff22e08f0e32,849643ce10466b8aa35dd7f68b28a85aa511bbd27e5524038e669355cee17953
1625,lh-75-1908.jpg,75-1908,jpg,421049,411.2 KB,2067,2955,6.11,RGB,1663cf837bc38ff1676703b46f64ea7e,16e7b94cc0814e254a96380a856b30d8135c1cdcd1cd61eef8900db656021575
1626,lh-75-1909.jpg,75-1909,jpg,448601,438.1 KB,2949,2065,6.09,RGB,828d6b1d6bef4a7b73265f37f236acc5,b8ba55014c791f91f8d76fdb5c4c98ea23d7dfff3dbb30549e0034645642bf0c
1627,lh-75-1910.jpg,75-1910,jpg,506208,494.3 KB,2067,2937,6.07,RGB,89580cd2298b89cb2c5f21e61e71ca3a,abaf8b265966226e736b49d42dff480ca2546d791a7138a37a6e78874048b961
1628,lh-75-1911.jpg,75-1911,jpg,502190,490.4 KB,2968,2065,6.13,RGB,7b44a45eb95196ab2e9bdabf81a9e408,d1b02e2db525f0844b79e75bdb74b9de3fabb648776a0fd4a92e50f88b3b25c3
1629,lh-75-1912.jpg,75-1912,jpg,463129,452.3 KB,2968,2065,6.13,RGB,a44823e195cc6c7ec5e4cdc856471dab,c38df20f3578ea7d4524929dbd59a7b0797447b7375aabc23af9786c7c9a8df7
1630,lh-75-1913.jpg,75-1913,jpg,454331,443.7 KB,2968,2065,6.13,RGB,bcdf6b3bacdb9072615532946c8ab1f4,0cb02b2fe0f7f2e4786defe24ba2911487132183f93753fe26f3e5ad03a79131
1631,lh-75-1917.jpg,75-1917,jpg,506070,494.2 KB,2076,2937,6.1,RGB,1a3e0b91c392c4b630b7f5fe7cf43c06,8e20b1ad52f710642308121c7bb7d1ec82b493dc981ff750f3f40600fdabbc7b
1632,lh-75-1918.jpg,75-1918,jpg,566832,553.5 KB,2940,2065,6.07,RGB,190fe498e7e0d2d45986c323a03a7701,2280147e7ae0036c4b791dce9c829a7de165196878ccf349b844481b44652eb9
1633,lh-75-1919.jpg,75-1919,jpg,472049,461.0 KB,2940,2065,6.07,RGB,646fc478193845e444ef58ad8b41798a,641bb446aa53b0a20bc6dd67133b6045b5e42b4f327c13b3739e383523490b57
1634,lh-75-1920.jpg,75-1920,jpg,585911,572.2 KB,2940,2065,6.07,RGB,efae1feaca8246bcfa8b8177a33689a7,b5012d4a0c182fc36b71da09a880c6f26dd884caad3ec94b939674d30681ae70
1635,lh-75-1921.jpg,75-1921,jpg,550390,537.5 KB,2940,2065,6.07,RGB,59ffa6f41f9377e66bbaaf1748be5ce1,079aca2f418835b568148dc5a7a9b4df8033496e4fdd8da682c47287137abd30
1636,lh-75-1922.jpg,75-1922,jpg,500154,488.4 KB,2940,2065,6.07,RGB,d2a8ae69005e6b931a5237720e268c8a,bbdeae0c4255b819ee46d2773977c9669490154523c07d63b4e120e9670734cd
1637,lh-75-1923.jpg,75-1923,jpg,593871,580.0 KB,2085,2909,6.07,RGB,4fe63245a5a9b9e50ebcc90de369286f,075209c72a94a124bcec3119beb47c2f572ee0cbfa44c96ccbee4168df9df86f
1638,lh-75-1924.jpg,75-1924,jpg,640388,625.4 KB,2958,2056,6.08,RGB,e2194a64cab9101cbdb76754784d212a,0e3ce69764644121b0707ba101f7f9457ad73f467f34d85ac310b72679eefb4a
1639,lh-75-1925.jpg,75-1925,jpg,634437,619.6 KB,2958,2056,6.08,RGB,2430f8928f9fbbfc70c7d8e6f08371ab,017f10ec9392a925876389f79a86c23866d66ffe4224e3f9ca23774c039a8e60
1640,lh-75-1926.jpg,75-1926,jpg,504206,492.4 KB,2085,2964,6.18,RGB,c2e8ffb77511a18edc4ea92dd1fd63e5,a273999959b0d8eb9acc8454a457b482cc9273d11a22b529785cc39fbfa78c93
1641,lh-75-672.jpg,75-672,jpg,208814,203.9 KB,1103,1398,1.54,L,3f37d024eabeb672c2551b42ea15bf5d,c7b33c45730ca281cd9b5aef3f2f8df140d66bab7fd3e44313b7d64043456c53
1642,lh-76-0696.jpg,76-0696,jpg,308788,301.6 KB,1385,1086,1.5,L,d314642ff7acc217b9183a091beb7f66,ad6adcba58bf9d031fb8562e730a368cfdaf2aa3ceb1b17ae28fc9695b630f50
1643,lh-76-1606.jpg,76-1606,jpg,187358,183.0 KB,1313,870,1.14,L,fe67d1d17d0f39a637a9861cefad67b5,b4096fdcb14cc3ecdada527213e9a62c7a8143a7f73bbe707212fd4008b0eccf
1644,lh-76-1607.jpg,76-1607,jpg,154059,150.4 KB,1032,804,0.83,L,a1488247c0da11198b1b96825affc08f,d46c6ed975013c6679261eb43a0e83feaa48f01fb47b3e57db49f387c125d0fe
1645,lh-76-1608.jpg,76-1608,jpg,177094,172.9 KB,996,1392,1.39,L,bb6d2b93e5792ff7ae3f222775dfc332,31d7dbea9926039a049fca7a4ae5f32be7b8dce7b51e5e6be531623926811fee
1646,lh-76-1609.jpg,76-1609,jpg,234838,229.3 KB,1314,833,1.09,L,263ce4aa8971a17931d8b2bd3fbfb3ec,5e4742da3faacfb8d30063fde11cb8042d33cbecb4745adf46a339aadcb6a5ec
1647,lh-76-1610.jpg,76-1610,jpg,157222,153.5 KB,852,1314,1.12,L,a7bbd01ae7873b1988d175f2428b4694,d43db8ceb0fab8984c76a82f01dcd5a324a489e3fd506457ab4b4b7c6e3207dc
1648,lh-76-1611.jpg,76-1611,jpg,235347,229.8 KB,978,1374,1.34,L,3904fae1e802563e8f168516614e4176,17c53b93b0ddb4c60eaaab948b7544711376ae1219c79d5b1662ec205b1ceee7
1649,lh-76-1612.jpg,76-1612,jpg,120538,117.7 KB,912,864,0.79,L,42c0887abb82da1d66fd6248f143cb79,43b49cf730426b03eef1c5df0211215f78600bb7c4967864c0e688b5f48e6544
1650,lh-76-1613.jpg,76-1613,jpg,200923,196.2 KB,1308,864,1.13,L,cbfd4c711d1d735167e6bc31e5cef9bf,b4f8588135c53c7c6c24d06bb427350cbf4b9a131aa68201ab3af30caf31d768
1651,lh-76-1616.jpg,76-1616,jpg,172120,168.1 KB,1314,876,1.15,L,ee9661ed844a843d3c09a13113cda33f,105ca13e9eec9f5bcd687f6c9931064a599bbaded3b9d4cc873c6c94c51be43b
1652,lh-76-1617.jpg,76-1617,jpg,208903,204.0 KB,1116,882,0.98,L,a4437f95af5875d0763991d72a20d1a9,26a5521b89bbad2d212b25175408cf394ce0a859baae9e68d469b9483675a77c
1653,lh-76-1618.jpg,76-1618,jpg,121177,118.3 KB,1212,863,1.05,L,125fcaffcb7e7b147bc812b65dff7c49,e249f784f2a60aa208078abd52ced45f7d96831630b3287c4ce0e2ead07ef68c
1654,lh-76-1619.jpg,76-1619,jpg,167439,163.5 KB,1320,870,1.15,L,e045d4f37e0fa85ebedce665c91ac0da,a91b8cee3d9cca79e9e8c027ce11c174f4a85c3d1947867a69aac98224591395
1655,lh-76-1620.jpg,76-1620,jpg,113251,110.6 KB,1314,870,1.14,L,27e979cd1d772a0a9fc06174b7443cb6,799b76638f3f7440d3a9e64fd5fdc2458136204145fa761175fac9bee52a1cf3
1656,lh-76-1624.jpg,76-1624,jpg,230150,224.8 KB,1308,863,1.13,L,210a5afc35459df2fadc143e1f26baf9,6f27e0353a0144b8a4aa2e5d48fd9062638bb756ee2a89d1c7fd8f270cbd37bc
1657,lh-76-1625.jpg,76-1625,jpg,167848,163.9 KB,1308,864,1.13,L,82629bc71d50b2729849a6b33743b649,22fdfc93b272eab1bdb663e347ff281dc1663a606953eeca7c03e415003f99da
1658,lh-76-1626.jpg,76-1626,jpg,174574,170.5 KB,1314,864,1.14,L,d3defccae6ba78b4392c1d0813b9ff32,6e0d84bab42a977231232377c59311c6fa8d9f6c393161a390c61ac4dc96f521
1659,lh-76-1627.jpg,76-1627,jpg,154556,150.9 KB,1320,834,1.1,L,1e2e0b638e4b63bae53829a8e85f1f3c,e56d1475fcd9474add7f336a7eeb4c7bb8fa6e361ad56a4e36bfc5f1af191125
1660,lh-76-1629.jpg,76-1629,jpg,166356,162.5 KB,1308,870,1.14,L,660a2a831d80990db10f5c6ab8353ea7,15271e0c826e8a41096c2d80ee8ae36cd1d706c3877891c6fc327cb14bd9fe02
1661,lh-76-1630.jpg,76-1630,jpg,189839,185.4 KB,1320,870,1.15,L,684606b34a1990d8996edaed765b7bbe,f1107c3fd514c2e11755654f6a07bd35f1562f77a3b616df50c5be27e4fd1168
1662,lh-76-1631.jpg,76-1631,jpg,192312,187.8 KB,1314,870,1.14,L,2ffd702ce32e5d7327235645504b7b78,26440589d34ed074de0dbeded306dad87eaa067c694b7304967c8d451d86e8e0
1663,lh-76-1632.jpg,76-1632,jpg,178217,174.0 KB,1422,1013,1.44,L,5fd11b8c37613cb5d334a9d38a8f0642,437522c8c6b313a5f639fea9b4baacb3aa6d72336f5ad45f938f69a1b51511cc
1664,lh-76-1634.jpg,76-1634,jpg,199002,194.3 KB,1422,1008,1.43,L,34e335fef07f1b939eb25da71d7f45f7,1227cf66576de7ae84d33ee399c8a2025250f2b9ffa5eb5f3712ffca790bbb13
1665,lh-76-1637.jpg,76-1637,jpg,125708,122.8 KB,1308,864,1.13,L,7774c857dc9a9d8ffa5e62e936687c6e,572a7af8a8e4347c1e173d5ad385ba219d9df834d62ea42c0c006bd5d93409c5
1666,lh-76-1639.jpg,76-1639,jpg,102219,99.8 KB,1302,870,1.13,L,9fbad45321cbde8b589ed8d5b4c05d03,ef60e3fea45c182bb47510fa5a21bd445d2722e559da9baef15c438fa2d11bad
1667,lh-76-1640.jpg,76-1640,jpg,90227,88.1 KB,1290,846,1.09,L,2dce291a141124046c85d22d83498dd4,ee5ca37e90b23e0688aa7f137ed06bd1422bf983bb2808cddb12a9c132d8505e
1668,lh-76-1641.jpg,76-1641,jpg,136479,133.3 KB,1427,1014,1.45,L,11c9021c4ba66d4ed09ae33370c538f9,b250446556444071769d14df96f8a8f5cd49af31565ee139223b12a4fe3eeab1
1669,lh-76-1642.jpg,76-1642,jpg,119533,116.7 KB,1428,1008,1.44,L,8bcfa049f1d18efb27d14d0a2f9edc86,703c2799803405628f619c5c62180e02c677fc0c0b57e0469c4599ea05bec760
1670,lh-76-1643.jpg,76-1643,jpg,160616,156.9 KB,1290,858,1.11,L,ff01925ff42f5f0342f4c294a224ca86,eaafcee6925d3d76a4566dd116ef5faa738edc576cf3e5177d8dbc184db05235
1671,lh-76-1644.jpg,76-1644,jpg,110545,108.0 KB,1308,864,1.13,L,71b5b96398aa33d5ab6fa5646134be97,00c056d9b68cec12371957a13ea1e581194160ae3f5c29df341cb876734b11f6
1672,lh-76-1645.jpg,76-1645,jpg,232620,227.2 KB,1380,941,1.3,L,53d8f0722def9a040506638796769bda,81c6d8742ca2282db6643a352c426162b05f52897874a3cf6fc069efb8681e7b
1673,lh-76-1646.jpg,76-1646,jpg,147977,144.5 KB,1422,1008,1.43,L,e6cd2a73678d29ef2bc657f70e432445,bb13a8d595c4eb491b9d9f82cb1cb209fe0e2366d40f55a5fbb5282e5e1ad749
1674,lh-76-1647.jpg,76-1647,jpg,114105,111.4 KB,858,1302,1.12,L,a3014d5939d8a9beca9018c95ca58680,47e9ae0b9726a9b5c49e57112fae52dc008b3780770d1f5b3ea5ce16d2392b00
1675,lh-76-1648.jpg,76-1648,jpg,192635,188.1 KB,1320,942,1.24,L,942f3550aeb08c229186504e8be10678,ef102e256ab7c4cb8271a4de6f73a41bba088ceb205122b8a2fe53d692aff5b1
1676,lh-76-1649.jpg,76-1649,jpg,154810,151.2 KB,1314,924,1.21,L,62c3a334305fe8a9ba09e63f37fc90eb,a93b54c7dd95b6c23953f5dc446f985ee828ee0464479aca1ced76b005ed4d8f
1677,lh-76-1650.jpg,76-1650,jpg,158025,154.3 KB,1314,863,1.13,L,6fcc9a83c353301441b75b96da08c8d3,c951c0a03a1a70567f52cfd3e23c2efb6bfea5842b3d9aed940aeed0360ea687
1678,lh-76-1651.jpg,76-1651,jpg,195614,191.0 KB,1320,924,1.22,L,1421a1e4e4421c92666cf40b4a1bc454,f3f6101980d4d6c2e890d4020981177addba33b4d3f2bed787827d98674792b2
1679,lh-76-1652.jpg,76-1652,jpg,240889,235.2 KB,1314,930,1.22,L,c410074359888a829bb3d2d3f0c98d95,e9ae7a532249ce143c20df764e03e334cd5463e96c0c7ea7b26c5e3d71f9a8c1
1680,lh-76-1653.jpg,76-1653,jpg,127408,124.4 KB,1308,858,1.12,L,606165cec681556486d7c77facf09f12,674fc8211ec1f0fe675a6b5a06981472ca66c5dad1617a053473561aaed5d086
1681,lh-76-1654.jpg,76-1654,jpg,191581,187.1 KB,1308,858,1.12,L,6105d832e42c30ffa0d2377161eb3bc0,db843fc6b605fb76a98098fe86c488ed6c92c30a874b9369447fdadd17780af1
1682,lh-76-1655.jpg,76-1655,jpg,211169,206.2 KB,1320,864,1.14,L,34727b2e7b4d57a62b15293412702e2a,418186dc2d6b348ad35dde4ea52be254490eefe50f2bed45adf092cdc20d10d0
1683,lh-76-1656.jpg,76-1656,jpg,263245,257.1 KB,1314,870,1.14,L,742500e2a5c67efd73732bffdf8c2e91,df02ebd6f3489b0d6b8b48b9946e9b1c8269e97295eff11774d33126a2e51477
1684,lh-76-1657.jpg,76-1657,jpg,246659,240.9 KB,1308,858,1.12,L,6fce24662e28f62e542150dcb4122bd9,55f1972c86895f04390693a26f488ce1b8869fea1582920fee3ea504d41431a2
1685,lh-76-1658.jpg,76-1658,jpg,286368,279.7 KB,1314,870,1.14,L,2ea3cd358666d4c8c79dae29cd176c89,ffe35adae8ff8d6b5462606f8814de16b9d2c1712a14b622d303303e1384773b
1686,lh-76-1660.jpg,76-1660,jpg,281676,275.1 KB,1314,864,1.14,L,8fd94450db641779358515acec7b5fd4,c2b8c7d2b43db99c9d147de0995bfa7b8bb3391909e035c816b2ae8acf0949a6
1687,lh-76-1661.jpg,76-1661,jpg,150047,146.5 KB,1380,1002,1.38,L,aeb07de1dee8fcccbba79377ec1c7dd4,67fddb0fb393e59c2433d222d8389f453834c7d24f82989eb31307ec1a014f80
1688,lh-76-1662.jpg,76-1662,jpg,183381,179.1 KB,1320,864,1.14,L,6f2895e563924c76280fb2550b66842d,628f32123c7311e0219e1f0e3d807d26feb129693cdf064b73227c4bac200323
1689,lh-76-1663.jpg,76-1663,jpg,195362,190.8 KB,1314,863,1.13,L,9e5dc4adf1d745c18b216b80b12915cf,5ec67c5889e9fae47fc035ea355dc9ee8902724e2177e84aa70f17ceefe7a267
1690,lh-76-1665.jpg,76-1665,jpg,191695,187.2 KB,1385,942,1.3,L,913ca3e43674afcd30d579ea6c46ac9e,441c21700388befb4e35119599f636c0918b24ef15178948dd4a43ee7af34c52
1691,lh-76-1666.jpg,76-1666,jpg,159258,155.5 KB,1182,864,1.02,L,5ab9b245d68fb43cdfde74d0ddc105a3,44ab18e2519432815ff212b108dc4608c325d8a68e9dc28e403e63e6033431da
1692,lh-76-1667.jpg,76-1667,jpg,173564,169.5 KB,1308,858,1.12,L,63cc2ce14e2ed45989ea96b8a63d7b39,a304157077798e6c7aa0d92aa43777226f57b799afd61e2f3ff1462be3032a61
1693,lh-76-1668.jpg,76-1668,jpg,177073,172.9 KB,1308,864,1.13,L,842dc470ba76f49950e09530796777dc,540983144648151fc1695e4aa983d172898d6a330d1fee5ade9eb9e723f062b3
1694,lh-76-1670.jpg,76-1670,jpg,180011,175.8 KB,954,1356,1.29,L,0a9b17550191a52fb2e2cc3d3947ad10,d98df165adbab4d2d076290d613b776be1949a06f14a5e95259ff802e849e4d1
1695,lh-76-1671.jpg,76-1671,jpg,147606,144.1 KB,858,1314,1.13,L,46b3821d3cbf7d81947b2744711a8625,b3fea82fed5485b94510b09bbd1461b29bf5595ac0cf2248d698df6afab18a47
1696,lh-76-1672.jpg,76-1672,jpg,167775,163.8 KB,1320,864,1.14,L,801301c6faea8f9d9b2033469afcf9e5,1fb25c6ec5c710da527f642cb83b4458d96f5f3d372d64fb0ccd3f075c5c0664
1697,lh-76-1673.jpg,76-1673,jpg,163288,159.5 KB,977,1416,1.38,L,dee47ddeba54a83f0bc153016a27a0bf,4fa8aef602a59a7388bd179c479aeb173e23876ee5fbdd62eafcb6ef8dbfb8cc
1698,lh-76-1674.jpg,76-1674,jpg,172309,168.3 KB,1302,858,1.12,L,6c4c7eb92fb2327d7dd115add986a1a2,4dec3b66d91016cf0a8cc478e59b02c33657d1be958b279ee8d08699ddb3ce8b
1699,lh-76-1675.jpg,76-1675,jpg,191309,186.8 KB,1338,948,1.27,L,7c5a5e096598b9e440ff4ac36f69d06e,8c78756feb2721d9357ef6510f5b2e12b52c3d5ff1fc09da1df72d248f2775cd
1700,lh-76-1676.jpg,76-1676,jpg,164499,160.6 KB,1488,996,1.48,L,553370419e09291f5c06d5e00bd31b42,e730625d9b46f2bbdb799cc6eb5f9e153efb27a6786592424e229f1fe4f0b488
1701,lh-76-1677.jpg,76-1677,jpg,150541,147.0 KB,1506,1014,1.53,L,dca8be547ae00af4c384e7490662a921,427f52157d81c98a4529104135e62bd6bc0b5eaeb488a95bea1eee1ba5e0b468
1702,lh-76-1678.jpg,76-1678,jpg,119629,116.8 KB,1446,1002,1.45,L,60dd194c4776882bb5e521d35f0ce7fe,00a1bca4024fa3a8ccffb794522f97130633f09f92d7913a1b17f32ea6e35512
1703,lh-76-1679.jpg,76-1679,jpg,120610,117.8 KB,1512,1002,1.52,L,10ee7d539cadcac3146c5200dbae9744,336708ab1569f450f41abca98fdc092a29bbc69744ab32e282ac47c1935d8036
1704,lh-76-1680.jpg,76-1680,jpg,113676,111.0 KB,1308,930,1.22,RGB,f3b32abca9032e4c5c1c7a521de7046e,60e5078ddd59d10aa0bf7c69348634f1679fc8740edfeb1a68009753f93643ab
1705,lh-76-1681.jpg,76-1681,jpg,179244,175.0 KB,1308,864,1.13,L,86daf0945c8f6470f088b9a9b3b8970b,044e944ef9e8a6ddff3f506b9668833aaaf2e61a799b7781eb8ed09f3a573a43
1706,lh-76-1682.jpg,76-1682,jpg,110426,107.8 KB,1308,863,1.13,L,a9b2f59bc3c155237b32ae61001002b8,b790d4bb693011dc83ced1a6197ed991609b15e8d71366197fff814d0de6060e
1707,lh-76-1683.jpg,76-1683,jpg,169660,165.7 KB,1302,852,1.11,L,62a295e485dbdf161d51450b982bd487,7bab2544c381509ff7ceea3ea277e9747e004d0c62211e1d93a5766af6a676a2
1708,lh-76-1685.jpg,76-1685,jpg,168119,164.2 KB,1308,876,1.15,L,b5452d9098685c7f3d1eea5624fcf95f,8fe8c0e2a45387f9ae487cdcd5a2eb223b484246a6d7a569ebdd3f74fc9262ef
1709,lh-76-1686.jpg,76-1686,jpg,134511,131.4 KB,864,1326,1.15,L,711da2693aaee92f87f20c3b7874704e,ecee20bc5277510c199041c818ce14ca487ea61c80cf940c1bbd15ae2f6f763c
1710,lh-76-1687.jpg,76-1687,jpg,159990,156.2 KB,870,1338,1.16,L,6f6c47337cace67a886bc9be2cb6b318,62a44c83c5b32e151884f5e533a941478a968c266f23099e0c6305b0d7fed906
1711,lh-76-1688.jpg,76-1688,jpg,191246,186.8 KB,1488,1008,1.5,L,c5984fbca973da05ed609305e7859971,3173318355d4a7502cd5c7d03e1e40fbce8f0923f31ed3e79821275d61b2bfab
1712,lh-76-1689.jpg,76-1689,jpg,150270,146.7 KB,1506,936,1.41,L,c29432d7fbf12084831b0524879d9ed4,459ed4c9203e1caa8064434fb4f5c5c553e6e7ed1c539ec8a4cb08be16092434
1713,lh-76-1690.jpg,76-1690,jpg,174870,170.8 KB,858,1314,1.13,L,58b39e85dd481585a9496549fd410b83,5ede65aee75006015b0acd0f5f9f8c1e11d97a54823f8cc3a02f8f5172af6111
1714,lh-76-1691.jpg,76-1691,jpg,205062,200.3 KB,1451,1008,1.46,L,d889c701f41757bc905ad5f66be72d8f,bf2f8c0eed43008c37d527545770682819d1ee4fc33d8dc2f909585dfa95259b
1715,lh-76-1692.jpg,76-1692,jpg,129842,126.8 KB,1290,863,1.11,L,37d908ce5db16470a681c7f7182911de,3e197b6514f60e00db8227a1f4085092d75839678978dd012f3a1d09d7c171b6
1716,lh-76-1693.jpg,76-1693,jpg,200000,195.3 KB,1452,941,1.37,RGB,69593a923508ca3f7f33e5c8a6ef7f37,87156fb35e141dbb31dfca3120f631373d2d15e84a54f13e76bfe786c5bd3388
1717,lh-76-1694.jpg,76-1694,jpg,119342,116.5 KB,1308,864,1.13,L,74c3bcf0a93baf0223239a27f30c4d6a,00c57daba983faad6a55167d2d300c56a4c442054b12bbd4f79ade6df0b77148
1718,lh-76-1695.jpg,76-1695,jpg,156397,152.7 KB,1278,942,1.2,RGB,8057e264467254631875c6f9fb4bb39e,b189a8de93d8ea241e4c6dd163fa02e3fdc8979863c968006a44262e24fdf00c
1719,lh-76-1696.jpg,76-1696,jpg,193266,188.7 KB,1380,930,1.28,RGB,361b81f126451dc8d1523d5258bfa501,45a823926ad823ece79c00dbcd55b4cd99d988b9b5e61b2450e1acdbe48fca15
1720,lh-76-1697.jpg,76-1697,jpg,141913,138.6 KB,1314,942,1.24,RGB,ceba1c882850c95bef2b752fa731868e,91cb1b86f0d38a888d325b84bfb624797a9a28db656d31ffacee746f8f5cad08
1721,lh-76-1698.jpg,76-1698,jpg,132671,129.6 KB,1308,882,1.15,L,2a49926767aeaa7c0cad6ed2e07d1ef7,7fd7bea908d844f312ce95e53e32bc24d7747435074be9966a71a6cc0c5e6ce6
1722,lh-76-1699.jpg,76-1699,jpg,157533,153.8 KB,1308,864,1.13,L,8913fc19af1c15aff822f787efbd676d,b2af16a02493368c84bdda44383776906c443c465557981f49f0e0b07705e129
1723,lh-76-1700.jpg,76-1700,jpg,181931,177.7 KB,1308,864,1.13,L,83ff4cec9691dfdfd647367b7a0df9f3,d462a2910b1c4c81860d1d85724991b76bfa2ebec91d920b2932917bb40078d7
1724,lh-76-1701.jpg,76-1701,jpg,169523,165.5 KB,1308,977,1.28,L,e25ad45d82dec40805e36e42b48b932e,8384fb7417ce3edae6d7b05e3394768b6aaec31f9262ef0616965adbbfaf8aeb
1725,lh-76-1702.jpg,76-1702,jpg,203280,198.5 KB,1308,864,1.13,RGB,a946f3890a2657693dc1191e90ddc82e,41d954b290859737de08f01c052b1fd58c7bf9aefbc36eca89d4aa8a916d9b01
1726,lh-76-1703.jpg,76-1703,jpg,188607,184.2 KB,1518,1008,1.53,L,94de3afeee0f07527ec325008544b894,df231c9cb0d09b6f6e091b4a9aa88a7194a35e282825bab660370fdae3e6f21a
1727,lh-76-1704.jpg,76-1704,jpg,152265,148.7 KB,1494,1008,1.51,L,ddbfba5e88694b0578f1ee3be301e7e0,091a20117c167d61466d4b9ab8a79e0fd736f4cd9478d81efdf660d678a8881e
1728,lh-76-1705.jpg,76-1705,jpg,186041,181.7 KB,1314,864,1.14,L,0fb42edc7e098f12fcce83be289f1420,f6bdf5f152258896085198bb15e0ac666c4998810bc8693fe638b93a097a41e1
1729,lh-76-1706.jpg,76-1706,jpg,133146,130.0 KB,1320,996,1.31,L,cd40d5ff22752c1b8deb4a9f88aa3037,515643f9870da987d08e2c000dcc916251d941d4a8d23fec6f0c521e968cc158
1730,lh-76-1707.jpg,76-1707,jpg,205371,200.6 KB,1434,1008,1.45,L,d8bd3a1c4afb5dae4a9e0afafdab6b2f,063afaade13b1630a553449670fa311da442b550d2d59fc494a9195d75e2c467
1731,lh-76-1708.jpg,76-1708,jpg,83319,81.4 KB,1308,858,1.12,L,d55791042f5aeed8186acb4ba5299fef,7c76b796821c40d8c67267106431e4047b73afcea49886b9d162b94738980778
1732,lh-76-1709.jpg,76-1709,jpg,143630,140.3 KB,1338,942,1.26,L,7003760b905f34405cd8d800fd155688,fa27e76b0eff973f14a15e172475a295ed10195ac44d94bea4a1e1f30a6d6915
1733,lh-76-1710.jpg,76-1710,jpg,161446,157.7 KB,1332,888,1.18,L,e278e2c7ff3415fda0444fbb6f9ea509,7241a20996fc8f088bd106d04b10fb79b470670e43b30d242f92f179ceecf529
1734,lh-76-1711.jpg,76-1711,jpg,169731,165.8 KB,1332,888,1.18,L,d808955f363cbc951d06d7c62d3336e0,cf5ec3ab0fd850476f7e0fab7f09c8a9491f78a24393db4fbff5162f23058960
1735,lh-76-1712.jpg,76-1712,jpg,176043,171.9 KB,1524,996,1.52,L,cac4008f72864ae70a066b7b9e90bf86,9313dc3f345bf4411012b481e957559aaf41669d5d06db074d2fa30485f38bee
1736,lh-76-1713.jpg,76-1713,jpg,147767,144.3 KB,1332,888,1.18,L,9defe4f65c5393a8af4982c8d111ed0e,bafdd871811e1c4233df5f17eb58bce78de91a7bcca8ae42d9e0f169abb75be0
1737,lh-76-1714.jpg,76-1714,jpg,154728,151.1 KB,876,1332,1.17,L,b396a157d1be4eebb9723705e0f401c5,1d00cbbb3e1e52fa401d862ada5cf5c88f217f39566bb775677abc0c5dadea18
1738,lh-76-1715.jpg,76-1715,jpg,170730,166.7 KB,882,1326,1.17,L,2bfc2b7d913ec8b0c06db0ad1ca0f862,257450a6de077ae5e8a42f817c0ae611f0a000579efd7505d0bee7d1d7edcef8
1739,lh-76-1717.jpg,76-1717,jpg,171156,167.1 KB,1038,816,0.85,L,dc856443d929ed32730b69728ef43c0d,7ae63f3f73cc79636bc6b08614c960f5f68cb42fee33268d087b9d4769fdeb42
1740,lh-76-1718.jpg,76-1718,jpg,154157,150.5 KB,1428,1086,1.55,L,82568c1a2844592995f771e2d633f33b,a2bcc76c0cddabbefa83adb8e8efdd129a9bdbb243ee9a33bf5e5cc93eac4537
1741,lh-76-1719.jpg,76-1719,jpg,210414,205.5 KB,1452,1014,1.47,L,7f46b2630fa11bf7b1551a7f7057fb20,24a89aacaf97ff1d725806dea47bebf3ba283975c024f21c2f393d2fa45cce64
1742,lh-76-1720.jpg,76-1720,jpg,157433,153.7 KB,1518,1008,1.53,L,58a0cd219d47bf21d003a6b21ae27b21,fb584a00c9db2f6f61d720136cd46674f3a92237ceafe248fce7be6082355c8c
1743,lh-76-1721.jpg,76-1721,jpg,315938,308.5 KB,1500,1008,1.51,L,b9ad0a34c83ad787e7e6af6615fe211c,5b83194a2348cee7d3e16cea1080828173049fa6c2becabb367517bec21abe6b
1744,lh-76-1722.jpg,76-1722,jpg,246301,240.5 KB,1500,1008,1.51,L,f7806c1e66456e5688e141563dd6230f,de07e53bba7a93ce9d1e0672d393471497ec3a5e33b9b3266c08c71a8fa1b014
1745,lh-76-1723.jpg,76-1723,jpg,144851,141.5 KB,1325,893,1.18,L,965a208faa19296f362f633e3c60025c,891e9699ee2d9bce34b9a4e867990403e3c1bf5791cc5f89b37aa38013cab88a
1746,lh-76-1724.jpg,76-1724,jpg,129816,126.8 KB,887,1332,1.18,L,04c82e778739f9665b95e30b4714aede,cb2090abedc7411415256ce8187cca59f92b1c48579d644e70200820c041f855
1747,lh-76-1725.jpg,76-1725,jpg,127581,124.6 KB,1338,888,1.19,L,f38669f89950c0a64820778310f6dd05,d0fe72c618b1f756d09d7012ba0dd06ce8800e6d0166c3568675902bccd97ba8
1748,lh-76-1726.jpg,76-1726,jpg,127534,124.5 KB,1458,918,1.34,L,e667074a3159db82c64953f93fd6b8dd,8ba997a78316eef4aa94c1cf873e0735e72754316aee07a61c4b856f7538ba32
1749,lh-76-1727.jpg,76-1727,jpg,216480,211.4 KB,1506,978,1.47,L,b631bad854b2ea7114b34fc4ba849615,a41934db26c241f2dc99d63537dd071b53a38e98f6fe787b921d0168968e9df9
1750,lh-76-1728.jpg,76-1728,jpg,157106,153.4 KB,1308,864,1.13,RGB,b98f0d9b806f9fdcf4ae475f1cb6e74d,f80949ecb3ca7da174be5eee9b1ad27c3c730a7dafa906d1072070fddbc5e46c
1751,lh-76-1729.jpg,76-1729,jpg,158731,155.0 KB,1506,978,1.47,L,669c5817d0c887151bbbba8a2ce6140b,dc7ca08242da181a087ae9e583f39ab74d6ef26d5851bfe048b938d3455447c4
1752,lh-76-1730.jpg,76-1730,jpg,98149,95.8 KB,1320,882,1.16,L,7c9a2c04e27b51d132d937320584e061,d74e6abcd2a95ca5f3677741e546be1772387504f16dfa86ab22cc051f9d941c
1753,lh-76-1731.jpg,76-1731,jpg,186512,182.1 KB,1511,1043,1.58,L,1797075735f2b931ebe5c414e0ed40c3,40df5ae9f741c83716e56c7fa7ac47911893d790e62f82e5a405787ad7e641d2
1754,lh-76-1732.jpg,76-1732,jpg,174043,170.0 KB,1374,900,1.24,L,4de138ed588ced067216c7c2d9b243d3,834d7f4614207f9ec002bdf981ac5205b82931b7ab52564a9eecc981183d63b1
1755,lh-76-1733.jpg,76-1733,jpg,213881,208.9 KB,1308,864,1.13,L,82c49b98ec131c777cbaafe0a7a47c32,b526d42a42a8e85aa15c86f936b9849d7ec9e0f08256246172ab88776c353ed8
1756,lh-76-1734.jpg,76-1734,jpg,125212,122.3 KB,1308,870,1.14,L,863f08d0595efb8293aed6944a55020d,a93f1989a904f225f1be0382dcfacaf2d55aac716e7d09eed4560d03d3629014
1757,lh-76-1735.jpg,76-1735,jpg,192874,188.4 KB,1517,1067,1.62,L,5c430cb58393c3804f102ecc4e98077c,4997e1f45b9ecbce1d258587b664c9a670abdd8b45b94eeeea45de8952e0ec24
1758,lh-76-1736.jpg,76-1736,jpg,173816,169.7 KB,1518,996,1.51,L,c605f2f43bbcf6e9ed5a818fe410f329,1bfe761f68375e9094de0cfb10dd06916dc1ff0758b107d791426dd1ed62eee8
1759,lh-76-1737.jpg,76-1737,jpg,180341,176.1 KB,1314,870,1.14,L,252357a326ad5b401ff34faf82070e92,476ea4df134c9e042adad32698ac58b81e7ef5468d853e5f539b6817bbdd14d9
1760,lh-76-1738.jpg,76-1738,jpg,167536,163.6 KB,1314,870,1.14,L,301a35a380e9d183ec3668e0348036dc,8adf291b62c4d1b6642a31470c1828ecd72e7919cac26c6ccd7d2f2593bc3a4d
1761,lh-76-1739.jpg,76-1739,jpg,144475,141.1 KB,1332,894,1.19,L,aac34cc6ee2bad56ed307b5e63603f91,c8ab3939153408801d4c244325d5dca65d8a0a41910728813b2b4277d3e7e5de
1762,lh-76-1740.jpg,76-1740,jpg,150511,147.0 KB,882,1338,1.18,L,98d93c5212bccc7e9dd8df7eac17c317,82ad194a5e584576678cd23fe88d899e13cad7b747dac2045c42979e996a0fbe
1763,lh-76-1741.jpg,76-1741,jpg,180238,176.0 KB,1308,852,1.11,L,64ec566f123ec3f54f585e5f15a6915d,811d865c484a3f90c49797fab7575ce29f47d009722d7053acdb4ec0a6d935a3
1764,lh-76-1742.jpg,76-1742,jpg,190994,186.5 KB,942,1410,1.33,RGB,8fc0b9ef3e78ddd51991db4285706cc7,419a8a4f3bf034458126bf8ac6177294b33cd82fe05a0016b7d103ee3f4398ca
1765,lh-76-1743.jpg,76-1743,jpg,177656,173.5 KB,1302,864,1.12,L,dd51486f1901defff380a3a18c3b98a3,536c861f892665bb8c515af6718c4012d1ddb969d884844a805b405a736e5eb6
1766,lh-76-1744.jpg,76-1744,jpg,132521,129.4 KB,1308,858,1.12,L,476b5d78ace71754435d52553a2ae5e3,682a9bfa3cfc00d8926a3250040de245aab1c0ac50ff2142d558d4c51b9b443f
1767,lh-76-1745.jpg,76-1745,jpg,186594,182.2 KB,1302,864,1.12,L,fe3576ec7b6c229c99ba53754a3c2ab2,70694b44718fbb6e912fad4029e12ee8a84bab581bfafa71bac3b4f35c1ca793
1768,lh-76-1746.jpg,76-1746,jpg,150946,147.4 KB,1008,1440,1.45,L,c35998069ef391dc69494939201226ff,5ace2c1fb7fc4a83ec03d57a372f1d7bbd2d3f4fd26b3ef62500703db7e579f6
1769,lh-76-1748.jpg,76-1748,jpg,205972,201.1 KB,1518,1014,1.54,L,4c2d93252ea5751b6aef334454f865dd,7e27791a655e3fc63480568f814ef27d2f5b1b939fab7cf92ec911b50e6ffe10
1770,lh-76-1749.jpg,76-1749,jpg,104211,101.8 KB,1314,870,1.14,L,c98e63dc1160731151a088d256d927f1,edcaa951ac7d368bf315756b37fe234edf3e58b1bb3084312c4044dcf78a9957
1771,lh-76-1750.jpg,76-1750,jpg,169467,165.5 KB,1308,858,1.12,L,6071d644250ab2e924e226be1f7de1ad,a180820d7a0cb39b8b57c67d7d315a40da0c9089421c49d7fc696121e7721c5c
1772,lh-76-1751.jpg,76-1751,jpg,175935,171.8 KB,1314,851,1.12,L,331f175f156afa16c012f79fe89e32e8,6d58992a4ab66114b278d01cca406359e7e683be4f59b439c785b4b6e4b19204
1773,lh-76-1752.jpg,76-1752,jpg,138652,135.4 KB,1326,930,1.23,L,432036f3df6333135a0c0e9ab7b41738,8e94adbc341846c4372444f1f5481492b9b5e27fb8ed4a257f19096e119478ca
1774,lh-76-1753.jpg,76-1753,jpg,166910,163.0 KB,1308,858,1.12,RGB,312d0022b207e4fa5cc693271405ce87,08cf761f075f4654615a416ab10775d21eda053773313352ec9daedba880c102
1775,lh-76-1754.jpg,76-1754,jpg,152755,149.2 KB,1302,858,1.12,L,246a15417dfbf6a20a0c7fc48d394584,62d1922cbd6ea85fdc6eb5167fc9282ba5d0543bccfdf7a5be8adf7c06b7ae32
1776,lh-76-1755.jpg,76-1755,jpg,203115,198.4 KB,1302,858,1.12,L,0501402d541d63ac09390ebe49236521,60f1455c4f4625659795a116d1caaa76016069a04d98b7f045a961c5e3821b87
1777,lh-76-1757.jpg,76-1757,jpg,151183,147.6 KB,1314,930,1.22,L,3e50cbfc1be78ab60392297a63e40e9c,22d48c35e17c8314cfc14b8c18bc31b13ebb7814bed6f4b76e2a94939c58d840
1778,lh-76-1758.jpg,76-1758,jpg,122616,119.7 KB,1308,702,0.92,L,f986abbdd0607310d69dc8db3b8d4663,af8fbf0e3e2e904627a8eab6470441fb9b8d8d08b91be361833c650d134000aa
1779,lh-76-1759.jpg,76-1759,jpg,237208,231.6 KB,1512,1002,1.52,L,f36c28bf1ac47bfe3fda8cff8141209b,a40566f780ac01b5c9b986e9af3d90dc6d2e935591f628be00257b4d77bfccde
1780,lh-76-1760.jpg,76-1760,jpg,130632,127.6 KB,1320,888,1.17,L,7bc0c437b792171b52df7a4f7de478a8,1cbdd2c778e3c81959876c7a032824cca4e760c6c920eb99920e52cb98095c9c
1781,lh-76-1761.jpg,76-1761,jpg,115119,112.4 KB,858,1224,1.05,L,24eb2834742f0bb9b066c0e61f6a9069,97ed86485af0409f67f4b11e7c800c84861d3a127478d85e8750a59b936db2e5
1782,lh-76-1762.jpg,76-1762,jpg,151337,147.8 KB,876,1332,1.17,L,aed49a74280ec406f463e6172ef78ebc,a863d5d565d17393682aee8a07a155e6880857f33dfedc534fb9a40e891b4756
1783,lh-76-1763.jpg,76-1763,jpg,118100,115.3 KB,882,1326,1.17,L,ac128a6f62b87903566d08f317f9a230,f5ef5eded823dd80d3359b574d0b4ebc5051d0ec6fa52c9a030a83e15c14afcb
1784,lh-77-1764.jpg,77-1764,jpg,129185,126.2 KB,1404,888,1.25,L,659db6097acc42cbfdbf15c686d58a61,bc8021a41c1b1a33526eedd0ff216f7c3d99e2bd673463b479669ef1fab5082d
1785,lh-77-1765.jpg,77-1765,jpg,143487,140.1 KB,1314,846,1.11,L,c8cce4f40b4d5993135f2fcaa495d157,8f7648231da6963f9ca86000ff75ff3c107651f3fe041d02bdd1c19b8a52c4d4
1786,lh-77-1766.jpg,77-1766,jpg,128634,125.6 KB,1254,726,0.91,L,16a9e2872d4246bd3f46461947ad7034,6ce789acc620a9e2b93a55d689cf94f6e0246bdfd0e82f41894fe82879b7ac2f
1787,lh-77-1767.jpg,77-1767,jpg,147257,143.8 KB,768,1326,1.02,L,42917c4fd9e660acecbba450ae5f0910,9de5d5012465a965a52718f224faf31d2b51d994aa9079f427f119cb4a1f68ba
1788,lh-77-1768.jpg,77-1768,jpg,123669,120.8 KB,1332,876,1.17,L,eb002c743001db7ae443f2674342922c,1c1204ed5049815237aa07017b5b1079b1421b89f55ff3d5ba314b3d92a0f30a
1789,lh-77-1769.jpg,77-1769,jpg,151796,148.2 KB,1122,870,0.98,L,7d2aaf17dc0034bd81382e3b715d505c,730aae9a139feb5e20c8825fd2d7dd2b3d0cfdee31eec2beed74995ff7d09490
1790,lh-77-1771.jpg,77-1771,jpg,237584,232.0 KB,1308,858,1.12,L,50a2d7936d8f114395ff396dd0c0855f,86038a39c39d77b2ba6fe223f1bb64eacf415f77f027a027269ab0bbdc1f59a1
1791,lh-77-1772.jpg,77-1772,jpg,149695,146.2 KB,858,1314,1.13,L,22db60faf8cad75e2aa882e47e9226a4,02e10e15569f830d3d641509fb8d228681f7be2c56d388b63fad90268a140935
1792,lh-77-1773.jpg,77-1773,jpg,212737,207.8 KB,1308,864,1.13,L,0d51e21165600e006501449edcf234ca,476974eef593014474baec5db6397fc9032eabfb29105280a3d16d32d333853a
1793,lh-77-1774.jpg,77-1774,jpg,208428,203.5 KB,1362,786,1.07,L,34766ec73e4994f7538a74c95d71e7b4,74425cfb75300f89b13f9783c61056e3c40a0aa94d504fa4a4dd1fb5556e0fbe
1794,lh-77-1775.jpg,77-1775,jpg,188347,183.9 KB,1302,863,1.12,L,a8b4216f7f6259b0f2e0a43f43f60d38,c11731ed0d233fabcb0925d166f8032fd3b92b6c24a59190696d2977a41b7f88
1795,lh-77-1776.jpg,77-1776,jpg,135173,132.0 KB,1463,1008,1.47,L,9f3cdab29bd3a78656f39627b59f3896,57d989c7c830cec6f590f1346ad1ef18b433d1d2b186b77b47f62fb19f087c05
1796,lh-77-1777.jpg,77-1777,jpg,116901,114.2 KB,1290,846,1.09,L,0f12c2a651e148948070e6de5e3d3350,6652888d961027fbaa6f294a080a8bdcfc8b28069be0cee61f9c72f6d0c66381
1797,lh-77-1779.jpg,77-1779,jpg,131392,128.3 KB,929,1391,1.29,L,4f61722ad4e6acc91df3710faa387c99,d017735506dc2c01ee9d7145ff0e9699777fe982e4e3ae353ca0cf2974ea393c
1798,lh-77-1780.jpg,77-1780,jpg,124716,121.8 KB,1308,864,1.13,L,9511d00800ce8a6a2b52cc860e005e92,aa060652fe616c7f488759a819977ffb922de474adbff13c5456b19933a849d7
1799,lh-77-1781.jpg,77-1781,jpg,89173,87.1 KB,1308,858,1.12,L,0bbde11858c2e81da415f07e8b794fb6,4bdaeb8a2224a818302a0754c947da4b22b7a997f5304daf4d51666f6f1a6d76
1800,lh-77-1782.jpg,77-1782,jpg,158777,155.1 KB,1314,852,1.12,L,4dec281bc331f790386f0336a349485d,25748b7b936fa4627ad12506e28603d6f7c867da0a80a2ead5292dbfbf0080e9
1801,lh-77-1783.jpg,77-1783,jpg,142969,139.6 KB,1302,870,1.13,L,60af33958ce6dc7404cf5a51b5071e28,c084117f4fcf1332709b85f128ce14676351f5e792d9091fc4d8db4263fa211d
1802,lh-77-1784.jpg,77-1784,jpg,228213,222.9 KB,1320,876,1.16,L,e9dafc174dbe8e07a036e3dedad53b3c,65e32f85012d5f639182a9c0bec901081dfa7717983ca8f7d6e7690fc6927edc
1803,lh-77-1785.jpg,77-1785,jpg,162229,158.4 KB,1314,870,1.14,L,5a1c15c0e7f3d91059e1942f7e82ab2b,3a030ea4b7e1ffe44c610ba0b0900593a16b7efea6ac49d9f05f17f4f0e86148
1804,lh-77-1786.jpg,77-1786,jpg,226715,221.4 KB,1308,869,1.14,L,551b4780e5f5436d66d12dac38d2ace4,4350bb841db5dd59a79990caeda2c53e59e2dfd089ae04e7fc99d89207944b76
1805,lh-77-1787.jpg,77-1787,jpg,154433,150.8 KB,1308,870,1.14,L,76ec83ec203ad0e98445c9d4e8d86878,b286958dff9e21d4e33e8a7df84bfead319730245e0239251c9716aec5cd739a
1806,lh-77-1788.jpg,77-1788,jpg,148335,144.9 KB,1374,930,1.28,L,0d072d218efe85787eeb97ea3c2f06fc,49e57352fc2d07918e5bed52d0ddb769908246c7aac2ad9012807f28b76852e9
1807,lh-77-1789.jpg,77-1789,jpg,112330,109.7 KB,1314,858,1.13,L,6775fc7748b8af8c2f2bfb50416ec01d,766de6142c930f2c7028cdc2a3849edeb0950237267cf3dae33f88fee4784304
1808,lh-77-1790.jpg,77-1790,jpg,87553,85.5 KB,1302,864,1.12,L,d78fd84e44900eb433f5c3edfcac9476,b821d4cea54b9a209bd1f3efe4a01d772e44bdb7d1daebeb43039bae721dad43
1809,lh-77-1791.jpg,77-1791,jpg,125148,122.2 KB,1314,864,1.14,L,b7d42eaf0fc20233ef9b1c6b891bb6e2,b90fd8cea4879af0facd253e51490bca73a9190d46d8c0fd69a9a3011ba6f85b
1810,lh-77-1792.jpg,77-1792,jpg,153911,150.3 KB,1308,864,1.13,L,535a05cc84216bf48df2bfa325a03e50,89e6791f45960ab568f052ac37378727a7e486ef9c36e1bfbecadac8a62420af
1811,lh-77-1793.jpg,77-1793,jpg,181322,177.1 KB,1320,834,1.1,L,857041f555cc0af10a791de09fa8cd91,f835f8ef4dd9f3d9fe3379fe573e0bab6917544d47f6ccfa3c9a4d6465159203
1812,lh-77-1794.jpg,77-1794,jpg,183392,179.1 KB,1314,858,1.13,L,1dc0d147b02ac92ea91c760d9e5b865a,3f2f9658214ee0d8ec15b4f6bae995ca45a07ab3377acc718a2eb8f51a6fc5c3
1813,lh-77-1795.jpg,77-1795,jpg,167879,163.9 KB,1314,864,1.14,L,2b85467c3cbcfa08c43fb06563e580d6,6d4b93ddc8b7270772847f15d45c25f34d02c0c23a8d97d01598611499aaa17e
1814,lh-77-1796.jpg,77-1796,jpg,193756,189.2 KB,1302,864,1.12,L,af85ce42a4b2a559a5275b90bd732603,b89b9909a2c4ac73db9cf7a50524563fd25f73c37ab4c31e524d083a0a6291d8
1815,lh-77-1797.jpg,77-1797,jpg,108184,105.6 KB,870,1332,1.16,L,1107e2d91dbc7da6d6822cae24e81578,aba64df5d57525f5f03f75c3f8dbcee3f79336369be5a35b65a7b65955664c38
1816,lh-77-1798.jpg,77-1798,jpg,151540,148.0 KB,1308,864,1.13,L,c90eeef2e0832e9bd692955ed05478bb,469393417748d8c4fff8da02fc9f14b79be3fd5408fc8edd1e693df0745f6df5
1817,lh-77-1799.jpg,77-1799,jpg,138593,135.3 KB,1242,858,1.07,L,828e28dd5d5fa739cd3b692c60b451cd,f02d1e24d3f07d5747000a2207ff006155ef66a523d303a53d9b7ab22772fb08
1818,lh-77-1800.jpg,77-1800,jpg,201537,196.8 KB,1266,864,1.09,L,35f44e948b5dfb6ecd22fcb5e2fecb75,e5ce74010bf2d8612ce58a18dc24458716ed5649896beca8719350fdb5d5b4fc
1819,lh-77-1801.jpg,77-1801,jpg,120891,118.1 KB,1170,774,0.91,L,a39a5d77367753d0eb7f134899a2df5c,f0d36245fb3cef2d700f9892b6739f88d580550c9b1bd7102af7432eea133647
1820,lh-77-1802.jpg,77-1802,jpg,157820,154.1 KB,1308,864,1.13,L,d5f197091afec6841547304870f0cbbc,8815c320d3db1f40ffdbbc5c004ed53276d7a40aa1dc99828a7da7ed498f1d08
1821,lh-77-1803.jpg,77-1803,jpg,117024,114.3 KB,1134,738,0.84,L,67eb6c0837c7234ee6bacac7c6ae8c7c,dc78dea605e71794ec50e6e656f5e0f25e573c51add692a2d4735ad0b3dac0b4
1822,lh-77-1804.jpg,77-1804,jpg,124586,121.7 KB,1236,726,0.9,L,78ac8a404a113bc91f588c546fcdc931,0271fc79c834ec82c7c3f046cbbdcafe41182b2c5eeb47ac5f68b0b3f349aef2
1823,lh-77-1805.jpg,77-1805,jpg,116918,114.2 KB,1182,750,0.89,L,7a483143a8baa71cde6ef9d76d8af03b,75965d56f4b54a861b2fcb056183843a67265fb35db431d829591a6afd95b451
1824,lh-77-1806.jpg,77-1806,jpg,136423,133.2 KB,1134,876,0.99,L,ef295d7b5d5ef487d6fdf28e25b333aa,e873409b7c6d6c6c1fc91390838ab7f8efae74de9ece4366179d14aa74737f52
1825,lh-77-1807.jpg,77-1807,jpg,155999,152.3 KB,1320,864,1.14,L,61af4c8e919133261b2981143c8bf942,a00992f9c4fd06c348b35a8b7ab90e768bc367259ca0149562d73706c8948f01
1826,lh-77-1808.jpg,77-1808,jpg,191046,186.6 KB,858,1284,1.1,L,ef179ccbc18e3d4c8b56a84fd006234f,c5d8affc271c06b07928dfdedfe74166169c687175904a6277aea3ce46f58e7d
1827,lh-77-1809.jpg,77-1809,jpg,160934,157.2 KB,1283,851,1.09,L,9ccc7e27a44e2d9307c39de5765fa405,6a2b0fc05afddcea9ee27dcc388e44808e9579ba8f1cb75c214169639f6907ab
1828,lh-77-1810.jpg,77-1810,jpg,225697,220.4 KB,1188,869,1.03,L,29e39cffc4c8cbd693794653dcf94bf9,46bed4b29c45725d0807cd751b5637a120777c83fd6d4e8cee375a650d717cc3
1829,lh-77-1811.jpg,77-1811,jpg,183230,178.9 KB,1271,930,1.18,L,fdf5e9140d3d92b150e87671a3a34a6d,e5ee50a7e1ae96d0f19224964e5e8c94cd43bbc2e364cc69ed2a8b483dd23d99
1830,lh-77-1812.jpg,77-1812,jpg,121961,119.1 KB,1188,744,0.88,L,c5c0237efa1ef4f698b5a05963741fd5,1048061fc046271b32bf816e33e74a26aea132eb8159643dfd7cb5be943c0345
1831,lh-77-1813.jpg,77-1813,jpg,131362,128.3 KB,1295,863,1.12,L,e50351763288fe1fe95374d9284a15af,ac062a9c4cec7826949947de53f9711c01d967196ae9a20a09c66b1a4e61a7bd
1832,lh-77-1814.jpg,77-1814,jpg,105706,103.2 KB,1128,702,0.79,L,c546ea229822bd791b6f99d3a1bdfa0a,13dfe97f1192a8162e00ee8b55bf7bdf0dcd1494f2d80d257eb0850e49f28c0f
1833,lh-77-1815.jpg,77-1815,jpg,136939,133.7 KB,1152,888,1.02,L,a8614a70b75a2d17083b877445c9d56f,fbad7108b7bb7131c35619f6dbeb0050ab46467c0a6fd78c3cdca5be792693ea
1834,lh-77-1816.jpg,77-1816,jpg,184718,180.4 KB,1314,858,1.13,L,18c35cf23d75e6e3259f5502bf8423d3,32d0d8745339fb71fda8dfbf1b8c392a99e4557e189ca24f36618d02f6a8c2c1
1835,lh-77-1818.jpg,77-1818,jpg,170100,166.1 KB,858,1314,1.13,L,02c7cded8e64a8c62583fddb134985c8,110fb823720d52102c13f8739828fcaf4a247cb739f6a271a3dd92a2a67f1b99
1836,lh-77-1819.jpg,77-1819,jpg,129241,126.2 KB,1326,852,1.13,L,e08e8d84ab02b0369790c44ea491bad5,ea5c11aee8f885256e29d74b9b83ffce27b6f783dd52802a8ff412ad6d00e114
1837,lh-77-1820.jpg,77-1820,jpg,133728,130.6 KB,1320,864,1.14,L,fd9a486d02d8c7a022feeed5e5cdb9e5,a70b8dd05e63175474a28e043d6a8771014835fc144a4d483ff60cb1bb14e619
1838,lh-77-1821.jpg,77-1821,jpg,141665,138.3 KB,852,1320,1.12,L,956788a908d0079f023f4683523967d0,97005c097a6c5b426f67f12fdbbdd86df3102b54b11895f156d761fdf9fcb577
1839,lh-77-1822.jpg,77-1822,jpg,173863,169.8 KB,1313,869,1.14,L,0b96e23fb6049763866fdfc19b080e32,aed6bb9d6182846f0e1898ffb7f5fd6ce2e4feddb6d9c27689963654da1bef2b
1840,lh-77-1823.jpg,77-1823,jpg,205970,201.1 KB,1308,863,1.13,L,797004fc450d8c7691d6c66f64c3f2b5,3b8fa64c5d01cd66a9a48245e39724276886a959fd4f4db4303289fa806a7f9e
1841,lh-77-1824.jpg,77-1824,jpg,135480,132.3 KB,1314,672,0.88,L,39e230ec8ce9bf04d96bfd8ff478aa3f,fa443c80302f719f30970dec6601850b9ad5c09141d115de321e48e812f6a099
1842,lh-77-1825.jpg,77-1825,jpg,138294,135.1 KB,1308,870,1.14,L,591736afee2c9f4412dfdc9ecd32901e,c8ca9493bb3fbe979b9458ab4f2a9244511d319bddeed4a5c49f440c3c6c931c
1843,lh-77-1826.jpg,77-1826,jpg,216866,211.8 KB,1308,864,1.13,L,b85be75e0e4b757102078b2d1138a9fa,9ec50cfe977263e4715757a83bd73ede67c252fd826c3e959611288b8b405124
1844,lh-77-1827.jpg,77-1827,jpg,179879,175.7 KB,1308,870,1.14,L,fa53de150bd076af13ed4a832605807b,04e9d9282117681f66d8939a87dada8946f7a79f8644a7cd8513b35b6e2fbc2b
1845,lh-77-1828.jpg,77-1828,jpg,155304,151.7 KB,1314,870,1.14,L,7a91f53305391fe4dacb41106fa880a0,acf1db6e9a7908173c6900848dfeb9d455c4bb0778ed97affa8178bad63e8b56
1846,lh-77-1829.jpg,77-1829,jpg,189605,185.2 KB,1314,870,1.14,L,f1fa1ff292a6622d9c2ee27112bd9521,c96de7f9bc72521960877d21bce2f7d5c2f5dc8eebf671bb553c40658e4264ca
1847,lh-77-1830.jpg,77-1830,jpg,189903,185.5 KB,1319,870,1.15,L,c3859fd2f8eb010f19c8c066ac7f70dc,bf63bd91926f8383d2b9214b79856ac9b331e8365f88159fba68930fe4fb7705
1848,lh-77-1831.jpg,77-1831,jpg,102802,100.4 KB,1272,864,1.1,L,903d7ab5e15d399b093e678615e36990,190c83223d78f62317ff10ca8208c76b54ca678c406d041f04579acf2dafd39d
1849,lh-77-1832.jpg,77-1832,jpg,133323,130.2 KB,870,1320,1.15,L,e11aedd34cffba568b650a36fe26dc42,f602217a44a681650e4e3947497cc44b90984d8186657947f360af8295771977
1850,lh-77-1833.jpg,77-1833,jpg,153597,150.0 KB,1308,864,1.13,L,e700c457363e36072aa5217fa23587ee,ed2caad8b5bd985d42d8b4204c88d892f375a30dcfe2706ffe04808f0b693c2d
1851,lh-77-1834.jpg,77-1834,jpg,138810,135.6 KB,1308,864,1.13,L,cfa85655560e64532be5281175f17c0c,46e8934e9e933ac11f2ad609934d660208f174ed6f213ee0cdd08868bf0da102
1852,lh-77-1835.jpg,77-1835,jpg,143922,140.5 KB,1308,858,1.12,L,6de3b3946f339d897caec2484816fac0,9e14c9a2085a701dbb03d730b4c0181222bae97358f50d89afca1689d6fb08dd
1853,lh-77-1836.jpg,77-1836,jpg,140363,137.1 KB,864,1314,1.14,L,bf9f4c1a68a1ff079487d57bf711cd5b,95e5c6ffad591c9f182d582c248a1fb0b4f253dbe1971d71b5a9d24e968f74c6
1854,lh-77-1837.jpg,77-1837,jpg,146151,142.7 KB,1380,929,1.28,L,91f0fce8b243a4fb81eb15d5da06403d,64b469a4fa43395be9f77e18c439781d4ecc131121333742c8ec3d85fdd3311d
1855,lh-77-1838.jpg,77-1838,jpg,133516,130.4 KB,1308,864,1.13,L,19412ef7693ccecf33291b0c1106f9a6,1265a9559064dc0c89bf829189b9fdbb2ca457850d0b3ce9b7d0204c5f238429
1856,lh-77-1839.jpg,77-1839,jpg,170558,166.6 KB,1458,929,1.35,L,50a11f805b47e500c6bef1664b1b56ea,2f239508028cd6976441dc27a85251d3265490a1221904e2e7155993f6a7c880
1857,lh-77-1840.jpg,77-1840,jpg,160725,157.0 KB,876,1320,1.16,L,ad723aeb11d758a1bbcc12aaa9db7c1b,c6dd9245792a2f98c31e617e95edd7c3785cc0a3de281406e1117a22b1a51110
1858,lh-77-1841.jpg,77-1841,jpg,148867,145.4 KB,1308,882,1.15,L,caadc42034996632d223e03021c015fc,f83f767882d02914afb6e62b3b999feb20961a80e0d9ef802dfc6466d5cf3e21
1859,lh-77-1842.jpg,77-1842,jpg,204468,199.7 KB,1386,941,1.3,L,196311e391b1eca98f90951069b1dfbe,5ea20435c0c53398c6a0838b9240904bfa23c2614685b70e5de3ea3e5cc6aa13
1860,lh-77-1843.jpg,77-1843,jpg,175777,171.7 KB,936,1386,1.3,L,591f2076f7e253b6b0e9fa112b069ab7,b81b848143b65d1e662198c31a4745c507666786182f2d7b8aed02b2c6b812b4
1861,lh-77-1844.jpg,77-1844,jpg,136439,133.2 KB,1308,864,1.13,L,70d529f8d665d335ade867197df7d1a8,d5fa9b478f53a09c4ddd1ed0e85f6bc8b0b8d2583ce9f06576b7a21a73e86edb
1862,lh-77-1845.jpg,77-1845,jpg,121629,118.8 KB,1302,864,1.12,L,c43d14721abdb659a2ad9d20ebe44080,3e15e2f58e54cd96bbe8590f958a69528be8ee6b0371a80a1589d8ab682729fe
1863,lh-77-1846.jpg,77-1846,jpg,125446,122.5 KB,858,1314,1.13,L,ea6ece3d9d5fe6c230cb127e63b01e9f,3da0101692e49d8b4b46165ada7524a0bafb913015e12880206dd6c61aab98df
1864,lh-77-1847.jpg,77-1847,jpg,151146,147.6 KB,876,1320,1.16,L,f73c060ab7edc7e07bb8781df54f300d,ae11aa69b02e32d12e94d9db90f0b1c98e26d9023249bcb2f7b57ff0ba0bff17
1865,lh-77-1848.jpg,77-1848,jpg,163488,159.7 KB,1308,858,1.12,L,4a02369fd78f90ba35fb890bb18db287,c30e51bccb1a426e7eab9d0e460eb15b394aa781775e457e060466fb20d5f8f0
1866,lh-77-1849.jpg,77-1849,jpg,232283,226.8 KB,1308,870,1.14,L,0ed389ccc13e96f44ffa32fef78875fa,4abb8346a7dd3f149dd86ed1cc1c77fb88d0c744be84b1f8b73f7440b093545f
1867,lh-77-1850.jpg,77-1850,jpg,188377,184.0 KB,1320,870,1.15,L,5d5e8bdd73b98298dd826cdf91c47e9e,2be3d33d13ce05f442af81fc37ba383e3c84c2c65be3be4af8627702b9c18895
1868,lh-77-1851.jpg,77-1851,jpg,207872,203.0 KB,1308,864,1.13,L,1ff19797bc736f50f366c23a94fb32d7,ac3a35ea661f0253ae341349703f30b8f01bda36d4a3252099e67eaae6d91edb
1869,lh-77-1852.jpg,77-1852,jpg,121024,118.2 KB,798,1314,1.05,L,cec9ad4728c2ae93dcede0df75785888,b07d4c3414aa1625c85725b8eaccb2cdf52a0e45c2a65fd063804ac817eb988e
1870,lh-77-1853.jpg,77-1853,jpg,157236,153.6 KB,1320,870,1.15,L,695ea2bc77e8d650ef5b8b5f85c1b097,8f2cf21ce154e34f14e95bfaa412d5ec72e50bc72189f0ecca5934141ff5ca01
1871,lh-77-1854.jpg,77-1854,jpg,187084,182.7 KB,1314,870,1.14,L,9ffc9284ce6d1457d94640b0d24c49fe,2feb9daa79b3f7c163efb08834ed7bb037c554c4abe57293339d43fc61cc8881
1872,lh-77-1855.jpg,77-1855,jpg,223553,218.3 KB,858,1320,1.13,L,4f3062644af966b02f8d1358bb39a364,5cf3e5fc3c2c7f3228cea4cb4cdd8a31f676bc3789b21f6817ccfb946bba60a4
1873,lh-77-1856.jpg,77-1856,jpg,208247,203.4 KB,1314,864,1.14,L,e8d44a4a66317c9de2c8d43b3df6e378,332abff1d025202729049bf8dbfd10c2605ebee837f7763d85273d646ee8c6de
1874,lh-77-1857.jpg,77-1857,jpg,122770,119.9 KB,1218,726,0.88,L,1b281c09ccefc29e9e78245ae71d449c,af57cb837550c44ca7066b3c5a695853d6b12df0d5944de80175ed713e0d8834
1875,lh-77-1858.jpg,77-1858,jpg,177271,173.1 KB,1379,935,1.29,L,132a7714090fe9a4d616d5cdf936e919,8aad5ae0926c690f6bfd992f91f8ae38a030f731388a49b97396ea25b67bae18
1876,lh-77-1859.jpg,77-1859,jpg,134453,131.3 KB,1302,864,1.12,L,ec0da23bb284d07de35136b6ac06a3bf,f05e30717cb1692f22f78f3ba5cf3dd6352026248f31eefba71218bcc4622c40
1877,lh-77-1860.jpg,77-1860,jpg,142160,138.8 KB,1308,864,1.13,L,333bcc6dca61f1222c0c7e945ee796b6,d8e8c17b54b0e42293877fe5afa8e6251b0fc9b0043d6a32647e4afca32c550e
1878,lh-77-1861.jpg,77-1861,jpg,115891,113.2 KB,1260,750,0.94,L,7b58cd95bc2463599c1858c5ce38180d,e5187ab2005ed97536ce2f35b4d74d05227024c4bcd2f49744a8249f42eea260
1879,lh-77-1862.jpg,77-1862,jpg,225567,220.3 KB,1314,840,1.1,L,4ad1a08357870d3451ed18cadcb46686,28a594a6d9eaf08d84d3332ebf7b7a277f5b4e60b8e38cebe47c4a04944c625f
1880,lh-77-1863.jpg,77-1863,jpg,176994,172.8 KB,1313,870,1.14,L,cf154eecde6e09716d7e86918d714f5a,b05cb5ed534c34fa0cd64de6345aa74e68c5c47b5039e07c9ec62b7c1c45359a
1881,lh-77-1864.jpg,77-1864,jpg,123807,120.9 KB,1164,864,1.01,L,3559c47443531982e56bf48bebe4b29c,3cabdf93b4b33958e2c0737fce47a2f045bcd05dc1731053379e2ed622a357bd
1882,lh-77-1865.jpg,77-1865,jpg,146627,143.2 KB,1188,870,1.03,L,de1abfb0ce59cbea7e197766f67e3cd2,c8033a1e8d55662e5a1be8951731e1dc7f6b76016982eab418ea044ca87febe5
1883,lh-77-1866.jpg,77-1866,jpg,178045,173.9 KB,1313,858,1.13,L,33ea93c6a59d920b4c291cc0cfb5cc20,f1491964c8ed64bb843848ce03318ddfeb10cadc6ccdb77cbd9e6cc9f6356531
1884,lh-77-1867.jpg,77-1867,jpg,146955,143.5 KB,1170,888,1.04,L,f9379d19e21501041de433d0674298b8,98de98c220f1331bc10f1ce4c18a4b694d8a84272d2f84d3851069aca429934c
1885,lh-77-1868.jpg,77-1868,jpg,121055,118.2 KB,1302,852,1.11,L,6ce3ba965c9c139c913a0c6d983c2612,a26d461e8642aef50b4f3a1e3981e34130be38097b75cb20c927ac6495fc4dda
1886,lh-77-1869.jpg,77-1869,jpg,155873,152.2 KB,1308,870,1.14,L,bf4aef6d2bb4013b68cae2df38894b7a,04ef3d11a30c245435e2be712935a2aa42d2208b1eed0151a3dabdd23a744903
1887,lh-77-1870.jpg,77-1870,jpg,161577,157.8 KB,1230,864,1.06,L,df132ac5a56e4f212984e310afae6916,9b29bd369f7f4de98f4c4f79bdccb5e06911fba0b79207d6e9c00e0c6092b8a6
1888,lh-77-1871.jpg,77-1871,jpg,179418,175.2 KB,1307,858,1.12,L,9412792a0c13fef653402784795bbbe8,ee52b5b6bb08c8e2dc82aaa9162fd9d09e009e788fd1f531b421f98552dfe5a4
1889,lh-77-1872.jpg,77-1872,jpg,117256,114.5 KB,1284,846,1.09,L,6272354f9737f5d5424d11737b00030d,fbf14a797fe3bf0d0bb5390286842e3335bd4c101492fe08becb08c03aebd48e
1890,lh-77-1873.jpg,77-1873,jpg,143349,140.0 KB,864,1314,1.14,L,1cf5f7c60a73c6ca4916fc7b24de2275,3ef99269005ac79ce5f44e3cfb33c828a23bca66e4277df9e1a82c0d372a4885
1891,lh-77-1874.jpg,77-1874,jpg,133789,130.7 KB,1212,864,1.05,L,a406fee086c95a963219935dcf749436,8997185827d2fb64880f70017d85bf779147dc771538d5183f3bcae4566e6163
1892,lh-77-1875.jpg,77-1875,jpg,144089,140.7 KB,1302,858,1.12,L,952877e721bc06706b4659db984d2547,c41135c697b46960b81021ffeb5618d4211add85b8e15b551a425632a3b702b6
1893,lh-77-1876.jpg,77-1876,jpg,148824,145.3 KB,1314,864,1.14,L,7cd2346f9ee535de8bb908c08d0800bf,d76b2a667d11fba0c88995971c113301439d95c2002d70d67f31138fb56e1017
1894,lh-77-1877.jpg,77-1877,jpg,149476,146.0 KB,1308,863,1.13,L,92897c0b5acf96266608617bdffa4112,aa7593072398a6ff3e6bd1b7284d8870416460987119dd4a46a0f0adf514724f
1895,lh-77-1878.jpg,77-1878,jpg,128407,125.4 KB,1314,858,1.13,L,178b8598e316d48a681a9e91d5eb1fea,743eda8488cd8705fb4bb27fde09da3836ee7847e42633462d5db1d16a7db752
1896,lh-77-1879.jpg,77-1879,jpg,138634,135.4 KB,1320,864,1.14,L,74ff1771a1e40ac0a80176e1d56bea38,6d9654355b187782d05e91ebe340b3f20cd8804610b22ab49290cd5b017a2719
1897,lh-77-1880.jpg,77-1880,jpg,125864,122.9 KB,1026,828,0.85,L,06c71825738e41cb62478730270ceb42,e62cfd4c3d106334b377872edaaae8418f29a684d88fe5083767eb14e3972aac
1898,lh-77-1881.jpg,77-1881,jpg,135109,131.9 KB,1188,840,1,L,fb8bbaf719f74879d4bb52d62e79941b,db1d034b067de74a65ee8a86663ca5cf3066450ed4fdf3672cf998918bdd8b68
1899,lh-77-1882.jpg,77-1882,jpg,175107,171.0 KB,1230,774,0.95,L,b6e434583e8e884313fd2100ac279e21,f4035e117ee7e89f974604c0508f343642520751bb4aea6147b6406b1a5a42d3
1900,lh-77-1883.jpg,77-1883,jpg,177386,173.2 KB,1038,828,0.86,L,c0050fb4c799297b3be0b4a5f7c9db21,a32efb0353424233ade156824ebb295db67774ad0f05f0cccaf108afd1b0287c
1901,lh-77-1884.jpg,77-1884,jpg,116635,113.9 KB,888,1230,1.09,L,e2c6feb806f43f603ac41aa52d8717ea,20d7eee397b1ed66f6a406abf19bf02933d1ad5d9273064fa24c1565577e1dfd
1902,lh-77-1885.jpg,77-1885,jpg,182228,178.0 KB,870,1302,1.13,L,dd44352a4784d3c101483459b9417a3e,194767f501e9c428b24ae71e4da1fb9d924c0d8c4443281a70490d30c9c7a48e
1903,lh-77-1886.jpg,77-1886,jpg,162401,158.6 KB,1230,756,0.93,L,4f0449f05ffa9712b6a04046ffce27ca,2e1647098c93f8a64c96129583f7f3d3ad19fc57ff25c9444067042f1952a94d
1904,lh-77-1887.jpg,77-1887,jpg,142302,139.0 KB,1200,768,0.92,L,3345dc852462deb7ba28bde6e6404c3d,e6c98d38261e972768df0e1b004fc9d8ed60627715bedb71f8148b5d18a5d984
1905,lh-77-1888.jpg,77-1888,jpg,181908,177.6 KB,1193,845,1.01,L,0a5aa56ab97c1e0f1195b066887a91f9,b4d1ce4f937fe79a96a4d989f516e4b3d02891c7b952ddaf558e45dedaacb272
1906,lh-77-1889.jpg,77-1889,jpg,148886,145.4 KB,1164,846,0.98,L,3e7a5d78d56150b1e652cbbd7849a026,a314404ab827629e3dd54dde5da7ff2309b15b815a7fe5ee61725b75c2140e2a
1907,lh-77-1890.jpg,77-1890,jpg,105322,102.9 KB,1032,672,0.69,L,03fa3cbd68587130ea77bf840064c9ad,371ce2b8eedb0f97ab6845b74abf553bc06f81b2592260267c2e2c830add91e7
1908,lh-77-1891.jpg,77-1891,jpg,110710,108.1 KB,1031,630,0.65,L,56d34c92a413f94157d028dc4e44eb59,6a4ed87275408922a17ff9c4cc66dfd967a4cb2d29f28e3f3a83213a8ccd8b4e
1909,lh-77-1892.jpg,77-1892,jpg,109996,107.4 KB,1032,630,0.65,L,528e5922ba8d2b8554a28a50cb52ae6f,c9b568ab11dc44a0b85b5b286c90d468499e39d9b387e164d195bc771f704d90
1910,lh-77-1893.jpg,77-1893,jpg,179699,175.5 KB,1236,804,0.99,L,e330f8c5f0d1787107420ce623f0b3b0,b4fd00a61a2d7bf9c11ef06c1f9d55a31fa84cd99cbf667738a0df40c8fdc002
1911,lh-77-1894.jpg,77-1894,jpg,161002,157.2 KB,1038,816,0.85,L,17743da6488e7160eb26ba33eb28e207,e2dbb482dec3a5653e695994df701d0d1b529ccc1c0314025edab998f0985364
1912,lh-77-1895.jpg,77-1895,jpg,181755,177.5 KB,1164,828,0.96,L,126dd5580d7b0821f9897405cf0d8b81,a97aae194c7bd33e4561dc8b7ed10cd53f29f8be601550c080bce46f6ce3d79b
1913,lh-77-1896.jpg,77-1896,jpg,147376,143.9 KB,1110,774,0.86,L,fe4f4fad88db656291d77094caa82ded,af9e893894937a9ad892be1fecdeb8b05e247f246e60d09bf4ce4708460d094a
1914,lh-77-1897.jpg,77-1897,jpg,115484,112.8 KB,1361,893,1.22,L,3065d87fd4b12814382b7974c445ff23,b09fc8f25b6c52cf76130d14f84aca53e5ad0dabdb02e20fe2025e585732a7b8
1915,lh-77-1898.jpg,77-1898,jpg,108272,105.7 KB,1278,702,0.9,L,de374bea14a8ded038a6f5c286066473,14bbc3f5302df40377ddf858dd1204534d83097ff5b9acc1d5dce794e3c9452f
1916,lh-77-1899.jpg,77-1899,jpg,176022,171.9 KB,1301,924,1.2,L,87dc3ba7245ff371cc2818111fdcf683,01a59ecf9029fc2e460af4dda005d78e38fb4beff0828f5099d758e2170c07f7
1917,lh-77-1901.jpg,77-1901,jpg,120736,117.9 KB,1386,935,1.3,L,4bf88b97a43cd9adb3153a8f6a13ebd4,42b4cf54f7ce2c20669d5ce30cea558c492502e5e61dfca6259db933a444b6c3
1918,lh-77-1902.jpg,77-1902,jpg,116800,114.1 KB,1308,876,1.15,L,d22bec8e8d7bf3000204049d811d2263,ec21b0242d9aeabb05add9650b0f5d5ce11febd0f234c8cb697f69da1dedca23
1919,lh-77-1903.jpg,77-1903,jpg,121885,119.0 KB,1266,762,0.96,L,89611096cfb2c94733c3a75ad591b0c3,159d2466ea0feff4f2650c4de81b1f325c6e2f94b049aedd9f21b20404bf626c
1920,lh-77-1904.jpg,77-1904,jpg,141132,137.8 KB,1314,864,1.14,L,bad55af17b72e7b3b9836886aac61c91,7e46eada580e8da89d3ef365ff694ffb47d52102eb9ef6c69b94dfc42389d18b
1921,lh-77-1907.jpg,77-1907,jpg,138247,135.0 KB,1308,870,1.14,L,5efffcbdac26897c28371e6f027bdb54,c72e01f086752ed527537ae61c17dfd3d1082043579ab2d29f8e586ba6b0f0f1
1922,lh-77-1908.jpg,77-1908,jpg,95178,92.9 KB,816,1248,1.02,L,3b0b2b1f63496dabde5f01172a67e98d,878aac916c008d42c34398f2071f54b5efed08fc66bdb0bd2ffc25a638d97305
1923,lh-77-1909.jpg,77-1909,jpg,112888,110.2 KB,1218,696,0.85,L,9fc0da8b9b213fc8b459bda83322a4b2,2cb658233ef59291d846aa41fac07b3dfd5b8fb29b829685ae62529b3500e4d3
1924,lh-77-1910.jpg,77-1910,jpg,124336,121.4 KB,846,1241,1.05,L,3f7e1858a7f7535b1093e3fb0968d67a,279025696b443de7aae1afdaaa2ef0bea9a5cf522898928f5ef95a04d5ccce58
1925,lh-77-1911.jpg,77-1911,jpg,148594,145.1 KB,1314,869,1.14,L,03a426cb3b312bfab92a50d117c2b53e,7b99109fccd2254c95d2d23426376014134786ecc93a2c85b3db7b39b9d680fe
1926,lh-77-1912.jpg,77-1912,jpg,111678,109.1 KB,1188,822,0.98,L,8f03b17321844db64dc5ac7825b5a0a7,559d1f221bb6cea2fa8f606e8a63211c540d9ad7e63529ffc15918117b75eb9e
1927,lh-77-1913.jpg,77-1913,jpg,121260,118.4 KB,1302,858,1.12,L,af7fc0591bca10d2a7f6cbc8b4e70a07,8d73ad816355bf44c4063078ae941a7061cd032c82b7f0ea92abf9230c0512f8
1928,lh-77-1917.jpg,77-1917,jpg,120172,117.4 KB,858,1296,1.11,L,db6f52cffd08941099b477709941e829,5f56b70a55a5c6dcf91d56a53e12b74e8b1e89dc9352121692560ce9d12425f3
1929,lh-77-1918.jpg,77-1918,jpg,179687,175.5 KB,1379,941,1.3,L,c453cc6ee3e6193d79b8b53c60a13108,ed6d5df23e2d5cca54c629db4cca28361755556c607f000ddaff32be2210b28d
1930,lh-77-1919.jpg,77-1919,jpg,124327,121.4 KB,1236,870,1.08,L,ab3a457874e631c4531ab6399e1ef4c6,3f3bd399a5bd7bf86718dff70a88272f8a0adaa6d4dd6ab8c4fa73e1d93f7880
1931,lh-77-1920.jpg,77-1920,jpg,163133,159.3 KB,1278,870,1.11,L,14ea30d3f3f2c2b4f0bc12952dc48ded,df1d11e4597618ec236672936e6ff27d87f06be08af874744289ab4f2cc987d2
1932,lh-77-1921.jpg,77-1921,jpg,132759,129.6 KB,1320,762,1.01,L,c27dded0ea48991a147b1f42dae5d09e,1972dfb3916f4a42589c51e61bf81b3d82e014090fdf8f168bd8e2f200f5c56b
1933,lh-77-1922.jpg,77-1922,jpg,151274,147.7 KB,1362,900,1.23,L,fd4d48c054423fe780a587a57e188893,36bf24bde50ae4728b9b07c036e452aeeb9ca2e2c89e354d324143a8d537fe34
1934,lh-77-1923.jpg,77-1923,jpg,166724,162.8 KB,857,1313,1.13,L,5cff02b92c5b8e0be2459b45f9d10fb8,33c917cb4fb8fec14551266893e7dda33d599cb5f583529a5823fcd47b420e14
1935,lh-77-1924.jpg,77-1924,jpg,175943,171.8 KB,1308,846,1.11,L,1e34cdc7367ab2cc4ba611e84d2dba50,16af75340bdc7f36a12474a026d7a68d50ce8702cc6b70788ccb3aef4b601d3f
1936,lh-77-1925.jpg,77-1925,jpg,195307,190.7 KB,1314,858,1.13,L,c2a9b9c683343761c877be86e497af9d,65c020ee21dbefa5b500dc8083c5723bad8fd27ce4ff037816220b797a603d33
1937,lh-77-1926.jpg,77-1926,jpg,123278,120.4 KB,852,1302,1.11,L,bd701f200e337abcd066bfb1e6077a2f,995a0040d63a8ab27060d32f50ea9ceb52b21117a5199d025716033f5ef88fc2
1938,lh-77-1927.jpg,77-1927,jpg,217505,212.4 KB,870,1314,1.14,L,61e31165b56081f9afcda076d70fa87f,3b1ce00ccbc7e3d47c02b28d18f21e9d1e883d0e0629547df0ce22899d38f8f7
1939,lh-77-1928.jpg,77-1928,jpg,185119,180.8 KB,1290,864,1.11,L,7081dc48369d349fd905323612d6e6d7,f4a950598f7d40d16f378d7cde2e947337cead93885b7a2cd265a60d2b29c74b
1940,lh-77-1929.jpg,77-1929,jpg,129968,126.9 KB,726,876,0.64,L,186f87d375e956ad9a55dad08c20a9ba,d77eefe0baffe3edfb253f7a18ad36d0c8f723090216cad9fa01ad2672074ac4
1941,lh-77-1930.jpg,77-1930,jpg,75518,73.7 KB,1326,714,0.95,L,4bbdedf312ad6a9817cdf6e225114b07,c56aae5815d6d8544af5f75f53d5b329651198830aa312ed1a539756b7248404
1942,lh-77-1931.jpg,77-1931,jpg,124985,122.1 KB,1284,864,1.11,L,7b37db27a1b44a3058195a03daebb425,3e66c6f7abdd5d47d21bf483df840a14423afd2af76597a4d31e5f821788a48f
1943,lh-77-1932.jpg,77-1932,jpg,107701,105.2 KB,1224,774,0.95,L,1722e0f87b4ffcc6496feec06ec2b79b,10ab86128874561002c550e06d281c949c56bda66c5028097180c2885b2f87ad
1944,lh-77-1933.jpg,77-1933,jpg,117514,114.8 KB,1224,816,1,L,4e53a633416309cfe638beddbfdbaf63,504ef83993ad267cfb1df004b6ca007729bf8311521ee62162915653a0b602e5
1945,lh-77-1934.jpg,77-1934,jpg,60774,59.3 KB,575,798,0.46,L,698bce43d0479dd6e00eb8ab92fb0477,5785fb261008965f5a3284c1a5184f2f9c16afd494518164f2d71cd0de5e3e7b
1946,lh-77-1935.jpg,77-1935,jpg,176457,172.3 KB,1386,929,1.29,L,bdb3f5bb9bcb0391c8c79d5a8b99868f,ec1f9e7c5020ee2daf5a88b0723e7c90fd098ea9b0bc31b3a91f6a8e2b1fc5c5
1947,lh-77-1936.jpg,77-1936,jpg,157824,154.1 KB,1314,750,0.99,L,47da08a8fe91976dc52eff7ac6d76473,47f9deedbb75dca4e5ee5a28699942bf2cc511b6ff01e12ae33152cd3cead208
1948,lh-77-1937.jpg,77-1937,jpg,116448,113.7 KB,804,1320,1.06,L,88653f558f9ad8e92aec6f0a387e8f4d,fa216da2ee586ebe1599cef3d7e254db0179db2f327a52c05fb2fe390e9b60cd
1949,lh-77-1938.jpg,77-1938,jpg,114998,112.3 KB,1272,708,0.9,L,be35b67dcf7b7eb6f7a78798d31affe7,3c68bdb8ca1902c452d2e9b04f07356e2a39c7355197b222775bb40d2fa624b5
1950,lh-77-1939.jpg,77-1939,jpg,207322,202.5 KB,1386,941,1.3,L,18bcff5d2d176034ebbcd0db90f1a4a8,670ebce83eb395e44591d7f79ed2900f1d118b45f2607cf5ae56c1c2c59cf384
1951,lh-77-1940.jpg,77-1940,jpg,193287,188.8 KB,1308,864,1.13,L,94ad16fff741de38f7181b5fbb7b5f4c,b015ea63513a26d1c43297e11c9a6c187eb803dd473971b138dea426de02fa12
1952,lh-77-1941.jpg,77-1941,jpg,214361,209.3 KB,1314,864,1.14,L,29ca93da3ecf9121b9f483b43185eead,55fdc938a6d33639b2760140e30c91c65830d7c69cae044fe41169f4a90255d4
1953,lh-77-1942.jpg,77-1942,jpg,255541,249.6 KB,1313,864,1.13,L,ac041e998d5bda323d72583322813a6d,f589a0b2842158cbc9b4892b2ebfd62822533007f08f933997004e287777ea76
1954,lh-77-1943.jpg,77-1943,jpg,187430,183.0 KB,1320,876,1.16,L,de5081ff3eb503a989506f08ba7b9d0f,bd5be48ce9cbc82bc9a9abe1ceca6f0ee324e70a4a1deceb9e0db37cb7c54907
1955,lh-77-1944.jpg,77-1944,jpg,189350,184.9 KB,1308,864,1.13,L,9fd08455b2f2a1af972a116b4f4527b9,12740fe18e5a8df6a84e4a2a0335e1f96907437b3fe7f34cda099294f49239cc
1956,lh-77-1945.jpg,77-1945,jpg,168367,164.4 KB,876,1320,1.16,L,3f9f9834c02a1df16b3b0d5dc9c551cb,21d7fe9843478f06f747f89f0d6c03041c9aa73b41837848824b935da98d9964
1957,lh-77-1946.jpg,77-1946,jpg,122623,119.7 KB,864,1152,1,L,3db12138cf9c29b3f325a4b2b02ca07b,ae2810299fa828f7e276a24e563354a7aa814fa89592b29313a6729bebc80718
1958,lh-77-1947.jpg,77-1947,jpg,146057,142.6 KB,1284,864,1.11,L,3ce0873f580c5548c48de744da36ba84,e8c1287718225f2f630c20e66f7470198e60e4a91182c233ca2e3e6bc63669a0
1959,lh-77-1948.jpg,77-1948,jpg,96471,94.2 KB,1284,786,1.01,L,78759cc327446a613804f28c2fbc65f4,80ee6d438a85ae301136711159aebd1b2cdcd09d10cc2fe3cef29fc7e8b74008
1960,lh-77-1949.jpg,77-1949,jpg,104699,102.2 KB,1296,870,1.13,L,aa6428887bfcc6792b4afbd1c16030fb,1e9bea9c58300ece9ba3dbfb3c5aa7fd9494bad1cca71932e7607cb65b316cc1
1961,lh-77-1950.jpg,77-1950,jpg,90583,88.5 KB,1224,780,0.95,L,0aaf07b9c0b70474effbaf9ee58a6be6,c79f6c078e280759f564c022aa6d86b16605fe8065f6d01b73bc9c1dec1dccb3
1962,lh-77-1951.jpg,77-1951,jpg,164374,160.5 KB,1296,852,1.1,L,31abb46699f582ee16ff31609c8e025e,d5ce876ee2646680bf3cbfe5a3eea25c8bdc3a8453f0ef4d96078070f324b453
1963,lh-77-1952.jpg,77-1952,jpg,121905,119.0 KB,858,1320,1.13,L,b205f4a3e3c9c71ec5c077c944c89766,8c9a9491ce3491c90b3cacc78b02470e04faedc7753eb0adb903dd6e8a081450
1964,lh-77-1953.jpg,77-1953,jpg,124011,121.1 KB,1158,858,0.99,L,ddada375877d4d1ebda34ce9dc364ed3,bfb827538df307d3c611418035b6f0a1e8ffa98c1a4bbfd48a8df6477ad1645d
1965,lh-77-1954.jpg,77-1954,jpg,128987,126.0 KB,876,1314,1.15,L,7c243715886a8ba1d5f39a2c3bf10e68,aeaa1e8ed39e1f8ddf9ce8988f0a7d33e8d3bdab91d8160c158810cf365b0396
1966,lh-77-1955.jpg,77-1955,jpg,158565,154.8 KB,852,1319,1.12,L,955d6dfa8afc187993348ad090623c0b,c80769621d4e161a28d429a1fbe05409dc4ee17d703bb3477b68ea76557b5f20
1967,lh-77-1956.jpg,77-1956,jpg,172290,168.3 KB,858,1188,1.02,L,f60a453f288111cabf23c0f10b0d5149,558ce26baf7f5b8ddb26b7fb340b44f0c5855348fc903a1ce4edc79efa7e6906
1968,lh-77-1957.jpg,77-1957,jpg,187311,182.9 KB,852,1314,1.12,L,d3f5cb357a9320f25f61b9663145ddb6,c3513530400d6c886a8af35460eb4fc92e4f9cfa6cef9bd532af35f37bb1ed58
1969,lh-77-1958.jpg,77-1958,jpg,188208,183.8 KB,858,1284,1.1,L,a68b129edcbec33de13bb4582dac6b1a,831669250481ba35a3cfbbe53b2ba6b8abc21ac9fddbf33569db9ddc6001dd48
1970,lh-77-1959.jpg,77-1959,jpg,202743,198.0 KB,1308,864,1.13,L,9502ca7386215627b8f37ddaec131321,73dfc657c47de42d163f6081134e71272296e3d32d496601e65d4a800a67a388
1971,lh-77-1960.jpg,77-1960,jpg,188474,184.1 KB,1320,869,1.15,L,eec6270c710543f2c6095cc8b1e9b66e,cd4909dfea444397f6ef2e63a45ef6f6d865069a71f2287d36dcf90722038f4c
1972,lh-77-1961.jpg,77-1961,jpg,144764,141.4 KB,852,1314,1.12,L,416ecb74b3fc55b3f04823e2836c1bfc,5cc3409c057feccdb9daf133e4bb76360390d0ae28355eea4150428d9498ca48
1973,lh-77-1962.jpg,77-1962,jpg,153115,149.5 KB,1290,828,1.07,L,dd219c28387b7d7f11bd6d3cb62fed2e,989524c2c529dcefc60d5c9f7c1f5bd0465b68cce8968d6c12101407f1e996d8
1974,lh-77-1963.jpg,77-1963,jpg,163387,159.6 KB,1248,750,0.94,L,bba42fe0ac18056fa6db46425550fa19,31331b6b39513d6443ba6bd03d5809c0a1ddd57be2b0bcbfd11ab9e7d9ae02a9
1975,lh-77-1964.jpg,77-1964,jpg,197995,193.4 KB,936,1512,1.42,RGB,97fb6f8d0e1e892a3dff4d7fe223f7c8,4a846b27249064517245d57c51ec0b2b0196f8ff1235f17d14e9397fd48d7f39
1976,lh-77-1965.jpg,77-1965,jpg,151565,148.0 KB,864,1248,1.08,L,c347eea08995fc30e352639ce9184264,46eb02324ac5ee11df2d514c65bbcc274af493628e8fcc1d4941b24a5da37716
1977,lh-77-1966.jpg,77-1966,jpg,189485,185.0 KB,1302,894,1.16,L,ae86a4fb969654dcc4f1fbb24af7c099,96c3c701f20bc1d4dceb092037f53c3600dd5b4ae242016a354f71f42a64809b
1978,lh-77-1967.jpg,77-1967,jpg,168217,164.3 KB,864,1278,1.1,L,b9014677c97307917637dc739f5ede95,b167d9a733439b776fbb6fcc7b886c873dc55ab837f4aff358da8750d2b993bb