LH No.,Subject:,Date,Tags,Description
75-0001,Corning Glass Works Floods,1946,flood damage; office building basement; water damage; 1946 disaster; black and white photograph,"This black and white photograph shows the flooded basement of Office Building 421 at the foot of stairs during the 1946 Corning flood, with water covering the floor and displaced furniture, papers, and household items scattered throughout the damaged interior space."
75-0001,Floods,1946,flood damage; office building basement; water damage; 1946 disaster; black and white photograph,"This black and white photograph shows the flooded basement of Office Building 421 at the foot of stairs during the 1946 Corning flood, with water covering the floor and displaced furniture, papers, and household items scattered throughout the damaged interior space."
75-0002,Corning Glass Works Floods,1946,flood damage; filing cabinets; water damage; interior; black and white photograph,"This black and white photograph shows the interior of a flooded facility with multiple metal filing cabinets submerged in water and covered with papers and cloth, documenting the destruction caused by the 1946 Corning Glass Works flood."
75-0002,Floods,1946,flood damage; filing cabinets; water damage; interior; black and white photograph,"This black and white photograph shows the interior of a flooded facility with multiple metal filing cabinets submerged in water and covered with papers and cloth, documenting the destruction caused by the 1946 Corning Glass Works flood."
75-0003,Corning Glass Works Floods,1946,flood damage; office building basement; scattered documents; water damage; black and white photograph,"This black and white photograph shows the flooded basement of Office Building #21 in the Advertising Department at Corning Glass Works, with water-damaged papers, overturned furniture, and documents scattered throughout, captioned ""Basement of Office Bldg. #21 in Advertising Dept. Water has receded and the basement was partially pumped."""
75-0003,Floods,1946,flood damage; office building basement; scattered documents; water damage; black and white photograph,"This black and white photograph shows the flooded basement of Office Building #21 in the Advertising Department at Corning Glass Works, with water-damaged papers, overturned furniture, and documents scattered throughout, captioned ""Basement of Office Bldg. #21 in Advertising Dept. Water has receded and the basement was partially pumped."""
75-0004,Corning Glass Works Floods,1946,flooded alley; brick buildings; wooden debris; 1946 flood; black and white photograph,"A black and white photograph documenting flood damage in Corning, NY in 1946, showing a flooded alley between brick industrial buildings with scattered wooden debris and a man in period clothing observing the destruction."
75-0004,Floods,1946,flooded alley; brick buildings; wooden debris; 1946 flood; black and white photograph,"A black and white photograph documenting flood damage in Corning, NY in 1946, showing a flooded alley between brick industrial buildings with scattered wooden debris and a man in period clothing observing the destruction."
75-0005,Corning Glass Works Floods,1946,flooded street; 1940s automobiles; brick industrial buildings; flood waters; black and white photograph,"This black and white photograph documents the 1946 Corning Glass Works flood, showing two 1940s-era automobiles partially submerged in flood waters on a street surrounded by brick industrial buildings characteristic of the Corning, NY manufacturing district."
75-0005,Floods,1946,flooded street; 1940s automobiles; brick industrial buildings; flood waters; black and white photograph,"This black and white photograph documents the 1946 Corning Glass Works flood, showing two 1940s-era automobiles partially submerged in flood waters on a street surrounded by brick industrial buildings characteristic of the Corning, NY manufacturing district."
75-0006,Baron Steuben Hotel,1946,,
75-0006,Corning Glass Works Floods,1946,,
75-0006,Floods,1946,,
75-0007,Corning Glass Works Floods,1946,flood damage; office building interior; water damage; 1946; black and white photograph,"A man in a dark coat and fedora surveys the interior of Office Building No. 21 at Corning Glass Works after water from the 1946 flood receded from the Advertising Department, showing damaged file cabinets, scattered papers, and debris throughout the workspace."
75-0007,Floods,1946,flood damage; office building interior; water damage; 1946; black and white photograph,"A man in a dark coat and fedora surveys the interior of Office Building No. 21 at Corning Glass Works after water from the 1946 flood receded from the Advertising Department, showing damaged file cabinets, scattered papers, and debris throughout the workspace."
75-0008,Corning Glass Works Floods,1946,flooded street; brick industrial building; 1940s automobiles; flood damage; black and white photograph,"A black and white photograph showing a flooded street in Corning, NY during the 1946 flood, with a large brick industrial building (likely related to Corning Glass Works) partially submerged in water, several people wading through the flood, and a 1940s-era car visible on the left side of the image."
75-0008,Floods,1946,flooded street; brick industrial building; 1940s automobiles; flood damage; black and white photograph,"A black and white photograph showing a flooded street in Corning, NY during the 1946 flood, with a large brick industrial building (likely related to Corning Glass Works) partially submerged in water, several people wading through the flood, and a 1940s-era car visible on the left side of the image."
75-0009,Floods,1935,flooded house; structural damage; new york state flood; july 1935; black and white photograph,"A residential house is partially submerged and tilted at an angle in floodwaters during the July 8, 1935 New York State flood, with debris and trees visible in the background, captioned as ""A very common sight in New York State Flood—Flood July 8, 1935."""
75-0010,Floods,1935,flooded landscape; rural road; forest; 1935 flood; black and white photograph,"This photograph documents the flooding along the Corning and Painted Post Road on July 8, 1935, showing a submerged rural landscape with trees, vegetation, and a fence partially underwater, with forested hills visible in the background."
75-0011,"Corning, New York",1935,residential street; victorian house; 1935; corning new york; black and white photograph,"A 1935 black and white photograph of a Victorian-era residential street in Corning, New York, showing a white wooden house with a distinctive turret and wraparound porch, lattice fencing, mature trees, and a street sign reading ""LEE"" visible in the foreground."
75-0012,Floods,1935,flooded street; residential neighborhood; wooden houses; 1935 flood; black and white photograph,"This photograph documents the flooding on High Street in Painted Post, New York on July 8, 1935, showing residential wooden structures partially submerged in floodwaters with trees visible in the background."
75-0013,Floods,1935,flooded street; residential buildings; utility poles; 1935 flood; black and white photograph,"This black and white photograph documents the July 8th flood at Painted Post, New York, showing residential and commercial buildings partially submerged in floodwater, with utility poles and railroad tracks visible in the foreground."
75-0014,Corning Glass Works Floods,1946,flooded interior; wooden chairs; water damage; 1946 flood; black and white photograph,"A black and white photograph showing the interior of a flood-damaged building in Corning, NY from 1946, with water-stained walls, overturned wooden chairs, and debris scattered across the floor, documenting the destruction caused by the Corning Glass Works flood."
75-0014,Floods,1946,flooded interior; wooden chairs; water damage; 1946 flood; black and white photograph,"A black and white photograph showing the interior of a flood-damaged building in Corning, NY from 1946, with water-stained walls, overturned wooden chairs, and debris scattered across the floor, documenting the destruction caused by the Corning Glass Works flood."
75-0016,John Burg,1918,,
75-0021,Robert Austin,1918,portrait photograph; man; 1918; black and white; formal attire,"A formal black and white portrait photograph from 1918 showing Robert Austin, a man wearing a suit with a bow tie and white collar, photographed in profile against a dark background."
75-0022,Thomas J. Cunningham,1918,portrait photograph; man; 1918; formal attire; black and white photograph,"A formal black and white portrait photograph from 1918 showing Thomas J. Cunningham, a man wearing a suit jacket, white dress shirt, and patterned tie, photographed against a plain background."
75-0029,John H. Douherty,1918,portrait photograph; man; eyeglasses; formal attire; 1918,"A black and white portrait photograph from 1918 of John H. Dougherty, a man wearing oval-framed eyeglasses, a suit jacket, and a striped tie, shown from the shoulders up against a plain background."
75-0037,"""Four Minute Men""",1918,portrait photograph; world war i; four minute men; corning; 1918; black and white,"A black and white portrait photograph from 1918 showing a man in formal attire with the header text ""CORNING'S PART in the WORLD WAR 1918,"" documenting a Four Minute Men speaker from Corning, NY during World War I."
75-0039,Lynn A. Frence,1918,portrait photograph; man; 1918; black and white; formal headshot,"A formal black and white portrait photograph from 1918 showing Lynn A. Frence, a man wearing a collared shirt with a button visible, photographed in profile against a plain background."
75-0041,James P. Conny,1918,portrait photograph; man; sailor uniform; 1918; black and white photograph,"A black and white portrait photograph from 1918 showing James P. Conny, a young man wearing a naval sailor's uniform with visible striped collar detail."
75-0043,Albert J. Barrett,1918,world war i soldier; military uniform; rifle with bayonet; portrait; black and white photograph,"A 1918 portrait photograph of Albert J. Barrett in World War I military uniform holding a rifle with bayonet attachment, posed against a wooden wall backdrop with decorative stars."
75-0047,Cora Everson,1918,portrait photograph; woman; eyeglasses; 1918; black and white,"A black and white portrait photograph from 1918 showing Cora Everson, a woman wearing round eyeglasses and light-colored clothing, from the Corning, NY local history archive (ID: 75-0047)."
75-0052,Ernest T. Brooks,1918,military uniform; world war i; portrait photograph; soldier; black and white photograph,A 1918 black and white portrait photograph of Ernest T. Brooks wearing a World War I military uniform and campaign hat with a star insignia visible in the upper left corner.
75-0055,Cora Everson,1918,portrait collage; black and white photograph; 1918; numbered figures; illustrated scenes,"A 1918 composite photograph from the Corning local history archive featuring multiple numbered portraits and illustrations, including headshots of individuals labeled with numbers (5, 8) and a star-shaped vignette, along with sketched scenes depicting period activities, presented as a documentary or archival collage."
75-0056,Isabel Walker Drake Family Photo,c.1900,rural landscape; baseball field; early 1900s; black and white photograph; archival image,"A circa 1900 black and white photograph showing a baseball game in progress on a rural field with trees lining the horizon, with archival reference number 83 visible on the mount."
75-0057,Isabel Walker Drake Family Photo,c. 1900,family portrait; early 1900s; women; garden gate; church steeple; black and white photograph,"A black and white photograph from circa 1900 showing two women standing at a garden gate with a church steeple visible in the background, identified as the Isabel Walker Drake Family Photo from the Corning, NY local history archive."
75-0058,Isabel Walker Drake Family Photo,c. 1900,,
75-0059,Isabel Walker Drake Family Photo,c. 1900,horse-drawn carriage; ivy-covered house; turn-of-century; residential property; black and white photograph,"A circa 1900 photograph showing a person riding in a horse-drawn carriage on the grounds of the Isabel Walker Drake family residence in Corning, NY, with the house heavily draped in climbing ivy visible in the background."
75-0060,Corning Free Academy,1954,corning free academy; basketball team; 1954; team portrait; black and white photograph,"A 1954 black and white team photograph of the Corning Free Academy basketball team posed in front of a brick building, showing players wearing uniforms with ""C"" letters and two adult coaches or staff members in suits."
75-0061,Mrs. John Bong,1918,,
75-0061,Mrs. Harold Carr,1918,,
75-0063,Fifth War Loan Drive,,,
75-0064,"Alley's Inn, Seneca Lake",1918,alley's inn; corning chamber of commerce; 1918 booster trip; large group gathering; historic building with band,"A 1918 photograph showing the Corning Chamber of Commerce booster trip gathered in front of Alley's Inn near Seneca Lake, with a large crowd of men in suits and hats posing with the Corning Band and their instruments, with a banner visible at the top reading ""Corning's Part in the World War 1918."""
75-0065,Baseball,1928,baseball team; corning free academy; 1928; black and white photograph; brick building,"A 1928 baseball team from Corning Free Academy poses for a formal group portrait in front of a brick building with decorative architectural details, with players in uniforms and a coach or administrator in a suit."
75-0065,Corning Free Academy,1928,baseball team; corning free academy; 1928; black and white photograph; brick building,"A 1928 baseball team from Corning Free Academy poses for a formal group portrait in front of a brick building with decorative architectural details, with players in uniforms and a coach or administrator in a suit."
75-0066,"Northside, Corning, New York",,bird's-eye view; northside corning; residential neighborhood; high school; black and white photograph,"A bird's-eye view of the North Side of Corning, New York showing W. Pultney Street and the New North Side High School, with residential buildings, trees, and surrounding hills visible in this historical black and white photograph."
75-0067,"Centerway Square, Corning, N.Y. ",1916,centerway square; clocktower; corning new york; 1916; black and white photograph,"This 1916 black and white photograph shows Centerway Square in Corning, New York, featuring a prominent stone clocktower with a pointed spire and visible clock face, surrounded by brick commercial buildings, utility poles with power lines, and industrial smokestacks in the background."
75-0067,"Clocktower, Corning, N.Y. ",1916,centerway square; clocktower; corning new york; 1916; black and white photograph,"This 1916 black and white photograph shows Centerway Square in Corning, New York, featuring a prominent stone clocktower with a pointed spire and visible clock face, surrounded by brick commercial buildings, utility poles with power lines, and industrial smokestacks in the background."
75-0068,"Erie Railroad, Corning, N.Y. ",,,
75-0075,"Centerway Square, Corning, N.Y. ",1920s,,
75-0075,"Clocktower, Corning, N.Y. ",1920s,,
75-0076,Class Pictures ,1904,,
75-0076,Corning Free Academy,1924,,
75-0079,"Brewer Place, Caton, N.Y. ",1923,mobile home; 1920s; rural dwelling; woman in doorway; black and white photograph,"A 1923 black and white photograph showing a woman standing in the doorway of a mobile house trailer at Brewer Place in Caton, New York, with various household items and containers visible outside the structure."
75-0079,"Caton, N.Y.",1923,mobile home; 1920s; rural dwelling; woman in doorway; black and white photograph,"A 1923 black and white photograph showing a woman standing in the doorway of a mobile house trailer at Brewer Place in Caton, New York, with various household items and containers visible outside the structure."
75-0079,Cora Everling,1923,mobile home; 1920s; rural dwelling; woman in doorway; black and white photograph,"A 1923 black and white photograph showing a woman standing in the doorway of a mobile house trailer at Brewer Place in Caton, New York, with various household items and containers visible outside the structure."
75-0083,Covered Bridges,1880,covered bridge; wooden structure; rural landscape; bare trees; black and white photograph,"A black and white photograph from 1880 showing a covered bridge structure with wooden siding spanning across a rocky streambed, surrounded by bare trees and rural terrain in what appears to be the Corning, New York area."
75-0084,"Caton, N.Y., Schools",1925,schoolhouse; white wooden building; caton ny; 1925; black and white photograph,"A white wooden schoolhouse in Caton, New York, photographed in 1925, featuring multiple windows along its side, a front entrance with steps, and a chimney, surrounded by grass and trees."
75-0085,"Caton, N.Y., Schools",1956,rural schoolhouse; caton ny; 1950s architecture; black and white photograph; wooden building,"A black and white photograph from 1956 showing a small wooden schoolhouse in Caton, New York, with a front porch, multiple windows, and outbuildings, situated in a rural landscape with bare trees and stone walls."
75-0086,"Caton, N.Y., Schools",1971,wooden schoolhouse; caton ny; rural education; 1971; black and white photograph,"A wooden schoolhouse in Caton, New York, photographed in 1971, showing a single-story structure with a peaked roof, wooden siding, and overgrown vegetation in the foreground, with additional outbuildings visible to the right."
75-0087,"Caton, N.Y., Schools",1971,schoolhouse; caton ny; 1971; black and white photograph; rural building,"A small wooden schoolhouse in Caton, New York, photographed in 1971, showing a white-painted structure with multiple windows, a front porch, and a pitched roof surrounded by tall trees."
75-0088,"Caton, N.Y., Schools",1971,schoolhouse; caton ny; wooden building; rural architecture; black and white photograph,"A 1971 black and white photograph of a small wooden schoolhouse in Caton, New York, featuring a single-room structure with a pyramidal roof, front entrance, and large window, surrounded by overgrown vegetation and trees."
75-0089,"Caton, N.Y., Schools",1971,schoolhouse; caton ny; white wooden building; rural architecture; black and white photograph,"A 1971 black and white photograph of a small white wooden schoolhouse in Caton, New York, featuring a front porch, pitched roof with chimney, and three windows, surrounded by bare trees and a rural road."
75-0090,"Caton, N.Y., Schools",1971,schoolhouse; caton ny; wooden building; 1971; black and white photograph,"A one-room wooden schoolhouse in Caton, New York, photographed in 1971, featuring white clapboard siding, a pyramidal roof with chimney, front entrance with covered porch, large multi-pane windows, and surrounded by overgrown grass and mature trees."
75-0091,"Caton, N.Y., Schools",1971,wooden schoolhouse; caton ny; rural education; 1971; black and white photograph,"A one-room wooden schoolhouse in Caton, New York, photographed in 1971, featuring white clapboard siding, two large windows, a front porch, and surrounded by overgrown vegetation and trees."
75-0092,"Caton, N.Y., Schools",1971,caton school building; white wooden structure; rural schoolhouse; 1971; black and white photograph,"A black and white photograph from 1971 showing a small white wooden schoolhouse in Caton, N.Y., with a gabled roof, multiple windows, front entrance with steps, and an attached addition, surrounded by trees and dirt grounds."
75-0093,"Caton, N.Y., Schools",1971,schoolhouse; caton ny; wooden building; rural architecture; black and white photograph,"A small wooden schoolhouse in Caton, New York, photographed in 1971, featuring white clapboard siding, a front porch with railings, tall windows, and surrounded by overgrown vegetation and trees."
75-0094,"Caton, N.Y., Schools",1971,schoolhouse; caton ny; rural building; white wood siding; black and white photograph,"A one-room schoolhouse with white wooden siding, a cupola, and chimney stands in a rural field in Caton, New York, photographed in 1971 for the Corning local history archive."
75-0095,Isabel Walker Drake Family Photo,c. 1900,family portrait; early 1900s; child; white picket fence; bare trees,"A young child from the Isabel Walker Drake family stands on a wooden deck beside a white picket fence wearing a plaid dress and large bonnet with white ribbons, photographed circa 1900 in Corning, NY."
75-0096,Isabel Walker Drake Family Photo,c. 1900,portrait; turn-of-the-century; bare trees; residential buildings; oval vignette photograph,"A circa 1900 portrait photograph of a man in dark clothing standing beneath bare trees with residential buildings and a hillside visible in the background, presented in an oval vignette format typical of the era."
75-0097,Isabel Walker Drake Family Photo,c. 1900,,
75-0099,Isabel Walker Drake Family Photo,c. 1900,rural homestead; dirt road; lake landscape; early 1900s photograph; handwritten caption,"A circa 1900 photograph showing a rural homestead at Bluff Point, Keuka Lake, North Dakota, with a dirt road leading past several houses and outbuildings surrounded by vegetation, with the lake and forested hills visible in the background, and handwritten text identifying the location and referencing the Isabel Walker Drake family."
75-0100,Blacksmithing,,,
75-0101,"Caton, N.Y.",1960,,
75-0102,Blacksmithing,1973,blacksmith shop; caton new york; winter snow; wooden building; rural structure,"A snow-covered blacksmith shop building in Caton, New York, photographed in winter 1973, showing a wooden structure with multiple windows, a peaked roof, and evergreen trees in the foreground behind a wooden fence."
75-0102,"Caton, N.Y.",1973,blacksmith shop; caton new york; winter snow; wooden building; rural structure,"A snow-covered blacksmith shop building in Caton, New York, photographed in winter 1973, showing a wooden structure with multiple windows, a peaked roof, and evergreen trees in the foreground behind a wooden fence."
75-0104,"Caton, N.Y.",1970,white church building; bare trees; winter snow; rural road; black and white photograph,"A white wooden church with a steeple in Caton, New York, photographed in winter 1970, showing the building's Gothic-style windows and front entrance along a snowy rural road, framed by a large bare tree in the foreground."
75-0105,"Caton, N.Y.",1973,aerial photograph; rural settlement; caton ny; 1973; black and white photograph,"An aerial view of Caton, New York from 1973 showing a rural hamlet with scattered houses, farm fields, roads, and forested areas in a black and white photograph."
75-0112,Floods,1972,flooded landscape; white church; submerged fields; 1972 flood; black and white photograph,"A black and white photograph documenting the 1972 flood in Corning, NY, showing a white church partially surrounded by floodwaters with submerged farmland, fencing, and trees in the background."
75-0114,"Denison Park, Corning, N.Y. ",1909,,
75-0115,"Addison, N.Y.",,high school building; addison new york; bare trees; early 20th century; black and white photograph,"This historical photograph shows the High School in Addison, N.Y., a large Victorian-era brick building with a distinctive tower and cupola, surrounded by bare trees and an open campus with several figures visible on the grounds, published by G. R. Waterman."
75-0117,Civil War,1863,civil war medal; battle of chickamauga; commemorative medal; military decoration; black and white photograph,"A Civil War commemorative medal depicting the Battle of Chickamauga with an ornate silver clasp and striped ribbon, dedicated to the September 19-20, 1863 battle."
75-0118,Civil War,1860s,utensil; fork and spoon; metal; artifact; vintage cutlery,"A photograph of a combined fork and spoon utensil with a dark metal handle featuring rivets and a light-colored bowl and prongs, appearing to be a historical artifact from the Civil War era."
75-0119,Civil War,1860s,civil war artifact; bayonet; military weapon; metal blade; black and white photograph,"A close-up photograph of a Civil War-era bayonet with a metal blade and dark handle, displayed against a light background."
75-0122,Civil War,1862,civil war discharge document; military certificate; handwritten text; 1862; official government document,"An official Civil War-era discharge document dated January 8, 1862, from Benton Barracks certifying the discharge of Private William McWilliams from Captain's Company, 1st Regiment of Pennsylvania Infantry, due to a special order by Major General Henry W. Halleck, with physical description and signature of commanding officer."
75-0123,Civil War,1860,civil war era envelope; general winfield scott; patriotic imagery; handwritten address; 1859 postmark,"An 1859 patriotic envelope featuring a portrait of General Winfield Scott with an eagle and American flags, addressed in handwriting to Flemingsburg, Ohio, with text describing Scott as ""Brave in the Field, Wise in Council, a true Patriot, Loyal to the Constitution and the Union."""
75-0126,Civil War,1863,,
75-0128,Isabel Walker Drake Family Photo,c. 1900,winter scene; snow; woman with child; residential neighborhood; black and white photograph,"A woman identified as part of the Isabel Walker Drake family holds a young child in a snowy yard circa 1900, with bare trees, a picket fence, and Victorian-era houses visible in the background in Corning, NY."
75-0129,Isabel Walker Drake Family Photo,c. 1900,victorian house; woman with bicycle; front porch; circa 1900; black and white photograph,"A woman in early 1900s dress stands with a bicycle in front of a Victorian-era house featuring a wraparound porch with decorative railings and ornamental trim in Corning, NY, as part of the Isabel Walker Drake Family Photo collection."
75-0130,Isabel Walker Drake Family Photo,c. 1900,rural farm; family group; early 1900s; agricultural setting; black and white photograph,"A circa 1900 photograph of the Isabel Walker Drake family posed outdoors on a rural farm property in Corning, NY, showing multiple family members near a two-story house with outbuildings and cultivated fields visible in the background."
75-0131,Balloonists,1900,hot air balloon; early aviation; outdoor gathering; riverside landscape; black and white photograph,"A large hot air balloon is tethered in a field near a river in Corning, NY around 1900, with spectators gathered to observe the aircraft, hills visible in the background, and period buildings along the riverbank."
75-0132,Isabel Walker Drake Family Photo,c. 1900,rural landscape; woman with dog; early 1900s; bare trees; utility poles; black and white photograph,"A woman in dark clothing stands with a white dog on a rural dirt road lined with bare trees and utility poles, with farm buildings visible in the background, circa 1900."
75-0133,Isabel Walker Drake Family Photo,c. 1900,family portrait; winter scene; horse; victorian house; black and white photograph,"The Isabel Walker Drake family is photographed circa 1900 standing with a horse in front of a Victorian-era house in snowy conditions, with bare trees visible along a residential street in Corning, NY."
75-0134,Isabel Walker Drake Family Photo,c. 1900,,
75-0135,Isabel Walker Drake Family Photo,c. 1900,family gathering; early 1900s; outdoor event; period clothing; black and white photograph,"A turn-of-the-century outdoor gathering of the Isabel Walker Drake family and others in a rural setting, with women in long skirts and men in suits standing along a dirt road near tents and hillside landscape."
75-0136,Isabel Walker Drake Family Photo,c. 1900,ice skating; frozen river; family group; winter recreation; early 1900s photograph,"A black and white photograph from circa 1900 showing the Isabel Walker Drake family ice skating on a frozen river or pond, with bare winter landscape and hills visible in the background."
75-0137,Isabel Walker Drake Family Photo,c. 1900,frozen river; winter recreation; early 1900s; family gathering; black and white photograph,"A woman from the Isabel Walker Drake family sits on a frozen river or pond circa 1900, with several other people visible in the background on the ice near bare winter trees and hillsides in what appears to be the Corning, NY area."
75-0138,Isabel Walker Drake Family Photo,c. 1900,,
75-0139,Isabel Walker Drake Family Photo,c. 1900,horse-drawn carriage; residential street; victorian houses; bare trees; black and white photograph,"A circa 1900 photograph showing the Isabel Walker Drake family with a horse-drawn carriage on a residential street lined with Victorian-era houses in Corning, NY, with bare trees and unpaved roads visible."
75-0140,Isabel Walker Drake Family Photo,c. 1900,two women; early 1900s fashion; metal bridge; rural landscape; black and white photograph,"A circular black and white photograph from circa 1900 showing two women in period dress and elaborate hats standing at a wooden railing overlooking a rural valley with a metal truss bridge visible in the distance, identified as the Isabel Walker Drake Family Photo from the Corning, NY local history archive."
75-0141,Isabel Walker Drake Family Photo,c. 1900,early automobile; racing car; spectators; early 1900s; black and white photograph,"A composite photograph showing an early racing automobile with a driver at the top, and two scenes below depicting groups of spectators in period dress (circa 1900) gathered to observe the vehicle, documenting the Isabel Walker Drake family's connection to early automotive history in Corning, NY."
75-0142,Isabel Walker Drake Family Photo,c. 1900,interior domestic space; woman; early 1900s; black and white photograph; period furniture,"A black and white photograph from circa 1900 showing a woman identified as part of the Isabel Walker Drake family standing in an interior room with period furniture, decorative wall panels, and framed artwork visible in the background."
75-0143,Isabel Walker Drake Family Photo,c. 1900,women's baseball team; early 1900s; uniforms; group portrait; black and white photograph,"A circa 1900 women's baseball team poses for a formal group photograph wearing uniforms marked with ""CBB"" or similar lettering, with a small dog and basketball visible in the front row, likely representing the Isabel Walker Drake family or associated Corning, NY organization."
75-0144,Isabel Walker Drake Family Photo,c. 1900,,
75-0145,Isabel Walker Drake Family Photo,c. 1900,family portrait; winter landscape; early 1900s; children; snow; bare trees; rural setting; black and white photograph,A black and white photograph from circa 1900 showing the Isabel Walker Drake family—four children dressed in winter coats standing outdoors in a snowy landscape with bare trees and a distant hillside vista visible in the background.
75-0146,Isabel Walker Drake Family Photo,c. 1900,,
75-0147,Isabel Walker Drake Family Photo,c. 1900,winter scene; snow; sledding; bare trees; black and white photograph; early 1900s; residential street,"A winter scene from circa 1900 showing a person on a sled in a snowy street lined with bare trees and residential buildings, part of the Isabel Walker Drake Family Photo collection from Corning, NY."
75-0148,Isabel Walker Drake Family Photo,c. 1900,horse-drawn carriage; turn-of-the-century; residential property; black and white photograph; circular vignette,"A circa 1900 black and white photograph showing a horse and carriage in front of a residential property with large trees, featuring a circular vignette framing typical of the era, related to the Isabel Walker Drake family of Corning, NY."
75-0149,Isabel Walker Drake Family Photo,c. 1900,interior room; china cabinet; decorative objects; wallpaper; early 1900s; black and white photograph,"This circa 1900 black and white photograph shows an interior room from the Isabel Walker Drake Family home in Corning, NY, featuring a large glass-fronted china cabinet displaying porcelain and ceramic pieces, framed artwork on floral wallpapered walls, and period furniture including a chair and decorative objects arranged on shelves and surfaces."
75-0150,Isabel Walker Drake Family Photo,c. 1900,family photograph; early 1900s; black and white; multiple images; outdoor scenes,"A composite archival photograph showing the Isabel Walker Drake Family with multiple circular and rectangular vignettes depicting a woman in Edwardian dress on a porch, people gathered at a riverside or waterfront location, and various outdoor scenes from circa 1900."
75-0151,Isabel Walker Drake Family Photo,c. 1900,,
75-0152,Isabel Walker Drake Family Photo,c. 1900,,
75-0153,Isabel Walker Drake Family Photo,c. 1900,family portrait; early 1900s; victorian clothing; residential street; black and white photograph,"A circa 1900 photograph showing two women in Victorian-era dress standing on a residential street in Corning, NY, with period homes and fencing visible in the background, identified as members of the Isabel Walker Drake family."
75-0154,Isabel Walker Drake Family Photo,c. 1900,outdoor gathering; baseball game; rural landscape; early 1900s; black and white photograph,"A circa 1900 black and white photograph showing people playing baseball in an open field with forested hills in the background, likely depicting a recreational activity of the Isabel Walker Drake family in the Corning, NY area."
75-0155,Isabel Walker Drake Family Photo,c. 1900,woman seated; large tree; historic house; early 1900s; black and white photograph,"A woman identified as part of the Isabel Walker Drake family sits on a log beneath a large bare tree in the yard of a Victorian-era house in Corning, NY, circa 1900."
75-0156,Isabel Walker Drake Family Photo,c. 1900,family portrait; woman with baby carriage; early 1900s; residential street; bare trees,"A woman identified as part of the Isabel Walker Drake family stands with a baby carriage on a wooden porch or boardwalk, with bare trees and residential houses visible in the background in this circa 1900 photograph from Corning, NY."
75-0157,Isabel Walker Drake Family Photo,c. 1900,baseball game; early 1900s; rural landscape; black and white photograph; wooden fence,"A baseball game in progress circa 1900 showing players in period uniforms on a field with wooden fencing, hills, and scattered buildings visible in the background, likely documenting a recreational activity of the Isabel Walker Drake family era in Corning, NY."
75-0158,Isabel Walker Drake Family Photo,c. 1900,family property; bare trees; horse-drawn carriage; white picket fence; early 1900s photograph,"A black and white photograph from circa 1900 showing the Isabel Walker Drake family property in Corning, NY, featuring a residential scene with bare deciduous trees, a white picket fence in the foreground, period buildings, and a horse-drawn carriage on the grounds."
75-0159,Isabel Walker Drake Family Photo,c. 1900,family photograph; early 1900s; residential buildings; bare trees; black and white photograph,"A composite archival photograph from circa 1900 showing multiple scenes of the Isabel Walker Drake family in Corning, NY, including outdoor domestic scenes with family members near residential buildings and bare winter trees, with handwritten notations visible on the print margins."
75-0161,Isabel Walker Drake Family Photo,c. 1900,horse-drawn carriage; residential property; turn-of-century; circular vignette; black and white photograph,"A circa 1900 black and white photograph showing a horse-drawn carriage in front of a residential property with large shade trees, captured in a circular vignette format typical of the era."
75-0162,Isabel Walker Drake Family Photo,c. 1900,,
75-0163,Isabel Walker Drake Family Photo,c. 1900,family group; early 1900s; black and white photograph; children; adults; outdoor setting,"A black and white photograph from circa 1900 showing the Isabel Walker Drake family with multiple adults and children gathered outdoors near what appears to be a building or structure, with handwritten archival notation visible on the left margin."
75-0164,Isabel Walker Drake Family Photo,c. 1900,family group; residential street; early 1900s; wooden houses; black and white photograph,"A circa 1900 photograph showing members of the Isabel Walker Drake family standing in a residential street lined with wooden houses and utility poles in Corning, NY."
75-0165,Isabel Walker Drake Family Photo,c. 1900,,
75-0166,Isabel Walker Drake Family Photo,c. 1900,family photograph; horse-drawn carriage; early 1900s; rural landscape; black and white photograph,"A black and white photograph from circa 1900 showing the Isabel Walker Drake family with a horse-drawn carriage in a rural setting with bare trees, mountains in the background, and a picket fence in the foreground."
75-0167,Isabel Walker Drake Family Photo,c. 1900,family gathering; early 1900s clothing; parasols; street scene; black and white photograph,"A circa 1900 photograph of the Isabel Walker Drake family and associates gathered on a street, with several adults holding parasols and umbrellas, wearing period formal attire typical of the turn-of-the-century era."
75-0168,Isabel Walker Drake Family Photo,c. 1900,family portrait; early 1900s; women and child; park setting; black and white photograph,"A circa 1900 photograph of the Isabel Walker Drake family showing three women and a child posed in a tree-lined park or garden setting, with handwritten archival notations visible on the photograph margins."
75-0169,Isabel Walker Drake Family Photo,c. 1900,steam locomotive; railroad bridge; industrial landscape; river reflection; early 1900s photograph,"A black and white photograph from circa 1900 showing a steam locomotive crossing a metal railroad bridge over a river, with industrial buildings and smokestacks visible in the background landscape of what appears to be Corning, NY."
75-0170,Isabel Walker Drake Family Photo,c. 1900,horse-drawn carriage; family group; early 1900s; urban street; black and white photograph,"A circa 1900 photograph of the Isabel Walker Drake family seated in a horse-drawn carriage on an urban street with multi-story buildings visible in the background, captured in a circular vignette format typical of the era."
75-0171,Isabel Walker Drake Family Photo,c. 1900,waterfront; steamboat; early 1900s; black and white photograph; circular vignette,"A black and white photograph showing a steamboat on a body of water viewed through a circular vignette, with a figure visible on the left shore and forested hills in the background, circa 1900."
75-0172,Isabel Walker Drake Family Photo,c. 1900,family portrait; outdoor landscape; early 1900s; black and white photograph; rural setting,"A black and white photograph from circa 1900 showing members of the Isabel Walker Drake family standing in a rural landscape with logs and water, with hills visible in the background."
75-0173,Balloonists,1900,,
75-0173,Isabel Walker Drake Family Photo,c. 1900,,
75-0174,Isabel Walker Drake Family Photo,c. 1900,baseball game; early 1900s; outdoor sports; black and white photograph; rural landscape,"A circa 1900 baseball game in progress showing players on a field with hills and scattered buildings visible in the background, likely documenting a recreational sporting event from the Isabel Walker Drake family's era in Corning, New York."
75-0175,Isabel Walker Drake Family Photo,c. 1900,family portrait; early bicycle; outdoor garden; turn-of-century clothing; black and white photograph,"A circa 1900 photograph of the Isabel Walker Drake family showing three people posed outdoors among garden vegetation with an early bicycle, wearing period clothing typical of the turn-of-the-century era."
75-0176,Isabel Walker Drake Family Photo,c. 1900,woman in dress; tree-lined road; early automobile; rural landscape; circular vignette photograph,"A circular vignette photograph from circa 1900 showing a woman in a long white dress standing on a tree-lined dirt road with an early automobile visible in the distance, identified as the Isabel Walker Drake Family Photo from the Corning, NY local history archive."
75-0177,Isabel Walker Drake Family Photo,c. 1900,family portrait; edwardian fashion; women; outdoor setting; black and white photograph,"A black and white photograph from circa 1900 showing two women of the Isabel Walker Drake family posed outdoors, wearing white blouses with elaborate hats decorated with feathers and flowers, typical of Edwardian-era fashion."
75-0178,Isabel Walker Drake Family Photo,c. 1900,baseball game; outdoor sports; early 1900s; rural landscape; black and white photograph,"A circa 1900 black and white photograph showing a baseball game in progress on an open field with multiple players and spectators visible, with trees lining the distant horizon and the image framed in a circular vignette format."
75-0179,Isabel Walker Drake Family Photo,c. 1900,,
75-0179,Isabel Walker Drake Family Photo,c.1900,,
75-0180,Isabel Walker Drake Family Photo,c. 1900,stereoscopic card; winter scene; snow; early 1900s; women in period dress,"A stereoscopic card showing two women in dark winter coats and hats standing in a snowy street lined with bare trees and utility poles, circa 1900, with a partial view of the Isabel Walker Drake family visible at the top of the photograph."
75-0181,Isabel Walker Drake Family Photo,c. 1900,woman; lakeside; early 1900s; black and white photograph; outdoor portrait,"A woman in early 1900s attire with a dark jacket and hat stands on a rocky beach beside a large tree, with sailboats visible on the water behind her in this circular-framed photograph from the Isabel Walker Drake Family collection."
75-0182,Isabel Walker Drake Family Photo,c. 1900,horse-drawn wagon; clock tower; early 1900s; black and white photograph; architectural buildings,"A circa 1900 photograph showing a horse-drawn wagon with passengers in front of a stone clock tower and classical buildings in Corning, NY, documenting the Isabel Walker Drake family."
75-0183,Isabel Walker Drake Family Photo,c. 1900,victorian mansion; cedar rapids; black and white photograph; circa 1903; historic architecture,"A black and white photograph of a grand Victorian-era mansion in Cedar Rapids dated April 28, 1903, showing a multi-story house with distinctive turrets, towers, and ornate architectural details, surrounded by bare trees and a fence in a rural landscape."
75-0184,Isabel Walker Drake Family Photo,c. 1900,family group portrait; turn-of-the-century clothing; outdoor setting; sepia photograph; Isabel Walker Drake,"A circa 1900 photograph of the Isabel Walker Drake family showing six people in period dress seated outdoors against a stone wall with ivy and trees, with handwritten archival notations visible on the photograph margins."
75-0185,Isabel Walker Drake Family Photo,c. 1900,parade; horse-drawn carriages; flags; early 1900s; black and white photograph,"A circular-framed black and white photograph from circa 1900 showing a street parade or procession with horse-drawn carriages, flags, and formally dressed spectators and participants gathered along a street in what appears to be Corning, NY, related to the Isabel Walker Drake family."
75-0186,Isabel Walker Drake Family Photo,c. 1900,winter scene; snow; person walking; bare trees; black and white photograph; early 1900s; circular vignette,"A circular vignette photograph from circa 1900 showing a person in dark clothing walking through a snowy street in Corning, NY, with bare trees, utility poles, and buildings visible in the background, with handwritten notation on the lower right."
75-0187,Isabel Walker Drake Family Photo,c. 1900,family portrait; baby carriage; edwardian era; women; outdoor photograph; black and white,A circa 1900 photograph of the Isabel Walker Drake family showing four women in dark Edwardian clothing and elaborate feathered hats posed outdoors with an ornate baby carriage on a bare winter landscape.
75-0188,Isabel Walker Drake Family Photo,c. 1900,portrait photograph; military uniform; campaign hat; early 1900s; black and white photograph,"A formal portrait photograph from circa 1900 showing a young man in military dress uniform wearing a distinctive campaign hat, identified as part of the Isabel Walker Drake Family Photo collection from Corning, NY."
75-0189,Construction,,street construction; horse-drawn equipment; early 1900s; bare trees; crowd of workers,"This black and white photograph from circa 1900 shows a street construction scene in Corning, NY with workers and spectators gathered around a horse-drawn scraper or grading equipment on a tree-lined street, likely documenting infrastructure development during the early industrial period."
75-0189,Coopers,,street construction; horse-drawn equipment; early 1900s; bare trees; crowd of workers,"This black and white photograph from circa 1900 shows a street construction scene in Corning, NY with workers and spectators gathered around a horse-drawn scraper or grading equipment on a tree-lined street, likely documenting infrastructure development during the early industrial period."
75-0189,Isabel Walker Drake Family Photo,c. 1900,street construction; horse-drawn equipment; early 1900s; bare trees; crowd of workers,"This black and white photograph from circa 1900 shows a street construction scene in Corning, NY with workers and spectators gathered around a horse-drawn scraper or grading equipment on a tree-lined street, likely documenting infrastructure development during the early industrial period."
75-0190,Isabel Walker Drake Family Photo,c. 1900,aerial view; rural property; early 1900s; houses; forested landscape; black and white photograph,"An aerial view of the Isabel Walker Drake family property circa 1900, showing multiple residential structures nestled among dense forest and trees in a rural Corning, NY setting."
75-0191,Isabel Walker Drake Family Photo,c. 1900,corning ny; early 1900s; brick building; hardware store; downtown street,"A black and white photograph from 1901 showing a two-story brick commercial building in Corning, NY with ""Hardware"" signage visible on the facade, featuring ornate architectural details and storefronts on the ground level."
75-0191,Ferguson's Drug STore,1901,corning ny; early 1900s; brick building; hardware store; downtown street,"A black and white photograph from 1901 showing a two-story brick commercial building in Corning, NY with ""Hardware"" signage visible on the facade, featuring ornate architectural details and storefronts on the ground level."
75-0192,Alcott Ron & Co.,1889,flood damage; industrial buildings; 1889; corning ny; black and white photograph,"This 1889 black and white photograph shows flood-damaged industrial and residential buildings in Corning, NY, with debris-strewn ground, railroad tracks in the foreground, and hills visible in the background, documenting the aftermath of flooding that affected the Alcott Ron & Co. and Drake family properties."
75-0192,Isabel Walker Drake Family Photo,c. 1900,flood damage; industrial buildings; 1889; corning ny; black and white photograph,"This 1889 black and white photograph shows flood-damaged industrial and residential buildings in Corning, NY, with debris-strewn ground, railroad tracks in the foreground, and hills visible in the background, documenting the aftermath of flooding that affected the Alcott Ron & Co. and Drake family properties."
75-0192,Floods,1889,flood damage; industrial buildings; 1889; corning ny; black and white photograph,"This 1889 black and white photograph shows flood-damaged industrial and residential buildings in Corning, NY, with debris-strewn ground, railroad tracks in the foreground, and hills visible in the background, documenting the aftermath of flooding that affected the Alcott Ron & Co. and Drake family properties."
75-0193,Isabel Walker Drake Family Photo,c. 1900,,
75-0193,"Fire Department, Corning, N.Y. ",1936,,
75-0194,Corning Homes,1975,victorian house; wood siding; residential architecture; corning ny; black and white photograph; 1975,"A two-story Victorian-style residential home with wood siding, multiple windows, and distinctive peaked rooflines, photographed in 1975 with period automobiles parked in front, representing the Isabel Walker Drake Family home in Corning, New York."
75-0194,Isabel Walker Drake Family Photo,c. 1900,victorian house; wood siding; residential architecture; corning ny; black and white photograph; 1975,"A two-story Victorian-style residential home with wood siding, multiple windows, and distinctive peaked rooflines, photographed in 1975 with period automobiles parked in front, representing the Isabel Walker Drake Family home in Corning, New York."
75-0195,Corning Homes,1907,victorian house; wooden siding; wraparound porch; turn-of-century architecture; black and white photograph,"A black and white photograph from circa 1900 showing the Isabel Walker Drake family home in Corning, NY, a two-story Victorian-style wooden house with distinctive curved turret, wraparound porch with railings, and large surrounding trees."
75-0195,Isabel Walker Drake Family Photo,c. 1900,victorian house; wooden siding; wraparound porch; turn-of-century architecture; black and white photograph,"A black and white photograph from circa 1900 showing the Isabel Walker Drake family home in Corning, NY, a two-story Victorian-style wooden house with distinctive curved turret, wraparound porch with railings, and large surrounding trees."
75-0196,Corning Homes,1935,victorian house; wood siding; front porch; black and white photograph; corning ny residential architecture,"A black and white photograph of a Victorian-era residential home in Corning, NY, featuring wood siding, a front gable with circular window, wraparound porch with railings, and multiple chimneys, dated circa 1900 and associated with the Isabel Walker Drake family."
75-0196,Isabel Walker Drake Family Photo,c. 1900,victorian house; wood siding; front porch; black and white photograph; corning ny residential architecture,"A black and white photograph of a Victorian-era residential home in Corning, NY, featuring wood siding, a front gable with circular window, wraparound porch with railings, and multiple chimneys, dated circa 1900 and associated with the Isabel Walker Drake family."
75-0197,"Delaware, Lackawanna and Western Railroad Trainwreck, Gibson, N.Y. ",1912,railroad wreck; train disaster; early 1900s; wreckage debris; black and white photograph,"A black and white photograph documenting the Delaware, Lackawanna and Western Railroad trainwreck near Gibson, N.Y., circa 1900, showing severely damaged and overturned train cars with debris scattered in the foreground and onlookers gathered at the disaster scene."
75-0197,Isabel Walker Drake Family Photo,c. 1900,railroad wreck; train disaster; early 1900s; wreckage debris; black and white photograph,"A black and white photograph documenting the Delaware, Lackawanna and Western Railroad trainwreck near Gibson, N.Y., circa 1900, showing severely damaged and overturned train cars with debris scattered in the foreground and onlookers gathered at the disaster scene."
75-0198,"Delaware, Lackawanna and Western Railroad Trainwreck, Gibson, N.Y. ",1912,,
75-0198,Isabel Walker Drake Family Photo,c. 1900,,
75-0199,Isabel Walker Drake Family Photo,c. 1900,decorative architectural detail; flowering vines; black and white photograph; early 1900s; ornamental molding,"A close-up black and white photograph showing ornamental architectural trim with repeating floral motifs alongside climbing flowering vines, circa 1900, from the Isabel Walker Drake Family collection."
75-0200,"City Incinerator, Corning, N.Y.",1947,city incinerator; industrial infrastructure; 1947; corning new york; black and white photograph,"A black and white photograph from 1947 showing the Corning, New York city incinerator facility with metal fencing, industrial structures, bare trees, residential buildings in the background, and utility poles, documenting mid-20th century municipal waste management infrastructure."
75-0201,Isabel Walker Drake Family Photo,c. 1900,family group; rural landscape; wooden fence; early 1900s; black and white photograph,"A black and white photograph from circa 1900 showing members of the Isabel Walker Drake family standing on a rural path with wooden fencing, rolling hills, and farm buildings visible in the background."
75-0202,Isabel Walker Drake Family Photo,c. 1900,woman; winter; snow; victorian era clothing; residential street,"A woman from the Isabel Walker Drake family stands in snow-covered ground wearing a long dark coat and hat, photographed circa 1900 in front of a two-story residential building with bare trees visible in the background."
75-0203,Isabel Walker Drake Family Photo,c. 1900,woman; winter; snow; early 1900s; rural landscape,"A woman from the Isabel Walker Drake family stands in a snowy landscape wearing early 1900s attire including a dark coat and elaborate hat, with a rural house and bare trees visible in the background."
75-0204,Isabel Walker Drake Family Photo,c. 1900,portrait; woman; stone building; early 1900s; black and white photograph,"A woman identified as part of the Isabel Walker Drake Family stands in front of a stone building wearing a dark coat and white hat, circa 1900."
75-0205,Isabel Walker Drake Family Photo,c. 1900,family portrait; children; white clothing; stone steps; early 1900s; black and white photograph,"A black and white photograph from circa 1900 showing the Isabel Walker Drake family with two young children in white dresses and bonnets seated on stone steps outside a brick building, with another figure visible in the background."
75-0206,"Corning, New York",1914,child; baby carriage; residential street; leafy tree; black and white photograph,"A black and white photograph from 1914 showing a young child in a wicker baby carriage on a residential street in Corning, New York, with large leafy trees and period houses visible in the background."
75-0207,Isabel Walker Drake Family Photo,c.1900,tower; winter; snow; bare trees; black and white photograph,"A black and white photograph showing a tall cylindrical tower with a conical roof surrounded by snow-covered bare branches and vegetation, circa 1900."
75-0214,Martin Beiswanger,1918,portrait photograph; military uniform; world war i era; black and white; men,"A black and white portrait photograph from 1918 showing Martin Beiswanger in military uniform with visible insignia and another soldier partially visible in the background, documenting a World War I-era serviceman from the Corning, NY area."
75-0220,Henry G. Flaity,1918,portrait; naval uniform; sailor; aeronautic station; black and white photograph,"A 1918 black and white portrait photograph of Henry G. Flaity wearing a U.S. Navy sailor uniform with a headband reading ""AERONAUTIC STATION"" and an eagle insignia visible on his chest."
75-0223,Corning Free Academy,1928,corning free academy; sports team; 1928; brick building; black and white photograph,"A 1928 team photograph of the Corning Free Academy showing approximately 20 male students and faculty members wearing uniforms with the letter ""C"" posed in front of a brick building with large wooden doors."
75-0225,Class Pictures ,1923,class picture; corning free academy; 1923; formal group portrait; black and white photograph,"A formal 1923 class photograph of Corning Free Academy students arranged in three rows outdoors with trees in the background, featuring young women in white dresses holding bouquets in the front rows and young men in suits in the back row."
75-0225,Corning Free Academy,1923,class picture; corning free academy; 1923; formal group portrait; black and white photograph,"A formal 1923 class photograph of Corning Free Academy students arranged in three rows outdoors with trees in the background, featuring young women in white dresses holding bouquets in the front rows and young men in suits in the back row."
75-0226,"Erie Railroad, Corning, N.Y. ",1911,erie depot; steam locomotive; corning new york; railroad station; early 1900s,"A black and white photograph labeled ""Erie Depot, Corning, New York"" shows a steam locomotive stationed at the Erie Railroad depot with passengers gathered on the platform, brick depot buildings, utility poles, and railroad tracks in the foreground, circa 1911."
75-0229,"First Street, Corning, N.Y. ",1913,tree-lined street; first street corning; early 1900s; residential buildings; black and white photograph,"A black and white photograph labeled ""First St. East from Pine St. Corning, N.Y."" shows a tree-canopied residential street with Victorian-era houses visible on both sides, taken in 1913."
75-0230,Chemung River ,1911,chemung river; corning ny; industrial waterfront; steel bridge; early 1900s,"A black and white photograph labeled ""Chemung River Scene, CORNING, N.Y."" shows an industrial riverside landscape from 1911 featuring a steel truss bridge, factory buildings with smokestacks, and residential structures along the riverbank beneath rolling hills."
75-0231,"Northside, Corning, New York",1911,northside corning; elevated view; early 1900s buildings; residential neighborhood; black and white photograph,"A 1911 black and white photograph showing an elevated view of the Northside neighborhood in Corning, New York, with residential and institutional buildings scattered among bare trees and vegetation across a hillside landscape."
75-0233,"First Street, Corning, N.Y. ",1908,first street; corning new york; tree-lined street; early 1900s; black and white photograph,"A black and white photograph from 1908 showing First Street east from Pine Street in Corning, N.Y., depicting a tree-canopied residential street with brick buildings on both sides and a horse-drawn carriage visible in the distance."
75-0235,"Erie Railroad Depot, Painted Post, N.Y. ",1916,erie railroad depot; painted post new york; railroad station; early 20th century; black and white photograph,"This 1916 black and white photograph shows the Erie Railroad Station in Painted Post, New York, a single-story brick building with a sloped roof and multiple windows, with railroad tracks visible in the foreground and several men standing on the platform outside the station."
75-0237,Corning Glass Works Equipment & Machinery,,corning glass works; industrial machinery; factory equipment; mid-20th century; black and white photograph,A worker in light-colored clothing inspects or maintains a large industrial engine or compressor unit mounted on a wheeled platform at the Corning Glass Works facility.
75-0238,"Corning, New York",1915,state road; white fence; tree-lined road; rural landscape; black and white photograph,"A 1915 photograph labeled ""State Road near Corning, N.Y."" showing a paved road with white wooden railings on both sides, flanked by mature trees and vegetation in a rural setting."
75-0239,Mrs. Bebout,1946,telephone switchboard; corning glass works; 1946; woman operator; black and white photograph,"Mrs. Bebout operates a Corning Glass Works telephone switchboard in 1946, wearing headphones and seated at a large panel with numerous connection ports and a rotary dial telephone visible on her desk."
75-0239,Corning Glass Works Telephone Switch Board,1946,telephone switchboard; corning glass works; 1946; woman operator; black and white photograph,"Mrs. Bebout operates a Corning Glass Works telephone switchboard in 1946, wearing headphones and seated at a large panel with numerous connection ports and a rotary dial telephone visible on her desk."
75-0240,Corning Glass Works Equipment & Machinery,,corning glass works; industrial machinery; factory equipment; black and white photograph; mid-20th century,"This black and white photograph shows industrial glassmaking equipment at the Corning Glass Works facility, featuring various mechanical apparatus including motors, pipes, and processing equipment typical of mid-20th century glass manufacturing operations."
75-0242,"Denison Park, Corning, N.Y. ",1910,denison park; arched bridge; pond; landscaped grounds; early 1900s photograph,"This 1910 photograph shows Denison Park in Corning, New York, featuring a curved arched bridge spanning a pond with manicured landscaping, mature trees, and a monument or obelisk visible on the left side of the park grounds."
75-0243,"Couthouse Park, Corning, New York",1911,courthouse park; corning new york; park bench; tree-lined path; black and white photograph,"A black and white photograph from 1911 showing a winding path through Courthouse Park in Corning, New York, with a wooden bench positioned along the gravel walkway, bordered by mature trees and landscaped grounds."
75-0244,"Couthouse Park, Corning, New York",1917,,
75-0246,"City Hall, Corning, N.Y. ",1909,corning city hall; fire department; victorian architecture; brick building; 1909 photograph,"This 1909 black and white photograph shows the Corning, New York City Hall and Fire Department building, a distinctive Victorian-era structure featuring multiple turrets with pointed spires, arched windows, and stone foundation, located at a street corner in downtown Corning."
75-0246,"Fire Department, Corning, N.Y. ",1909,corning city hall; fire department; victorian architecture; brick building; 1909 photograph,"This 1909 black and white photograph shows the Corning, New York City Hall and Fire Department building, a distinctive Victorian-era structure featuring multiple turrets with pointed spires, arched windows, and stone foundation, located at a street corner in downtown Corning."
75-0247,Corning Free Academy,1970,corning free academy; brick building; clock tower; architectural detail; black and white photograph,"This black and white photograph shows the front facade of the Corning Free Academy building, featuring a prominent brick clock tower with a clock face, arched windows, and ornamental architectural details, with the building name visible at the base."
75-0248,"Centerway Square, Corning, N.Y. ",1926,,
75-0248,"Clocktower, Corning, N.Y. ",1926,,
75-0249,Corning Free Academy,1960s,corning free academy; students; 1960s; black and white photograph; school event,"A black and white photograph from the 1960s showing Corning Free Academy students gathered together at what appears to be a school event or assembly, with partial text visible at the top of the image."
75-0252,"City Club, Corning, N.Y. ",1909,ivy-covered building; architectural facade; early 1900s; corning new york; black and white photograph,"A black and white photograph from 1909 showing the City Club building in Corning, NY, a substantial structure heavily covered in ivy with white railings and steps at its entrance, surrounded by mature trees."
75-0256,First Congregational Church,1912,first congregational church; corning ny; 1912; church architecture; black and white photograph,"This 1912 photograph shows the First Congregational Church in Corning, New York, featuring a prominent tall steeple, Gothic-style windows, and adjacent residential buildings, with bare trees and a wooden fence visible in the foreground."
75-0257,"Episcopal Church, Corning, N.Y.",1915,episcopal church; corning new york; stone architecture; gothic revival; early 1900s photograph,"This black and white photograph shows the Episcopal and Methodist Church in Corning, N.Y., a Gothic Revival stone structure with a prominent tower, arched windows, and decorative architectural details, photographed circa 1915 with bare trees and neighboring buildings visible in the background."
75-0258,First Congregational Church,1912,first congregational church; corning new york; brick church building; bare trees; early 1900s architecture,"This 1912 black and white photograph shows the First Congregational Church in Corning, New York, a brick Gothic Revival structure with a tall tower, featuring bare trees in front and a wooden fence, with handwritten notation at the bottom identifying the building and location."
75-0260,"Episcopal Church, Corning, N.Y.",1910,episcopal church; corning new york; gothic architecture; stone buildings; early 1900s photograph,"A black and white photograph from 1910 showing the Episcopal Church in Corning, N.Y., a Gothic Revival stone structure with a distinctive spire and pointed arch windows, alongside the Methodist Church visible on the right, with bare trees and a white picket fence in the foreground."
75-0264,Corning Leader Typists,1930,corning leader newspaper; typists; office workers; typewriters; 1930s workplace,"A black and white photograph from 1930 showing multiple female typists working at typewriters in the Corning Leader newspaper office, with rows of desks and workers focused on their typing tasks in a bright, industrial workspace."
75-0266,Floods,1972,flood damage; residential structure; debris; 1972 flood; black and white photograph,"A white single-story residential building is shown damaged and displaced by flood debris, with wooden beams and wreckage scattered in front of it, documenting the destruction from the 1972 Corning, NY flood."
75-0267,Floods,1972,flooded street; corning glass center; jones pontiac; damaged automobiles; 1972 flood,"A black and white photograph documenting the 1972 flood in Corning, NY, showing a flooded commercial area with a Corning Glass Center directional sign, submerged vehicles near Jones Pontiac Co., and utility poles amid rising floodwaters."
75-0268,Corning Glass Works Floods,1972,corning glass works; flood damage; industrial building; debris; black and white photograph,"This black and white photograph shows the aftermath of flooding at the Corning Glass Works facility, with Corning-branded industrial containers or equipment positioned against a brick building surrounded by flood debris and sediment scattered across the ground."
75-0268,Floods,1972,corning glass works; flood damage; industrial building; debris; black and white photograph,"This black and white photograph shows the aftermath of flooding at the Corning Glass Works facility, with Corning-branded industrial containers or equipment positioned against a brick building surrounded by flood debris and sediment scattered across the ground."
75-0270,Albert Agett,1918,portrait photograph; man; profile view; 1918; black and white,"A black and white portrait photograph from 1918 showing Albert Agett in profile view, featuring a decorative oval mat border typical of early 20th-century portraiture."
75-0273,Haddon Buckland,1918,portrait photograph; black and white; man; 1918; oval frame,"A black and white portrait photograph from 1918 showing Haddon Buckland in an oval-framed composition, depicting a man in profile view wearing formal attire typical of the early 20th century."
75-0276,Walter B. Bronson,1918,portrait; military uniform; world war i era; soldier; black and white photograph,"A black and white portrait photograph from 1918 showing Walter B. Bronson in World War I military uniform, wearing a campaign hat and standing outdoors with foliage visible in the background."
75-0278,James Bunn,1918,portrait photograph; military uniform; world war i era; cowboy hat; black and white photograph,A 1918 portrait photograph of James Bunn wearing a World War I military uniform with a wide-brimmed cowboy hat and military insignia at the neck.
75-0279,Eben Thompson Breed,1918,portrait photograph; world war i; military uniform; sailor; 1918; black and white,"A 1918 black and white portrait photograph showing two young men identified as Eben Thompson Breed and Paul Thompson Breed, with one wearing a naval sailor uniform, under a banner reading ""Corning's Part in the World War 1918."""
75-0279,Paul Thompson Breed,1918,portrait photograph; world war i; military uniform; sailor; 1918; black and white,"A 1918 black and white portrait photograph showing two young men identified as Eben Thompson Breed and Paul Thompson Breed, with one wearing a naval sailor uniform, under a banner reading ""Corning's Part in the World War 1918."""
75-0280,Earl E. Burley,1918,portrait photograph; naval uniform; sailor; world war i era; black and white photograph,"A black and white portrait photograph from 1918 showing Earl E. Burley in U.S. Navy uniform with a distinctive wide-brimmed hat, looking upward in a contemplative pose."
75-0283,H. C. DeWolf,1918,portrait photograph; man; profile view; 1918; black and white photograph,"A black and white portrait photograph from 1918 showing H. C. DeWolf in profile view, wearing formal attire with a white collar and dark jacket, framed in a circular vignette with decorative rope border elements."
75-0284,E. V. Foster,1918,portrait photograph; man; 1918; black and white; formal headshot,"A formal black and white portrait photograph of E. V. Foster from 1918, showing a man in profile wearing a suit and tie, framed in a circular vignette with decorative rope border elements."
75-0286,Earl E. Burley,1918,portrait photograph; sailor uniform; military; 1918; black and white,"A black and white portrait photograph from 1918 showing Earl E. Burley in U.S. Navy sailor uniform with a distinctive wide-brimmed hat, presented in an oval vignette format typical of early 20th-century military portraits."
75-0290,Leo Glen Brown,1918,military uniform; world war i; portrait photograph; soldiers; black and white photograph,"A 1918 composite photograph showing two men identified as Leo Glen Brown and Donald Tracy Craver, with the left image depicting a full-length military portrait against a measurement scale and the right image showing a close-up headshot portrait, both in military uniforms from the World War I era."
75-0290,Donald Tracy Craver,1918,military uniform; world war i; portrait photograph; soldiers; black and white photograph,"A 1918 composite photograph showing two men identified as Leo Glen Brown and Donald Tracy Craver, with the left image depicting a full-length military portrait against a measurement scale and the right image showing a close-up headshot portrait, both in military uniforms from the World War I era."
75-0291,M. W. Bishop,1918,world war i; military personnel; soldiers; 1918; black and white photograph,"A 1918 black and white photograph showing two men identified as M. W. Bishop and Elmer Brumm in military uniforms and caps, with the left figure holding a rifle against a wooden building with horizontal siding."
75-0291,Elmer Brumm,1918,world war i; military personnel; soldiers; 1918; black and white photograph,"A 1918 black and white photograph showing two men identified as M. W. Bishop and Elmer Brumm in military uniforms and caps, with the left figure holding a rifle against a wooden building with horizontal siding."
75-0292,Guy W. Cheney,1918,portrait photograph; man; formal attire; 1918; black and white,"A formal black and white portrait photograph from 1918 showing Guy W. Cheney, a man in a suit and tie, presented in an oval vignette frame typical of early 20th-century portraiture."
75-0294,Benjamin Brown,1918,military uniforms; world war i; soldiers; portrait photographs; black and white photograph,"Two side-by-side portrait photographs from 1918 showing soldiers in World War I military uniforms and campaign hats, identified as Benjamin Brown in the Corning, NY local history archive."
75-0295,"""Four Minute Men""",1918,portrait photograph; four minute men; world war i; 1918; black and white,"A formal black and white portrait photograph from 1918 showing a man in a suit and tie, framed in a circular mat with decorative stars and ornamental borders, likely depicting a Four Minute Men speaker from Corning, NY during the World War I era."
75-0298,J. J. Dineen,1918,portrait photograph; man; 1918; black and white; formal headshot,"A formal black and white portrait photograph from 1918 showing J. J. Dineen, a man wearing a dark suit and white dress shirt, photographed from the shoulders up against a plain background."
75-0301,Fred C. Cameron,1918,portrait photograph; man with glasses; formal attire; black and white; 1918,"A formal black and white portrait photograph of Fred C. Cameron from 1918, showing a middle-aged man wearing glasses, a suit jacket, and bow tie, photographed in profile against a dark background."
75-0305,Percy Clark,1918,portrait photograph; world war i; 1918; corning new york; black and white,"A black and white portrait photograph from 1918 titled ""Corning's Part in the World War"" featuring Percy Clark, a man in military uniform shown in an oval frame with decorative border elements."
75-0307,Ambrose Farrell,1918,military uniform; world war i; portrait; soldier; black and white photograph,"A 1918 black and white photograph of Ambrose Farrell in World War I military uniform standing outdoors against a brick wall, identified in the Corning, NY local history archive as ID 75-0307."
75-0313,Gerald Fleming,1918,military uniform; sailor; world war i; portrait photograph; black and white,"A 1918 portrait photograph of Gerald Fleming in U.S. Navy sailor uniform, captioned ""Corning in the World War,"" documenting a Corning, NY resident's service during World War I."
75-0314,Michael E. Cahill,1918,portrait photograph; man; eyeglasses; cap; 1918; black and white,"A black and white portrait photograph from 1918 showing Michael E. Cahill wearing eyeglasses, a flat cap, and a dark overcoat with a white collar visible underneath."
75-0317,N. J. Allen,1918,two sailors; naval uniforms; brick building; world war i era; black and white photograph,"A 1918 black and white photograph showing two men in U.S. Navy sailor uniforms standing against a brick building, identified as N. J. Allen and Edward W. Fitzpatrick from the Corning, NY local history archive."
75-0317,Edward W. Fitzpatrick,1918,two sailors; naval uniforms; brick building; world war i era; black and white photograph,"A 1918 black and white photograph showing two men in U.S. Navy sailor uniforms standing against a brick building, identified as N. J. Allen and Edward W. Fitzpatrick from the Corning, NY local history archive."
75-0320,George Baker,1918,portrait photograph; military uniforms; two men; 1918; black and white,"A black and white portrait photograph from 1918 showing two men in military uniforms, identified as George Baker and Fred Flashphaler, wearing wide-brimmed campaign hats typical of World War I era soldiers."
75-0320,Fred Flashphaler,1918,portrait photograph; military uniforms; two men; 1918; black and white,"A black and white portrait photograph from 1918 showing two men in military uniforms, identified as George Baker and Fred Flashphaler, wearing wide-brimmed campaign hats typical of World War I era soldiers."
75-0321,Floods,1972,flooded industrial area; 1972 flood damage; corning ny; black and white photograph; utility poles,"A black and white photograph showing a flooded industrial or commercial area in Corning, NY during the 1972 flood, with partially submerged buildings, utility poles, and forested hills visible in the background."
75-0322,Floods,1972,,
75-0323,Floods,1972,flood damage; corrugated metal panels; collapsed structure; brick building; black and white photograph,"This 1972 photograph documents severe structural damage to a Corning, NY building, with large corrugated metal panels torn away and collapsed, revealing the interior framework and adjacent brick structures in the background."
75-0324,Floods,1972,,
75-0326,Civil War,1863,civil war commission; military document; 1863; governor proclamation; handwritten signature,"An official commission document from David Tod, Governor of the State of Ohio, dated 1863, appointing Samuel Boydman as a First Lieutenant in the United States Cavalry for a six-month term, signed by Governor Tod and countersigned by the Adjutant General's Office in Columbus, Ohio."
75-0327,Civil War,1863,civil war era flag; american flag; historical document; framed display; black and white photograph,"A framed display featuring a Civil War-era American flag with a circular arrangement of stars alongside a document from David Tod, Governor of the State of Ohio, photographed in black and white."
75-0329,Floods,1972,flooded landscape; submerged buildings; utility poles; aerial view; black and white photograph,"An aerial black and white photograph documenting the 1972 flood in Corning, NY, showing completely submerged residential structures, utility poles, and trees partially underwater across an expansive flooded area."
75-0330,Floods,1901,flooded street; wooden buildings; bare trees; early 1900s; black and white photograph,"A black and white photograph from 1901 showing a flooded street in Corning, NY with wooden commercial buildings partially submerged in water, bare trees lining the street, and reflections visible in the floodwaters."
75-0331,Floods,1901,flooded street; brick buildings; early 1900s; corning ny; black and white photograph,"A black and white photograph from 1901 showing flooded streets in Corning, NY with brick industrial and residential buildings partially submerged in water, utility poles visible on the right, and bare trees in the background indicating early spring flooding."
75-0332,"Corning, New York",1903,,
75-0333,Floods,1972,flood damage; residential structure; utility pole; rural area; black and white photograph,"A black and white photograph showing a white residential building with visible flood damage to its lower section, situated in a rural area with hills in the background and a utility pole nearby, documenting the impact of the 1972 Corning flood."
75-0334,Floods,1972,flood cleanup; mud and debris; brick buildings; community response; black and white photograph,"This 1972 photograph documents flood cleanup efforts in Corning, NY, showing multiple workers clearing mud and debris from a downtown street lined with brick buildings, with visible flood damage and sediment covering the ground."
75-0335,Corning Glass Works Floods,1972,flooded debris; industrial damage; 1972 flood; black and white photograph; corning glass works,"A black and white photograph showing flood debris and damaged industrial materials, likely from the 1972 Corning Glass Works flood in Corning, NY, with various white debris fragments and a dark circular opening visible against a textured background."
75-0336,Floods,1972,flood damage; bridge street service; corning ny; 1972 flood; black and white photograph,"This black and white photograph documents flood damage in Corning, NY from 1972, showing the devastated Bridge Street Service building surrounded by debris and flood wreckage, with two people standing amid the destruction and hills visible in the background."
75-0337,Floods,1972,flood damage; debris and logs; residential area; 1972 disaster; black and white photograph,"This 1972 photograph documents the aftermath of flooding in Corning, NY, showing a residential street strewn with logs, debris, and flood-deposited materials, with damaged buildings and utility poles visible in the background."
75-0340,"Erie Railroad Depot, Painted Post, N.Y. ",1893,railroad depot; erie railroad; painted post; 1890s; wooden structure,"This 1893 black and white photograph shows the Erie Railroad Depot in Painted Post, New York, featuring a wooden station building with a tower structure alongside railroad tracks, utility poles, and surrounding landscape."
75-0341,Chemung River ,1889,,
75-0341,Denison's Warehouse,1889,,
75-0341,Floods,1889,,
75-0344,Fires,1896,fire destruction; corning ny; 1896; industrial ruins; black and white photograph,"This 1896 photograph documents the aftermath of a major fire in Corning, New York, showing extensive ruins and debris scattered across the industrial area with intact buildings visible in the background and surrounding hills."
75-0344,Fires,1896,fire destruction; corning ny; 1896; industrial ruins; black and white photograph,"This 1896 photograph documents the aftermath of a major fire in Corning, New York, showing extensive ruins and debris scattered across the industrial area with intact buildings visible in the background and surrounding hills."
75-0346,Fires,1896,,
75-0346,Fires,1896,,
75-0347,Baseball,1928,baseball team; corning free academy; 1928; black and white photograph; team portrait,"A 1928 baseball team portrait from Corning Free Academy showing approximately 20 young male athletes wearing uniforms with a ""C"" logo, arranged in three rows with coaches or staff members in suits on either side."
75-0347,Corning Free Academy,1928,baseball team; corning free academy; 1928; black and white photograph; team portrait,"A 1928 baseball team portrait from Corning Free Academy showing approximately 20 young male athletes wearing uniforms with a ""C"" logo, arranged in three rows with coaches or staff members in suits on either side."
75-0348,Baseball,1910,baseball team; corning free academy; 1910; black and white photograph; group portrait,"A formal black and white team photograph from 1910 showing the Corning Free Academy (CFA) baseball team with nine young male athletes in athletic uniforms and three men in suits, with a sign reading ""CFA 09-10"" visible in the center."
75-0348,Corning Free Academy,1910,baseball team; corning free academy; 1910; black and white photograph; group portrait,"A formal black and white team photograph from 1910 showing the Corning Free Academy (CFA) baseball team with nine young male athletes in athletic uniforms and three men in suits, with a sign reading ""CFA 09-10"" visible in the center."
75-0349,Corning Free Academy,1842,corning academy; 1842 advertisement; educational institution; historical document; printed broadside,"An 1842 printed advertisement for Corning Academy in Corning, New York, announcing the winter term beginning December 5th with tuition rates, course offerings, and leadership under Principal E. H. Cornell and Preceptress Amanda F. Robinson, signed by H. Bostwick, President of the Board of Trustees, and H. H. Hull, Secretary, dated November 24, 1842."
75-0352,Baseball,1926,,
75-0352,Corning Free Academy,1926,,
75-0353,Baseball,1904,,
75-0353,Corning Free Academy,1904,,
75-0355,Class Pictures ,1916,class picture; corning free academy; 1916; students; black and white photograph,"A 1916 class photograph from Corning Free Academy showing approximately 24 students arranged in three rows at desks, with most wearing formal attire typical of the era."
75-0355,Corning Free Academy,1916,class picture; corning free academy; 1916; students; black and white photograph,"A 1916 class photograph from Corning Free Academy showing approximately 24 students arranged in three rows at desks, with most wearing formal attire typical of the era."
75-0359,Airplanes,1956,clock tower; downtown corning; historic architecture; black and white photograph; 1950s street scene,"A black and white photograph from 1956 showing Corning, NY's distinctive clock tower with stone construction and spire, surrounded by Victorian-era buildings, industrial smokestacks, and utility lines in the downtown area."
75-0360,Corning Fibre Box Corp.,1956,aerial view; industrial factory; corrugated cardboard manufacturing; 1950s; black and white photograph,"An aerial photograph from 1956 showing the Corning Fibre Box Corporation facility in Corning, New York, a corrugated fiber board shipping box and packing materials manufacturer that had been a Corning institution for over 30 years, with multiple industrial buildings, parked vehicles, and railroad tracks visible at the factory and general offices location."
75-0361,Corning Glass Center Buildings,1906,corning glass works; industrial factory; brick buildings; smokestacks; early 1900s,"This 1906 black and white photograph shows the Corning Glass Works facility in Corning, New York, featuring multiple tall industrial smokestacks emitting smoke, brick factory buildings, and surrounding structures typical of early 20th-century glass manufacturing operations."
75-0363,Dann's Dairy,1963,dairy facility; corrugated metal barn; water tower; rural agricultural building; black and white photograph,"This 1963 black and white photograph shows Dann's Dairy in Corning, NY, featuring a large corrugated metal barn with an attached white building bearing the ""Dann's Dairy"" sign, a prominent water tower, and surrounding vegetation."
75-0364,Baron Steuben Hotel,1956,baron steuben hotel; dining room; 1950s interior; formal table setting; black and white photograph,"This 1956 black and white photograph shows an elegant dining room at the Baron Steuben Hotel in Corning, NY, featuring a long formally set table with place settings, upholstered chairs, draped window treatments, and a view of landscaped grounds through the windows."
75-0366,"Corning, New York",1956,aerial view; corning new york; river valley; industrial facilities; 1950s photograph,"An aerial photograph from 1956 showing Corning, New York with the Chemung River winding through the valley, industrial manufacturing facilities in the foreground, residential neighborhoods, and surrounding hillsides with visible smoke from industrial operations."
75-0371,"Corning, New York",1952,,
75-0372,"First Street, Corning, N.Y. ",1972,,
75-0374,"Corning, New York",1952,,
75-0386,"Caton, N.Y.",1958,winter snow; route 225 junction; bare trees; 1950s automobiles; rural village street,"A snowy winter scene in Caton, N.Y. showing a road junction with Route 225 signage, bare deciduous trees, parked vehicles from the 1950s era, and white buildings lining the street in this rural New York community."
75-0389,Floods,,,
75-0391,"Fire Department, Corning, N.Y. ",1917,fire department; corning new york; 1917; firefighters; fire trucks,"Members of the Corning, New York Fire Department pose with early motorized fire trucks and equipment in front of their brick firehouse in 1917."
75-0392,Fires,1953,fire; building; smoke; firefighting; 1950s black and white photograph,"A black and white photograph from 1953 showing firefighters on an extended ladder battling a major fire in a brick building in Corning, NY, with heavy smoke billowing from the structure and bare winter trees visible in the foreground."
75-0393,"Fire Department, Corning, N.Y. ",1936,fire department; firefighters; vintage fire truck; 1936; corning new york; brick building; uniforms; american flags,"This 1936 black and white photograph shows three uniformed Corning Fire Department firefighters standing in front of an ornate vintage fire truck equipped with a large hose reel, positioned outside a brick firehouse with ivy-covered walls and American flags visible on the vehicle."
75-0403,Isabel Walker Drake Family Photo,c. 1900,horses; farm; rural property; early 1900s; black and white photograph,"A circa 1900 photograph showing harnessed horses working on the Isabel Walker Drake family property in Corning, NY, with farm buildings and wooden fencing visible in the background."
75-0404,Isabel Walker Drake Family Photo,c. 1900,family photograph; street scene; early 1900s; circular vignette; black and white photograph,"A circular vignette photograph showing the Isabel Walker Drake family on a residential street in Corning, NY around 1900, with adults and children posed on a sidewalk lined with buildings and utility poles."
75-0405,Construction,,construction site; excavation; wooden framework; black and white photograph; industrial landscape,"A black and white photograph showing an active construction or excavation site with wooden structural supports and scattered materials in the foreground, forested hills in the background, and what appears to be a large industrial structure or pipeline visible at the top of the image."
75-0406,Floods,1972,flooded street; tree-lined road; 1972 flood; black and white photograph; corning ny,"A black and white photograph showing a tree-lined street in Corning, NY completely submerged in floodwater during the 1972 flood, with utility poles and buildings visible in the distance through the water."
75-0407,Floods,1972,flooded landscape; metal bridge structure; debris; 1972 flood; black and white photograph,"A damaged metal bridge structure partially submerged in floodwaters during the 1972 Corning, NY flood, with debris and logs scattered in the foreground and vegetation visible along the right bank."
75-0408,Floods,1972,flood damage; debris; utility poles; commercial buildings; black and white photograph,"A 1972 flood scene in Corning, NY showing debris-strewn ground, damaged utility infrastructure, residential and commercial buildings including what appears to be a ""Bridge Street Service"" establishment, and downed power lines in the aftermath of flooding."
75-0409,Floods,1972,flood damage; debris; residential structure; 1972 disaster; black and white photograph,"A black and white photograph documenting flood damage in Corning, NY from 1972, showing a small residential house surrounded by scattered logs and debris from floodwaters, with bare trees and hillside visible in the background."
75-0410,Floods,1972,flood damage; industrial facility; mud and debris; 1972 disaster; black and white photograph,"This black and white photograph documents severe flood damage to an industrial facility in Corning, NY from the 1972 flood, showing mud-covered equipment, machinery, and debris scattered throughout the factory floor with damaged infrastructure visible throughout the structure."
75-0411,Floods,1972,flood damage; debris; wooden structures; black and white photograph; 1972,"A black and white photograph documenting flood damage in Corning, NY from 1972, showing debris including wooden materials, pipes, and damaged structures scattered in an alleyway between buildings."
75-0412,Corning Glass Works Floods,1972,flood damage; interior; glass vessels; shelving; black and white photograph; 1972,"A person surveys flood damage inside what appears to be a Corning Glass Works facility in 1972, with water-damaged glass products and shelving visible throughout the interior space."
75-0412,Floods,1972,flood damage; interior; glass vessels; shelving; black and white photograph; 1972,"A person surveys flood damage inside what appears to be a Corning Glass Works facility in 1972, with water-damaged glass products and shelving visible throughout the interior space."
75-0413,Corning Glass Works Floods,1972,flood damage; industrial interior; debris; corning glass works; black and white photograph,"This black and white photograph documents the interior of a Corning Glass Works facility heavily damaged by the 1972 flood, showing mud and sediment covering the floor, overturned industrial equipment, damaged machinery, and structural debris scattered throughout the factory space."
75-0413,Floods,1972,flood damage; industrial interior; debris; corning glass works; black and white photograph,"This black and white photograph documents the interior of a Corning Glass Works facility heavily damaged by the 1972 flood, showing mud and sediment covering the floor, overturned industrial equipment, damaged machinery, and structural debris scattered throughout the factory space."
75-0414,Floods,1972,flooded residential area; 1972 flood; submerged buildings; rural landscape; color photograph,"This 1972 photograph documents flood damage in the Corning, NY area, showing a white residential house partially submerged in floodwaters with surrounding vegetation and utility poles visible in a rural setting."
75-0415,Floods,1972,flooded commercial building; 1972 flood; black and white photograph; water damage; Corning NY,"A black and white photograph showing a commercial building with ""CUSTOM"" signage on its roof surrounded by floodwaters during the 1972 Corning flood, with the structure partially submerged and debris visible in the water."
75-0416,Corning Glass Works Floods,1972,flood damage; destroyed documents; water damage; interior debris; black and white photograph,"This black and white photograph documents the aftermath of the 1972 Corning flood, showing a pile of water-damaged books, papers, and documents scattered on the floor of what appears to be an interior space, with damaged furniture and structural elements visible in the background."
75-0416,Floods,1972,flood damage; destroyed documents; water damage; interior debris; black and white photograph,"This black and white photograph documents the aftermath of the 1972 Corning flood, showing a pile of water-damaged books, papers, and documents scattered on the floor of what appears to be an interior space, with damaged furniture and structural elements visible in the background."
75-0417,Floods,1972,flooded residential area; wooden houses; 1972 flood; submerged structures; black and white photograph,"This black and white photograph documents the devastating 1972 flood in Corning, NY, showing residential wooden houses partially submerged in floodwaters, with a person visible on the roof of one structure seeking refuge from the rising water."
75-0418,Corning Glass Works Floods,1972,flood damage; interior destruction; 1972; corning glass works; black and white photograph,"This black and white photograph documents interior flood damage at what appears to be a Corning Glass Works facility in 1972, showing a destroyed office or workspace with mud-covered floors, overturned furniture, filing cabinets, and scattered debris throughout the room."
75-0418,Floods,1972,flood damage; interior destruction; 1972; corning glass works; black and white photograph,"This black and white photograph documents interior flood damage at what appears to be a Corning Glass Works facility in 1972, showing a destroyed office or workspace with mud-covered floors, overturned furniture, filing cabinets, and scattered debris throughout the room."
75-0419,Floods,1972,flooded downtown; corning ny; 1972 flood; mid-century buildings; black and white photograph,"A black and white photograph documenting the 1972 flood in Corning, New York, showing downtown buildings partially submerged in floodwaters with forested hills visible in the background."
75-0420,Floods,1972,flood damage; residential house; 1972 disaster; black and white photograph; debris,"A black and white photograph showing a residential house in Corning, NY damaged during the 1972 flood, with debris and a large pipe visible in the foreground and surrounding landscaping disturbed by floodwaters."
75-0421,Corning Glass Works Floods,1972,flood damage; industrial buildings; debris cleanup; corning glass works; black and white photograph,"This 1972 photograph documents flood damage in Corning, NY, showing debris and wreckage scattered across a downtown area in front of large brick industrial buildings, with workers and cleanup efforts visible amid the destruction from the Corning Glass Works flood."
75-0421,Floods,1972,flood damage; industrial buildings; debris cleanup; corning glass works; black and white photograph,"This 1972 photograph documents flood damage in Corning, NY, showing debris and wreckage scattered across a downtown area in front of large brick industrial buildings, with workers and cleanup efforts visible amid the destruction from the Corning Glass Works flood."
75-0422,Floods,1972,flooded buildings; 1972 flood; black and white photograph; residential area; water damage,"A black and white photograph documenting the 1972 flood in Corning, NY, showing a dark-colored residential building partially submerged in floodwater with surrounding structures and trees visible in the background."
75-0423,Floods,1972,flooded street; submerged automobile; residential neighborhood; 1972 flood; black and white photograph,"A black and white photograph documenting the 1972 flood in Corning, NY, showing a residential street completely inundated with floodwater, with a partially submerged car visible in the center and houses and utility poles surrounding the flooded area."
75-0424,Floods,1972,flooded damage; destroyed buildings; debris; 1972 flood; black and white photograph,"This black and white photograph documents the aftermath of the 1972 flood in Corning, NY, showing severely damaged and overturned structures with debris scattered across the ground and several people surveying the destruction."
75-0425,Floods,1972,flood damage; debris; bare trees; residential area; black and white photograph,"A black and white photograph documenting flood damage in Corning, NY from 1972, showing a residential area with debris scattered across a yard, bare trees, damaged structures, and a person standing among the wreckage."
75-0426,Corning Fibre Box Corp.,1972,flood damage; industrial building; broken windows; debris; 1972,"A severely damaged industrial building with shattered windows and structural destruction, surrounded by debris and wreckage from the 1972 flood that affected Corning Fibre Box Corp. in Corning, NY."
75-0426,Floods,1972,flood damage; industrial building; broken windows; debris; 1972,"A severely damaged industrial building with shattered windows and structural destruction, surrounded by debris and wreckage from the 1972 flood that affected Corning Fibre Box Corp. in Corning, NY."
75-0427,Floods,1972,flooded street; food mart sign; utility poles; 1972 flood; black and white photograph,"A black and white photograph showing a flooded commercial area in Corning, NY during the 1972 flood, with a ""Food Mart"" sign visible above the floodwaters, utility poles, and forested hills in the background."
75-0428,Floods,1972,flood relief; emergency shelter; tent; 1972 disaster; black and white photograph,"This black and white photograph shows flood victims and relief workers gathered outside emergency tent shelters during the 1972 Corning flood, with people wearing winter clothing and holding cups, likely receiving aid and refreshments at a disaster relief station."
75-0429,Floods,1972,flooded farmland; rural buildings; power lines; 1972 flood; black and white photograph,"A black and white photograph documenting the 1972 flood in Corning, NY, showing extensive flooding of rural farmland with partially submerged houses, barns, utility poles, and wooden fencing visible across the inundated landscape."
75-0430,Floods,1972,,
75-0431,Floods,1972,flood damage; tilted building; structural collapse; 1972 flood; black and white photograph,"A severely damaged white-sided building tilts at a dangerous angle with a collapsed wall section in the foreground, documenting the destruction from the 1972 flood in Corning, NY."
75-0432,Floods,1972,flooded street; gas station; 1972 flood; black and white photograph; corning ny,"A gas station with decorative evergreen trees and signage is partially submerged in floodwaters during the 1972 Corning, New York flood, with hills visible in the background."
75-0433,Corning Fibre Box Corp.,1972,flooded industrial area; submerged equipment; 1972 flood; black and white photograph; corning ny,"This black and white photograph documents the 1972 flood in Corning, NY, showing the Corning Fibre Box Corp. facility with industrial equipment and buildings partially submerged under floodwaters."
75-0433,Floods,1972,flooded industrial area; submerged equipment; 1972 flood; black and white photograph; corning ny,"This black and white photograph documents the 1972 flood in Corning, NY, showing the Corning Fibre Box Corp. facility with industrial equipment and buildings partially submerged under floodwaters."
75-0434,Floods,1972,flooded residential area; 1972 flood; submerged buildings; black and white photograph; disaster damage,"This black and white photograph documents the 1972 flood in Corning, NY, showing residential buildings partially submerged in floodwater with debris and damaged structures visible in the foreground."
75-0435,Floods,1972,flooded street; utility poles; industrial buildings; 1972 flood; black and white photograph,"A black and white photograph showing a flooded industrial or commercial area in Corning, NY during the 1972 flood, with utility poles, single and multi-story buildings partially submerged in water, and trees visible in the background."
75-0436,"Northside, Corning, New York",1972,flooded residential area; submerged houses; 1972 flood; northside corning; black and white photograph,"This black and white photograph documents the 1972 flood in Corning, New York's Northside neighborhood, showing residential houses completely submerged in floodwater with only their roofs and upper structures visible above the water line."
75-0436,Floods,1972,flooded residential area; submerged houses; 1972 flood; northside corning; black and white photograph,"This black and white photograph documents the 1972 flood in Corning, New York's Northside neighborhood, showing residential houses completely submerged in floodwater with only their roofs and upper structures visible above the water line."
75-0437,"Northside, Corning, New York",1972,flooded street; residential neighborhood; 1972 flood; black and white photograph; northside corning,"A black and white photograph documenting the 1972 flood in the Northside neighborhood of Corning, New York, showing residential houses and trees partially submerged in floodwater along a street."
75-0437,Floods,1972,flooded street; residential neighborhood; 1972 flood; black and white photograph; northside corning,"A black and white photograph documenting the 1972 flood in the Northside neighborhood of Corning, New York, showing residential houses and trees partially submerged in floodwater along a street."
75-0438,"Northside, Corning, New York",1972,flooded neighborhood; submerged automobiles; residential buildings; 1972 flood; black and white photograph,"This black and white photograph documents the devastating 1972 flood in the Northside area of Corning, New York, showing multiple residential buildings partially submerged in floodwater with numerous automobiles partially or fully underwater in the foreground."
75-0438,Floods,1972,flooded neighborhood; submerged automobiles; residential buildings; 1972 flood; black and white photograph,"This black and white photograph documents the devastating 1972 flood in the Northside area of Corning, New York, showing multiple residential buildings partially submerged in floodwater with numerous automobiles partially or fully underwater in the foreground."
75-0439,Floods,1972,flooded residential area; wooden house; utility poles; black and white photograph; 1972 flood,"A black and white photograph documenting the 1972 flood in Corning, NY, showing a wooden residential structure partially submerged in floodwaters with utility poles and surrounding trees visible in the background."
75-0440,Floods,1972,flooded residential area; white house; power lines; trees; black and white photograph,"A 1972 flood in Corning, NY showing a white residential house partially submerged in floodwaters, surrounded by trees and utility power lines, captured in black and white photography."
75-0441,Floods,1972,flood damage; residential structure; debris; black and white photograph; 1972,"This black and white photograph documents severe flood damage to a residential property at 56 Wilson Street in Corning, NY, showing a house with collapsed walls, scattered debris, and handwritten notes visible on the image indicating the property owner Francis Quattrene and damage assessment details from the 1972 flood."
75-0442,Floods,1972,flooded street; 1972 flood; corning ny; black and white photograph; disaster damage,"A black and white photograph documenting the 1972 flood in Corning, NY, showing a downtown street completely submerged in floodwater with partially submerged buildings, utility poles, and debris visible above the water line."
75-0443,Floods,1972,flood damage; debris; residential area; stop sign; black and white photograph,"A black and white photograph documenting flood damage in Corning, NY from 1972, showing destroyed buildings, scattered debris, and a stop sign amid the devastation from what appears to be the aftermath of a major flood event."
75-0444,Floods,1972,,
75-0445,Floods,1972,flooded street; stop sign; one way sign; people in water; black and white photograph,"Three people stand in floodwaters next to a STOP sign and ONE WAY directional sign during the 1972 flood in Corning, NY, documenting the severity of the inundation in the downtown area."
75-0446,Floods,1972,flooded landscape; destroyed buildings; 1972 flood damage; rural area; black and white photograph,"This black and white photograph documents the devastating aftermath of the 1972 flood in Corning, NY, showing destroyed structures and debris scattered across a flooded landscape with bare trees and hillsides visible in the background."
75-0447,Floods,1972,flooded street; jones pontiac co; damaged automobiles; 1972 flood; black and white photograph,"This black and white photograph documents flood damage at Jones Pontiac Co., Inc. in Corning, NY during the 1972 flood, showing submerged vehicles and a damaged dealership building with visible signage for ""Special Goodwill"" and ""Jones Pontiac Co., Inc."""
75-0448,Floods,1972,,
75-0449,Floods,1972,flooded street; route 328; super duper sign; commercial buildings; 1972 flood,"A black and white photograph showing a severely flooded street in Corning, NY during the 1972 flood, with a ""Super Duper"" store sign and Route 328 marker visible above the floodwaters, alongside partially submerged commercial buildings and parked vehicles."
75-0450,Floods,1972,flood damage; debris and rubble; corning ny; 1972; black and white photograph,"A black and white photograph documenting flood damage in Corning, NY from 1972, showing scattered debris, large drainage pipes, damaged buildings, and a man standing among the destruction with hills visible in the background."
75-0451,Floods,1972,residential building; black and white photograph; mid-century architecture; rural structure; 1970s,"A black and white photograph of a small residential building with horizontal siding, two front windows with white trim, and a shingled roof, surrounded by vegetation and trees, from the Corning, NY local history archive (ID: 75-0451)."
75-0452,Floods,1972,flooded house; white clapboard building; flood damage; 1972; black and white photograph,"A white clapboard house in Corning, NY is shown elevated on blocks during the 1972 flood, with debris and flood damage visible around its foundation and surrounding landscape."
75-0453,Floods,1972,flooded street; utility poles; 1972 flood; submerged vehicles; black and white photograph,"A black and white photograph documenting the 1972 flood in Corning, NY, showing a residential area with buildings and vehicles partially submerged in floodwater, with utility poles and power lines visible throughout the scene."
75-0454,Floods,1972,flood damage; destroyed buildings; 1972 disaster; corning ny; black and white photograph,"This black and white photograph documents severe structural damage to buildings in Corning, NY from the 1972 flood, showing collapsed roofs and walls with debris scattered on the ground and forested hills visible in the background."
75-0466,Corning Glass Works Floods,1972,flooded industrial facility; water damage; corning glass works; 1972 flood; black and white photograph,"This black and white photograph documents flood damage at the Corning Glass Works facility in 1972, showing water surrounding an industrial building with large windows and metal fencing, with sandbags visible as flood mitigation measures."
75-0466,Floods,1972,flooded industrial facility; water damage; corning glass works; 1972 flood; black and white photograph,"This black and white photograph documents flood damage at the Corning Glass Works facility in 1972, showing water surrounding an industrial building with large windows and metal fencing, with sandbags visible as flood mitigation measures."
75-0467,Floods,1972,flood damage; modern building; debris; corning ny; black and white photograph,"A modernist building with distinctive striped facade in Corning, NY is surrounded by flood debris and damaged materials in the foreground, documenting the aftermath of the 1972 flood."
75-0468,Floods,1972,flooded street; mcdonald's sign; utility poles; 1972 flood; black and white photograph,"A flooded commercial area in Corning, NY during the 1972 flood, showing a McDonald's restaurant sign visible on the left amid rising floodwaters that have submerged streets and utility poles."
75-0469,Floods,1972,,
75-0470,Floods,1972,flood damage; industrial machinery; debris; black and white photograph; 1972,"This black and white photograph documents severe flood damage to an industrial facility in Corning, NY, showing destroyed machinery, scattered debris, and structural damage from the 1972 flood event."
75-0471,Floods,1972,flood damage; residential structures; 1972 disaster; floodwaters; black and white photograph,"This 1972 photograph documents flood damage in Corning, NY, showing a residential house with a collapsed roof and an overturned vehicle submerged in floodwaters, illustrating the severe destruction caused by the flooding event."
75-0472,Floods,1972,flood damage; residential building; destroyed structure; black and white photograph; 1972 disaster,"A black and white photograph documenting flood damage in Corning, NY from 1972, showing a residential house with its roof partially collapsed and structural damage from floodwaters, with debris visible and trees in the background."
75-0473,Floods,1972,flooded street; brick buildings; downtown corning; flood damage; black and white photograph,"A black and white photograph documenting flood damage in downtown Corning, NY from the 1972 flood, showing multi-story brick and stone buildings with water-damaged lower levels and debris-covered streets."
75-0474,Floods,1972,flooded area; residential buildings; debris; 1972 flood damage; black and white photograph,"This black and white photograph documents flood damage in Corning, NY from 1972, showing flooded residential properties with white buildings, scattered debris, and muddy water surrounding the structures against a backdrop of forested hills."
75-0475,Floods,1972,flooded street; commercial buildings; 1972 flood; corning ny; black and white photograph,"This black and white photograph documents flooding in Corning, NY in 1972, showing commercial storefronts and buildings partially submerged in floodwater, with visible signage on the structures and trees in the background."
75-0476,Floods,1972,flooded area; debris and wreckage; railroad tracks; 1972 flood damage; black and white photograph,"This black and white photograph documents the aftermath of the 1972 flood in Corning, NY, showing a devastated landscape with displaced railroad tracks, scattered debris, damaged pipes, and destroyed structures along what appears to be a riverbed or flood zone."
75-0477,Corning Glass Works Floods,1972,flooded factory interior; industrial equipment submerged; corning glass works; 1972 flood; black and white photograph,"This black and white photograph shows the interior of a Corning Glass Works facility severely flooded in 1972, with industrial machinery and equipment partially submerged in water throughout the factory floor."
75-0477,Floods,1972,flooded factory interior; industrial equipment submerged; corning glass works; 1972 flood; black and white photograph,"This black and white photograph shows the interior of a Corning Glass Works facility severely flooded in 1972, with industrial machinery and equipment partially submerged in water throughout the factory floor."
75-0478,Floods,1972,,
75-0479,Baseball,,baseball stadium; crowded bleachers; mid-20th century; black and white photograph; forested hillside,"A black and white photograph showing a baseball stadium filled with spectators in the bleachers, with a modern press box structure visible on the roof and forested hills in the background under a cloudy sky."
75-0480,Floods,1972,flooded street; submerged automobiles; residential neighborhood; 1972 flood; black and white photograph,"This black and white photograph documents a devastating flood in Corning, NY in 1972, showing a residential street completely inundated with water, multiple automobiles partially submerged, utility poles and power lines, and houses lining both sides of the street amid the flood damage."
75-0481,Floods,1972,flooded landscape; power lines; residential buildings; 1972 flood; black and white photograph,"This black and white photograph documents the 1972 flood in Corning, NY, showing an expansive flooded area with submerged power lines, displaced industrial equipment and debris, residential structures in the background, and a utility vehicle navigating the floodwaters."
75-0482,Floods,1972,flooded street; submerged vehicles; bridge; 1972 flood; black and white photograph,"This black and white photograph documents the 1972 flood in Corning, NY, showing completely submerged automobiles and a bridge partially underwater, with trees visible in the background during the devastating flood event."
75-0483,Floods,1972,flooded street; overturned truck; residential area; 1972 flood; black and white photograph,"A large overturned truck lies submerged in floodwaters on a residential street in Corning, NY during the 1972 flood, with houses and utility poles visible in the background amid the disaster."
75-0484,Corning Glass Works Floods,1972,flooded factory; corning glass works; 1972 flood; industrial damage; black and white photograph,"This black and white photograph documents the interior of a Corning Glass Works facility severely flooded in 1972, showing a worker wading through floodwaters amid scattered industrial equipment, chairs, and debris, with large gridded windows visible in the background of the industrial building."
75-0484,Floods,1972,flooded factory; corning glass works; 1972 flood; industrial damage; black and white photograph,"This black and white photograph documents the interior of a Corning Glass Works facility severely flooded in 1972, showing a worker wading through floodwaters amid scattered industrial equipment, chairs, and debris, with large gridded windows visible in the background of the industrial building."
75-0485,Corning Glass Works Floods,1972,flood damage; industrial building; debris; 1972 flood; corning glass works,"This black and white photograph documents severe flood damage to an industrial facility at Corning Glass Works in 1972, showing a destroyed interior with scattered debris, damaged metal structures, and mud accumulation throughout the facility."
75-0485,Floods,1972,flood damage; industrial building; debris; 1972 flood; corning glass works,"This black and white photograph documents severe flood damage to an industrial facility at Corning Glass Works in 1972, showing a destroyed interior with scattered debris, damaged metal structures, and mud accumulation throughout the facility."
75-0486,Floods,1972,flood damage; residential street; 1972 disaster; debris and destruction; black and white photograph,"This black and white photograph documents flood damage in Corning, NY from 1972, showing a residential street lined with houses, uprooted trees, scattered debris, and a damaged automobile, with utility poles visible along the road and mountains in the background."
75-0490,Floods,,flooded landscape; utility poles; wooden structure; black and white photograph; rural area,"A black and white photograph showing a flooded area in Corning, NY with a small wooden structure partially submerged in water, utility poles visible in the background, and forested hills beyond, documenting flood damage in the region."
75-0491,Floods,,flooded landscape; bare trees; rural area; black and white photograph; water damage,"A black and white photograph showing an extensive flood in a rural area near Corning, NY, with bare trees partially submerged in floodwaters, utility poles visible in the distance, and hills in the background."
75-0493,"Addison, N.Y.",,historic building; brick architecture; tree-lined approach; black and white photograph; early 20th century,"A black and white photograph showing a substantial brick institutional building with Victorian-era architecture, framed by mature trees along a pathway leading to its arched entrance, located in Addison, New York."
75-0494,"Addison, N.Y.",,addison high school; neoclassical architecture; brick building; black and white photograph; mid-20th century,"A black and white photograph of Addison High School in Addison, N.Y., showing a symmetrical neoclassical brick building with a central cupola, columned portico, and flanking wings, framed by mature trees along a central driveway."
75-0495,"Addison, N.Y.",,sanitarium; addison new york; historic building; wooden structure; black and white photograph,"A black and white photograph labeled ""Sanitarium Addison, N.Y."" shows a two-story wooden building with wraparound porches and multiple windows, situated on elevated ground with bare trees and fencing visible in the winter landscape."
75-0496,"Addison, N.Y.",,railroad depot; wooden building; addison new york; black and white photograph; historic architecture,"This black and white photograph shows the B. & S. Depot in Addison, New York, a wooden railroad station building with multiple chimneys, large windows, and a covered platform area."
75-0497,"Addison, N.Y.",,brick building; city hall; american house; addison new york; black and white photograph,"A black and white photograph labeled ""American House and City Hall, Addison, N.Y."" showing a large brick building with a distinctive cupola and multiple stories, alongside utility poles and a smaller structure, representing early 20th-century civic architecture in Addison, New York."
75-0498,"Addison, N.Y.",,railroad depot; addison new york; baggage room; water tower; black and white photograph,"This black and white photograph shows the railroad depot in Addison, N.Y., featuring a baggage room building with a wooden water tower, utility poles, and forested hillside in the background."
75-0499,"Addison, N.Y.",,sash blind factory; addison new york; industrial building; black and white photograph; early 20th century,"This black and white photograph shows the Sash Blind Factory in Addison, N.Y., featuring industrial steel-frame structures with corrugated metal roofing, tall support poles, and manufacturing equipment typical of early 20th-century factory architecture."
75-0500,"Addison, N.Y.",,main street; addison new york; early automobiles; brick buildings; historic downtown,"A street view looking north on an unnamed street in Addison, N.Y., showing early 20th-century commercial buildings including a farmers' shoe store, horse-drawn wagons, and period automobiles on an unpaved road lined with brick structures and hills in the background."
75-0503,"Branchport, N.Y. ",,seneca lake; branchport; agricultural landscape; rural new york; black and white photograph,"A black and white photograph labeled ""Seneca Lake at Branchport, N.Y"" showing a scenic view of Seneca Lake surrounded by forested hills, with agricultural fields in the foreground and scattered buildings visible along the shoreline."
75-0507,Samuel Curlyeye Erwin Sr. ,,portrait photograph; man; formal attire; ornate frame; black and white photograph,"A formal black and white portrait photograph of Samuel Curlyeye Erwin Sr., a man wearing a dark suit jacket and bow tie, presented within an ornate decorative oval frame with detailed border patterns."
75-0509,Sarah Clark Erwin,,portrait photograph; woman; bonnet; black and white; oval frame,"A black and white portrait photograph of Sarah Clark Erwin wearing a dark dress with a white lace collar and bonnet, presented in an oval mat frame."
75-0510,"Avoca, N.Y.",,presbyterian church; avoca ny; brick building; church tower; early 20th century; black and white photograph,"A historic photograph labeled ""Presbyterian Church, Avoca, N.Y."" showing a brick church building with a distinctive square tower and steeple, adjacent residential structures, and bare trees, typical of early 20th-century rural New York architecture."
75-0511,Julia Fox,,portrait photograph; young child; 19th century clothing; studio photograph; black and white,"A studio portrait photograph of a young child identified as Julia Fox, wearing a dark dress with white collar and sleeves, holding what appears to be a small object in one hand while standing against a plain backdrop."
75-0512,"Avoca, N.Y.",,avoca new york; main street; historic buildings; 19th century architecture; black and white photograph,"A black and white photograph showing the corner of East Avenue and Main Street in Avoca, N.Y., featuring a prominent two-story brick house with Gothic Revival architectural details and bare trees, with additional buildings visible in the background."
75-0519,Class Pictures ,,class picture; formal group portrait; brick building; mid-20th century; black and white photograph,"A formal class photograph showing approximately 60-70 students and faculty posed in rows in front of a large arched brick doorway or tunnel entrance, with the women wearing white dresses and holding bouquets and the men in dark suits."
75-0520,Construction,,excavation site; wooden framework; earth moving; construction equipment; black and white photograph,"A black and white photograph showing an active construction or excavation site with wooden structural frameworks, deep trenches, piled earth, and workers visible in the distance amid the disturbed landscape."
75-0521,Construction,,construction site; corning ny; mid-20th century; black and white photograph; urban development,"A black and white photograph showing an active construction site in Corning, NY with workers, wooden framework, brick buildings, utility poles, and construction materials visible in what appears to be a downtown urban development project from the mid-20th century."
75-0522,Construction,,construction site; wooden scaffolding; concrete pillars; black and white photograph; mid-20th century,"A black and white photograph showing an active construction site with concrete support pillars, wooden scaffolding, ladders, and partially constructed buildings in the background, typical of mid-20th century industrial or commercial development in Corning, NY."
75-0523,Construction,,construction site; wooden pilings; foundation work; hillside landscape; black and white photograph,"A black and white photograph showing an active construction site with wooden pilings and foundation work in progress, set against a hillside landscape with trees and buildings visible in the background, typical of early-to-mid 20th century industrial or infrastructure development in Corning, NY."
75-0525,Airplanes,,early aviation; biplane; beach; men in period clothing; black and white photograph,"A large early biplane aircraft sits on a sandy beach with five men posing in front of it, representing early 20th-century aviation history."
75-0526,Fireman's Convention,,firehouse; patriotic bunting; brick building; early 20th century; black and white photograph,"A decorated brick firehouse in Corning, NY is adorned with patriotic bunting and flags for a Fireman's Convention, featuring large arched windows and ornamental architectural details typical of early 1900s civic buildings."
75-0527,Airplanes,,aircraft interior; men; vintage airplane; black and white photograph; early aviation,"Three men are visible inside what appears to be an early aircraft fuselage, with structural struts and framework visible above them in this black and white historical photograph."
75-0528,Erwin Museum,,museum display; taxidermied deer; Native American figure; black and white photograph; interior exhibition,"A black and white photograph of a museum display at the Erwin Museum showing a Native American figure with a taxidermied deer head mount above, alongside various artifacts and exhibition materials in glass cases."
75-0532,Construction,,construction equipment; industrial machinery; workers; bare trees; black and white photograph,"A black and white photograph showing a construction or industrial site with workers gathered around a large mobile crane or lifting equipment mounted on a truck chassis, with temporary structures and bare trees visible in the background."
75-0533,Construction,,construction site; bridge construction; river; excavation equipment; black and white photograph,"A black and white photograph showing a construction site along a river with wooden bridge framework, excavation equipment, piles of earth and gravel, workers, and a truck, with dense trees lining the riverbank in the background."
75-0534,Construction,,construction; brick wall; workers; scaffolding; black and white photograph,"A black and white photograph showing construction workers on a scaffolded structure next to a partially built brick wall, with residential buildings and vegetation visible in the background."
75-0535,Construction,,construction site; wooden scaffolding; brick buildings; downtown corning; black and white photograph,"A black and white photograph showing an active construction site in downtown Corning, NY with wooden scaffolding, workers, and multi-story brick buildings in the background, likely from the early-to-mid 20th century."
75-0536,General Dwight D. Eisenhower at World War Memorial Stadium dedication ,1948,,
75-0537,General Dwight D. Eisenhower at World War Memorial Stadium dedication ,1948,military uniform; general dwight eisenhower; 1948; world war memorial stadium; black and white photograph; outdoor ceremony,"General Dwight D. Eisenhower in military dress uniform and cap smiles while gesturing at the World War Memorial Stadium dedication ceremony in Corning, NY in 1948, with crowds visible in the background."
75-0538,General Dwight D. Eisenhower at World War Memorial Stadium dedication ,1948,general dwight eisenhower; military uniform; microphone; 1948; outdoor ceremony; black and white photograph,"General Dwight D. Eisenhower stands at a microphone during an outdoor dedication ceremony in 1948, wearing his military uniform with visible medals and insignia, appearing to address an audience at what is identified as the World War Memorial Stadium dedication in Corning, NY."
75-0539,General Dwight D. Eisenhower at World War Memorial Stadium dedication ,1948,general dwight eisenhower; military uniform; 1948; black and white photograph; world war memorial stadium dedication,"A profile photograph of General Dwight D. Eisenhower in military uniform with First Army insignia visible on his shoulder, taken during the 1948 World War Memorial Stadium dedication ceremony in Corning, NY."
75-0541,Construction,,construction site; gravel pile; excavation; bare trees; black and white photograph,"A black and white photograph showing a large mound of gravel or crushed stone at a construction site surrounded by bare deciduous trees and evergreens, with what appears to be a cleared or excavated area in the foreground."
75-0542,Construction,,construction site; wooden scaffolding; workers; industrial equipment; black and white photograph,"A construction or industrial site in a forested valley showing workers on wooden scaffolding and platforms with machinery, including what appears to be a steam engine or pump on the left, surrounded by timber framing and water."
75-0543,Construction,,construction; brick building; wooden beams; interior framing; black and white photograph,"A black and white photograph showing the interior structural framework of a building under construction in Corning, NY, with exposed brick walls, wooden support beams and joists, and a wet floor surface visible throughout the space."
75-0546,Construction,,,
75-0549,Corning Glass Center Buildings,,corning glass works; industrial facility; arched bridge; river; black and white photograph,"This black and white photograph shows the Corning Glass Works facility in Corning, New York, featuring multiple industrial buildings with tall smokestacks along a river crossed by an arched bridge, with forested hills visible in the background."
75-0554,"First Street, Corning, N.Y. ",,tree-lined street; residential buildings; early 20th century; black and white photograph; corning new york,"A tree-canopied First Street in Corning, New York, showing a quiet residential street lined with houses on both sides and mature trees creating a natural archway overhead in this early 20th-century black and white photograph."
75-0555,"First Street, Corning, N.Y. ",,first street corning; tree-lined street; historic buildings; bicycle; black and white photograph,"This black and white photograph shows First Street in Corning, New York, looking west from Chemung, featuring tree-lined residential buildings with porches, a person with a bicycle, and pedestrians on a quiet street."
75-0556,"Couthouse Park, Corning, New York",,courthouse park; corning new york; historic park; ivy-covered building; black and white photograph,"A black and white photograph labeled ""Court House Park, Corning, N.Y."" showing a tree-lined park pathway with an ivy-covered building on the right, a wooden fence along the left, and hills visible in the distant background."
75-0563,"City Club, Corning, N.Y. ",,city club; corning new york; ivy-covered building; historic architecture; black and white photograph,"This black and white photograph shows the City Club building in Corning, N.Y., a substantial ivy-covered structure with classical architectural features including columns, balustrades, and a mansard roof, photographed from the front entrance with mature trees framing the facade."
75-0564,Country Club,,,
75-0568,"Denison Park, Corning, N.Y. ",,denison park; wooden bridge; bare trees; water; black and white photograph,"A black and white photograph of Denison Park in Corning, NY showing a wooden footbridge spanning a body of water, surrounded by bare deciduous trees in what appears to be late fall or winter."
75-0569,"Couthouse Park, Corning, New York",,court house park; corning new york; group gathering; vintage photograph; black and white,"A black and white photograph labeled ""Court House Park, Corning, N.Y."" showing a group of people gathered in a park setting with trees in the background, including adults and children, some seated and others standing along a path."
75-0573,"Denison Park, Corning, N.Y. ",,denison park; poplar trees; park entrance; black and white photograph; vintage street lamp,"A black and white photograph of Denison Park in Corning, NY, showing a park entrance with tall poplar trees lining both sides, a white fence gate, brick pillars, a vintage street lamp, and brick or paved walkway in the foreground."
75-0575,"Courthouse, Corning, New York",,courthouse; neoclassical architecture; brick building; columned facade; black and white photograph,"A black and white photograph of the Corning, New York courthouse, a neoclassical brick building featuring prominent columns, a pediment roof, and a central entrance with steps, surrounded by landscaping and evergreen trees."
75-0576,"City Incinerator, Corning, N.Y.",,city incinerator; industrial equipment; chains; metal machinery; black and white photograph,"This black and white photograph shows the interior of the Corning, N.Y. City Incinerator, featuring large cylindrical metal vessels with chains and heart-shaped hooks used for industrial waste processing operations."
75-0577,"City Incinerator, Corning, N.Y.",,industrial interior; incinerator equipment; brick construction; black and white photograph; mid-20th century,"This black and white photograph shows the interior of the Corning, New York City Incinerator, featuring industrial equipment with metal components in the foreground, brick walls, large windows with dark frames, and concrete structural elements typical of mid-20th century municipal waste processing facilities."
75-0578,"City Incinerator, Corning, N.Y.",,city incinerator; brick building; corning new york; mid-century industrial; black and white photograph,"A black and white photograph of the City of Corning Department of Public Works incinerator facility, a brick industrial building with a tall chimney, showing a truck marked ""CITY OF CORNING DEPT. OF PUBLIC WORKS No12"" parked in front and period automobiles visible in the foreground."
75-0579,"City Incinerator, Corning, N.Y.",,brick building; industrial architecture; chimney; incinerator; black and white photograph,"This black and white photograph shows the Corning, N.Y. City Incinerator, a three-story brick industrial building with a prominent cylindrical chimney, featuring multiple windows and austere modernist design typical of early-to-mid 20th century municipal infrastructure."
75-0580,"City Incinerator, Corning, N.Y.",,industrial machinery; incinerator equipment; black and white photograph; interior; mid-20th century,"A black and white photograph showing the interior of the Corning, N.Y. City Incinerator with a large cylindrical industrial furnace or combustion chamber suspended by metal framework above a collection bin, demonstrating the waste processing equipment used in mid-20th century municipal waste management."
75-0580,Corning Glass Center Buildings,,industrial machinery; incinerator equipment; black and white photograph; interior; mid-20th century,"A black and white photograph showing the interior of the Corning, N.Y. City Incinerator with a large cylindrical industrial furnace or combustion chamber suspended by metal framework above a collection bin, demonstrating the waste processing equipment used in mid-20th century municipal waste management."
75-0581,"City Incinerator, Corning, N.Y.",,city incinerator; industrial machinery; brick building; waste disposal; black and white photograph,"An overhead view of mechanical waste processing equipment inside the Corning, N.Y. City Incinerator, showing a large industrial machine with cables and a rotating mechanism surrounded by accumulated refuse and ash against brick walls."
75-0582,"Couthouse Park, Corning, New York",,,
75-0584,Flint Glass Workers Monument,,monument; statue; arch; memorial; sepia photograph,"The Flint Glass Workers Monument, erected in 1892 by the American Flint Glass Workers Union in Corning, Ohio, features a standing figure atop an arched stone base with commemorative plaques listing names of workers killed in industrial accidents."
75-0585,"Denison Park, Corning, N.Y. ",,stone bridge; water; denison park; corning ny; black and white photograph,"A black and white photograph showing a curved stone bridge spanning water in Denison Park, Corning, New York, with forested hills visible in the background and a boat moored beneath the bridge."
75-0586,"Denison Park, Corning, N.Y. ",,denison park; brick gateway; columned entrance; cypress trees; black and white photograph,"This black and white photograph shows the Denison Park entrance gateway in Corning, New York, featuring a brick structure with classical columns, ornamental urns, and tall cypress trees flanking the ""DENISON PARK"" inscription."
75-0587,"Denison Park, Corning, N.Y. ",,driveway; denison park; corning new york; lighthouse; black and white photograph,"A black and white photograph labeled ""Driveway in Dennison Park, Corning, N.Y."" showing a gravel driveway with wooden railings leading toward a distinctive white lighthouse with a pagoda-style top, surrounded by wooded hills and landscaped grounds."
75-0588,"Denison Park, Corning, N.Y. ",,wooden bridge; water; denison park; forested hillside; black and white photograph,"A wooden footbridge spans across water in Denison Park, Corning, NY, with a densely forested hillside visible in the background."
75-0589,"Couthouse Park, Corning, New York",,courthouse park; corning new york; black and white photograph; historic building; landscaped grounds,"A black and white photograph of Courthouse Park in Corning, N.Y., showing a manicured park landscape with mature trees, a building with a metal roof and chimney in the background, and several people walking on pathways through the grounds."
75-0590,Corning Glass Center Buildings,,corning glass center; aerial view; modernist architecture; black and white photograph; mid-century buildings,"An aerial photograph of the Corning Glass Center in Corning, New York, showing modernist buildings with flat roofs, manicured landscaping with evergreen trees, and surrounding countryside visible in the background."
75-0594,Chemung River ,,,
75-0594,Floods,,,
75-0595,Corning Glass Center Buildings,,,
75-0595,"Corning, New York",,,
75-0597,Corning Glass Center Buildings,,corning glass works; industrial complex; river bridge; manufacturing facility; black and white photograph,"This black and white photograph shows the Corning Glass Works facility in Corning, New York, featuring industrial buildings with multiple smokestacks situated along a river crossed by an arched bridge, with hills visible in the background."
75-0599,Corning Glass Center Buildings,,industrial facility; glass production; mid-20th century; brick building; black and white photograph,"A black and white photograph showing workers gathered around industrial glass-making equipment at a Corning Glass facility, with a large glass vessel being transported or positioned near a brick building marked with the number 39, surrounded by utility poles and industrial infrastructure."
75-0604,Fred Bynne,,portrait engravings; men; early 20th century; black and white; historical illustration,"A black and white engraved illustration showing three portrait headshots of men in formal attire, with the center portrait labeled ""WM. NEWCOMB,"" along with an architectural sketch at the top of the page."
75-0606,"Corning, New York",,,
75-0610,Class Pictures ,1956,class picture; choir; academic robes; brick building; 1956,"A 1956 class photograph showing a large group of students in academic robes arranged in rows in front of a brick building with an arched entrance, with a floral arrangement visible in the foreground and the reference number 52 visible at the top of the image."
75-0611,Class Pictures ,,,
75-0612,"Erie Railroad, Corning, N.Y. ",,,
75-0613,"Corning, New York",,,
75-0614,Mr. Caton,,,
75-0615,Mr. Caton,,,
75-0616,Bullet Mold,,bullet mold; metal tool; cast iron; historical artifact; black and white photograph,"A close-up photograph of a cast iron bullet mold, a historical metalworking tool used for ammunition production, shown against a light background with visible wear and patina on its dark surface."
75-0617,Bullet Mold,,bullet mold; metal tool; black and white photograph; historical artifact; ammunition manufacturing,"A black and white photograph of a historical bullet mold, a metal tool used for casting ammunition, shown against a light background in a flat lay composition typical of archival documentation."
75-0621,Coopers,,,
75-0624,Airplanes,,biplane; aircraft fuselage; vintage airplane; black and white photograph; early aviation,"A black and white photograph showing a close-up view of an early biplane with visible struts, wires, and engine components, with several people visible in the cockpit area and a landscape visible in the background."
75-0625,Airplanes,,,
75-0632,Coopers,,wooden fence; rural landscape; trees; black and white photograph; early 20th century,"A black and white photograph showing a wooden fence line along a rural path or road bordered by trees and vegetation, with a distant building visible in the background, typical of early 20th-century Corning, NY area documentation."
75-0634,"Bridge Street Bridge, Corning, N.Y. ",,,
75-0636,Buses,,,
75-0639,Crystal City Clothing Merchant,,brick building; storefront; early 20th century; downtown corning; black and white photograph,"A multi-story brick commercial building in Corning, NY with ""Crystal City Market"" visible on the storefront, featuring arched windows on upper floors and a group of men standing outside the street-level shop entrance."
75-0643,"Bridge Street Bridge, Corning, N.Y. ",,bridge street bridge; corning new york; steel bridge; river crossing; black and white photograph,"A black and white photograph of the Bridge Street Bridge in Corning, New York, showing a steel truss bridge spanning a river with industrial buildings and utility poles visible in the background and forested hills beyond."
75-0652,Floods,,flooded area; wooden fence; bridge; black and white photograph; water damage,"A black and white photograph showing a wooden fence partially submerged in floodwaters, with a bridge structure visible above and buildings in the background, documenting flood conditions in Corning, NY."
75-0654,"Corning, New York",,wooden buildings; flooded area; weeping willow tree; black and white photograph; rural architecture,"A black and white photograph showing a two-story wooden house with a cross on its roof surrounded by floodwaters, with a weeping willow tree on the left and additional white buildings visible on the right, depicting flood conditions in what appears to be a rural or small-town setting."
75-0655,Isabel Walker Drake Family Photo,c. 1900,,
75-0658,"Addison, N.Y.",,church building; twin steeples; architectural detail; black and white photograph; historic structure,"A black and white photograph of a historic church in Addison, N.Y., featuring distinctive twin spires with pointed cupolas, arched windows and doorways, and classical architectural detailing typical of 19th-century religious architecture."
75-0659,Lucy Bryant,,interior portrait; woman seated; fireplace mantel; framed photograph; early 20th century; black and white photograph,"A black and white photograph showing a woman seated at a table in an interior room with a fireplace, bookshelves, and a framed portrait hanging above the mantel, likely depicting Lucy Bryant in her home."
75-0664,"Caton, N.Y.",,winter landscape; rural farm buildings; snow-covered field; bare trees; black and white photograph,"A winter scene of a rural farmstead in Caton, N.Y., showing multiple farm buildings including barns and houses scattered across a snow-covered field with bare trees and utility poles visible in the background."
75-0665,"First National Bank & Trust Co., Corning, N.Y. ",,first national bank building; corning new york; historic architecture; downtown streetfront; early 20th century,"The First National Bank Building in Corning, N.Y. is shown as a multi-story stone and brick structure with ornate architectural details, arched windows on the ground floor, and striped awnings covering the street-level storefronts."
75-0666,"Corning, New York",,,
75-0668,Corning Glass Works Engraver,,corning glass works; engraving; steuben bowl; craftsman; black and white photograph,"A Corning Glass Works engraver uses specialized engraving equipment with multiple rotating tools to engrave a Steuben Bowl, as indicated by the caption ""Engraving a Steuben Bowl"" visible at the top of this black and white photograph."
75-0670,Corning Glass Center Buildings,,corning glass works; industrial buildings; factory smokestacks; black and white photograph; early 20th century,"This black and white photograph shows the Corning Glass Works industrial complex in Corning, New York, featuring multiple brick factory buildings with tall smokestacks, a fenced compound, and surrounding residential structures nestled in a valley landscape."
75-0671,Corning Glass Center Buildings,,industrial facility; river view; smokestacks; black and white photograph; mid-20th century,"A black and white photograph showing an industrial glass manufacturing facility with multiple smokestacks emitting smoke, situated along a river with a bridge visible in the foreground, likely depicting the Corning Glass Works in Corning, New York."
75-0672,"Centerway Square, Corning, N.Y. ",,,
75-0673,Corning Glass Center Buildings,,industrial buildings; factory smokestacks; black and white photograph; mid-20th century; corning glass works,"A black and white photograph showing industrial factory buildings with multiple tall smokestacks characteristic of early-to-mid 20th century glass manufacturing facilities in Corning, NY, with brick structures and metal framework visible in the composition."
75-0674,"Erie Railroad, Corning, N.Y. ",,,
75-0676,"Centerway Square, Corning, N.Y. ",,,
75-0676,"Clocktower, Corning, N.Y. ",,,
75-0676,"First National Bank & Trust Co., Corning, N.Y. ",,,
75-0678,Dickinson House,,dickinson house; corning ny; historic building; brick architecture; black and white photograph,"A black and white photograph of the Dickinson House in Corning, NY, showing a multi-story brick building with regularly spaced windows, ground-level storefronts, utility poles, and period street infrastructure."
75-0679,Baron Steuben Hotel,,,
75-0681,Chemung River ,,bird's-eye view; chemung river; railroad; corning ny; black and white photograph,"A bird's-eye view photograph showing the Chemung River with railroad tracks and freight cars in the foreground, the town of Corning visible across the river with buildings and houses, and rolling hills in the background."
75-0682,"Corning, New York",,corning new york; landscape view; trees; valley; black and white photograph,"A black and white photograph showing a distant view of Corning, New York nestled in a valley, framed by tree foliage in the foreground, with hills visible in the background."
75-0683,"Corning, New York",,corning new york; river valley; hillside landscape; black and white photograph; northside view,"A black and white aerial or elevated view of Corning, New York's Northside area showing the town nestled in a river valley with forested hills in the background and what appears to be the Chemung River in the foreground."
75-0683,"Northside, Corning, New York",,corning new york; river valley; hillside landscape; black and white photograph; northside view,"A black and white aerial or elevated view of Corning, New York's Northside area showing the town nestled in a river valley with forested hills in the background and what appears to be the Chemung River in the foreground."
75-0684,Chemung River ,,chemung river; landscape; bare trees; rolling hills; black and white photograph,"A black and white landscape photograph showing the Chemung River valley with bare and leafy trees in the foreground, rolling hills in the background, and scattered buildings visible in the middle distance under an overcast sky."
75-0685,Chemung River ,,chemung river; landscape; bare trees; rolling hills; black and white photograph,"A black and white landscape photograph showing the Chemung River winding through a valley with bare trees in the foreground, forested hills in the background, and what appears to be early spring or late fall conditions in the Corning, New York area."
75-0692,Demonico Hotel,c. 1900,,
75-0692,Isabel Walker Drake Family Photo,c. 1900,,
75-0693,Isabel Walker Drake Family Photo,1889,,
75-0694,Isabel Walker Drake Family Photo,c. 1900,family portrait; turn-of-the-century; forest setting; hand cart; black and white photograph,"A circa 1900 black and white photograph of the Isabel Walker Drake family posed on a wooded path with a hand-drawn cart, showing multiple family members in period clothing standing among tall trees."
75-0695,Isabel Walker Drake Family Photo,c. 1900,,
75-0696,Isabel Walker Drake Family Photo,c.1900,,
75-0697,Isabel Walker Drake Family Photo,c.1900,,
75-0698,Isabel Walker Drake Family Photo,c.1900,family portrait; women; early 1900s; garden setting; black and white photograph,"A formal group portrait of the Isabel Walker Drake family showing nine women arranged on a garden balustrade with ivy and foliage in the background, circa 1900."
75-0699,Isabel Walker Drake Family Photo,c.1900,,
75-0700,Isabel Walker Drake Family Photo,1904,,
75-0701,Isabel Walker Drake Family Photo,c.1900,family gathering; early 1900s clothing; street scene; horse-drawn carriage; black and white photograph,"A circa 1900 photograph of the Isabel Walker Drake family gathered on a street in Corning, NY, showing multiple people in period dress including hats and formal attire, with a horse-drawn carriage and buildings visible in the background."
75-0702,Isabel Walker Drake Family Photo,c.1900,interior room; cluttered space; hanging laundry; black and white photograph; early 1900s,"A black and white photograph showing the interior of a crowded room with numerous items of laundry and clothing hanging from lines and scattered throughout, documenting domestic life of the Isabel Walker Drake family circa 1900."
75-0703,Isabel Walker Drake Family Photo,c.1900,five women; striped hats; dark uniforms; evergreen trees; black and white photograph,"A formal portrait of five women wearing matching dark uniforms with white belts and distinctive striped boater hats, standing in a line against a backdrop of evergreen trees, circa 1900, identified as the Isabel Walker Drake Family Photo from Corning, NY."
75-0704,Isabel Walker Drake Family Photo,c.1900,stereoscopic card; street scene; crowds; early 1900s; black and white photograph,"A stereoscopic card showing two side-by-side views of a turn-of-the-century street scene with crowds of people gathered in what appears to be a town square or main street, with brick buildings visible in the background."
75-0705,Isabel Walker Drake Family Photo,c.1900,family portrait; isabel walker drake; circa 1900; black and white photograph; corning ny,"A black and white photograph from circa 1900 showing the Isabel Walker Drake family, archived in the Corning, NY local history collection as item 75-0705."
75-0706,Isabel Walker Drake Family Photo,c.1900,,
75-0707,Isabel Walker Drake Family Photo,c.1900,family group; early 1900s; women; formal dress; garden setting; black and white photograph,"A black and white photograph from circa 1900 showing the Isabel Walker Drake family, featuring several women in Edwardian-era white blouses and long dark skirts posed in a landscaped garden with trees, shrubs, and a house visible in the background."
75-0708,Isabel Walker Drake Family Photo,c.1900,family group; horse-drawn wagon; rural landscape; early 1900s; black and white photograph,"A circa 1900 photograph of the Isabel Walker Drake family showing multiple people seated on a horse-drawn wagon in an open field, with handwritten archival notations including ""Oct. 24"" visible on the mounting."
75-0709,Isabel Walker Drake Family Photo,c.1900,family group; early 1900s clothing; residential street; corning ny; black and white photograph,"A photograph of the Isabel Walker Drake family standing together on a residential street in Corning, NY, circa 1900, showing an adult woman and several children dressed in period clothing with houses and a church visible in the background."
75-0710,Isabel Walker Drake Family Photo,1898,,
75-0711,Isabel Walker Drake Family Photo,c.1900,,
75-0712,Isabel Walker Drake Family Photo,c.1900,tree-lined street; horse and rider; pedestrians; early 1900s; black and white photograph,"A circa 1900 photograph showing a tree-lined street scene with a person on horseback and several pedestrians walking along a dirt road, likely from Corning, NY, associated with the Isabel Walker Drake Family collection."
75-0713,Isabel Walker Drake Family Photo,c.1900,horse-drawn carriages; tree-lined street; early 1900s; black and white photograph; rural or small town scene,"A circa 1900 photograph showing multiple horse-drawn carriages and wagons on a tree-shaded dirt road, likely depicting a scene from Corning, NY during the Isabel Walker Drake family era."
75-0714,Isabel Walker Drake Family Photo,1898,,
75-0715,Isabel Walker Drake Family Photo,c.1900,horse-drawn carriage; rural homestead; tree-lined driveway; early 1900s; black and white photograph,"A circa 1900 photograph showing a horse-drawn carriage on a dirt driveway leading to a residential property, framed by large mature trees and a wooden house visible in the background, from the Isabel Walker Drake Family collection."
75-0716,Isabel Walker Drake Family Photo,c.1900,family gathering; turn-of-century; outdoor scene; trees; circular vignette photograph,"A circular vignette photograph from circa 1900 showing the Isabel Walker Drake family gathered outdoors in a shaded yard with large trees, featuring people seated and standing near what appears to be a house structure in the background."
75-0717,Isabel Walker Drake Family Photo,c.1900,group portrait; women; cowboy hats; early 1900s; black and white photograph,"A formal group portrait of approximately thirty women wearing matching dark clothing and wide-brimmed cowboy hats, arranged in rows with evergreen trees in the background and a tall white obelisk or monument visible in the center, dated circa 1900 and identified as the Isabel Walker Drake Family Photo from Corning, NY."
75-0718,Isabel Walker Drake Family Photo,c.1900,group portrait; wooden bridge; women; early 1900s; forest setting; white dresses,"A black and white photograph from circa 1900 showing approximately twelve women of the Isabel Walker Drake family posed in a line on a wooden bridge surrounded by dense forest, all wearing white blouses typical of the Edwardian era."
75-0720,Isabel Walker Drake Family Photo,c.1900,family portrait; children; early 1900s; wooden deck; black and white photograph,"A circular vignette photograph showing two children in dark winter coats and hats standing on a wooden deck or boardwalk, with bare trees and rural buildings visible in the background, circa 1900."
75-0721,Isabel Walker Drake Family Photo,1896,theater posters; silent film advertisements; harrison j. wolfe; 1890s entertainment; black and white photograph,"A photograph showing vintage theater posters and advertisements from the 1890s featuring silent films including titles with Harrison J. Wolfe and ""The American Brothers,"" with visible pricing of 20¢, 30¢, and 50¢, along with portrait photographs of performers on the right side."
75-0722,Isabel Walker Drake Family Photo,1896,newspaper clippings; theater advertisements; 1890s entertainment; black and white photograph; vintage movie posters,"A black and white photograph showing overlapping newspaper clippings and theater advertisements from the 1890s, featuring visible text including ""The Corsican Brothers,"" ""David Garrick,"" ""Monte Cristo,"" and ""Harrison J. Willy,"" with repeated price markings of 20¢, 30¢, and 50¢ throughout the composition."
75-0723,Isabel Walker Drake Family Photo,1903,steam locomotive; railroad; early 1900s; black and white photograph; Corning New York,"A composite historical photograph showing railroad scenes from 1903 Corning, NY, including a steam locomotive numbered 1084 with passenger cars and several people standing beside the tracks, along with views of a dairy supply company building and horse-drawn cart near the rail yard."
75-0724,Isabel Walker Drake Family Photo,c.1900,,
75-0725,Isabel Walker Drake Family Photo,1904,,
75-0726,Isabel Walker Drake Family Photo,c.1900,family photograph; early 1900s; children; outdoor scene; black and white photograph,"A dual-image photograph from circa 1900 showing the Isabel Walker Drake family, with a young child on the left side standing on a wooden deck near buildings and utility poles, and adults gathered on the right side near a church with a visible cross, representing domestic life in turn-of-the-century Corning, NY."
75-0727,Isabel Walker Drake Family Photo,c.1900,winter recreation; sledding; snow; early 1900s; black and white photograph,"This circa 1900 photograph from the Isabel Walker Drake Family collection shows multiple people sledding down a snowy slope near bare trees and a frozen landscape in what appears to be the Corning, NY area."
75-0728,Isabel Walker Drake Family Photo,c.1900,,
75-0729,Isabel Walker Drake Family Photo,1897,late 19th century; black and white photograph; corning ny; street scene; wooden structures,"A black and white photograph from 1897 showing a street scene in Corning, NY with wooden utility poles, a church with a steeple on the right, pedestrians, and period buildings in the background, part of the Isabel Walker Drake Family Photo collection."
75-0730,Isabel Walker Drake Family Photo,1897,horse-drawn carriage; family portrait; 1897; Penn Yan; black and white photograph,"A photograph dated July 26, 1897, showing the Isabel Walker Drake family at Penn Yan with a horse-drawn carriage, featuring people in period clothing posed with a harnessed horse and wooden-wheeled buggy."
75-0731,Isabel Walker Drake Family Photo,c.1900,family group; outdoor field; early 1900s; black and white photograph; casual gathering,"A black and white photograph from circa 1900 showing the Isabel Walker Drake family gathered in an open field, with multiple adults and children posed together in casual dress against a rural landscape with hills in the background."
75-0732,Isabel Walker Drake Family Photo,c.1900,horse-drawn carriage; residential street; turn-of-century architecture; bare trees; black and white photograph,"A circa 1900 photograph showing a horse hitched to a carriage on a residential street lined with period homes, including a columned house on the right and brick buildings with chimneys, identified as the Isabel Walker Drake Family Photo from Corning, NY."
75-0733,Isabel Walker Drake Family Photo,c.1900,family portrait; rural setting; wooden fence; early 1900s; black and white photograph,"A circa 1900 black and white photograph showing members of the Isabel Walker Drake family posed in a pastoral landscape with a wooden rail fence, featuring two women and a child in period dress standing in a grassy field."
75-0734,Isabel Walker Drake Family Photo,c.1900,family portrait; wooden house; early 1900s; outdoor setting; black and white photograph,"A woman wearing a wide-brimmed hat sits on a wooden deck with two children in front of a horizontal-sided house with shuttered windows, circa 1900, representing the Isabel Walker Drake family."
75-0735,Baseball,,,
75-0735,Isabel Walker Drake Family Photo,1897,,
75-0736,Isabel Walker Drake Family Photo,c.1900,victorian mansion; horse-drawn carriage; turn-of-century architecture; hand-colored photograph; corning ny,"A hand-colored photograph from circa 1900 showing a prominent Victorian-era mansion with distinctive turrets and towers in Corning, New York, with horse-drawn carriages on the road in front and period architectural details visible in smaller images at the top of the composite photograph."
75-0737,Fireman's Convention,1905,,
75-0747,"Carder School, Corning, N.Y.",1955,formal gathering; men in suits; 1950s; indoor event; black and white photograph,"A formal indoor gathering at what appears to be the Carder School in Corning, NY, showing approximately twenty men and women in business attire seated and standing in a semi-circle within a room with draped curtains, dated 1955."
75-0748,"Carder School, Corning, N.Y.",1954,brick building; man in suit; cornerstone; 1954; black and white photograph,"A man in a dark suit and tie points to or examines a cornerstone plaque set into a brick wall, likely documenting a dedication or inspection at the Carder School in Corning, New York in 1954."
75-0749,Armory,1953,armory building; brick architecture; 1950s bus; children; black and white photograph,A group of children exits the Corning Armory building through its ornate arched entrance while an Express bus numbered 944 waits nearby in this 1953 photograph.
75-0754,Elmira College,1911,elmira college; campus buildings; early 1900s; black and white photograph; architectural landmarks,"This 1911 photograph shows the Elmira College campus in Elmira, New York, featuring multiple brick institutional buildings with distinctive architecture surrounded by mature trees and landscaped grounds."
75-0758,Baseball,1901,,
75-0759,Football,1922,football team; 1922; vintage sports; black and white photograph; stadium crowd,"A 1922 football team lined up on the field holding a banner that reads ""WATCH US GO SMILIN THROUGH"" with spectators visible in the crowded stadium behind them."
75-0763,Football,1946,football team; 1946; group portrait; uniforms; black and white photograph,"A 1946 football team from Corning, NY poses for a formal group photograph with players wearing numbered uniforms arranged in three rows on a grass field, with a coach seated in the center front."
75-0765,Frederick Carder,1961,,
75-0765,"Carder School, Corning, N.Y.",1961,,
75-0765,Mary Faucett,1961,,
75-0766,"Addison, N.Y.",,addison school; brick building; historic architecture; black and white photograph; tree-lined entrance,"A black and white photograph showing the Addison School, a brick institutional building with a gabled roof and arched entrance, framed by large trees on either side of its front walkway."
75-0781,Activites ,1910,theatrical performance; costumed actors; stage production; indoor venue; black and white photograph,"A 1910 theatrical production photograph showing a large cast of costumed performers arranged on stage under bright lighting, with actors wearing elaborate period costumes and headpieces in what appears to be a dramatic or historical play performance."
75-0784,Football,1952,football team; 1952; numbered jerseys; brick building; black and white photograph,"A 1952 football team from Corning, NY poses for a formal group photograph against a brick wall, with players wearing numbered jerseys and holding footballs."
75-0785,Corning Free Academy,1912,portrait photograph; four people; early 1900s clothing; formal posed group; black and white photograph,"A formal black and white portrait photograph from 1912 showing four young people in early 20th-century attire posed against a circular backdrop, likely related to Corning Free Academy."
75-0793,Airplanes,1940,airplane; 1940s aircraft; passengers; airfield; black and white photograph,"A black and white photograph from 1940 showing three people standing in front of a large passenger aircraft with ""AMERICAN"" visible on its fuselage, likely at an airfield or airport in Corning, NY."
75-0817,Class Pictures ,1914,class picture; school children; brick building; 1914; black and white photograph,"A 1914 class photograph of approximately 30 students of mixed ages posed in front of a brick school building in Corning, NY, wearing period clothing typical of the early 20th century."
75-0818,"Caton, N.Y.",1946,rural farmland; barn; rolling hills; 1946; black and white photograph,"A 1946 black and white photograph of a rural farm in Caton, New York, showing a large barn with outbuildings nestled among trees in a rolling agricultural landscape with mature trees lining the foreground and cultivated fields visible across the hillsides."
75-0819,Class Pictures ,1916,school class picture; children; brick building; 1916; black and white photograph,"A 1916 school class photograph taken in front of a brick building showing approximately 25 children of various ages arranged in three rows, wearing period clothing typical of the early 20th century."
75-0825,Activites ,,group gathering; forest setting; early 1900s clothing; outdoor picnic; black and white photograph,"A large group of men and women dressed in early 1900s attire gather in a wooded area, appearing to be participating in an outdoor social activity or picnic near Corning, NY."
75-0827,Corning Free Academy,1923,corning free academy football team; 1923; group portrait; brick building; black and white photograph,"A 1923 Corning Free Academy (CFA) football team poses for a formal group photograph in front of a brick building, with players in dark uniforms arranged in rows and a banner displaying ""CFA"" held across the front."
75-0827,Football,1923,corning free academy football team; 1923; group portrait; brick building; black and white photograph,"A 1923 Corning Free Academy (CFA) football team poses for a formal group photograph in front of a brick building, with players in dark uniforms arranged in rows and a banner displaying ""CFA"" held across the front."
75-0828,"Caton, N.Y.",1927,school class picture; caton ny; 1927; wooden schoolhouse; children group portrait,"A 1927 class photograph from Caton, New York showing approximately twenty students of varying ages posed in front of a wooden schoolhouse building, with handwritten text reading ""Caton [School] 1927"" visible at the top of the black and white photograph."
75-0828,"Caton, N.Y., Schools",1927,school class picture; caton ny; 1927; wooden schoolhouse; children group portrait,"A 1927 class photograph from Caton, New York showing approximately twenty students of varying ages posed in front of a wooden schoolhouse building, with handwritten text reading ""Caton [School] 1927"" visible at the top of the black and white photograph."
75-0828,Class Pictures ,1927,school class picture; caton ny; 1927; wooden schoolhouse; children group portrait,"A 1927 class photograph from Caton, New York showing approximately twenty students of varying ages posed in front of a wooden schoolhouse building, with handwritten text reading ""Caton [School] 1927"" visible at the top of the black and white photograph."
75-0829,Corning Free Academy,,corning free academy; victorian architecture; cupola; outdoor gathering; black and white photograph,"A black and white photograph showing the Corning Free Academy building with its distinctive Victorian architecture and prominent cupola, viewed from a grassy field with a crowd of people gathered near the structure and surrounding trees."
75-0830,Class Pictures ,1940,classroom; school children; 1940s; black and white photograph; educational display,"A 1940 classroom photograph showing approximately twenty elementary school children posed around a table with a model village display, with educational artwork and paper cutouts visible on the wall behind them."
75-0832,Class Pictures ,1920,class picture; school children; 1920s; brick building; black and white photograph,"A formal 1920 class photograph showing approximately thirty students of mixed genders arranged in rows in front of a brick building with a doorway, wearing period clothing typical of the early 1920s."
75-0833,Class Pictures ,,class picture; school children; brick building; black and white photograph; 1930s-1940s,"A formal black and white class photograph showing approximately 30 students of mixed ages arranged in rows in front of a brick building with windows and doors, typical of early-to-mid 20th century school documentation from Corning, NY."
75-0834,Baseball,1912,,
75-0834,Corning Free Academy,1912,,
75-0835,Class Pictures ,1892,,
75-0835,Corning Free Academy,1892,,
75-0836,Baseball,1911,baseball team; corning free academy; 1911; group portrait; black and white photograph,"A 1911 baseball team photograph from Corning Free Academy showing approximately 13 young men in uniforms marked with ""C.F.A."" and ""A."" arranged in three rows, with two adult men in formal attire (one in a bow tie) standing in the back row."
75-0836,Corning Free Academy,1911,baseball team; corning free academy; 1911; group portrait; black and white photograph,"A 1911 baseball team photograph from Corning Free Academy showing approximately 13 young men in uniforms marked with ""C.F.A."" and ""A."" arranged in three rows, with two adult men in formal attire (one in a bow tie) standing in the back row."
75-0837,Baseball,1911,baseball team; corning free academy; 1911; uniforms; black and white photograph,"A formal team portrait of the Corning Free Academy (C.F.A.) baseball team from 1911, showing approximately twelve young male players in uniform standing in a line, holding baseball bats and gloves."
75-0837,Corning Free Academy,1911,baseball team; corning free academy; 1911; uniforms; black and white photograph,"A formal team portrait of the Corning Free Academy (C.F.A.) baseball team from 1911, showing approximately twelve young male players in uniform standing in a line, holding baseball bats and gloves."
75-0838,Baseball,1910,baseball team; group portrait; 1910s; early 20th century; black and white photograph,"A 1910 baseball team photograph from Corning, NY showing approximately 15 players posed in three rows on a grass field, with handwritten identification labels above the image indicating player names including Cecil Scott, Smith, Earling Morse, Ida Shelly, and others."
75-0840,Baseball,1916,baseball team; corning free academy; 1916; black and white photograph; athletic uniforms,"A formal team portrait of the Corning Free Academy baseball team from 1916, showing nine young male athletes wearing ""CA"" lettered uniforms arranged in three rows, with one adult male in a dark suit standing among them, and a basketball visible in the front center."
75-0840,Corning Free Academy,1916,baseball team; corning free academy; 1916; black and white photograph; athletic uniforms,"A formal team portrait of the Corning Free Academy baseball team from 1916, showing nine young male athletes wearing ""CA"" lettered uniforms arranged in three rows, with one adult male in a dark suit standing among them, and a basketball visible in the front center."
75-0841,Corning Free Academy,1895,group portrait; corning free academy; 1890s clothing; students; black and white photograph,"A formal group portrait from 1895 showing approximately 14 students from Corning Free Academy posed in two rows, wearing period-appropriate late 19th-century attire including high-collared shirts and long dresses typical of the 1890s era."
75-0843,"Delaware, Lackawanna and Western Railroad",1921,railroad tracks; rural landscape; bare trees; utility poles; black and white photograph,"A 1921 photograph of Delaware, Lackawanna and Western Railroad tracks taken on March 26, 1921, showing a view looking westerly across the rail line with rural buildings, bare trees, utility poles, and fencing visible along the right-of-way in what appears to be the Corning, NY area."
75-0846,Cutler Creek,1921,,
75-0853,"Fenderson St., Painted Post, N.Y. ",1921,fenderson street; painted post; unpaved road; residential buildings; 1921 photograph,"A black and white photograph from March 26, 1921, showing Fenderson Street in Painted Post, New York, with residential houses, utility poles, bare trees, and an unpaved dirt road lined with early 20th-century architecture."
75-0854,"First Street, Painted Post, N.Y. ",1921,railroad crossing; first street; painted post; 1921; black and white photograph; bare trees; utility poles; dirt road,"This black and white photograph from March 2, 1921, shows First Street in Painted Post, New York, featuring a railroad crossing sign, bare trees lining an unpaved road, utility poles, and small buildings along the street during early spring."
75-0860,"Charles Street, Painted Post, N.Y. ",1921,rural road; hillside landscape; early 20th century; black and white photograph; wooden buildings,"A black and white photograph dated March 26, 1921, showing Charles Street in Painted Post, New York, looking northerly from Pine Street across Painted Post Creek, with scattered white buildings nestled among forested hills and a dirt road curving through the valley."
75-0861,"Chemung Street, Painted Post, N.Y. ",1921,chemung street; painted post; 1921; railroad tracks; early 20th century street scene,"A black and white photograph from March 26, 1921, showing Chemung Street in Painted Post, N.Y., with railroad tracks running alongside residential buildings, utility poles, and bare trees characteristic of early spring in upstate New York."
75-0866,Cohocton River,1921,cohocton river; bare trees; riverbank; black and white photograph; 1921,"This black and white photograph from March 26, 1921, shows the north bank of the Cohocton River looking upstream from Steuben Street at the Painted Post in Corning, NY, with bare winter trees lining both banks and eroded soil visible on the right bank."
75-0868,"Brewer Street, Painted Post, N.Y. ",1921,brewer street; painted post; unpaved road; residential buildings; 1921 photograph,"A black and white photograph from 1921 showing Brewer Street in Painted Post, NY, with wooden residential houses lining an unpaved dirt road, bare trees, utility poles, and early 20th-century architecture typical of a rural New York community."
75-0880,"Chemung Street, Painted Post, N.Y. ",1921,chemung street; painted post; railroad tracks; wooden utility poles; 1921 street view,"A black and white photograph from March 26, 1921, showing Chemung Street in Painted Post, NY, with railroad tracks running alongside the street, utility poles, residential buildings, and hills in the background."
75-0884,Bill Smith Creek ,1921,bill smith creek; rural landscape; bare trees; stream; black and white photograph,"A 1921 black and white photograph showing Bill Smith Creek winding through a rural, plowed field in Corning, NY, with bare trees lining the waterway and forested hills visible in the background."
75-0888,"Brainard Place, Painted Post",1921,residential development; unpaved road; early 1920s; suburban expansion; black and white photograph,"A 1921 photograph of Brainard Place in Painted Post showing newly constructed residential houses along an unpaved dirt road with mountains visible in the background, documenting early suburban development in the area."
75-0892,Bill Smith Creek ,1921,bill smith creek; culvert; stone masonry; infrastructure; black and white photograph,"A 1921 photograph showing the Bill Smith Creek culvert constructed under Hamilton Street in Painted Post, New York, featuring stone masonry work and surrounding vegetation."
75-0893,Bill Smith Creek ,1921,,
75-0897,"Centerville Road, Painted Post, N.Y. ",1921,,
75-0898,Chemung River ,1921,steel bridge; chemung river; industrial construction; 1921; corning ny,"A steel truss bridge spans the Chemung River in Corning, NY in 1921, with industrial buildings and smokestacks visible on the left bank and forested hills in the background."
75-0899,"Charles Street, Painted Post, N.Y. ",1921,,
75-0905,"Centerville Road, Painted Post, N.Y. ",1921,centerville road; painted post; rural road; wooden houses; 1921 photograph,"This March 2, 1921 photograph shows Centerville Road in Painted Post, New York, looking northerly from Water Street, featuring wooden residential buildings flanking an unpaved dirt road with bare trees and rolling hills in the background."
75-0906,Floods,,flooded street; downtown corning; brick buildings; bare trees; black and white photograph,"A black and white photograph showing a flooded downtown street in Corning, NY with water covering the roadway and surrounding multi-story brick buildings, bare trees, utility poles, and storefronts partially submerged in floodwaters."
75-0908,"Bronson Street, Painted Post, N.Y. ",1921,bronson street; painted post; unpaved road; residential buildings; 1921 photograph,"A black and white photograph from March 26, 1921, showing Bronson Street in Painted Post, NY, looking northerly from High Street to Brewster Street, featuring an unpaved dirt road lined with bare trees and early 20th-century residential houses on both sides."
75-0909,"Bronson Street, Painted Post, N.Y. ",,,
75-0910,"Delaware Ave., Painted Post, N.Y. ",1921,delaware avenue; painted post; 1921; residential street; bare trees; wooden houses; early 20th century; black and white photograph,"A 1921 black and white photograph of Delaware Avenue in Painted Post, New York, showing a quiet residential street lined with wooden houses, bare trees, and a prominent wooden cross in the center, with hills visible in the background."
75-0923,"Chemung Street, Painted Post, N.Y. ",1921,chemung street; painted post; railroad tracks; utility poles; 1921 photograph; rural street scene; black and white,"A black and white photograph of Chemung Street in Painted Post, NY taken on March 26, 1921, showing a rural street lined with wooden utility poles, railroad tracks, scattered buildings including a white house, bare trees, and hills in the background."
75-0924,"Chemung Street, Painted Post, N.Y. ",1921,chemung street; painted post; railroad tracks; bare trees; 1921 street view; black and white photograph,"A black and white photograph of Chemung Street in Painted Post, NY taken on March 26, 1921, showing railroad tracks running down the center of the street lined with bare trees and wooden buildings on both sides, with hills visible in the background."
75-0934,"Charles Street, Painted Post, N.Y. ",1921,rural road; painted post; 1921; hillside landscape; black and white photograph,"A 1921 black and white photograph of Charles Street in Painted Post, New York, showing a curved dirt road with utility poles, scattered buildings, and forested hills in the background."
75-0936,Cohocton River,1921,cohocton river; bare trees; winter landscape; north bank; black and white photograph,"A 1921 photograph dated March 26 showing the north bank of the Cohocton River with bare deciduous trees along the shoreline, a distant bridge spanning the water, and rolling hills in the background during early spring."
75-0942,Floods,1935,,
75-0943,"Delaware, Lackawanna and Western Railroad Trainwreck, Gibson, N.Y. ",1912,train wreck; derailed railroad cars; 1912; wooded area; black and white photograph,"This black and white photograph documents the Delaware, Lackawanna and Western Railroad trainwreck in Gibson, N.Y. from 1912, showing severely damaged and derailed railroad cars amid dense vegetation and trees."
75-0945,"Erie Railroad, Corning, N.Y. ",,erie railroad station; brick building; pine street; corning ny; historic architecture,"A black and white photograph showing the Erie Station and Pine Street looking north in Corning, New York, featuring a substantial brick railroad station building with multiple chimneys and a distinctive roofline, with adjacent commercial structures visible to the right."
75-0948,Corning Free Academy,1913,,
75-0948,Football,1913,,
75-0949,Baseball,1923,women's baseball team; corning free academy; 1923; sailor uniforms; black and white photograph,"A formal team portrait of the Corning Free Academy (CFA) women's baseball team from 1923, showing eight young women in sailor-style uniforms arranged in three rows against a dark studio backdrop, with ""CFA '23"" visible on one player's uniform."
75-0949,Corning Free Academy,1923,women's baseball team; corning free academy; 1923; sailor uniforms; black and white photograph,"A formal team portrait of the Corning Free Academy (CFA) women's baseball team from 1923, showing eight young women in sailor-style uniforms arranged in three rows against a dark studio backdrop, with ""CFA '23"" visible on one player's uniform."
75-0950,Baseball,,basketball team; corning free academy; vintage uniforms; gymnasium; black and white photograph; 1940s-1950s,"A black and white photograph of the Corning Free Academy basketball team posing in their uniforms numbered 26, 42, 60, 20, 62, and 24, with a coach and additional team members, taken in a gymnasium with ""Infantry"" and ""Air Corps"" signs visible on the brick wall behind them."
75-0950,Corning Free Academy,,basketball team; corning free academy; vintage uniforms; gymnasium; black and white photograph; 1940s-1950s,"A black and white photograph of the Corning Free Academy basketball team posing in their uniforms numbered 26, 42, 60, 20, 62, and 24, with a coach and additional team members, taken in a gymnasium with ""Infantry"" and ""Air Corps"" signs visible on the brick wall behind them."
75-0951,Isabel Walker Drake Family Photo,c.1900,,
75-0952,Isabel Walker Drake Family Photo,c.1900,,
75-0953,Isabel Walker Drake Family Photo,c.1900,bear; man; rope; early 1900s; black and white photograph,"A man in period clothing holds a rope attached to a large bear standing on its hind legs in an open field with utility poles visible in the background, circa 1900."
75-0954,Isabel Walker Drake Family Photo,c.1900,,
75-0955,Isabel Walker Drake Family Photo,c.1900,steamship; water; early 1900s; black and white photograph; waterfront,"A black and white photograph from circa 1900 showing a steamship on water, likely taken from a shoreline or dock in the Corning, NY area, associated with the Isabel Walker Drake Family collection."
75-0956,Isabel Walker Drake Family Photo,c.1900,family portrait; indoor scene; early 1900s; black and white photograph; domestic interior,"A black and white photograph from circa 1900 showing members of the Isabel Walker Drake family in an interior domestic setting, with figures positioned around furniture and wallpapered walls visible in the background."
75-0957,Isabel Walker Drake Family Photo,c.1900,family portrait; riverside landscape; early 1900s; child figure; rural settlement,"A circa 1900 photograph from the Isabel Walker Drake Family collection showing a child standing on a rocky riverbank with logs and water visible, with a hillside settlement and forested landscape in the background."
75-0958,Isabel Walker Drake Family Photo,c.1900,family portrait; park setting; early 1900s; bare trees; black and white photograph,"A circa 1900 photograph of the Isabel Walker Drake family seated in a park with bare trees, showing three figures in period clothing on a bench, with handwritten archive notation ""Dec 1 1"" visible in the upper right corner."
75-0959,Isabel Walker Drake Family Photo,c.1900,portrait; woman; stone building; early 1900s; black and white photograph,"A portrait of a woman from the Isabel Walker Drake Family, circa 1900, standing in front of a stone building wearing a dark dress, white collar, and wide-brimmed hat."
75-0960,Isabel Walker Drake Family Photo,c.1900,family gathering; early 1900s; outdoor scene; formal dress; circular photograph,"A circular black and white photograph from circa 1900 showing the Isabel Walker Drake family gathered outdoors under a decorative awning or canopy, with adults in formal attire and children present in what appears to be a social gathering or family event."
75-0961,Isabel Walker Drake Family Photo,c.1900,three women; early 1900s clothing; winter scene; black and white photograph; outdoor portrait,"A black and white photograph from circa 1900 showing three women wearing long dark coats and hats standing outdoors in a snowy winter landscape with bare trees and buildings visible in the background, identified as members of the Isabel Walker Drake family."
75-0962,Isabel Walker Drake Family Photo,c.1900,family portrait; early 1900s; residential setting; bare trees; black and white photograph,A black and white photograph from circa 1900 showing members of the Isabel Walker Drake family standing in front of a house with bare trees and wooden structures visible in the residential yard.
75-0963,Isabel Walker Drake Family Photo,c.1900,horse-drawn wagon; family portrait; turn-of-century; outdoor garden setting; black and white photograph,"A turn-of-the-century photograph showing the Isabel Walker Drake family posed on a horse-drawn wagon in a lush garden setting surrounded by dense foliage and trees, with a white picket fence visible in the foreground."
75-0964,Isabel Walker Drake Family Photo,c.1900,,
75-0965,Isabel Walker Drake Family Photo,c.1900,horse-drawn carriage; turn-of-the-century; family photograph; rural property; black and white photograph,"A circa 1900 photograph of the Isabel Walker Drake family showing two harnessed horses with a carriage on a tree-lined property, with buildings visible in the background."
75-0966,Isabel Walker Drake Family Photo,c.1900,family portrait; early 1900s; outdoor scene; bare trees; black and white photograph,"A black and white photograph from circa 1900 showing two people in period clothing standing outdoors near a utility pole with bare trees in the background, identified as the Isabel Walker Drake Family Photo from the Corning, NY local history archive."
75-0967,Isabel Walker Drake Family Photo,c.1900,,
75-0968,Isabel Walker Drake Family Photo,c.1900,family photograph; indoor scene; early 1900s; chalkboard; framed pictures on wall,"A bearded man in dark formal attire stands beside a young girl in a white dress who is writing or drawing on a chalkboard, with framed pictures visible on the wall behind them in this circa 1900 photograph of the Isabel Walker Drake family."
75-0969,Isabel Walker Drake Family Photo,c.1900,horse-drawn carriage; family portrait; early 1900s; downtown street; black and white photograph,"A circa 1900 photograph of the Isabel Walker Drake family posing with a horse-drawn carriage on a downtown street in Corning, NY, with multi-story commercial buildings visible in the background."
75-0970,Isabel Walker Drake Family Photo,c.1900,victorian mansion; horse-drawn carriage; early 1900s; black and white photograph; rural landscape,"A circa 1900 photograph showing two views of the Isabel Walker Drake family property in Corning, NY, featuring a prominent Victorian mansion with distinctive turrets, horse-drawn carriages, fenced grounds, and surrounding rural landscape with hills in the background."
75-0971,Isabel Walker Drake Family Photo,c.1900,family photograph; early 1900s; handwritten captions; domestic scenes; black and white,"A circa 1900 photograph from the Isabel Walker Drake Family collection showing two circular vignette images with handwritten labels—the left image labeled ""Cosing"" depicts a person near a building entrance, and the right image labeled ""Palmyra Thurs June"" shows figures in a garden setting."
75-0972,Isabel Walker Drake Family Photo,c.1900,family group; white dresses; early 1900s fashion; outdoor portrait; black and white photograph,"A black and white photograph from circa 1900 showing the Isabel Walker Drake family gathered outdoors in white Edwardian-era dresses and hats, posed in front of evergreen trees."
75-0973,Isabel Walker Drake Family Photo,c.1900,family gathering; turn-of-century; outdoor scene; horse-drawn carriage; trees,"A circa 1900 photograph from the Isabel Walker Drake Family collection showing multiple people gathered outdoors beneath large trees with a horse-drawn carriage visible in the foreground, documenting a family outing or social gathering from the Corning, NY area."
75-0974,Isabel Walker Drake Family Photo,c.1900,family portrait; turn-of-century clothing; brick building; urban street; black and white photograph,"A circa 1900 photograph of the Isabel Walker Drake family showing two people in period dress standing on a brick-lined urban street in Corning, NY, with a storefront visible in the background."
75-0975,Isabel Walker Drake Family Photo,c.1900,,
75-0976,Isabel Walker Drake Family Photo,c.1900,winter landscape; snow; woman; early 1900s; black and white photograph,"A woman in a dark coat stands in a snowy landscape with a small town and forested hills visible in the background, circa 1900, identified as part of the Isabel Walker Drake Family Photo collection from Corning, NY."
75-0977,Isabel Walker Drake Family Photo,c.1900,family gathering; outdoor recreation; waterfront; early 1900s; black and white photograph,"A circa 1900 photograph showing members of the Isabel Walker Drake family gathered on a beach or sandy area near a body of water with forested shoreline in the background, captured through a circular vignette lens."
75-0978,Corning Glass Center Buildings,1906,corning glass works; industrial factory; multiple smokestacks; brick buildings; black and white photograph,"This 1906 photograph shows the Corning Glass Works facility in Corning, New York, featuring multiple tall industrial smokestacks rising from brick factory buildings with numerous windows, surrounded by smaller structures and utility poles in the foreground."
75-0979,"Delaware, Lackawanna and Western Railroad Trainwreck, Gibson, N.Y. ",1912,train wreck; derailed locomotive; 1912; black and white photograph; wooded area,"A severely damaged Delaware, Lackawanna and Western Railroad locomotive lies derailed and overturned in a wooded area near Gibson, N.Y., with onlookers examining the wreckage in this 1912 photograph."
75-0981,"Delaware, Lackawanna and Western Railroad Trainwreck, Gibson, N.Y. ",1912,,
75-0982,"Delaware, Lackawanna and Western Railroad Trainwreck, Gibson, N.Y. ",1912,railroad wreck; train derailment; 1912; crowd of onlookers; black and white photograph,"This black and white photograph documents the Delaware, Lackawanna and Western Railroad trainwreck near Gibson, N.Y. in 1912, showing a derailed passenger car surrounded by debris and a large crowd of spectators gathered at the accident scene."
75-0994,Mr. & Mrs. Buck,,,
75-0995,Duraid Home,,,
75-0997,"Delaware, Lackawanna and Western Railroad Trainwreck, Gibson, N.Y. ",1912,,
75-1000,Barn-Raising,,,
75-1006,"Delaware, Lackawanna and Western Railroad Trainwreck, Gibson, N.Y. ",1912,railroad wreck; derailed train cars; 1912; wooded area; black and white photograph,"This photograph documents the 1912 Delaware, Lackawanna and Western Railroad trainwreck near Gibson, N.Y., showing severely damaged and derailed passenger cars twisted among debris in a forested setting."
75-1007,Christmas Scene,,,
75-1008,Crystal City Corps,,,
75-1009,Electric Company,1911,,
75-1010,Electric Company,1911,,
75-1011,Judson Badgley,1911,electric company workers; horse-drawn equipment; early 1900s infrastructure; corning ny; black and white photograph,"A 1911 black and white photograph showing Judson Badgley and Electric Company workers with horses and equipment on a tree-lined street in Corning, NY, documenting early electrical infrastructure installation or maintenance work."
75-1011,Electric Company,1911,electric company workers; horse-drawn equipment; early 1900s infrastructure; corning ny; black and white photograph,"A 1911 black and white photograph showing Judson Badgley and Electric Company workers with horses and equipment on a tree-lined street in Corning, NY, documenting early electrical infrastructure installation or maintenance work."
75-1013,Beegan Store,,,
75-1016,Baseball,1914,,
75-1016,Corning Free Academy,1914,,
75-1020,"Camp Brough, Virginia",1863,military camp; canvas tents; civil war era; bare trees; winter encampment,"This 1863 photograph shows Camp Brough in Virginia with multiple canvas military tents arranged in rows among bare winter trees, depicting a Civil War era military encampment."
75-1021,Construction,,construction site; wooden framework; workers; quarry or excavation; black and white photograph,"This black and white photograph shows a construction or quarry site in Corning, NY with multiple workers engaged in building activities, featuring wooden structural framing in the foreground, a small wooden building on an earthen slope, and various construction equipment and materials scattered throughout the work area."
75-1022,Construction,,construction work; brick masonry; underground excavation; black and white photograph; mid-20th century,"A black and white photograph showing a construction worker in an underground brick-lined excavation or basement area with wooden support beams and materials stored on shelves above, documenting construction or renovation work in Corning, NY."
75-1023,Construction,,construction site; steel beams; workers; industrial; black and white photograph,"A black and white photograph showing construction workers beneath large steel beams and structural elements at an industrial construction site, with riveted metal framework visible overhead and debris scattered on the ground."
75-1024,Construction,,excavation; stone walls; construction site; underground; sepia photograph,"This sepia-toned photograph shows an underground excavation or construction site with deep stone-lined walls and wooden support beams visible at the top, likely documenting foundation or utility work in Corning, NY."
75-1025,Construction,,construction site; reinforced concrete; workers; mid-20th century; black and white photograph,"A black and white photograph showing a construction site with workers laying reinforced concrete foundation or floor, with various construction equipment, machinery, and materials visible in the background against a forested landscape."
75-1027,"Caton, N.Y.",,,
75-1028,"Caton, N.Y.",,cemetery; church; bare trees; rural landscape; black and white photograph,"A winter or early spring scene of a cemetery in Caton, N.Y., featuring a white church with a steeple on the right, bare deciduous trees, gravestones and monuments, and evergreen trees in the background, with several figures visible among the graves."
75-1029,"Caton, N.Y.",,church exterior; group portrait; early 20th century; gothic window; formal gathering,"A large group of formally dressed men, women, and children pose in front of a white wooden church building with a distinctive pointed arch window in Caton, N.Y., in this black and white photograph from the early 1900s."
75-1030,"Caton, N.Y.",1967,aerial view; rural farmstead; agricultural buildings; 1967; black and white photograph,"An aerial photograph from 1967 showing a rural farmstead in Caton, N.Y., with multiple farm buildings including barns and houses arranged around a curved driveway, surrounded by fields and evergreen trees."
75-1032,Corning Glass Center Buildings,,,
75-1032,"Erie Railroad, Corning, N.Y. ",,,
75-1033,"Bridge Street, Corning, N.Y. (Duplicate photo to photo 75-1561)",,,
75-1034,"Fire Department, Corning, N.Y. ",,fire department; early automobile; vintage fire truck; corning new york; black and white photograph,"This black and white photograph shows two early fire department vehicles parked outside a brick fire station building in Corning, NY, with the front vehicle displaying the number ""2"" and featuring prominent headlights and mechanical equipment typical of early 20th-century fire apparatus."
75-1035,Corning Free Academy,1907,group portrait; women; early 1900s; indoor; black and white photograph,"A black and white photograph from 1907 showing a group of approximately thirteen women posed together indoors against a curtained backdrop, likely a class or organization photo from Corning Free Academy."
75-1036,Erie Avenue,,,
75-1037,Corning Free Academy,1916,formal group portrait; early 20th century fashion; wedding party; black and white photograph; studio portrait,"A formal 1916 black and white studio photograph of a wedding party from Corning Free Academy, showing approximately 25 people arranged in three rows, with the bride in a white gown and veil in the center-left, the groom in a dark suit seated in the front, and wedding guests in formal attire holding bouquets."
75-1039,Baseball,1909,baseball field; 1909; early 20th century; grainy photograph; rural landscape,"A black and white photograph from 1909 showing a baseball game in progress on a field with hills and trees visible in the background, capturing an early 1900s sporting scene in what appears to be the Corning, NY area."
75-1041,French's Saw Mill,,,
75-1045,Crooker Farm,1975,fallen logs; forest; woodland debris; black and white photograph; rural landscape,"A black and white photograph showing a wooded area at the Crooker Farm in Corning, NY with fallen logs scattered among trees and undergrowth, documenting the forest floor conditions in 1975."
75-1046,Crooker Farm,1975,wooden fence; forest; rural landscape; black and white photograph; 1975,"A black and white photograph from 1975 showing a wooden rail fence in a wooded area on the Crooker Farm in Corning, NY, with tall trees and leafy branches visible in the background."
75-1047,Crooker Farm,1975,stone wall; evergreen trees; rural landscape; black and white photograph; 1975,"A black and white photograph from 1975 showing a stacked stone wall at the Crooker Farm in Corning, NY, with evergreen trees and overgrown vegetation in the background."
75-1049,Automobiles,1913,early automobile; 1913; women passengers; formal attire; black and white photograph,"A black and white photograph from 1913 showing two women in formal dark clothing and hats seated in an open-air automobile decorated with American flags in Caton, New York."
75-1049,"Caton, N.Y.",1913,early automobile; 1913; women passengers; formal attire; black and white photograph,"A black and white photograph from 1913 showing two women in formal dark clothing and hats seated in an open-air automobile decorated with American flags in Caton, New York."
75-1055,"Caton, N.Y.",1930s,agricultural labor; hay threshing; rural barn; 1930s farm work; black and white photograph,"A 1930s photograph documenting agricultural workers engaged in hay threshing operations near a rural barn in Caton, New York, with multiple laborers positioned around hay bundles and farm equipment including a wagon wheel visible in the foreground."
75-1056,"Caton, N.Y.",1930s,work crew; overalls; 1930s; rural building; black and white photograph,"A group of men in work clothes and hats pose outside a simple wooden structure in Caton, N.Y. during the 1930s, likely documenting a labor or construction crew."
75-1057,Automobiles,1920's,1920s automobiles; rural setting; vintage vehicles; black and white photograph; caton ny,"A black and white photograph from the 1920s showing a vintage automobile with license plate 4972 parked in front of a rural house with a pitched roof in Caton, New York."
75-1057,"Caton, N.Y.",1920s,1920s automobiles; rural setting; vintage vehicles; black and white photograph; caton ny,"A black and white photograph from the 1920s showing a vintage automobile with license plate 4972 parked in front of a rural house with a pitched roof in Caton, New York."
75-1058,Elcor Dairy,c. 1930s,,
75-1059,"Caton, N.Y.",1920s,horse-drawn wagon; rural agriculture; 1920s; farming; black and white photograph,"A man in a hat operates a horse-drawn wagon with agricultural equipment in a rural field near Caton, N.Y., with forested hills visible in the background during the 1920s."
75-1060,"Caton, N.Y.",1920s,1920s automobile; men in suits; rural setting; black and white photograph; vintage vehicle,"A black and white photograph from the 1920s showing three men in suits and hats standing beside a period automobile in Caton, N.Y., with bare trees visible in the background."
75-1062,"Caton, N.Y.",1920s,horse-drawn wagon; rural road; 1920s; agricultural transport; black and white photograph,"A black and white photograph from the 1920s showing a horse-drawn wagon loaded with hay on a rural road in Caton, N.Y., with trees and open countryside visible in the background."
75-1064,"Caton, N.Y.",1940s,group portrait; wooden building; 1940s; caton ny; formal gathering,"A large formal group photograph from the 1940s showing approximately 50 people of various ages posed in front of a wooden-sided building with two chimneys in Caton, New York, with men in suits and women in period dresses arranged in multiple rows."
75-1065,Isabel Walker Drake Family Photo,1896,winter scene; snow; three women; period clothing; 1890s photograph,"A black and white photograph from 1896 showing three women of the Isabel Walker Drake family standing together on a snowy wooden boardwalk or bridge, wearing late Victorian-era clothing including long coats and hats typical of the period."
75-1066,Isabel Walker Drake Family Photo,1891,winter scene; woman in dark coat; snowy landscape; 1891; sepia photograph,"A woman from the Isabel Walker Drake family stands in a snowy winter landscape wearing a dark coat and hat, with rural buildings visible in the background, photographed in 1891."
75-1067,Isabel Walker Drake Family Photo,c.1900,horses; saddles; equestrian; early 1900s; sepia photograph,"A sepia-toned photograph from circa 1900 showing three saddled horses standing in an open field, likely documenting the Isabel Walker Drake family's equestrian activities in the Corning, New York area."
75-1068,"Caton, N.Y.",1903 & 1928,hay wagon; horse-drawn cart; barn; rural agriculture; black and white photograph; caton ny; early 1900s,"A composite archival photograph showing two images from Caton, N.Y. - the top image dated 1928 depicts workers loading hay onto a horse-drawn wagon, while the bottom image dated 1903 shows a large wooden barn structure, both documenting rural agricultural practices in early 20th-century upstate New York."
75-1069,"Caton, N.Y.",,rural road; rocky outcrop; dirt road; person standing; black and white photograph,"A black and white photograph showing a dirt road in Caton, N.Y. with a person standing on the right side and a large rocky cliff or quarry face visible on the left side of the road."
75-1070,Amil Bonsoph,,black and white photograph; group of men; outdoor construction or work site; mid-20th century; rural setting,"A black and white photograph showing a group of men at an outdoor work site, with one man in the foreground crouching and holding what appears to be a surveying or construction tool, while five other men stand in the background observing, likely from the mid-20th century in a rural area near Corning, NY."
75-1072,Floods,1937,flood damage; debris field; 1937 flood; corning ny; black and white photograph,"This black and white photograph documents flood damage at Jamney Creek in Corning, NY, showing extensive debris and wreckage scattered across the landscape following the 1937 flood, with handwritten captions identifying the location and date."
75-1073,"Caton, N.Y.",,horse-drawn wagon; rural landscape; hay wagon; black and white photograph; early 20th century,"A black and white photograph showing a horse-drawn hay wagon loaded with hay in a rural field near Caton, N.Y., with horses and farm equipment visible against an open landscape."
75-1074,Automobiles,,,
75-1074,"Caton, N.Y.",,,
75-1075,"Caton, N.Y.",1942,,
75-1076,"Caton, N.Y.",,,
75-1077,"Elm Street, South Corning, N.Y. ",,flood damage; debris field; residential building; black and white photograph; disaster aftermath,"A black and white photograph showing a house on Elm Street in South Corning, NY surrounded by extensive flood debris and rubble, with trees visible in the background, documenting the aftermath of a major flooding event."
75-1081,Corning Homes,,victorian house; patriotic bunting; black and white photograph; historic home; ivy-covered facade,"A Victorian-era residential home in Corning, NY decorated with patriotic bunting and draped flags, featuring distinctive architectural details including a turret, multiple gables, and ivy-covered walls."
75-1082,Lydia E. Ensworth,,portrait photograph; two men; formal attire; nineteenth century; black and white photograph,"A formal black and white portrait photograph of two men in nineteenth-century dress, with the man on the left wearing a bow tie and jacket, and the man on the right wearing a dark coat with decorative brooch, from the Corning, NY local history archive."
75-1083,Baseball,1911,,
75-1083,"Caton, N.Y.",1911,,
75-1083,Hiram Coles,1911,,
75-1083,Roscoe Cram,1911,,
75-1084,Baseball,1911,baseball team; caton ny; early 1900s; group portrait; black and white photograph,"A 1911 baseball team photograph from Caton, New York showing nine men in period clothing posed outdoors, with two seated players in baseball uniforms in the front and seven standing men in suits and hats behind them, likely including players Hiram Coles and Roscoe Cram."
75-1084,"Caton, N.Y.",1911,baseball team; caton ny; early 1900s; group portrait; black and white photograph,"A 1911 baseball team photograph from Caton, New York showing nine men in period clothing posed outdoors, with two seated players in baseball uniforms in the front and seven standing men in suits and hats behind them, likely including players Hiram Coles and Roscoe Cram."
75-1084,Hiram Coles,1911,baseball team; caton ny; early 1900s; group portrait; black and white photograph,"A 1911 baseball team photograph from Caton, New York showing nine men in period clothing posed outdoors, with two seated players in baseball uniforms in the front and seven standing men in suits and hats behind them, likely including players Hiram Coles and Roscoe Cram."
75-1084,Roscoe Cram,1911,baseball team; caton ny; early 1900s; group portrait; black and white photograph,"A 1911 baseball team photograph from Caton, New York showing nine men in period clothing posed outdoors, with two seated players in baseball uniforms in the front and seven standing men in suits and hats behind them, likely including players Hiram Coles and Roscoe Cram."
75-1085,Baseball,1911,black and white photograph; bears; wildlife; caton new york; 1911,"A black and white photograph from 1911 showing a mother bear and cubs in Caton, N.Y., with text visible at the bottom reading ""BEAR KIDS IN CATON N.Y. 1911."""
75-1085,"Caton, N.Y.",1911,black and white photograph; bears; wildlife; caton new york; 1911,"A black and white photograph from 1911 showing a mother bear and cubs in Caton, N.Y., with text visible at the bottom reading ""BEAR KIDS IN CATON N.Y. 1911."""
75-1086,"Carlton Hotel, Corning, N.Y.",,carlton hotel; corning ny; historic building; black and white photograph; early 20th century,"A black and white photograph showing the Carlton Hotel in Corning, New York, a distinctive Tudor-style building with characteristic half-timbered gables, surrounded by pedestrians and adjacent industrial or commercial structures with prominent chimneys."
75-1087,"Charles Street, Painted Post, N.Y. ",,,
75-1089,Corning Free Academy,,corning free academy; historic building; clock tower; victorian architecture; black and white photograph,"This black and white photograph shows the Corning Free Academy building in Corning, New York, a Victorian-era structure featuring distinctive architectural elements including multiple cupolas, a prominent clock tower, and ornate detailing, photographed during late fall or winter with bare trees visible in the foreground."
75-1090,Corning Free Academy,,corning free academy; group portrait; indoor event; mid-20th century; black and white photograph,"A black and white photograph showing a group of adults and children posed together indoors at what appears to be a Corning Free Academy event, with framed artwork and educational displays visible on the walls behind them."
75-1091,Dickinson House,,market street; dickinson house; corning new york; early 20th century; black and white photograph; historic downtown; streetcar; brick building,"A black and white photograph labeled ""Market Street, Showing Dickinson House, Corning, N.Y."" depicts a prominent four-story brick building with regular window patterns on Market Street, with a streetcar and pedestrians visible in the foreground and adjacent commercial buildings along the street."
75-1092,Corning Leader Building,,corning leader building; brick building; early 20th century architecture; downtown corning; black and white photograph,"The Evening Leader Building in Corning, New York, a three-story brick structure with classical architectural details, large multi-pane windows, and prominent signage reading ""EVENING LEADER"" and ""CORNING PRESS"" on its corner facade."
75-1093,Country Club,,country club; neoclassical architecture; columned building; rural landscape; black and white photograph,"A neoclassical white building with prominent columns and a triangular pediment, identified as the Country Club in Corning, N.Y., ""The Crystal City,"" sits in a landscaped setting with a curved driveway and forested hills in the background."
75-1094,Country Club,,country club; neoclassical architecture; columned building; landscaped grounds; black and white photograph,"A neoclassical-style country club building with prominent white columns, a triangular pediment, and manicured landscaping with white stones lining the grounds, photographed in black and white with forested hills visible in the background."
75-1095,Corning Glass Center Buildings,,corning glass works; industrial complex; factory buildings; black and white photograph; mid-20th century,"A black and white photograph showing the Corning Glass Works industrial complex with multiple factory buildings, tall smokestacks, and manufacturing facilities set against a hillside backdrop in Corning, NY."
75-1096,Corning Glass Center Buildings,,corning glass works; industrial factory; railroad tracks; black and white photograph; early 20th century,"This black and white photograph shows the Corning Glass Works facility in Corning, New York, featuring a large multi-story industrial building with numerous smokestacks, railroad tracks in the foreground, and surrounding factory structures, as identified by the visible caption ""Corning Glass Works, largest in the Country, Corning, N.Y."""
75-1098,"Denison Park, Corning, N.Y. ",,denison park; pagoda; park pathway; landscaped grounds; black and white photograph,"A black and white photograph of Denison Park in Corning, NY, showing a curved pathway leading toward a distinctive pagoda-style structure with an umbrella roof on the right, surrounded by manicured landscaping and trees."
75-1099,"Denison Park, Corning, N.Y. ",,denison park; corning new york; gazebo; historic park; black and white photograph,"This black and white photograph shows Denison Park in Corning, N.Y., featuring multiple gazebos and pavilions scattered throughout manicured grounds with trees, pathways, and a tower structure visible in the distance."
75-1101,Corning Glass Center Buildings,,corning glass works; industrial buildings; smokestacks; american flag; black and white photograph,"A black and white photograph showing the Corning Glass Works industrial complex with distinctive tall smokestacks, brick factory buildings, and an American flag prominently displayed in the foreground, representing early 20th-century industrial Corning, New York."
75-1105,"Denison Park, Corning, N.Y. ",,denison park; corning new york; black and white photograph; mid-20th century; street view,"A black and white photograph of Denison Park in Corning, NY showing a street view with an ""Ellis Estate"" storefront on the left, mature trees, period buildings, and vintage automobiles typical of the mid-20th century."
75-1106,"Northside, Corning, New York",,,
75-1114,"Centerway Bridge, Corning, N.Y. ",1972,centerway bridge; flooded river; corning new york; 1972 flood; black and white photograph,"This black and white photograph shows the Centerway Bridge in Corning, New York during the 1972 flood, with the river significantly swollen and overflowing beneath the multi-arch stone bridge structure."
75-1114,Floods,1972,centerway bridge; flooded river; corning new york; 1972 flood; black and white photograph,"This black and white photograph shows the Centerway Bridge in Corning, New York during the 1972 flood, with the river significantly swollen and overflowing beneath the multi-arch stone bridge structure."
75-1115,Corning Glass Works Floods,1972,flooded interior; chain-link fencing; industrial facility; mud and water damage; black and white photograph,"This black and white photograph documents flood damage inside what appears to be an industrial facility, showing mud-covered floors, chain-link fencing, metal gates, and various equipment partially submerged or covered in sediment from the 1972 Corning, NY flood."
75-1115,Floods,1972,flooded interior; chain-link fencing; industrial facility; mud and water damage; black and white photograph,"This black and white photograph documents flood damage inside what appears to be an industrial facility, showing mud-covered floors, chain-link fencing, metal gates, and various equipment partially submerged or covered in sediment from the 1972 Corning, NY flood."
75-1116,Corning Glass Works Floods,1972,flood damage; industrial facility; debris; water damage; black and white photograph,"This black and white photograph documents severe flood damage at the Corning Glass Works facility in 1972, showing destroyed equipment, scattered debris, and standing water throughout the industrial plant with damaged structures and machinery visible in the background."
75-1116,Floods,1972,flood damage; industrial facility; debris; water damage; black and white photograph,"This black and white photograph documents severe flood damage at the Corning Glass Works facility in 1972, showing destroyed equipment, scattered debris, and standing water throughout the industrial plant with damaged structures and machinery visible in the background."
75-1117,Corning Glass Works Floods,1972,flood damage; corning glass works; debris cleanup; industrial facility; black and white photograph,"This 1972 photograph shows the aftermath of flooding at the Corning Glass Works facility, with workers clearing mud and debris from the grounds in front of a large industrial building with distinctive architectural features."
75-1117,Floods,1972,flood damage; corning glass works; debris cleanup; industrial facility; black and white photograph,"This 1972 photograph shows the aftermath of flooding at the Corning Glass Works facility, with workers clearing mud and debris from the grounds in front of a large industrial building with distinctive architectural features."
75-1118,Floods,1972,aerial view; flooded landscape; 1972 flood; submerged buildings; black and white photograph,"An aerial black and white photograph showing extensive flooding in what appears to be a rural or semi-rural area near Corning, NY in 1972, with submerged buildings, trees, utility poles, and a vehicle visible amid the floodwaters."
75-1119,Floods,,flooded factory interior; industrial machinery; water damage; black and white photograph; mid-20th century,"A black and white photograph showing the interior of an industrial factory or manufacturing facility in Corning, NY completely flooded with water, with various machinery, electrical equipment, and overhead wiring visible throughout the damaged space."
75-1120,Corning Glass Works Floods,1972,flood damage; industrial facility; debris; corning glass works; black and white photograph,"This black and white photograph documents the interior of the Corning Glass Works facility following the 1972 flood, showing extensive debris, damaged machinery, twisted metal, and scattered equipment throughout the factory floor."
75-1120,Floods,1972,flood damage; industrial facility; debris; corning glass works; black and white photograph,"This black and white photograph documents the interior of the Corning Glass Works facility following the 1972 flood, showing extensive debris, damaged machinery, twisted metal, and scattered equipment throughout the factory floor."
75-1121,Bonady's Market,1972,bonady's produce market; flood damage; corning ny; black and white photograph; 1972 flood,"This black and white photograph shows Bonady's Produce Market in Corning, NY after the 1972 flood, with visible signage reading ""Fruits and Vegetables"" and ""Bonady's Produce Market Wholesale and Retail,"" displaying severe structural damage to the building's exterior and foundation."
75-1121,Floods,1972,bonady's produce market; flood damage; corning ny; black and white photograph; 1972 flood,"This black and white photograph shows Bonady's Produce Market in Corning, NY after the 1972 flood, with visible signage reading ""Fruits and Vegetables"" and ""Bonady's Produce Market Wholesale and Retail,"" displaying severe structural damage to the building's exterior and foundation."
75-1122,Floods,1972,flooded street; damaged buildings; 1970s automobiles; flood debris; black and white photograph,"A black and white photograph from 1972 showing flood damage in Corning, NY, with a partially submerged 1970s sedan in floodwaters, damaged residential and commercial buildings, overturned vehicles, and a visible sign reading ""CARS TRUCKS OPEN"" amid the destruction and debris."
75-1123,Floods,1972,flooded landscape; trees submerged; 1972 flood; black and white photograph; aerial view,"An aerial view of the 1972 Corning flood showing trees and vegetation partially submerged in floodwaters, with a forested hillside visible in the background."
75-1124,Floods,1972,flooded street; submerged vehicles; 1972 flood; corning ny; black and white photograph,"An aerial view of a flooded street in Corning, NY during the 1972 flood, showing multiple automobiles partially submerged in floodwaters with buildings visible in the background."
75-1125,Floods,1972,flooded residential neighborhood; submerged houses; 1970s automobile; black and white photograph; flood damage,"A black and white photograph documenting the 1972 flood in Corning, NY, showing residential houses with water reaching basement and first-floor windows, a partially submerged 1970s station wagon in the foreground, and utility poles amid the floodwaters."
75-1126,Floods,1972,flood damage; residential building; debris; black and white photograph; 1972 disaster,"A black and white photograph showing a white-sided residential structure with visible flood damage, surrounded by scattered debris and tangled electrical wires, documenting the aftermath of the 1972 flood in Corning, NY."
75-1127,Floods,1972,flood damage; tastee-freez restaurant; debris; 1972 disaster; black and white photograph,"A damaged Tastee-Freez restaurant in Corning, NY surrounded by flood debris and wreckage, with a person standing in the foreground, documenting the destruction from the 1972 flood."
75-1128,Floods,1972,flooded street; utility poles; debris; bare trees; black and white photograph,"A black and white photograph documenting severe flooding in Corning, NY during 1972, showing a completely submerged street with utility poles, scattered debris and logs in the floodwaters, bare trees lining the road, and buildings partially visible in the background."
75-1129,Floods,1972,flooded river; steel bridge; 1972 flood; corning ny; black and white photograph,"A steel truss bridge spans a swollen river during the 1972 flood in Corning, New York, with water submerging the surrounding landscape and hills visible in the misty background."
75-1130,Floods,1972,flooded river; metal bridge; 1972 flood; trees; black and white photograph,"This black and white photograph documents the 1972 Corning flood, showing a metal truss bridge partially submerged in floodwaters with trees visible along the riverbank and in the background."
75-1131,Floods,1972,flood damage; destroyed building; debris; forest; black and white photograph,"A severely damaged structure lies collapsed among scattered debris and rocks in a forested area, documenting destruction from the 1972 flood that affected Corning, NY."
75-1132,Floods,1972,flooded residential area; brick buildings; floodwaters; 1972 flood; black and white photograph,"This black and white photograph documents severe flooding in Corning, NY during the 1972 flood event, showing brick residential buildings partially submerged in floodwaters with reflections visible on the water's surface."
75-1133,Floods,1972,flood damage; destroyed building; debris; black and white photograph; 1972,"A black and white photograph documenting flood damage in Corning, NY from 1972, showing a partially destroyed structure with debris scattered in the foreground and a large expanse of floodwater or mud covering the landscape."
75-1134,Floods,1972,flood damage; residential structure; mud and debris; black and white photograph; 1972,"A 1972 photograph showing a flood-damaged residential building in Corning, NY with mud and debris surrounding the structure, a partially submerged entrance, and visible water damage to the foundation and lower levels of the house."
75-1135,Floods,1972,flood damage; destroyed building; 1972 flood; corning ny; black and white photograph,"A two-story white wooden building in Corning, NY lies severely damaged with collapsed structures and debris scattered around it, documenting the destruction from the 1972 flood."
75-1136,Floods,1972,flood damage; debris; residential area; 1972 flood; black and white photograph,"This black and white photograph documents flood damage in Corning, NY from 1972, showing residential buildings surrounded by scattered logs, debris, and sand deposits left by floodwaters, with damaged structures and uprooted trees visible throughout the affected area."
75-1137,Floods,1972,flooded area; industrial buildings; 1972 flood; black and white photograph; debris and water damage,"A black and white photograph documenting flood damage in Corning, NY from 1972, showing industrial structures partially submerged in floodwater with debris-covered ground in the foreground and damaged buildings visible in the background."
75-1138,Floods,1972,flooded buildings; 1972 flood; residential structures; black and white photograph; water damage,"A black and white photograph documenting the 1972 flood in Corning, NY, showing residential buildings partially submerged in floodwater with trees and utility poles visible in the background."
75-1139,Floods,1972,flooded building; milkshakes bar-b-os; flood damage; 1972; black and white photograph,"A damaged milkshake and barbecue restaurant with a visible rooftop sign reading ""MILKSHAKES BAR-B-QS"" stands amid flood debris and mud, with a person standing in front of the structure during the 1972 Corning flood."
75-1140,Floods,1972,flooded street; debris; 1970s automobiles; downtown corning; black and white photograph,"This black and white photograph documents the 1972 flood in Corning, NY, showing a flooded downtown street lined with commercial buildings, stranded vehicles partially submerged in water, and scattered debris and wreckage in the foreground."
75-1141,Floods,1972,flooded valley; aerial view; 1972 flood; submerged buildings; black and white photograph,"An aerial black and white photograph showing extensive flooding in a valley near Corning, NY in 1972, with partially submerged buildings, a water tower, and surrounding hillsides inundated by floodwaters."
75-1142,Floods,1972,flooded riverfront; metal bridge; submerged structures; black and white photograph; 1972 flood damage,"A black and white photograph documenting the 1972 flood in Corning, NY, showing a swollen river with submerged buildings and structures, a metal truss bridge in the background, and a warning sign in the foreground marking the flood-affected area."
75-1143,Floods,1972,flooded street; rescue boat; water depth marker; utility poles; black and white photograph,"A black and white photograph from the 1972 Corning, NY floods showing rescue personnel in a boat navigating a deeply flooded residential street with a visible water depth marker reading ""30"" on the right side."
75-1144,Floods,1972,flood damage; corrugated metal building; debris; 1972 flood; black and white photograph,"This black and white photograph documents flood damage to a corrugated metal industrial or commercial building in Corning, NY, showing debris piled against an open doorway and window, with vegetation visible on either side, from the 1972 flood event."
75-1145,Floods,,flooded landscape; industrial building; debris; mountains; black and white photograph,"A black and white photograph showing a long industrial or warehouse building surrounded by floodwaters with debris scattered in the foreground, mountains visible in the background, and a large tree on the right side of the structure."
75-1146,Floods,,flooded farmyard; livestock in water; rural buildings; black and white photograph; flood damage,"A black and white photograph showing a flooded rural farmyard in Corning, NY with cattle standing in floodwaters, wooden fences partially submerged, farm buildings and trees visible in the background during what appears to be a significant flood event."
75-1147,Floods,,flooded street; large trees; residential buildings; debris; black and white photograph,"A black and white photograph showing a flooded street in Corning, NY with large trees, residential structures including a white house, scattered debris and logs in the water, and a street sign visible on the left, documenting flood damage in the area."
75-1148,Floods,,flooded street; utility poles; debris; black and white photograph; corning ny,"A black and white photograph showing a flooded street in Corning, NY with utility poles partially submerged in water, debris floating on the surface, and buildings visible in the background along a tree-lined avenue during a flood event."
75-1149,Floods,,flooded residential area; railroad tracks; rural buildings; hillside landscape; black and white photograph,"A black and white photograph showing a flooded rural community in Corning, NY with residential buildings partially submerged in water, railroad tracks in the foreground, utility poles, and a hillside in the background, documenting flood damage to the area."
75-1150,Floods,,,
75-1151,Floods,,flood damage; riverside structure; debris; black and white photograph; rural buildings,"A black and white photograph showing flood damage along a riverbank in Corning, NY, with debris and damaged structures visible near the water's edge, including a building on elevated ground and scattered wreckage from flood waters."
75-1152,Floods,,flood damage; collapsed bridge; wooden structure; rural property; black and white photograph,"A black and white photograph showing a wooden bridge that has collapsed into a stream during flooding, with a brick foundation visible on the left and a wooden house with a porch visible in the background among trees."
75-1153,Floods,,flooded street; bare trees; vintage automobile; utility poles; black and white photograph,"A black and white photograph showing a flooded street in Corning, NY with a vintage automobile driving through standing water, lined by bare trees and utility poles along the roadside."
75-1154,Floods,,flooded street; 1930s-1940s automobiles; brick buildings; downtown corning; black and white photograph,"A black and white photograph showing a flooded street in downtown Corning, NY with vintage automobiles navigating through standing water, brick buildings lining the street, and pedestrians visible along the storefronts."
75-1155,Floods,,flood damage; residential street; utility poles; debris; black and white photograph,"A black and white photograph showing a Corning, NY residential street devastated by flooding, with mud and debris covering the road, damaged buildings on either side, utility poles, and scattered wreckage from the flood event."
75-1156,Floods,,flooded street; vintage automobile; brick buildings; downtown corning; black and white photograph,"A black and white photograph showing a flooded downtown Corning street with a 1930s-era automobile parked near brick commercial buildings, including a visible ""Used Cars"" sign, with utility poles and a traffic light visible in the scene."
75-1157,Floods,,flooded street; 1930s automobiles; utility poles; disaster; black and white photograph,"A black and white photograph showing a flooded rural road in Corning, NY with vintage 1930s trucks partially submerged in water, utility poles visible in the background, and people standing near the vehicles during what appears to be a major flood event."
75-1158,Floods,,flooded street; residential buildings; trees; black and white photograph; early 20th century,"A black and white photograph showing a flooded residential street in Corning, NY with water covering the road, Victorian-era houses on the right side, bare trees lining the street, and utility poles visible in the distance."
75-1161,Chemung River ,,chemung river; gibson bridge; corning new york; river valley; forested hillside; black and white photograph,"A black and white photograph labeled ""Chemung River from Gibson Bridge, Corning, N.Y."" showing the river viewed from the bridge with steep forested hillsides, exposed rock outcroppings, utility poles, and early 20th-century infrastructure along the riverbank."
75-1164,"Business Square, Painted Post, N.Y. ",,business square; painted post; early 20th century; downtown street; black and white photograph,"This historical photograph shows the Business Square and Indian Monument in Painted Post, New York, featuring brick commercial buildings lining an unpaved street with horse-drawn wagons, utility poles, and a monument visible in the distance."
75-1165,Conservatory of Music,,corning opera house; conservatory of music; brick building; historic architecture; black and white photograph,"This black and white photograph shows the Corning Opera House and Conservatory of Music in Corning, New York, a multi-story brick building with distinctive architectural features including a central tower, arched windows, crenellated parapets, and ground-level storefronts labeled ""Opera House"" and ""Opera House Pharmacy."""
75-1167,"Erie Railroad, Corning, N.Y. ",,erie railroad station; corning new york; early 20th century; brick buildings; black and white photograph,"This historical photograph shows the Erie Railroad Station and St. James Hotel in Corning, New York, with pedestrians gathered outside the station building, utility poles, and multi-story brick structures characteristic of early 20th-century railroad architecture."
75-1168,"Corning, New York",,bird's eye view; corning new york; river landscape; historic town; black and white photograph,"A bird's eye view of Corning, New York taken from Gibson showing the town nestled in a river valley with mountains in the background, residential and industrial buildings scattered across the landscape, and a wooden structure visible in the foreground."
75-1173,"City Club, Corning, N.Y., Officers & Board",c. 1900,,
75-1174,Rev. P. R. Allen,1900,portrait; church building; clergy; corning new york; early 1900s,"A circa 1900 commemorative photograph featuring Rev. P.R. Allen, Pastor of the First Congregational Church in Corning, NY, with an architectural illustration of the church building displayed on the left side of the composition."
75-1174,First Congregational Church,c. 1900,portrait; church building; clergy; corning new york; early 1900s,"A circa 1900 commemorative photograph featuring Rev. P.R. Allen, Pastor of the First Congregational Church in Corning, NY, with an architectural illustration of the church building displayed on the left side of the composition."
75-1175,Corning Free Academy,c. 1900,corning free academy; football team; group portrait; early 1900s; black and white photograph,"The Corning Free Academy Foot Ball Team, circa 1900, shows a formal group portrait of approximately 25 players and staff members with identified names including Drake, Newson, O'Connell, Tuthill, Hillman, Harris, Saxton, Winchester, Parr, Bernard, Haselbauer, Clark, S.B. Maltby, and Tobias."
75-1175,Football,c. 1900,corning free academy; football team; group portrait; early 1900s; black and white photograph,"The Corning Free Academy Foot Ball Team, circa 1900, shows a formal group portrait of approximately 25 players and staff members with identified names including Drake, Newson, O'Connell, Tuthill, Hillman, Harris, Saxton, Winchester, Parr, Bernard, Haselbauer, Clark, S.B. Maltby, and Tobias."
75-1176,Baseball,1900,baseball team; corning base ball club; 1895; group portrait; vintage uniforms,"A formal team photograph of the Corning Base Ball Club from 1895 showing eleven players in uniforms labeled ""CORNING,"" with identified players including Murtaugh, Whitehead, Boyle, Cobb, Friel, Crosby, Mahoney, Goodall, Harmon, and Clark arranged in two rows."
75-1176,Corning Baseball Club,1895,baseball team; corning base ball club; 1895; group portrait; vintage uniforms,"A formal team photograph of the Corning Base Ball Club from 1895 showing eleven players in uniforms labeled ""CORNING,"" with identified players including Murtaugh, Whitehead, Boyle, Cobb, Friel, Crosby, Mahoney, Goodall, Harmon, and Clark arranged in two rows."
75-1177,Alliance Hook & Ladder Co.,1900,,
75-1179,Samuel S. Denton,c. 1900,,
75-1181,J. A. Drake,c.1900,,
75-1184,C. G. Cole,c. 1900,,
75-1186,Arthur C. Arthur,1900,portrait photograph; elmira telegrams; prominent people; early 1900s; black and white,"A portrait from ""The Elmira Telegrams Picture Gallery of Prominent People"" featuring Arthur C. Arthur of Corning, N.Y., identified as the popular manager of the ""Crystal City"" Opera House, circa 1900."
75-1187,George W. Drake,c.1900,portrait photograph; picture gallery; prominent people; corning new york; early 1900s,"A formal portrait from a ""Picture Gallery of Prominent People"" featuring George W. Drake, who was nominated for Postmaster of Corning, N.Y., shown as a well-dressed man with a distinctive mustache in an ornate oval frame with decorative botanical elements."
75-1188,Franklin Drake,c.1900,portrait; engraving; memorial; corning new york; circa 1900,"An engraved memorial portrait of Franklin N. Drake of Corning, N.Y., presented in an oval frame with decorative floral elements and ornamental scrollwork, showing a bearded man in formal attire with a bow tie."
75-1190,Samuel S. Denton,c. 1900,portrait photograph; man; mustache; formal attire; early 1900s,"A formal black and white portrait photograph of Samuel S. Denton in profile, wearing a suit and tie, with a distinctive mustache, framed in an ornate oval mat with decorative floral border and caption reading ""The Late Samuel S. Denton"" at the bottom."
75-1194,Clark Edwin English,c. 1900,portrait photograph; man with beard; formal attire; bow tie; black and white photograph,"A formal portrait of Edwin Clark English, identified as a Corning Attorney at Law and Civil War veteran who died in Corning on Sunday night at age 73 years, wearing a dark suit jacket and bow tie."
75-1195,Alliance Hook & Ladder Co.,1900,,
75-1196,Alliance Hook & Ladder Co.,1900,fire department; brass band; stone building; group portrait; 1900s,"A formal group photograph of the Alliance Hook & Ladder Co. fire department band posed with their instruments in front of a stone firehouse with a large arched entrance in Corning, NY, circa 1900."
75-1197,Crystal City Lodge,c. 1900,group portrait; interior; men in suits; early 1900s; black and white photograph,"A formal group photograph of approximately 25 men in dark suits posed in the interior of Crystal City Lodge, Number 343, Knights of Pythias of Corning, N.Y., circa 1900."
75-1202,Isabel Walker Drake Family Photo,c.1900,family photograph; children playing; swing; early 1900s; black and white photograph,"A black and white photograph from circa 1900 showing three children on a swing suspended from a wooden frame structure, with a body of water visible in the background, identified as part of the Isabel Walker Drake Family Photo collection from Corning, NY."
75-1203,Isabel Walker Drake Family Photo,c.1900,family portrait; children; early 1900s; black and white photograph; outdoor setting,"A black and white photograph from circa 1900 showing three children of the Isabel Walker Drake family posed outdoors against a dark backdrop, with a young child in the center near a bucket and two older children standing on either side."
75-1204,Isabel Walker Drake Family Photo,c.1900,family portrait; porch; early 1900s; black and white photograph; domestic scene,"A circa 1900 black and white photograph showing a woman in a white dress seated on a porch with ivy-covered lattice work and decorative railings, flanked by partial views of two other figures, from the Isabel Walker Drake Family collection."
75-1206,Isabel Walker Drake Family Photo,c.1900,child; outdoor setting; early 1900s; black and white photograph; family portrait,"A young child from the Isabel Walker Drake family stands outdoors among rocks and fallen logs in a natural wooded setting, circa 1900."
75-1207,Isabel Walker Drake Family Photo,c.1900,family portrait; horseback riding; early 1900s; outdoor scene; black and white photograph,"A circa 1900 photograph showing members of the Isabel Walker Drake family posing with a horse in an open field, with trees visible in the background."
75-1208,Isabel Walker Drake Family Photo,c.1900,family group; turn-of-the-century clothing; rural settlement; dirt road; black and white photograph,"A circa 1900 photograph showing the Isabel Walker Drake family posed in a dirt road in front of a building marked ""Cortell & Stever"" with rural structures and trees visible in the background."
75-1209,Isabel Walker Drake Family Photo,c.1900,steamship; waterfront; early 1900s; black and white photograph; foggy conditions,"A black and white photograph showing a steamship on water in foggy conditions, circa 1900, with industrial waterfront structures visible in the background, cataloged as part of the Isabel Walker Drake Family Photo collection in the Corning, NY local history archive."
75-1210,Isabel Walker Drake Family Photo,c.1900,sailboat; waterfront; early 1900s; dock; black and white photograph,"A black and white photograph from circa 1900 showing the Isabel Walker Drake family aboard a sailboat docked at a waterfront pier in Corning, NY, with wooden buildings and structures visible along the shoreline."
75-1211,Isabel Walker Drake Family Photo,c.1900,family swimming; waterfront; early 1900s; black and white photograph; recreational bathing,"A circa 1900 black and white photograph showing members of the Isabel Walker Drake family swimming and wading in a river or waterway, with wooded banks, residential buildings, and a dock visible in the background."
75-1212,Isabel Walker Drake Family Photo,c.1900,swimming; water recreation; early 1900s; family gathering; black and white photograph,"A circa 1900 black and white photograph showing multiple people swimming in a body of water with forested shoreline in the background, likely documenting a recreational outing by the Isabel Walker Drake family in the Corning, NY area."
75-1213,Isabel Walker Drake Family Photo,c.1900,swimming; lake; early 1900s; family group; black and white photograph,"A black and white photograph from circa 1900 showing the Isabel Walker Drake family swimming in a lake with forested shoreline in the background, with an archival reference number ""14"" visible at the bottom of the image."
75-1214,Isabel Walker Drake Family Photo,c.1900,family bathing; lakeside; boathouse; early 1900s; black and white photograph,"A black and white photograph showing members of the Isabel Walker Drake family wading in water near a boathouse structure circa 1900, with the archive reference number 15 visible at the bottom of the image."
75-1215,Isabel Walker Drake Family Photo,c.1900,swimming; waterfront; early 1900s; family recreation; black and white photograph,"A black and white photograph from circa 1900 showing members of the Isabel Walker Drake family swimming in water near a white wooden boathouse with a latticed door, with hills visible in the background and an archival reference number ""16"" visible at the bottom of the image."
75-1216,Isabel Walker Drake Family Photo,c.1900,family photograph; outdoor gathering; wooded setting; early 1900s; black and white photograph,"A composite photograph showing multiple scenes from circa 1900 featuring members of the Isabel Walker Drake family in outdoor settings, including water activities and a wooded park or camp area with several people visible among tall trees."
75-1217,Isabel Walker Drake Family Photo,c.1900,horse-drawn carriage; rural road; early 1900s; black and white photograph; family scene,"Two scenes from circa 1900 showing members of the Isabel Walker Drake family with horses—the upper image depicts a horse-drawn wagon on a tree-lined road, while the lower image shows women in period dress with a saddled horse near an ivy-covered building."
75-1218,Isabel Walker Drake Family Photo,c.1900,family portrait; horse; victorian estate; ivy-covered buildings; black and white photograph,"A composite photograph showing the Isabel Walker Drake family circa 1900, with the upper image depicting two women in white dresses with a saddled horse in a manicured garden setting, and the lower image showing a Victorian mansion with turrets and ivy-covered walls surrounded by fencing, trees, and figures on horseback."
75-1219,Isabel Walker Drake Family Photo,c.1900,horse-drawn carriage; rural road; early 1900s; black and white photograph; trees and landscape,"A turn-of-the-century photograph showing a person in a horse-drawn carriage on a rural road lined with trees, with what appears to be a building or structure visible on the right side of the image."
75-1220,Isabel Walker Drake Family Photo,c.1900,family photograph; rural landscape; wooded area; early 1900s; black and white photograph,"A circa 1900 photograph from the Isabel Walker Drake Family collection showing a rural wooded landscape with trees and a dirt path, with handwritten notation ""D. Kes Campion"" visible in the upper right corner and archival reference number ""22"" marked on the mounting."
75-1221,Isabel Walker Drake Family Photo,c.1900,family portrait; lakeside; wooden dock; early 1900s; black and white photograph,"Two figures, likely members of the Isabel Walker Drake family, stand on a wooden dock or pier overlooking a calm lake with forested shoreline in the background, circa 1900."
75-1222,Isabel Walker Drake Family Photo,c.1900,family portrait; early 1900s; waterfront; black and white photograph; children,"A black and white photograph from circa 1900 showing two children on a wooden deck or pier overlooking water, with the archive reference number 24 visible on the left side, identified as part of the Isabel Walker Drake Family Photo collection from Corning, NY."
75-1223,Isabel Walker Drake Family Photo,c.1900,family group; waterfront; early 1900s; black and white photograph; steamboat,"The Isabel Walker Drake family is photographed on a boat or dock overlooking a waterway, with a steamboat visible in the distance emitting smoke, circa 1900."
75-1224,Isabel Walker Drake Family Photo,c.1900,family portrait; child; early 1900s; black and white photograph; outdoor setting,"A young child from the Isabel Walker Drake family, circa 1900, stands on a wooden dock or pier wearing a white dress and wide-brimmed hat, holding what appears to be a parasol, with a steamboat visible in the background on the water."
75-1225,Isabel Walker Drake Family Photo,c.1900,horse-drawn carriage; family portrait; turn-of-century clothing; outdoor scene; black and white photograph,"A black and white photograph from circa 1900 showing members of the Isabel Walker Drake family seated in a horse-drawn carriage with a driver, surrounded by trees in what appears to be a rural or park setting in Corning, NY."
75-1226,Isabel Walker Drake Family Photo,c.1900,horse-drawn cart; rural landscape; early 1900s; black and white photograph; family scene,A black and white photograph from circa 1900 showing members of the Isabel Walker Drake family with a horse-drawn cart in a rural setting with trees and open fields.
75-1227,Isabel Walker Drake Family Photo,c.1900,equestrian; horse and rider; outdoor portrait; early 1900s; black and white photograph,"A black and white photograph from circa 1900 showing a person mounted on a horse in an open landscape with trees, likely depicting a member of the Isabel Walker Drake family during an equestrian outing in the Corning, NY area."
75-1228,Isabel Walker Drake Family Photo,c.1900,horse-drawn cart; rural scene; early 1900s; black and white photograph; wooden wagon,"A black and white photograph from circa 1900 showing a horse-drawn cart with a large wooden wheel in a rural setting with trees in the background, with archive reference number 30 visible on the left side of the image."
75-1229,Isabel Walker Drake Family Photo,c.1900,family portrait; wicker chair; early 1900s; outdoor setting; black and white photograph,"A black and white photograph from circa 1900 showing a woman and child seated together on a wicker chair outdoors, identified as members of the Isabel Walker Drake family from Corning, NY."
75-1230,Isabel Walker Drake Family Photo,c.1900,black and white photograph; person; water; wooden posts; early 1900s,"A black and white photograph showing a person in water near wooden pilings or posts, with a white building visible on the left side and hills in the background, dated circa 1900 and identified as part of the Isabel Walker Drake Family Photo collection from Corning, NY (archive ID 75-1230)."
75-1231,Isabel Walker Drake Family Photo,c.1900,black and white photograph; figure in winter landscape; wooden posts; early 1900s; archival image,"A grainy black and white photograph from circa 1900 showing a solitary figure standing in a snowy landscape surrounded by wooden posts and a chair, with what appears to be a building structure visible on the left side of the frame."
75-1232,Isabel Walker Drake Family Photo,c.1900,family portrait; early 1900s; women and children; outdoor setting; white clothing,"A black and white photograph from circa 1900 showing the Isabel Walker Drake family posed outdoors among trees, with six figures wearing white clothing arranged in a formal group portrait."
75-1233,Isabel Walker Drake Family Photo,c.1900,family portrait; indoor setting; early 1900s; black and white photograph; Isabel Walker Drake,"A black and white photograph from circa 1900 showing members of the Isabel Walker Drake family gathered indoors, with visible archive reference number 35 on the left side of the image."
75-1234,Isabel Walker Drake Family Photo,c.1900,family portrait; early 1900s; black and white photograph; indoor setting; children,"A circa 1900 black and white photograph from the Isabel Walker Drake Family collection showing figures in light-colored clothing in an interior domestic setting, viewed through what appears to be a window or doorway frame."
75-1235,Elmira-Corning-Waverly Railroad,,railroad timetable; elmira corning waverly railway; employee schedule; corning division; black and white photograph,"An employee time table for the Elmira Corning & Waverly Railway's Corning Division showing westbound and eastbound train schedules with station stops including Elmira, Clarks Glen, Barnetts, Sing Sing, Big Flats, East Corning, Browntop, and Corning, effective October 1, 1936."
75-1236,Elmira-Corning-Waverly Railroad,,railroad map; elmira corning waverly railway; signal diagram; 1916; black and white,"A railroad signal map from the Elmira, Corning & Waverly Railway and Connecting Lines dated September 22, 1916, showing the route between Wellsburg and Waverly with signal locations marked, where even numbers denote East Bound signals and odd numbers denote West Bound signals."
75-1237,Elmira-Corning-Waverly Railroad,,map; railroad; elmira; black and white; historical cartography,"A historical map showing the Elmira-Corning-Waverly Railroad route with labeled locations including Horseheads, Elmira, Islano, Bowman, and Wellsburg, featuring railroad lines, roads, and geographical features in black and white."
75-1238,Elmira-Corning-Waverly Railroad,,railroad map; elmira-corning-waverly railroad; painted post; big flats; horseheads; black and white photograph,"A historical railroad route map showing the Elmira-Corning-Waverly Railroad line with labeled stations including Corning, Painted Post, Big Flats, and Horseheads, depicted with railroad ties and connecting lines on a dark background."
75-1239,Canal Revenue Certificate,1867,canal revenue certificate; state of new york; 1867; financial document; engraved certificate,"A Canal Revenue Certificate from the State of New York dated January 5th, 1867, issued by the Canal Department for a loan of one hundred dollars at six percent per annum, featuring ornamental engravings, portraits of historical figures on either side, and handwritten details including the certificate number 1067."
75-1241,Advertisements,1892,vintage advertisement; santa claus; holiday merchandise; 1892; corning new york,"An 1892 holiday advertisement for J. B. Collins & Co. in Corning, N.Y. features a large illustration of Santa Claus's face with the text ""Wake up, Santa Claus, or there will be nothing left for you to do,"" promoting their elegant and appropriate holiday gift stock at their East Market Street location."
75-1242,Advertisements,,vintage advertisement; C.S. Hood & Co.; Cheerful Home furnace; Corning New York; black and white photograph,"A vintage advertisement for C.S. Hood & Co., manufacturers of the ""Cheerful Home"" plate steel warm air furnace, located in Corning, New York."
75-1243,Advertisements,,steel dome stove; heating equipment; vintage advertisement; black and white; early 1900s,"A vintage advertisement for a ""Steel Dome"" heating stove manufactured by I. A. Starn, a Practical Heating & Ventilating Engineer in Corning, N.Y., showing a detailed technical illustration of the stove with labeled components including smoke pipe, water pan, and cold air intake."
75-1246,"Denison Park, Corning, N.Y. ",,denison park; winter landscape; snow; bare trees; gazebo; bridge; black and white photograph,"A winter scene of Denison Park in Corning, New York, showing snow-covered grounds with bare trees, a gazebo structure, a bridge crossing what appears to be a frozen stream or pond, and a tall tower or observation structure in the background."
75-1247,"Denison Park, Corning, N.Y. ",,denison park; poplar trees; pond; gazebo; black and white photograph,"A serene view of Denison Park in Corning, NY, showing a pond lined with tall poplar trees and a gazebo structure visible in the background, captured in this black and white historical photograph."
75-1252,"Caton, N.Y.",1861,handwritten document; 1861; financial record; cursive script; historical letter,"A handwritten document dated 1861 from the Town of Caton requesting payment to Silas B. Rhodes for clerk services, totaling $6.00, with the document signed and dated October 6th, 1861."
75-1253,"Caton, N.Y.",,church building; bare trees; winter landscape; black and white photograph; caton ny,"A black and white photograph showing a white wooden church building in Caton, N.Y., framed by bare deciduous trees in winter, with a graveyard visible to the left of the structure."
75-1254,"Caton, N.Y.",,historic house; two-story residence; wraparound porch; early 20th century; black and white photograph,"A two-story white wooden house with a distinctive wraparound porch and curved roofline in Caton, N.Y., with three people standing on the front porch and landscaping visible in the foreground."
75-1255,"Caton, N.Y.",,aerial view; rural landscape; forested hills; farmland; black and white photograph,"An aerial black and white photograph showing the Caton, N.Y. area with scattered farmhouses and buildings nestled among dense forests and rolling hills, with cultivated fields visible in the foreground and a reference number ""56"" marked on the left edge."
75-1256,Bowers Creamery,1945,rural dairy facility; brick building with chimney; rolling hills; wooden fence; black and white photograph; 1945,"This black and white photograph dated May 8, 1945, shows the Bowers Creamery in Caton, N.Y., featuring a brick industrial building with a tall chimney set in a rural landscape with rolling hills, bare trees, and wooden fencing in the foreground."
75-1256,"Caton, N.Y.",,rural dairy facility; brick building with chimney; rolling hills; wooden fence; black and white photograph; 1945,"This black and white photograph dated May 8, 1945, shows the Bowers Creamery in Caton, N.Y., featuring a brick industrial building with a tall chimney set in a rural landscape with rolling hills, bare trees, and wooden fencing in the foreground."
75-1257,"Caton, N.Y.",,group portrait; children; early 20th century; building exterior; black and white photograph,"A black and white photograph showing a group of approximately fifteen children and adults posed outside a building with shuttered windows in Caton, N.Y., likely from the early 1900s, with archive reference number 58 visible on the left side."
75-1258,"Caton, N.Y.",,handwritten list; names; archival document; black and white photograph; historical record,"A handwritten list of names including Clarence Stanton, Harry Maley, George Eldred, Liston Larrison, Ruth Larrison, Kitty Dickey, Floyd Richardson, Ray Eldred, Jessie Bow, Archie Goodrich, Laura Littlefield, Rena Gramps, Nettie Harvey, Edith Giles, Howard Grunks, Ruth Barnard, Mattie Barnard, Rachel Stanton, and Minnie Dodge Teacher, with the number 59 at the bottom, likely a roster or attendance record from Caton, New York."
75-1259,"Caton, N.Y.",1954,residential house; caton ny; 1954; black and white photograph; ivy-covered walls,"A black and white photograph from 1954 showing a two-story residential house in Caton, New York, with ivy-covered walls in the foreground, multiple windows, a chimney, and surrounding vegetation, with an archival reference number ""60"" visible on the right edge."
75-1260,"Caton, N.Y.",1973,rural house; snow; winter landscape; black and white photograph; caton ny,"A black and white photograph from 1973 showing a dark-colored two-story house with multiple windows and a chimney situated in a snowy rural landscape near Caton, N.Y., with utility poles visible in the background and an archive reference number ""61"" visible on the right edge."
75-1261,"Caton, N.Y.",1885,wooden house; front porch; rural architecture; 1885; black and white photograph,"A two-story wooden house with a front porch in Caton, New York, photographed in 1885, showing period architecture with shuttered windows and surrounding vegetation."
75-1262,"Caton, N.Y.",1955,residential building; rural architecture; bare trees; dirt road; black and white photograph,"A 1955 black and white photograph of a small residential house in Caton, N.Y., featuring a modest single-story structure with a front porch, chimney, and surrounding bare deciduous trees along an unpaved road."
75-1263,"Caton, N.Y.",,winter landscape; bare trees; rural buildings; snow; black and white photograph,"A winter scene in Caton, N.Y. showing a snow-covered landscape with bare deciduous trees, a two-story house, outbuildings, and what appears to be a covered structure on the right, captured in this archival black and white photograph numbered 64."
75-1264,"Caton, N.Y.",,pole climbing; rural setting; wooden fence; bare trees; black and white photograph,"A black and white photograph showing several people gathered around a tall wooden pole in a rural area near Caton, N.Y., with one person climbing the pole while others watch, bare trees and wooden fencing visible in the background."
75-1265,"Caton, N.Y.",,aerial view; winter snow; residential buildings; mid-20th century; black and white photograph,"An aerial black and white photograph showing a snow-covered residential area in Caton, N.Y. with various houses, outbuildings, a quonset hut structure, parked vehicles, and bare trees scattered across the winter landscape."
75-1266,"Caton, N.Y.",,plank house; caton new york; historic structure; 1825 building; archival documentation,"A historical documentation page featuring a photograph of an early plank house built in 1825 in Caton, N.Y., with handwritten notes identifying it as one of the first board houses in Caton and providing deed history tracing back to Eli J. Hunt and Smith R. Hunt, with the photograph contributed by George Betzer in 1946."
75-1267,"Caton, N.Y.",1975,lewis farm; caton ny; rural farmstead; historic property; black and white photographs,"This archival document from 1975 presents the history of Lewis Farm in Caton, New York, featuring three black and white photographs (dated 1920, Fall 1974, and Spring 1975) and accompanying text describing the farm's ownership by the Lewis family since 1835, its evolution from a general farm to a dairy operation, and its continuous family operation for 142 years through 1975."
75-1268,"Caton, N.Y.",,early motor truck; west caton; 1900s automobile; group portrait; newspaper archive,"A ""Mirror of the Past"" newspaper clipping from the Elmira Sunday Telegram featuring a historical photograph titled ""First Motor Truck at West Caton,"" showing members of the Barnard family posed on an early motorized truck in Caton, New York, circa the early 1900s."
75-1269,"Caton, N.Y.",,white church building; bare trees; winter snow; rural road; black and white photograph,"A white wooden church with a steeple and Gothic-style windows stands in a snowy winter landscape in Caton, N.Y., with a large bare tree in the foreground and a curved dirt road leading to the building."
75-1270,"Caton, N.Y.",,winter landscape; rural road; bare trees; snow; black and white photograph,"A winter scene of a snow-covered rural road in Caton, N.Y., lined with bare trees and utility poles, with houses and farm buildings visible in the distance across a snowy hillside landscape."
75-1271,"Caton, N.Y.",,group portrait; children; wooden building; late 19th century; black and white photograph,"A black and white photograph showing a group of approximately twelve children of varying ages posed in front of a wooden building with horizontal siding, likely from the late 1800s, with handwritten notation visible on the right edge of the image."
75-1272,"Bridge Street Viaduct, Corning, N.Y.",1933,bridge street viaduct; corning new york; brick buildings; 1933; black and white photograph,"A 1933 black and white photograph of Bridge Street in Corning, New York, showing a narrow alley between brick industrial buildings with utility poles and power lines, hills visible in the distance, and a partial storefront sign visible on the left building."
75-1273,"Bridge Street Viaduct, Corning, N.Y.",1933,bridge street viaduct; corning new york; 1930s automobiles; brick buildings; black and white photograph,"This 1933 black and white photograph shows Bridge Street Viaduct in Corning, New York, featuring period automobiles parked along brick commercial buildings with visible signage including ""Standard Cleaning,"" trolley tracks running down the center of the street, and hills visible in the background."
75-1274,"Bridge Street Viaduct, Corning, N.Y.",1933,bridge street viaduct; corning new york; downtown street; 1933; black and white photograph,"A 1933 black and white photograph of Bridge Street in Corning, New York, showing a row of downtown commercial buildings including a Standard Cleaning Co. storefront, with period street lamps, vintage automobiles, and the viaduct structure visible on the left side of the frame."
75-1275,"Bridge Street Viaduct, Corning, N.Y.",1933,bridge street viaduct; corning new york; 1933; brick building; elevated bridge structure,"This 1933 black and white photograph shows the Bridge Street Viaduct in Corning, New York, featuring an elevated bridge structure with railings and support posts, adjacent brick commercial buildings including one with ""Old Gold"" signage, utility poles, and surrounding landscape with hills in the background."
75-1276,"Bridge Street Viaduct, Corning, N.Y.",1933,bridge street viaduct; corning new york; 1933; black and white photograph; downtown street,"A black and white photograph from 1933 showing Bridge Street Viaduct in Corning, New York, with the arched viaduct structure visible in the middle distance, flanked by commercial buildings, utility poles, and hills in the background."
75-1277,"Bridge Street Viaduct, Corning, N.Y.",1933,bridge street viaduct; corning new york; wooden buildings; 1933; black and white photograph,"A 1933 black and white photograph of Bridge Street in Corning, New York, showing a row of wooden commercial buildings including the Kelley House establishment with signage advertising rooms, meals, and lunch service, with hills visible in the background."
75-1278,"Bridge Street Viaduct, Corning, N.Y.",1933,brick building; grocery store; pillsbury's best; 1933; street scene; power lines; viaduct,"A black and white photograph from 1933 showing Angelo Bessone's imported and domestic groceries store on Bridge Street in Corning, NY, with visible Pillsbury's Best flour advertising signage, utility poles, and the viaduct structure visible in the background."
75-1279,"Bridge Street Viaduct, Corning, N.Y.",1933,bridge street viaduct; corning new york; 1933; downtown street; black and white photograph,"A 1933 black and white photograph of Bridge Street in Corning, New York, showing a wet street lined with early 20th-century commercial and residential buildings, utility poles, and trees along the viaduct."
75-1280,"Bridge Street Viaduct, Corning, N.Y.",1933,,
75-1281,"Bridge Street Viaduct, Corning, N.Y.",1933,bridge street viaduct; corning new york; 1933; storefronts; black and white photograph,"A 1933 black and white photograph of Bridge Street in Corning, NY showing wooden-sided commercial buildings with storefronts advertising ""Old Gold"" cigarettes and a grocery store, with utility poles visible along the street."
75-1282,"Bridge Street Viaduct, Corning, N.Y.",1933,bridge viaduct; construction; 1930s; corning new york; black and white photograph,"A black and white photograph from 1933 showing the Bridge Street Viaduct under construction in Corning, NY, with workers visible on the concrete structure, construction equipment including a crane, and the Chemung River visible in the background."
75-1283,"Bridge Street Viaduct, Corning, N.Y.",1933,,
75-1284,"Bridge Street Viaduct, Corning, N.Y.",1933,,
75-1285,"Bridge Street Viaduct, Corning, N.Y.",1934,bridge street viaduct; corning new york; 1934; black and white photograph; architectural infrastructure,"A 1934 black and white photograph of the Bridge Street Viaduct in Corning, New York, showing the wide concrete bridge deck with decorative railings spanning across a valley, with the town's church steeple and buildings visible in the background against rolling hills."
75-1286,"Bridge Street Viaduct, Corning, N.Y.",1934,,
75-1287,"Bridge Street Viaduct, Corning, N.Y.",1934,bridge street viaduct; corning new york; 1934; black and white photograph; vintage automobile; hillside landscape,"This 1934 black and white photograph shows the Bridge Street Viaduct in Corning, New York, featuring a brick-paved street with white bollards, a period automobile, utility poles, and buildings nestled against a forested hillside."
75-1288,"Bridge Street Viaduct, Corning, N.Y.",1934,bridge street viaduct; corning new york; 1934; black and white photograph; hillside landscape,"A 1934 black and white photograph of the Bridge Street Viaduct in Corning, New York, showing the elevated structure with railings and utility poles spanning across a valley, with hills, buildings, and a church steeple visible in the background."
75-1289,"Bridge Street Viaduct, Corning, N.Y.",1934,,
75-1290,"Bridge Street Viaduct, Corning, N.Y.",1934,bridge street viaduct; corning new york; 1934; vintage automobile; downtown street; black and white photograph,"A 1934 black and white photograph of Bridge Street Viaduct in Corning, New York, showing a period automobile parked along a street lined with brick buildings, including a visible ""Louie's Cleaning"" storefront sign, with mountains visible in the background."
75-1291,"Bridge Street Viaduct, Corning, N.Y.",1934,bridge street viaduct; corning new york; 1934 automobile; industrial buildings; black and white photograph,"A 1934 black and white photograph of the Bridge Street Viaduct in Corning, New York, showing a wide elevated roadway lined with industrial brick buildings, metal railings, and a period automobile, with hills visible in the background."
75-1294,"Cedar Street, Corning, N.Y.",1870,cedar street; corning new york; 1870s residential architecture; wooden house; white picket fence; bare trees; black and white photograph,"This 1870 photograph shows a wooden residential house on Cedar Street in Corning, New York, featuring white picket fencing, a front porch with columns, and bare deciduous trees, with a figure visible on the porch and neighboring structures partially visible to the right."
75-1295,"Cedar Street, Corning, N.Y.",1870,cedar street; corning new york; property deed; 1870s land records; historical document,"A historical property abstract and deed document for 189 Cedar Street in Corning, New York, dated 1870, detailing land ownership records for the Williams Estate and subsequent property transfers, including tax assessments and legal descriptions of lots 15 and 16 in Block 57."
75-1298,Elsie Clute,,two women; brick interior; mid-20th century; black and white photograph; indoor hallway,"A black and white photograph showing two women in a brick-walled interior hallway or corridor, with one woman on the left wearing glasses and a coat holding a purse, and another woman visible in a doorway on the right, likely documenting a moment at Corning Free Academy related to Elsie Clute."
75-1298,Corning Free Academy,,two women; brick interior; mid-20th century; black and white photograph; indoor hallway,"A black and white photograph showing two women in a brick-walled interior hallway or corridor, with one woman on the left wearing glasses and a coat holding a purse, and another woman visible in a doorway on the right, likely documenting a moment at Corning Free Academy related to Elsie Clute."
75-1299,Corning Free Academy,1933,corning free academy; faculty; brick building; 1930s; black and white photograph,"A black and white photograph from 1933 showing six faculty members of the Corning Free Academy posed in front of a brick building with large windows, identified by the archive reference number 75-1299."
75-1300,Corning Free Academy,1930,group portrait; corning free academy; faculty; 1930s; brick building entrance,"A formal black and white group photograph from 1930 showing approximately 40 faculty members of the Corning Free Academy posed in front of a brick building entrance, with men in suits in the back rows and women in period dresses in the front rows."
75-1301,Corning Free Academy,,museum exhibit; nativity scene; religious display; black and white photograph; diorama,"A museum diorama depicting a nativity scene with figures in a stable structure, accompanied by a sign reading ""As long as I am in the world, I am the light of the world"" (John 9:5), labeled as an exhibit of Corning Free Academy."
75-1302,Corning Free Academy,1928,group portrait; brick building; 1920s clothing; formal photograph; arched entrance,"A formal black and white group photograph from 1928 showing approximately thirty people dressed in 1920s attire posed on the steps of a brick building with an arched entrance, identified as the Corning Free Academy, with the archive reference number 1928-29 visible at the bottom."
75-1303,Corning Free Academy,1944,classroom; students; 1944; black and white photograph; educational activity,"A 1944 black and white photograph showing a group of female students and a teacher at Corning Free Academy gathered around a table with art supplies and materials, with chalkboards visible in the background."
75-1304,Corning Free Academy,,ice skating; church building; winter scene; mountainous landscape; black and white photograph,"A black and white photograph showing a group of people ice skating on a frozen pond or lake in front of a white church with a steeple, set against a backdrop of forested hills and mountains during winter."
75-1305,Corning Free Academy,,stage set; theatrical production; winter landscape; diorama; black and white photograph,"A theatrical stage set depicting a snowy winter scene with a white house, bare trees, and multiple figures, featuring a ""City Gas Co."" sign and a banner reading ""God of Peace, our times are in thy hands,"" likely from a Corning Free Academy school production."
75-1307,Corning Free Academy,,group portrait; students; classroom; 1940s; black and white photograph,"A black and white photograph showing approximately 18 students and what appears to be a teacher or adult supervisor posed together in a classroom at Corning Free Academy, with framed pictures visible on the wall behind them and the archive reference number 109 visible at the bottom of the image."
75-1308,Corning Free Academy,,classroom; students; school interior; black and white photograph; mid-20th century,"A black and white photograph showing a group of female students and what appears to be an instructor in a classroom at Corning Free Academy, with students seated at desks and standing around the room in what appears to be a mid-20th century educational setting."
75-1309,"Denison Park, Corning, N.Y. ",1913,denison park; gazebo; early 1900s; public gathering; black and white photograph,"A black and white photograph from 1913 showing a formal gathering at Denison Park in Corning, NY, with visitors in period dress assembled around a distinctive octagonal gazebo with an American flag, large shade trees, and park benches visible in the scene."
75-1310,"Denison Park, Corning, N.Y. ",1913,,
75-1314,Cullets ,1919,glass product catalog; hand-drawn sketches; glassware designs; pricing documentation; black and white photograph,"A 1919 catalog page from Corning, NY showing hand-drawn sketches of various glass cullet products including goblets, champagne saucers, handled parfaits, punch bowls, and ice tea glasses, each labeled with item numbers (1044) and handwritten prices in dozens."
75-1315,Cullets ,1919,glassware designs; technical drawings; cullet; goblet; champagne plate; handwritten notes; 1919,"A technical documentation page from 1919 showing hand-drawn designs of various glass vessels and tableware including a goblet, champagne plate, handled parfait, forged bowl plate, and handled ice tea cup, each labeled with product numbers and handwritten specifications for dimensions and weights in ounces."
75-1316,"Denison Park, Corning, N.Y. ",,park band stand; american flag; early 20th century; denison park corning; black and white photograph,"This black and white photograph shows a park band stand with an American flag at Denison Park in Corning, N.Y., with numerous visitors gathered around the gazebo and throughout the park grounds during what appears to be an early 20th-century community event or gathering."
75-1317,Ellsworth Cowles Collection,1920-1950,archaeological artifacts; stone tools; lamoka variants; f. wood farm; black and white photograph,"A museum display photograph showing multiple rows of stone projectile points and tools labeled ""Lamoka Variants. F. Wood Farm. 1920-1950,"" with annotations indicating blow gun points marked with X's and notes about pebble surface bases from the pebble industry."
75-1318,Ellsworth Cowles Collection,1953,,
75-1319,Ellsworth Cowles Collection,,arrowheads; archaeological artifacts; stone tools; collection display; black and white photograph,"A black and white photograph displaying a collection of Native American arrowheads and stone projectile points of varying sizes and shapes, arranged on a light background with text identifying ""Litchfield Station"" and ""Alvreda Park Farm"" at the bottom of the image."
75-1320,Ellsworth Cowles Collection,1943-1945,archaeological artifacts; stone tools; prehistoric implements; black and white photograph; museum display,"A black and white photograph displaying an organized collection of stone tools and artifacts labeled by type, including drills, reamers, scrapers, hafted scrapers, end scrapers, gun flint, and strike-a-light tools, with handwritten annotations indicating ""Frankwood Farm, Lamoka Lake"" and dated ""4-9-45"" from the Ellsworth Cowles Collection."
75-1321,Ellsworth Cowles Collection,1949-1958,archaeological artifacts; stone tools; black and white photograph; artifact classification; indigenous artifacts,"This black and white photograph displays a collection of stone tools and artifacts organized in rows, labeled with categories including ""REAMER,"" ""PIPE BOWL,"" and ""REJECTS,"" recovered from fields near the north end of Waneta Lake on the west side, dated 1949-58."
75-1322,Ellsworth Cowles Collection,1932-1951,arrowheads; archaeological artifacts; stone tools; black and white photograph; museum documentation,"A black and white photograph displaying 23 stone arrowheads or projectile points arranged in three rows, labeled ""Mouth of Cutler Creek, Riverside"" with the archive reference number 1932-51 and 75A visible at the bottom of the image."
75-1323,Ellsworth Cowles Collection,,arrowheads; archaeological artifacts; stone tools; black and white photograph; museum documentation,"A black and white photograph displaying a collection of Native American arrowheads and stone tools arranged in rows, with handwritten labels identifying types including ""Lamoka Flat Unworked Base,"" ""Susquehanna Broad,"" ""Side Notched Triangular,"" and variations with notched and parallel-sided shanks."
75-1324,Ellsworth Cowles Collection,1908-1916,arrowheads; stone tools; archaeological artifacts; black and white photograph; collection display,"A black and white photograph displaying an organized collection of approximately 50 stone arrowheads and projectile points of varying sizes and shapes, arranged on a light background, likely from the Ellsworth Cowles Collection documenting Native American artifacts from the Corning, New York area."
75-1325,Ellsworth Cowles Collection,,archaeological artifacts; stone tools; tioga point farm; athens pennsylvania; black and white photograph,"A black and white photograph displaying a collection of stone tool base types from the Tioga Point Farm archaeological site in Athens, Pennsylvania, with specimens arranged and labeled ""strike & light"" for documentation purposes."
75-1326,Ellsworth Cowles Collection,1912-1917,geological specimens; rock samples; black and white photograph; scientific documentation; early 20th century,"A scientific specimen photograph from the Ellsworth Cowles Collection showing approximately 50 rock or mineral samples labeled ""Athens, PA. Queen Esthers Flats"" arranged on a white background, dated 1912-17 with archive reference number 1912-17."
75-1327,Ellsworth Cowles Collection,,archaeological artifacts; stone tools; arrowheads; catalog display; black and white photograph,"A museum catalog photograph displaying a collection of stone arrowheads and drill tools arranged in rows with handwritten identification numbers, labeled ""DRILLS"" and appearing to be from the Big Island Flint Company collection."
75-1328,Ellsworth Cowles Collection,1910-1916,archaeological artifacts; pottery sherds; chemung; wyncoop creek; 1910-1916,"A black and white photograph displaying archaeological pottery fragments and ceramic sherds arranged on a light background, labeled ""CHEMUNG - MOUTH OF WYNCOOP CREEK, 1910-16,"" documenting artifacts from an excavation site in the Corning, NY area."
75-1329,Ellsworth Cowles Collection,1910-1912,archaeological artifacts; flint tools; broken points; black and white photograph; artifact documentation,"A documentary photograph showing a collection of rejected nodular flint artifacts with broken point tips made from Carolina and Coxsacky quartz, recovered from flats between Spanish Hill and River in Waverly, N.Y., dated 1910-12."
75-1330,Ellsworth Cowles Collection,1935,pottery sherds; archaeological artifacts; waite farm; algonquin potsherds; 1935 excavation,"A black and white photograph displaying arranged pottery sherds and fragments from the Waite Farm site, labeled as Algonquin potsherds from a refuse pit, dated 1935 from the Ellsworth Cowles Collection."
75-1331,Ellsworth Cowles Collection,,archaeological artifacts; pipe stems; pipe bowls; clay pipes; black and white photograph,"A black and white photograph displaying archaeological specimens arranged in three rows, labeled ""PIPE STEMS"" and ""PIPE BOWLS,"" showing various fragments of clay pipes with catalog numbers visible on individual pieces."
75-1332,Ellsworth Cowles Collection,1901,stone tools; arrowheads; archaeological artifacts; black and white photograph; numbered specimens,"A black and white photograph displaying six numbered stone artifacts (specimens 1-6), including four elongated projectile points or arrowheads arranged in the top row and two additional stone tools below, with handwritten annotations referencing locations such as Kinsella Farm Garden, E. Lake Road Waneta, and dates from 1936-1948."
75-1333,Ellsworth Cowles Collection,,stone tools; flint artifacts; archaeological specimens; black and white photograph; site documentation,"A black and white photograph displaying an arranged collection of flint stone tools and artifacts from an archaeological site, with partial text visible at the bottom indicating ""FLINT OF PEBBLE INDUSTRY"" and ""SITE 43,"" documenting prehistoric stone tool specimens from the Ellsworth Cowles Collection."
75-1334,Ellsworth Cowles Collection,1927,archaeological artifacts; pottery fragments; black and white photograph; museum documentation; ceramic samples,"A black and white photograph showing three pottery or ceramic fragments labeled as being from Elmira, NY - Big Island, with one fragment marked ""B15,"" displaying varying textures and colors from light to dark, arranged for archival documentation purposes."
75-1335,Ellsworth Cowles Collection,,archaeological artifacts; pottery shards; rim shards; museum documentation; black and white photograph,"A museum documentation photograph displaying arranged pottery fragments and rim shards with catalog numbers (604, 605, 610 visible), organized in rows on a light background for archaeological cataloging purposes."
75-1336,Ellsworth Cowles Collection,,archaeological artifacts; pottery fragments; carantouan; 1934; black and white photograph,"This black and white photograph displays archaeological pottery sherds and artifacts from an excavation just under sod at Carantouan in 1934, including a labeled pot cover, various ceramic fragments with visible surface textures and patterns, stone tools, and other artifacts arranged for documentation purposes."
75-1337,Ellsworth Cowles Collection,,,
75-1338,Ellsworth Cowles Collection,,archaeological artifacts; stone tools; flaked stone; black and white photograph; artifact collection display,"A black and white photograph displaying an organized collection of stone tools and flaked stone artifacts labeled ""West of Creek, Between Road & River"" from Site 4, dated 1932-33, showing various worked stone pieces arranged on a light background for archaeological documentation purposes."
75-1339,Ellsworth Cowles Collection,,archaeological artifacts; stone tools; knives and arrowheads; smithboro new york; black and white photograph,"A black and white photograph displaying a collection of stone tool rejects, knives, and arrowblanks from Smithboro, N.Y., arranged in four rows on a light background, from the Ellsworth Cowles Collection."
75-1340,Ellsworth Cowles Collection,,archaeological artifacts; stone tools; flake knives; scrapers; black and white photograph,"A black and white photograph displaying archaeological artifacts including stone tool rejects and flake knives/scrapers from Site 75, arranged on a white background for documentation purposes."
75-1341,Ellsworth Cowles Collection,,archaeological artifacts; arrow shank types; tioga point farm; athens pennsylvania; black and white photograph,"A black and white photograph displaying a collection of arrow shank types from Tioga Point Farm in Athens, PA, with specimens organized in rows and labeled as ""rejects"" and ""lamoka,"" representing archaeological findings from the Ellsworth Cowles Collection."
75-1342,Ellsworth Cowles Collection,1933,archaeological artifacts; stone tools; flake knives; arrow points; black and white photograph,"A 1933 archaeological documentation photograph from the Erwin, N.Y. Stone Pile Site (Site 82) displaying various stone artifacts including flake knives, arrow points, fleshers, and clay pot shards arranged on a light background with handwritten labels identifying the artifact types."
75-1343,Ellsworth Cowles Collection,1914-1915,arrowheads; stone tools; archaeological artifacts; black and white photograph; artifact collection display,"A black and white photograph displaying an arranged collection of stone arrowheads and tools from N. Waverly, NY, found at the Burt Edgecombe Farm near Lockwood & Talmadge Hill Intersection, with specimens labeled including ""Lamora"" and dated 1914-15 from the Ellsworth Cowles Collection."
75-1344,Ellsworth Cowles Collection,1912-1916,archaeological artifacts; stone tools; native american; chemung river; black and white photograph,"A black and white photograph displaying a collection of stone tools and artifacts from Chemung, N.Y., River Flats west of R.R. Station, dated 1912-1916, showing various arrowheads, blades, and worked stone implements arranged on a light background."
75-1345,Ellsworth Cowles Collection,1967,archaeological artifacts; stone tools; test excavation; black and white photograph; 1967,"A black and white photograph from June 26 to July 3, 1967 showing archaeological artifacts and test holes from South Waverly, PA on the North Palisade Line, cataloged as BR-43 in the Ellsworth Cowles Collection."
75-1346,Ellsworth Cowles Collection,1910-1917,archaeological artifacts; stone tools; litch field station; black and white photograph; 1910-1917,"A museum display photograph showing a collection of stone tools and artifacts from the Litch Field Station north of Corning, NY, dated 1910-17, including scrapers, points, and other worked stone implements arranged on a white background with handwritten labels including ""strike a light."""
75-1347,Ellsworth Cowles Collection,1920-1940,stone tools; archaeological artifacts; percussion tools; black and white photograph; museum documentation,"A black and white photograph displaying arranged stone tools and artifacts labeled ""Some Pebble Items. Primary Percussion"" from the W. Smith Farm site, showing chipped rejects and scrapers dated 1920-1940, organized in five rows on a light background for archaeological documentation purposes."
75-1348,Ellsworth Cowles Collection,,archaeological artifacts; stone tools; projectile points; black and white photograph; artifact documentation,"A black and white photograph displaying eight numbered stone artifacts including projectile points and tools from various archaeological sites in New York, with handwritten labels identifying locations such as Spanish Hill Flats, Celia Hanna Farm, and Dorothy White Farm, dated between 1901-1910."
75-1349,Ellsworth Cowles Collection,1930-1951,archaeological artifacts; stone tools; flake tools; artifact documentation; black and white photograph,"A black and white photograph displaying an arranged collection of stone arrowheads and flake tools from Site 75, dated 1930-51, with several specimens labeled as ""FLAKE"" and organized in three rows for archaeological documentation purposes."
75-1350,Ellsworth Cowles Collection,1915-1925,stone tools; arrowheads; archaeological artifacts; chemung valley; black and white photograph,"A black and white photograph displaying a collection of stone tools and arrowheads from Chemung Valley, arranged in rows on a white background and labeled ""JACOBUS-1915-25,"" documenting archaeological artifacts from the Ellsworth Cowles Collection."
75-1351,Ellsworth Cowles Collection,1945,archaeological artifacts; trade discs; painted post ny; burial cache; black and white photograph,"This black and white photograph documents eight stone trade discs discovered in a burial cache at the Perispino Basement near the Painted Post in New York, with handwritten labels identifying the artifacts and their archaeological context from 1945."
75-1352,Ellsworth Cowles Collection,1900-1910,arrowheads; stone tools; archaeological artifacts; black and white photograph; museum display,"A museum display photograph showing a collection of stone arrowheads and projectile points arranged in rows, labeled ""Dredged Tucker-Waverly, N.Y. 1900-1910"" at the bottom, documenting archaeological artifacts from the Waverly, New York area."
75-1353,Ellsworth Cowles Collection,1920-1925,archaeological artifacts; stone tools; arrowheads; bare island types; black and white photograph,"A museum display photograph from 1920-1925 showing three rows of stone projectile points and tools labeled ""Big Flats to Erwin, some Bare Island types,"" with reamers identified on the lower left and flake knives on the right, attributed to Parrick-Jacobus."
75-1354,Ellsworth Cowles Collection,1950,archaeological artifacts; stone tools; burial site; black and white photograph; artifact documentation,"A black and white photograph from May 21, 1950 (dated 5-21-50) documenting archaeological artifacts from Elmira, Big Island, showing various stone tools and projectile points arranged for catalog purposes, with notation indicating ""REJECT INTRUSIVE?"" and site identification ""SITE 29"" along with burial context information ""BURIAL. DOUBLE, FLEXED, BACK TO BACK."""
75-1355,Ellsworth Cowles Collection,1910-1916,archaeological artifacts; stone tools; native american; black and white photograph; museum documentation,"This black and white photograph displays six stone artifacts from Spanish Hill in South Waverly, NY, dated 1910-1916, showing various worked stone pieces including tools with drilled holes and carved implements from the Storms Farm site between the Chemung and Susquehanna Rivers."
75-1356,Ellsworth Cowles Collection,,archaeological artifacts; stone tools; artifact catalog; black and white photograph; museum documentation,"A museum catalog photograph displaying Native American stone tools and artifacts from three archaeological sites (Susquehannock, Brewerton, and Levanna) excavated from the north side Palisade Line trench in South Waverly, Pennsylvania, dated 6-26 to 7-3, 1967."
75-1357,Ellsworth Cowles Collection,,stone tools; arrow points; archaeological artifacts; black and white photograph; pebble industry,"A black and white photograph displaying a collection of unfinished arrow points and rejects from the pebble industry, labeled as being from Site 5 Big Flats, with some specimens marked as ""scribers,"" part of the Ellsworth Cowles Collection from Corning, NY local history archives."
75-1358,Ellsworth Cowles Collection,1945,archaeological artifacts; stone projectile points; artifact classification; black and white photograph; 1945,"A 1945 archaeological documentation photograph displaying classified stone projectile points and flakes from Tioga, Canisteo, and Conhocton River sites, with specimens labeled as ""Offset,"" ""Flake,"" ""Reworked,"" and ""Lamoka Type."""
75-1359,Ellsworth Cowles Collection,,archaeological artifacts; stone tools; black and white photograph; numbered specimens; lithic analysis,"A black and white photograph displaying nine numbered prehistoric stone artifacts from A. Park Farm, Litchfield Station, N.Y., including a reworked knife, trade discs, a Tomahauk head, net sinks, and a rhyolite blank, arranged on a light background with handwritten labels and annotations."
75-1360,Ellsworth Cowles Collection,,archaeological artifacts; arrowheads; stone tools; big island elmira; black and white photograph,"A numbered catalog of Native American stone projectile points and tools from Big Island, south of Elmira, NY, displaying 39 artifacts arranged in rows with handwritten annotations and archaeological classification notes including references to Lamoka types and drill implements."
75-1361,Ellsworth Cowles Collection,1920s,archaeological artifacts; stone tools; black and white photograph; museum display; 1920s documentation,"A museum display photograph showing a collection of stone tools and artifacts from the W. Merrill Site in Wildwood, Sayre, Pennsylvania, attributed to Isaac Woodruff Farm, with specimens arranged and labeled on a light background for archaeological documentation."
75-1362,Ellsworth Cowles Collection,1910,ceramic fragments; archaeological artifacts; pottery sherds; black and white photograph; museum documentation,"Two ceramic pottery sherds from Queen Esther's Flats in Athens, PA (dated 1910) are displayed side by side, with specimen 1 showing a smooth buff interior with approximately 14"" diameter rim and specimen 2 showing horizontal twig brushed buff interior."
75-1363,Ellsworth Cowles Collection,1930-1931,archaeological artifacts; stone tools; big island elmira; black and white photograph; artifact collection,"A black and white photograph from 1930-31 displays an arranged collection of stone artifacts and tools from Big Island, Elmira, N.Y., with individual specimens labeled and organized in rows on a neutral background."
75-1364,Ellsworth Cowles Collection,,pottery sherds; archaeological artifacts; huron type; elmira big island; black and white photograph,"A black and white photograph displaying archaeological pottery fragments and rim sherds from the Huron type, collected from Elmira, N.Y. Big Island, with specimens arranged on a light background and labeled ""RIM"" and ""HURON TYPE RIM CORNER"" in the lower right."
75-1365,Ellsworth Cowles Collection,1930-1940,stone tools; pebble industry; archaeological artifacts; black and white photograph; flaked knives,"A black and white photograph displaying arranged stone tools labeled ""Pebble Industry Rejects, Scrapers & Flake Knives"" from Dann, Waite, Scudder & Kincella Farms in Painted Post, NY, dated 1930-1940, showing various worked stone implements arranged in five rows."
75-1366,Ellsworth Cowles Collection,1921-1936,archaeological artifacts; stone tools; numbered specimens; artifact catalog; black and white photograph,"A numbered catalog photograph of 43 stone artifacts from Frank Wood Farm (fields 1, 2, 8, 9, 10 and adjacent areas), dated E.C.C. 1921-36, displaying various worked stone tools and fragments arranged in rows for archaeological documentation."
75-1367,Ellsworth Cowles Collection,1910-1917,stone tools; lamoka types; archaeological artifacts; chemung river; black and white photograph,"A black and white photograph displaying a collection of stone projectile points and tools labeled ""Lamoka Types"" from Chemung, N.Y., west side of Chemung River opposite Spanish Hill area, dated 1910-17 and credited to E.C."
75-1368,Ellsworth Cowles Collection,,archaeological artifacts; stone tools; prehistoric; black and white photograph; artifact catalog,"A catalog photograph displaying various stone tools and artifacts labeled A through F, including scrapers, blades, knives, and projectile points dated 3000-2000 B.C., with classifications such as Levana Broad, Brewerton Notched, and Eared types, representing prehistoric archaeological finds from the region."
75-1369,Ellsworth Cowles Collection,,archaeological artifacts; stone tools; lithfield station; black and white photograph; prehistoric implements,"A black and white photograph displaying a collection of stone tools and artifacts from Litchfield Station, N.Y., including trade discs, rejects, scrapers, knives, and reamers, dated 1911-14, arranged in rows on a light background."
75-1370,Ellsworth Cowles Collection,,archaeological artifacts; stone tools; numbered specimens; black and white photograph; artifact catalog,"A black and white photograph displaying a numbered collection of stone tools and artifacts arranged in three rows, with specimens numbered 1 through 38, appearing to be an archaeological documentation or catalog plate from the Ellsworth Cowles Collection."
75-1371,Ellsworth Cowles Collection,,archaeological artifacts; stone tools; iroquois; waverly ny; black and white photograph,"A black and white photograph displaying archaeological artifacts including Iroquois shards and Algonquin tools collected from Sheppard Flats west of Chemung River in Waverly, New York, with handwritten identification notes at the bottom of the image."
75-1372,Ellsworth Cowles Collection,1910-1915,archaeological artifacts; stone tools; flints; tioga point farm; athens pa,"A black and white photograph displaying four rows of scraped and cut flint tools from the Tioga Point Farm in Athens, Pennsylvania, dated 1910-15, arranged on a light background for archaeological documentation."
75-1373,Ellsworth Cowles Collection,1910-1916,archaeological artifacts; stone tools; artifact collection; black and white photograph; archaeological documentation,"A black and white photograph displaying an organized collection of stone artifacts and tools from the top of Spanish Hill in Swaverly, PA, dated 1910-1916, with each specimen outlined and arranged on a light background for archaeological documentation purposes."
75-1374,Ellsworth Cowles Collection,1910-1916,archaeological artifacts; stone tools; numbered specimens; black and white photograph; artifact catalog,"A black and white photograph displaying a numbered collection of stone artifacts and tools from Spanish Hill, South Waverly, N.Y., dated 1901-03 and 1913-16, including contracting-parallel expanding shanks with convex, straight, and concave bases, a knife, and various other worked stone implements from the Genesee period (3000-750 B.C.)."
75-1375,Ellsworth Cowles Collection,1933,archaeological artifacts; pottery sherds; refuse pit; carantouan; 1933 excavation,"A black and white photograph displaying catalogued ceramic fragments and stone artifacts from a 1933 archaeological excavation at Carantouan refuse pit number 6 in South Waverly, New York, with specimens labeled ""RIMS"" and organized by type on a light background."
75-1377,Ellsworth Cowles Collection,1911-1912,archaeological artifacts; stone tools; lownsbury farm; lownsbury new york; 1911-1912,"A black and white photograph displaying an organized collection of stone tools and artifacts from A. Lownsbury Farm in Lownsbury, N.Y., dated 1911-12, with labeled categories including strike-a-lights, rejects, fleshers, scrapers, perforators, reamers, drills, and arrow points."
75-1378,Ellsworth Cowles Collection,,archaeological artifacts; stone tools; flint; rhyolite; jasper; black and white photograph,"A museum documentation photograph displaying a collection of prehistoric stone tools labeled ""Chemung Flats. Flint & Rhyolite & Jasper Flake Knives,"" arranged in rows and showing various flaked stone implements from an archaeological site."
75-1379,Ellsworth Cowles Collection,1959-1961,archaeological artifacts; stone tools; arrowheads; black and white photograph; museum display,"A black and white photograph displaying an arranged collection of stone arrowheads and tools with handwritten labels identifying them as ""straight shanks, contracting, side notched, straight base, expanding, convex"" types from R. Dann & Waite Farms in P. Post, N.Y., dated 1959-61."
75-1380,Ellsworth Cowles Collection,1910-1915,archaeological artifacts; stone tools; arrowheads; black and white photograph; museum display,"A museum display photograph showing a collection of stone artifacts including arrowheads, tools, and pottery fragments from the Burt Edgecomb Farm in Waverly Springs, dated 1910-1915, with some specimens labeled with X and Y markers indicating reject and pipe classifications."
75-1381,Ellsworth Cowles Collection,1913-1916,archaeological artifacts; stone tools; numbered specimens; black and white photograph; artifact catalog,"A numbered catalog photograph of 38 stone artifacts (specimens 1-38) from Spanish Hill Flats between Hill and River, dated 1913-1916, showing various flaked stone tools and implements arranged on a light background with handwritten labels and archaeological notations."
75-1382,Ellsworth Cowles Collection,1908-1916,arrowheads; stone tools; archaeological artifacts; black and white photograph; museum display,"A black and white photograph displaying an arranged collection of stone arrowheads and projectile points from different archaeological periods, including specimens labeled ""Kettle Point 1630 A.D.,"" ""Lamoka-3800 B.C.,"" and ""Strike-a-Light,"" representing various Native American cultures and time periods."
75-1383,Ellsworth Cowles Collection,1932-1945,archaeological artifacts; stone tools; native american; black and white photograph; museum documentation,"A black and white photograph documenting archaeological artifacts from the Robert Dann Farm in Painted Post, NY (1932-45), displaying a gouge, various projectile points and blades numbered 2-10, a broken amulet tally, and a drill, arranged for cataloging purposes."
75-1384,Ellsworth Cowles Collection,,archaeological artifacts; stone tools; adena forms; numbered specimens; black and white photograph,"A black and white photograph displaying 33 numbered stone artifacts arranged in three rows, labeled as Adena forms from Sidking Farm in Erwin and A.E. Scudder Farm, with notations indicating reworked and fluted specimens."
75-1385,Ellsworth Cowles Collection,,archaeological artifacts; stone tools; arrowheads; black and white photograph; museum display,"A museum display photograph showing a collection of stone projectile points and tools from various archaeological sites in New York, including specimens from Bare Island (1000 BC-200 AD), Brewerton Side Notched (3000-2000 BC), Steubenville Stemmed, Madison Points, and Levana artifacts, with handwritten labels identifying the artifact types and time periods from the Lowman, N.Y. collection."
75-1386,Ellsworth Cowles Collection,1912-1913,archaeological artifacts; stone tools; lithic collection; black and white photograph; numbered specimens,"A black and white photograph displaying an archaeological collection of stone tools and artifacts from A. Park Farm Litchfield Station, N.Y., dated 1912-13, with 27 numbered specimens including scrapers, a knife, and a reworked scraper, arranged and labeled on a white background."
75-1387,Ellsworth Cowles Collection,1912-1913,archaeological artifacts; stone tools; knives; drills; black and white photograph,"A numbered catalog photograph of 45 stone artifacts including scrapers, knives, and drills from A. Park Farm, Litchfield Station, N.Y., dated 1912-13, Site 57.1, showing various prehistoric stone tools arranged and labeled for archaeological documentation."
75-1388,Ellsworth Cowles Collection,,arrowheads; stone tools; archaeological artifacts; black and white photograph; frank wood farm,"A black and white photograph displaying a collection of stone arrowheads and projectile points arranged in rows, labeled ""Frank Wood Farm - Waneta Lake"" at the bottom, documenting archaeological artifacts from the Corning, NY area."
75-1389,Ellsworth Cowles Collection,,archaeological artifacts; stone tools; adena types; dustin site; black and white photograph,"A black and white photograph displaying 43 numbered stone artifacts labeled as ""Adena Types 1-3-4-5-6 and 8-9-10"" from the Dustin site (specimens 17-22, 39, 42) and later intrusive types from the Lamoka site, arranged in rows for archaeological documentation and comparison."
75-1390,Ellsworth Cowles Collection,,archaeological artifacts; stone tools; net sinkers; fishing implements; black and white photograph,"A black and white photograph displaying various stone artifacts including side-notched net sinkers, broken cutting or scraping stones, and skinning stones used for net fishing, with handwritten labels identifying the artifact types and purposes."
75-1391,Ellsworth Cowles Collection,,arrowheads; stone tools; archaeological artifacts; lamoka lake site; black and white photograph,"A black and white photograph displaying approximately 70 stone arrowheads and projectile points arranged in five rows, labeled as being from the Lamoka Lake Site with unfinished original flake surface bases and Archaic types dating to 3500 B.C."
75-1392,Ellsworth Cowles Collection,1910-1917,archaeological artifacts; stone tools; bare island types; late archaic; black and white photograph,"A museum display photograph showing 27 numbered stone tools and artifacts from archaeological sites including Oldchemung and Lowman, NY, dated 1910-1917, with labels identifying rejects, scrapers, bare island types, and a drill, comparing specimens from different locations."
75-1393,Ellsworth Cowles Collection,,archaeological artifacts; stone tools; arrowheads; scrapers; black and white photograph,"A numbered catalog of prehistoric stone tools and artifacts from the Chas. Davenport Farm near Garden south of Spring, Big Flats, including scrapers, arrowheads, jasper knives, turtle backs, and other implements with detailed typological classifications noted at the bottom of the image."
75-1394,Ellsworth Cowles Collection,1921-1932,arrowheads; archaeological artifacts; fort hill elmira; black and white photograph; artifact collection display,"A black and white photograph displaying an organized collection of triangular arrowheads and stone tools arranged in six rows, labeled ""FORT HILL, ELMIRA, N.Y."" and dated ""1921-32 SITE 15,"" documenting archaeological artifacts from the Fort Hill site in Elmira, New York."
75-1395,Ellsworth Cowles Collection,,arrowheads; archaeological artifacts; triangular points; fluted; iroquois,"A black and white photograph displaying a collection of triangular arrowheads and stone points arranged in rows, with handwritten text identifying them as ""triangular arrowheads mostly iroquois"" and noting that ""broad equilateral triangles are roughly definite Munsee types"" made of local flint and chert."
75-1396,Ellsworth Cowles Collection,,stone tools; arrowheads; archaeological artifacts; black and white photograph; numbered specimens,"A black and white photograph displaying a numbered collection of stone arrowheads and tools arranged in rows, with handwritten notes at the bottom describing various artifact types including ""Algonquin point,"" ""arrow,"" ""notched,"" and other archaeological classifications from the Ellsworth Cowles Collection."
75-1397,Ellsworth Cowles Collection,1931-1948,archaeological artifacts; stone tools; numbered specimens; artifact catalog; black and white photograph,"A numbered archaeological specimen catalog photograph from Robert Dann Farm, P. Post, N.Y. (1931-48) showing 32 stone tools and artifacts including arrowheads, scrapers, and pottery fragments, with handwritten notes indicating classifications such as ""2-plano,"" ""15-exotic,"" ""24-amoka,"" and ""31-southern."""
75-1398,Ellsworth Cowles Collection,1933-1941,stone tools; archaeological artifacts; erwin new york; black and white photograph; artifact documentation,"A black and white photograph displaying a collection of stone tools and projectile points from the Stone Pile Site in Erwin, New York, arranged on a light background for archaeological documentation purposes."
75-1399,Ellsworth Cowles Collection,,arrowheads; stone tools; archaeological artifacts; black and white photograph; Native American,"A black and white photograph displaying a collection of stone arrowheads and projectile points arranged on a white background, labeled ""Mouth of Winecoop Creek, Chemung"" at the bottom, from the Ellsworth Cowles Collection."
75-1400,Ellsworth Cowles Collection,,archaeological artifacts; metal tools; axes; museum documentation; black and white photograph,"A black and white archival photograph displaying three ancient metal axes or axe heads of varying sizes arranged vertically against a white background, showing detailed surface patina and wear consistent with archaeological specimens from the Ellsworth Cowles Collection."
75-1401,Ellsworth Cowles Collection,1933,rural landscape; bare tree; agricultural fields; 1930s; black and white photograph,"A black and white photograph from 1933 showing a rural landscape with a prominent bare tree in the foreground, plowed agricultural fields, and scattered trees in the distance, cataloged as item 121 in the Ellsworth Cowles Collection."
75-1402,Ellsworth Cowles Collection,1933,archaeological excavation; bare trees; workers; earthwork; black and white photograph,"A 1933 black and white photograph showing workers engaged in an archaeological excavation on a hillside with bare trees in the background, with visible trenches and soil work marked by stakes."
75-1403,Ellsworth Cowles Collection,,archaeological artifact; ceramic vessel; museum documentation; black and white photograph; multiple views,"Three views of an ancient ceramic vessel head or figurine showing different angles of the artifact, photographed for archival documentation purposes with reference number 124 visible in the lower right corner."
75-1404,Ellsworth Cowles Collection,,excavation site; wooden stakes; rocky terrain; trees; black and white photograph,"A black and white photograph showing an archaeological or construction excavation site with wooden stakes marking the ground, rocky debris in the foreground, and trees visible in the background, labeled with reference number 126."
75-1405,Ellsworth Cowles Collection,1933,skeletal remains; archaeological excavation; burial; black and white photograph; 1933,"A black and white photograph from 1933 showing an archaeological excavation of human skeletal remains laid out in situ within a soil pit, with the skeleton positioned supine and surrounded by excavated earth."
75-1406,Ellsworth Cowles Collection,,archaeological artifacts; stone tools; black and white photograph; museum documentation; artifact catalog,"A black and white photograph showing three stone artifacts or tools displayed on a white card with a reference label ""128,"" likely from an archaeological collection or museum archive."
75-1407,Ellsworth Cowles Collection,1933,archaeological excavation; skeletal remains; 1933; black and white photograph; archival documentation,"A black and white photograph from 1933 showing an archaeological excavation with human skeletal remains exposed in sandy soil, with handwritten notations ""No 8"" and ""No 9"" visible at the top of the image."
75-1408,Ellsworth Cowles Collection,,archaeological excavation; skeletal remains; black and white photograph; documentation; burial site,"This black and white archaeological photograph shows skeletal remains excavated from soil with a numbered reference marker, labeled ""M L GORE"" at the bottom, documenting what appears to be a burial or skeletal discovery from an excavation site."
75-1409,Ellsworth Cowles Collection,,skeletal remains; archaeological excavation; black and white photograph; burial; archival documentation,"A black and white archaeological photograph showing human skeletal remains partially excavated from sandy soil, with visible skull, ribcage, and limb bones, numbered as item 133 in the Ellsworth Cowles Collection archive."
75-1410,Ellsworth Cowles Collection,,skeletal remains; archaeological excavation; burial site; black and white photograph; historical documentation,"A black and white archaeological photograph showing multiple human skeletal remains exposed in soil during an excavation, with reference markers visible and archival notation ""134"" and ""M2G"" on the photograph borders."
75-1411,Ellsworth Cowles Collection,,skeletal remains; archaeological excavation; burial site; black and white photograph; numbered documentation,"An archaeological excavation photograph labeled ""No. 6"" showing human skeletal remains in situ with a ""KEEP OUT"" marker and reference number 138, credited to M.L. Gore from the Ellsworth Cowles Collection."
75-1412,Ellsworth Cowles Collection,1931,five men; construction or excavation work; 1931; shovels and tools; black and white photograph,"A black and white photograph dated July 1931 shows five men posing together at what appears to be a construction or excavation site, with shovels and work tools visible in the foreground and hillside terrain in the background."
75-1413,Ellsworth Cowles Collection,,skeletal remains; archaeological excavation; burial; black and white photograph; archival documentation,"A black and white archaeological photograph showing human skeletal remains excavated from soil, with bones arranged to display the skeleton including skull, ribs, and limbs, with a reference number ""20"" visible on a label card in the lower right corner."
75-1414,Ellsworth Cowles Collection,,archaeological artifact; pottery; ceramic vessel; black and white photograph; museum documentation,"A black and white photograph of a rounded ceramic pottery vessel or bowl fragment, shown from above against a dark background, displaying surface textures, wear patterns, and what appears to be mounting holes or attachment points on the rim."
75-1415,Ellsworth Cowles Collection,,archaeological artifacts; arrowheads; stone tools; native american; black and white photograph,"A museum display photograph showing a collection of stone arrowheads and tools labeled ""Elmira, N.Y. Big Island"" with ""Lamoka"" notation visible, documenting indigenous artifacts from the Corning area."
75-1416,Ellsworth Cowles Collection,,archaeological artifacts; rim shards; ceramic fragments; black and white photograph; museum documentation,"A black and white photograph displaying arranged ceramic rim shards from the Elmira Big Island and adjacent archaeological sites, with specimens organized in rows on a light background and labeled ""LARGE JAR"" in the center."
75-1417,Ellsworth Cowles Collection,,archaeological artifacts; stone tools; native american; owasco period; black and white photograph,"A black and white photograph from 1962 displaying archaeological artifacts from Waneta Lake, 648 Stocum Road, dated to the Owasco-900 A.D. period, including large stone tools on the left and smaller worked stone fragments and projectile points arranged on the right side of the specimen board."
75-1418,Ellsworth Cowles Collection,,stone tools; archaeological artifacts; prehistoric implements; black and white photograph; museum collection,"A black and white photograph displaying seven stone tools or artifacts of varying sizes and shapes, arranged on a gray background, likely from an archaeological collection documenting prehistoric implements found in the Corning, NY area."
75-1419,Ellsworth Cowles Collection,,archaeological artifact; ceramic vessels; pottery fragments; black and white photograph; museum documentation,A black and white photograph showing three white ceramic or pottery objects arranged on a neutral background—two circular disc-shaped pieces at the top and one elongated cylindrical piece below—likely archaeological artifacts from the Ellsworth Cowles Collection documented for the Corning local history archive.
75-1420,Ellsworth Cowles Collection,,,
75-1421,Ellsworth Cowles Collection,,stone tools; archaeological artifacts; black and white photograph; museum documentation; prehistoric implements,"A black and white photograph displaying three stone tools or artifacts arranged against a neutral background, including what appears to be a pointed tool on the left, a flaked stone implement in the center, and a smaller tool on the right with visible labeling."
75-1422,Ellsworth Cowles Collection,,fossil; specimen; paleontology; black and white photograph; museum artifact,"A black and white photograph of a fossilized specimen labeled ""93"" showing a dorsal view of what appears to be a trilobite or similar ancient arthropod with segmented body structure and preserved detail."
75-1423,Ellsworth Cowles Collection,,archaeological artifact; bone fragment; close-up photograph; black and white; museum documentation,"A black and white photograph showing two bone fragments against a neutral background, likely archaeological specimens from the Ellsworth Cowles Collection documenting artifacts from the Corning, NY area."
75-1424,Ellsworth Cowles Collection,,ceramic vessel; archaeological artifact; black and white photograph; pottery; museum documentation,"A black and white photograph of an ancient ceramic vessel with a flared rim and decorated surface showing incised patterns, documented as part of the Ellsworth Cowles Collection in the Corning, NY local history archive."
75-1425,Ellsworth Cowles Collection,,ceramic fragments; archaeological artifacts; pottery sherds; black and white photograph; museum documentation,"A black and white photograph displaying five ceramic pottery fragments or sherds arranged on a gray background, likely archaeological specimens from the Ellsworth Cowles Collection documenting artifacts from the Corning, NY area."
75-1426,Ellsworth Cowles Collection,,archaeological artifacts; pottery fragments; ceramic vessels; black and white photograph; museum documentation,"A black and white photograph showing two ceramic pottery fragments or vessel pieces displayed against a neutral background with a scale reference marker, likely from an archaeological or museum collection documentation."
75-1427,Ellsworth Cowles Collection,,archaeological artifacts; stone tools; tioga point; black and white photograph; museum documentation,"A black and white photograph documenting three stone artifacts from the Tioga Point archaeological site, including a round stone, a rectangular stone tool labeled ""Q&F TIOGA POINT,"" and a smaller rectangular stone, arranged for archival documentation purposes."
75-1428,Ellsworth Cowles Collection,,archaeological artifact; stone tools; denats; black and white photograph; museum documentation,"A black and white photograph showing two elongated stone tools or artifacts with ""DENATS"" visible on the upper specimen, likely from an archaeological collection or museum documentation."
75-1429,Ellsworth Cowles Collection,,spherical objects; industrial material; close-up photograph; black and white; textured surface,"A black and white close-up photograph showing two spherical objects with granular, textured surfaces against a plain background, likely from an industrial or manufacturing documentation in the Ellsworth Cowles Collection."
75-1430,Ellsworth Cowles Collection,,stone tools; archaeological artifacts; ground stone; black and white photograph; museum documentation,"A black and white photograph documenting two ground stone artifacts from the Ellsworth Cowles Collection, showing an elongated grinding stone or pestle above a smaller rounded stone tool against a neutral background."
75-1431,Ellsworth Cowles Collection,,,
75-1432,Ellsworth Cowles Collection,,archaeological artifacts; stone tools; black and white photograph; museum documentation; scale reference,"A black and white archival photograph displaying four stone artifacts arranged on a dark background with scale markers, including elongated cylindrical stones and a white specimen, likely from an archaeological collection documented by the Ellsworth Cowles Collection at Corning, NY."
75-1433,Ellsworth Cowles Collection,,archaeological artifacts; stone tools; black and white photograph; museum documentation; artifact collection,"A black and white photograph displaying eight stone artifacts or tools arranged in two rows against a gray background with small white identification labels beneath each specimen, appearing to be archaeological documentation from the Ellsworth Cowles Collection."
75-1434,Ellsworth Cowles Collection,,archaeological artifacts; stone tools; museum documentation; black and white photograph; artifact collection,"A black and white photograph displaying seven stone tools or artifacts arranged on a gray background with small identification labels, likely from an archaeological collection or museum documentation."
75-1435,Ellsworth Cowles Collection,,archaeological artifacts; stone tools; black and white photograph; museum display; artifact documentation,"A black and white photograph displaying six archaeological artifacts arranged on a neutral background with white reference labels, including stone tools, bone implements, and ceramic or stone vessels from the Ellsworth Cowles Collection."
75-1436,Ellsworth Cowles Collection,,archaeological artifacts; stone tools; black and white photograph; museum documentation; prehistoric objects,"A black and white photograph displaying three stone artifacts arranged on a neutral background with small white scale markers, likely documenting archaeological finds from the Ellsworth Cowles Collection held in the Corning, NY local history archive."
75-1437,Ellsworth Cowles Collection,,stone tools; archaeological artifacts; black and white photograph; museum display; prehistoric implements,"A black and white photograph displaying five stone tools or artifacts arranged on a neutral background with small white identification labels beneath each specimen, appearing to be an archaeological documentation or museum catalog image from the Ellsworth Cowles Collection."
75-1438,Ellsworth Cowles Collection,,archaeological artifacts; stone tools; native american; black and white photograph; museum documentation,"A black and white archival photograph displaying five stone artifacts arranged on a gray background with white identification labels, including what appear to be prehistoric tools and implements from the Ellsworth Cowles Collection."
75-1439,Ellsworth Cowles Collection,,,
75-1440,Ellsworth Cowles Collection,,ceramic vessel; archaeological artifact; pottery fragment; black and white photograph; museum documentation,"A black and white photograph of a fragmentary ceramic vessel or pottery piece with a rolled rim and weathered surface, displayed against a neutral background with an identification label visible on the artifact."
75-1441,Ellsworth Cowles Collection,,stone tools; archaeological artifacts; black and white photograph; museum documentation; prehistoric implements,"A black and white photograph displaying four stone tools or artifacts arranged in a row against a dark background, likely from an archaeological collection or museum documentation, with a small scale reference card visible between the specimens."
75-1442,Ellsworth Cowles Collection,,stone artifacts; elongated tools; archaeological specimens; black and white photograph; museum documentation,"A black and white photograph displaying three elongated stone artifacts or tools arranged horizontally, likely archaeological specimens from the Ellsworth Cowles Collection documenting artifacts from the Corning, NY area."
75-1443,Ellsworth Cowles Collection,,bread loaves; baking; product documentation; black and white photograph; corning ny,"A black and white photograph showing four elongated bread loaves arranged horizontally, with one loaf marked ""ELLSWORTH"" visible on its surface, likely documenting baking products from the Ellsworth Cowles Collection."
75-1443,Ellsworth Cowles Collection,,bread loaves; baking; product documentation; black and white photograph; corning ny,"A black and white photograph showing four elongated bread loaves arranged horizontally, with one loaf marked ""ELLSWORTH"" visible on its surface, likely documenting baking products from the Ellsworth Cowles Collection."
75-1444,Ellsworth Cowles Collection,,artifact photograph; stone tool; archaeological specimen; black and white; museum documentation,A black and white photograph documenting an elongated stone tool or artifact against a gray background with a small white scale reference card visible in the lower left corner.
75-1445,Ellsworth Cowles Collection,,archaeological artifacts; pottery fragments; ceramic head; museum display; black and white photograph,"A black and white photograph from the Ellsworth Cowles Collection displays various archaeological artifacts including pottery sherds, a carved ceramic head with facial features, and what appears to be bone or shell implements arranged on a neutral background with small identification labels."
75-1446,Ellsworth Cowles Collection,1933,skeletal remains; archaeological excavation; burial; black and white photograph; 1933,"A black and white photograph from 1933 showing an archaeological excavation of human skeletal remains in soil, with two skulls visible at either end of the skeleton, part of the Ellsworth Cowles Collection from Corning, NY local history archives."
75-1447,Ellsworth Cowles Collection,1933,archaeological excavation; skeletal remains; excavation tools; black and white photograph; 1933,"A black and white archaeological photograph from 1933 showing human skeletal remains excavated from soil with a trowel and measuring scale visible, labeled ""MLGORE"" at the bottom of the image."
75-1448,Ellsworth Cowles Collection,1933,skeletal remains; archaeological excavation; burial site; black and white photograph; 1933,"A black and white archaeological photograph from 1933 showing human skeletal remains excavated from soil with reference markers and labels visible, labeled ""ML Gore"" at the bottom left corner."
75-1449,Ellsworth Cowles Collection,1933,skeletal remains; archaeological excavation; burial site; black and white photograph; 1933,"A 1933 archaeological excavation photograph (No. 10-12) showing multiple human skeletal remains with skulls and long bones arranged in soil, with white identification markers and reference cards visible at the excavation site."
75-1450,Ellsworth Cowles Collection,,tree trunk; birch bark; close-up; black and white photograph; natural detail,"A close-up black and white photograph showing the textured bark of a birch tree with peeling white and dark bark patterns, flanked by darker tree trunks on either side."
75-1451,Ellsworth Cowles Collection,,gravestone; cemetery; carved stone; grass; black and white photograph,"A close-up black and white photograph of an engraved gravestone or headstone in a cemetery, with grass surrounding its base and a tree trunk visible behind it."
75-1452,Ellsworth Cowles Collection,1933,rural landscape; agricultural field; forested hillside; black and white photograph; 1933,"A black and white photograph showing a cultivated field in the foreground with a forested hillside in the background, typical of the rural Corning, NY area during the Great Depression era of 1933."
75-1457,Baseball,,baseball team; corning; early 1900s; black and white photograph; group portrait,"A formal black and white team photograph showing approximately 13 young men and boys wearing baseball uniforms with ""C"" letters visible on their jerseys, posed in three rows against a studio backdrop, likely representing a Corning baseball team from the early 1900s."
75-1458,Baseball,1900,baseball team; 1900s; uniforms; group portrait; black and white photograph,"A formal team portrait of a Corning baseball team from 1900, showing approximately 16 men arranged in three rows, with players wearing uniforms with visible letters including ""W"" and what appears to be ""1907,"" along with several men in business attire, posed on outdoor steps."
75-1459,Baseball,,baseball player; notre dame uniform; baseball field; early 1900s; black and white photograph,"A baseball player wearing a Notre Dame uniform stands on a baseball field with a baseball glove, photographed in black and white, likely from the early 1900s era."
75-1460,Baseball,,baseball player; vintage uniform; baseball glove; black and white photograph; early 20th century,"A baseball player wearing a striped uniform and cap stands on a baseball field holding a glove, photographed in black and white, likely from the early 1900s."
75-1461,Baseball,,baseball player; vintage uniform; black and white photograph; early 20th century; baseball field,"A black and white photograph showing a baseball player in vintage uniform holding a bat, with the handwritten caption ""Centliver RF"" visible at the bottom of the image, documenting what appears to be a Corning, NY baseball player or team member from the early 1900s."
75-1462,Baseball,,baseball player; notre dame uniform; portrait photograph; black and white; early 1900s,"A black and white portrait photograph of a baseball player wearing a Notre Dame uniform with visible text on the chest, posed standing against a plain background, with what appears to be a signature or notation at the bottom of the image."
75-1463,Baseball,,,
75-1463,Corning Free Academy,,,
75-1464,Airplanes,,early aircraft; biplane; struts and bracing; black and white photograph; vintage aviation,"A close-up view of an early biplane showing its internal structural framework, struts, bracing wires, and engine components in this black and white historical photograph."
75-1478,"Erie Railroad, Corning, N.Y. ",,,
75-1479,Corning Glass Center Buildings,,corning glass works; industrial factory; railroad tracks; brick buildings; black and white photograph,"This historical photograph shows the Corning Glass Works facility in Corning, New York, identified in the caption as ""largest in the world,"" featuring large multi-story brick industrial buildings with numerous smokestacks, railroad tracks in the foreground, and various support structures typical of early 20th-century manufacturing operations."
75-1480,"First Street, Corning, N.Y. ",,tree-lined street; early 20th century; residential buildings; black and white photograph; corning new york,"A black and white photograph labeled ""East First Str., Corning, N.Y."" showing a tree-canopied residential street with Victorian-era houses on both sides and a horse-drawn carriage visible in the distance."
75-1481,Corning Free Academy,,,
75-1482,"Clocktower, Corning, N.Y. ",,,
75-1497,Construction,,construction site; stone building; rural landscape; black and white photograph; waterfront,"A black and white photograph showing an incomplete stone structure under construction near a waterfront in Corning, NY, with bare earth, timber framing, and dense trees in the background."
75-1498,Construction,,construction site; wooden scaffolding; stone buildings; early 20th century; hand-colored photograph,"A hand-colored photograph showing workers on a construction site with wooden scaffolding and temporary barriers in front of stone buildings, likely documenting building or renovation work in Corning, NY during the early 1900s."
75-1499,Construction,,industrial machinery; glass manufacturing equipment; black and white photograph; vintage construction; Corning NY,"A black and white photograph showing industrial machinery and equipment used in glass manufacturing or construction at what appears to be a Corning facility, with wooden beams, metal components, and various mechanical parts visible in the detailed close-up view."
75-1500,Construction,,construction site; concrete walls; wooden scaffolding; worker; mid-20th century,"A construction worker operates on wooden scaffolding at a building site in Corning, NY, surrounded by concrete walls and structural framework, captured in a color photograph showing active construction work."
75-1501,Construction,,construction site; quarry; industrial landscape; wooden structures; vintage photograph,"A historical photograph showing an active quarry or mining operation with excavated earth, wooden support structures, and industrial equipment along a waterway, with forested hills visible in the background."
75-1502,Construction,,construction site; steel framework; rural landscape; utility poles; black and white photograph,"A black and white photograph showing an active construction site with extensive steel framework and wooden forms in the foreground, surrounded by rural hills, utility poles, and trees in Corning, NY."
75-1503,Construction,,industrial glassworks; brick building; factory chimneys; railroad tracks; black and white photograph,"A black and white photograph showing a stone industrial building with multiple tall chimneys in the background, characteristic of a glass manufacturing facility in Corning, NY, with railroad tracks visible in the foreground."
75-1504,Construction,,construction site; concrete foundations; industrial building; rural valley; mid-20th century photograph,"A black and white photograph showing an active construction site in a valley surrounded by forested hills, with concrete foundation pads, a small industrial building with a chimney, and construction equipment visible among the partially completed structures."
75-1505,Construction,,,
75-1508,"Corning, New York",,,
75-1509,Coopers,,white wooden church; steeple; rural architecture; black and white photograph; early 20th century,"A white wooden church building with a distinctive pointed steeple and cross, featuring tall windows and a front entrance with steps, photographed in black and white from the Corning, NY local history archive."
75-1511,Dickinson House,,,
75-1512,"First National Bank & Trust Co., Corning, N.Y. ",,first national bank; market street; corning new york; historic architecture; early 20th century streetscape,"A black and white photograph showing the First National Bank and Market Street corner in Corning, N.Y., featuring a prominent multi-story brick building with arched windows on the ground floor and regular windows above, with pedestrians and a trolley visible on the street."
75-1515,"Delaware, Lackawanna and Western Railroad Trainwreck, Gibson, N.Y. ",1912,train wreck; derailed locomotive; 1912; black and white photograph; disaster scene,"This black and white photograph documents the Delaware, Lackawanna and Western Railroad trainwreck in Gibson, N.Y. in 1912, showing a derailed locomotive lying on its side in an embankment with onlookers and additional train cars visible in the background."
75-1516,"Delaware, Lackawanna and Western Railroad Trainwreck, Gibson, N.Y. ",1912,,
75-1517,"Delaware, Lackawanna and Western Railroad Trainwreck, Gibson, N.Y. ",1912,railroad wreck; derailed train cars; 1912; black and white photograph; gibson ny,"This black and white photograph documents the 1912 Delaware, Lackawanna and Western Railroad trainwreck near Gibson, N.Y., showing derailed and overturned train cars with visible numbering on their sides and workers examining the wreckage on an embankment."
75-1518,"First Presbyterian Chruch, Painted Post, N.Y. ",,first presbyterian church; painted post; winter scene; snow-covered evergreens; black and white photograph,"A black and white photograph showing the First Presbyterian Church of Painted Post, New York framed by snow-laden evergreen trees in winter, with the church's steeple visible in the background through bare deciduous trees."
75-1520,Boy Scouts,,,
75-1523,Corning Free Academy,1910,corning free academy; diploma; leo joseph reithan; 1910; educational certificate,"A formal diploma from Corning Free Academy in Corning, New York, issued to Leo Joseph Reithan certifying completion of prescribed course of study and satisfactory examinations, dated in the year of our Lord one thousand nine hundred and ten, featuring ornate Victorian design with decorative header, official seal, and faculty signatures."
75-1524,Corning Free Academy,1923,corning free academy; group portrait; brick building; arched entrance; 1923,"A 1923 black and white photograph shows a large group of students posed in front of the Corning Free Academy building, arranged in rows before an impressive arched brick entrance with decorative tilework and a large gridded window."
75-1527,Floods,,flooded downtown street; vintage storefronts; 1940s automobiles; black and white photograph; Corning NY,"A black and white photograph showing a flooded downtown Corning street with water covering the roadway, vintage cars partially submerged, storefronts including visible signs for ""Alemite Service"" and ""Pontiac,"" and period street lamps and utility poles."
75-1528,Floods,,flooded street; industrial buildings; downtown corning; black and white photograph; mid-20th century,"A black and white photograph showing a flooded downtown street in Corning, NY with industrial and commercial buildings partially submerged in water, metal fencing visible along the street, and utility infrastructure in the background."
75-1529,Floods,,flooding; rushing water; bridge; trees; black and white photograph,"A black and white photograph showing a flooded river with turbulent, cascading water flowing beneath a bridge structure, with trees lining the banks in the background during what appears to be a severe flood event in Corning, NY."
75-1530,Floods,,flooded street; wooden houses; debris; rural area; black and white photograph,"A black and white photograph showing a flooded rural area in Corning, NY with wooden houses partially submerged in water, debris scattered across the landscape, and utility poles visible in the background."
75-1531,Floods,,flooded buildings; wooden structures; rural flood damage; black and white photograph; mid-20th century,"A black and white photograph showing wooden farm buildings partially submerged in floodwaters, with bare trees visible in the background under overcast skies, documenting flood damage in a rural area near Corning, NY."
75-1532,Floods,,flood debris; riverside damage; 1972 flood; corning ny; black and white photograph,"This black and white photograph documents the aftermath of the 1972 flood in Corning, NY, showing extensive debris and wreckage scattered along a riverbank with a cross visible among the destruction and buildings in the background."
75-1532,Floods,1972,flood debris; riverside damage; 1972 flood; corning ny; black and white photograph,"This black and white photograph documents the aftermath of the 1972 flood in Corning, NY, showing extensive debris and wreckage scattered along a riverbank with a cross visible among the destruction and buildings in the background."
75-1533,Floods,,flooded waterway; bridge; mid-20th century; corning ny; black and white photograph,"A black and white photograph showing a wooden bridge spanning a flooded waterway in Corning, NY, with several people standing on the bridge observing the high water levels, residential and institutional buildings visible in the background among dense trees."
75-1534,Floods,1972,flooded residential area; 1972 flood; black and white photograph; houses; water damage,"A black and white photograph documenting the 1972 flood in Corning, NY, showing a residential neighborhood with houses partially submerged in floodwater, including evergreen trees and residential structures along the flooded street."
75-1536,Floods,1972,,
75-1537,Floods,1972,flooded landscape; white buildings; willow trees; industrial structures; 1972 flood,"This 1972 photograph documents flooding in Corning, NY, showing a white-roofed building partially submerged in floodwaters with industrial smokestacks, a church steeple, and weeping willow trees visible in the background against forested hills."
75-1538,Floods,1972,flooded street; people in water; speed limit sign; residential area; black and white photograph,"A black and white photograph from 1972 showing a residential street in Corning, NY completely flooded with water, where people wade through the floodwaters near a speed limit 30 sign and utility poles."
75-1539,Floods,1972,flood damage; mobile home; debris; muddy ground; black and white photograph,"A black and white photograph showing a mobile home damaged by flooding in Corning, NY in 1972, with mud, debris, and displaced materials scattered around the structure."
75-1540,Floods,1972,1972 flood damage; flooded street; automobiles submerged; commercial buildings; black and white photograph,"This black and white photograph documents flood damage in Corning, NY from 1972, showing submerged and damaged automobiles in a flooded street with commercial buildings and signage visible in the background, including a ""Cars Trucks Open"" sign."
75-1541,Floods,1972,flooded street; mobil gas station; utility poles; black and white photograph; 1972 flood,"A black and white photograph showing a severely flooded street in Corning, NY during the 1972 flood, with a Mobil gas station and surrounding buildings partially submerged in water, utility poles visible in the background, and the floodwaters viewed from an elevated structure."
75-1542,Floods,1972,flood damage; residential house; structural damage; black and white photograph; 1972,"A black and white photograph showing a residential house in Corning, NY with severe structural damage from the 1972 flood, including a collapsed roof and displaced roofing materials, surrounded by evergreen shrubs and debris."
75-1543,Floods,1972,residential architecture; mid-century modern house; black and white photograph; single-family home; architectural documentation,"A black and white photograph of a mid-century modern residential house with a distinctive peaked roof, horizontal lines, decorative lattice panels flanking the entrance, and manicured landscaping, documented in the Corning, NY local history archive."
75-1544,Floods,1972,flooded river; bridge damage; 1972 flood; structural collapse; black and white photograph,"This black and white photograph documents the structural damage to a bridge spanning a flooded river in Corning, NY during the 1972 flood, with the bridge's steel framework visibly compromised and water inundating the area below, while buildings are visible in the background."
75-1545,Floods,1972,flooded river; steel bridges; flood protection sign; 1972 flood; black and white photograph,"This black and white photograph documents the 1972 flood in Corning, NY, showing multiple steel bridges partially submerged in floodwaters with a U.S. Army Corps of Engineers flood protection sign visible in the foreground."
75-1546,Floods,1972,flood damage; McDonald's; debris; 1972 flood; black and white photograph,"This black and white photograph documents flood damage in Corning, NY from 1972, showing a McDonald's restaurant sign and surrounding buildings buried under sand and debris, with a person standing in the devastated landscape."
75-1548,Automobiles,,early automobile; residential street; bare trees; wooden houses; black and white photograph,"A black and white photograph showing an early 1900s open-air automobile parked on a residential street in Corning, NY, with wooden houses and bare trees visible in the background."
75-1557,"Deluxe Dairy Products, Inc. ",c. 1940s,deluxe ice cream shop; 1940s automobiles; downtown storefront; black and white photograph; corning ny,"A black and white photograph from circa 1940s showing the Deluxe ice cream shop storefront in downtown Corning, NY, with period automobiles parked on the street and the Ward Williams store visible adjacent to it."
75-1559,Airplanes,,early aircraft; biplane; cockpit; pilots; black and white photograph,"A black and white photograph showing an early biplane with two visible pilots in the open cockpit, featuring struts, bracing wires, and canvas wings characteristic of early 20th-century aircraft design."
75-1561,"Bridge Street, Corning, N.Y. (Duplicate photo to photo 75-1033)",,downtown corning; bridge street; pulteney street; historic storefronts; black and white photograph,"This black and white photograph shows the junction of Pulteney and Bridge Streets in Corning, N.Y., featuring multi-story commercial buildings with storefronts at street level, streetcar tracks, a traffic sign reading ""SLOW"" and ""TURN RIGHT,"" and hills visible in the background."
75-1565,"Delaware, Lackawanna and Western Railroad Trainwreck, Gibson, N.Y. ",1912,train wreck; railroad disaster; 1912; debris; crowd gathering,"A black and white photograph documenting the Delaware, Lackawanna and Western Railroad trainwreck in Gibson, N.Y. in 1912, showing a derailed passenger car surrounded by extensive wreckage and a large crowd of onlookers gathered at the disaster site."
75-1566,"Delaware, Lackawanna and Western Railroad Trainwreck, Gibson, N.Y. ",1912,train wreck; derailment; railroad cars; debris; black and white photograph,"A black and white photograph documenting the 1912 Delaware, Lackawanna and Western Railroad trainwreck near Gibson, N.Y., showing severely damaged and overturned railroad cars with twisted metal wreckage scattered across the tracks."
75-1567,"Delaware, Lackawanna and Western Railroad Trainwreck, Gibson, N.Y. ",1912,train wreck; railroad disaster; 1912; damaged locomotive; spectators; black and white photograph,"This black and white photograph documents the 1912 Delaware, Lackawanna and Western Railroad trainwreck in Gibson, N.Y., showing a severely damaged and derailed locomotive surrounded by onlookers and wreckage, with residential buildings visible in the background."
75-1568,"Delaware, Lackawanna and Western Railroad Trainwreck, Gibson, N.Y. ",1912,train wreck; delaware lackawanna western railroad; gibson ny; 1912; black and white photograph,"This black and white photograph documents the Delaware, Lackawanna and Western Railroad trainwreck in Gibson, N.Y. in 1912, showing derailed and overturned railroad cars with smoke rising from the wreckage, spectators gathered at the scene, a utility pole visible on the left, and forested hills in the background."
75-1579,"City Pump House, Corning, N.Y. ",,city pump house; corning new york; black and white photograph; industrial infrastructure; early 20th century,"A black and white photograph of the City Pump House in Corning, NY, showing the industrial structure with visible utility poles, fencing, and surrounding buildings nestled in a valley landscape with bare trees."
75-1582,"Denison Park, Corning, N.Y. ",,denison park; corning ny; pond; bare trees; black and white photograph,"A black and white photograph of Denison Park in Corning, New York, showing a pond or water feature with bare trees along its banks, rolling hills in the background, and buildings visible on the right side of the image."
75-1583,"Erie Railroad, Corning, N.Y. ",,,
75-1584,"Bridge Street Bridge, Corning, N.Y. ",,bridge street bridge; corning new york; steel truss bridge; river; black and white photograph,"A black and white photograph of the Bridge Street Bridge in Corning, New York, showing a steel truss bridge spanning a river with concrete supports, surrounded by misty hills and vegetation in the foreground."
75-1585,"Denison Park, Corning, N.Y. ",,denison park; corning ny; park landscape; mature trees; black and white photograph,"A black and white photograph of Denison Park in Corning, New York, showing a tree-lined park setting with several visitors scattered throughout the grounds, featuring large mature trees creating a canopy over the open lawn area."
75-1586,"Erie Railroad, Corning, N.Y. ",,,
75-1587,Corning Glass Works Floods,1972,flooded industrial facility; corning glass works; 1972 flood; factory smokestacks; black and white photograph,"This black and white photograph documents the 1972 Corning Glass Works facility severely flooded, with tall industrial smokestacks rising above floodwaters that have submerged the factory buildings and surrounding area."
75-1587,Floods,,flooded industrial facility; corning glass works; 1972 flood; factory smokestacks; black and white photograph,"This black and white photograph documents the 1972 Corning Glass Works facility severely flooded, with tall industrial smokestacks rising above floodwaters that have submerged the factory buildings and surrounding area."
75-1590,"City Pump House, Corning, N.Y. ",,brick building; pump house; bare trees; early 20th century; black and white photograph,"This black and white photograph shows the City Pump House in Corning, New York, a brick municipal building with a pyramidal roof and chimney, surrounded by bare trees and situated in a landscape with hills visible in the background."
75-1591,Corning Free Academy,,corning free academy; brick building; bare trees; early 20th century; black and white photograph,"A black and white photograph showing the Corning Free Academy building, a substantial brick structure with a prominent tower, flanked by bare deciduous trees along a street in Corning, NY."
75-1592,Bulb For Edison Monument,1940's,giant light bulb; edison monument; corning ny; 1940s; black and white photograph,"A massive oversized light bulb structure, likely part of the Edison Monument in Corning, New York, is photographed in the 1940s, showing its distinctive bulb shape with vertical seams and a textured base section."
75-1636,Floods,1946,,
75-1656,"Denison Park, Corning, N.Y. ",,bridge; water; trees; denison park; black and white photograph,"A black and white photograph showing a curved stone or concrete bridge spanning a body of water in Denison Park, Corning, NY, surrounded by dense foliage and trees along the waterway."
75-1658,"Denison Park, Corning, N.Y. ",,denison park; stone bridge; mature trees; black and white photograph; park landscape,"A black and white photograph of Denison Park in Corning, NY showing a stone arch bridge spanning a small stream or pond, surrounded by mature trees and landscaped grounds."
75-1700,"Denison Park, Corning, N.Y. ",,denison park; public park; fountain; early 20th century; black and white photograph,"This black and white photograph shows Denison Park in Corning, New York, featuring a central fountain surrounded by landscaped grounds, mature trees, walking paths, and visitors enjoying the park, with hills visible in the background."
75-1724,Balloonists,1900,hot air balloon; early 1900s; crowd gathering; town landscape; black and white photograph,"A hot air balloon ascends above a gathered crowd in what appears to be a Corning, NY town square or park around 1900, with spectators, horse-drawn carriages, and a fountain visible in the foreground, and hills and buildings in the background."
76-1605,Fall Brook Coal Company - Engine,,,
76-1608,"Chimney Narrows (Rock formation near Corning, N.Y.)",,chimney narrows; rock formation; river landscape; black and white photograph; corning ny,"A black and white photograph showing the distinctive rock formation known as Chimney Narrows near Corning, New York, with a river view, sandy beach, and several people standing along the shoreline beneath the towering cliff face."
76-1610,"Chimney Narrows (Rock formation near Corning, N.Y.)",,rock formation; chimney narrows; person; river landscape; black and white photograph,"A black and white photograph showing a person standing on a sloped, rocky terrain beneath a dramatic overhanging rock formation at Chimney Narrows near Corning, New York, with a river visible in the background."
76-1611,"Chimney Narrows (Rock formation near Corning, N.Y.)",,dirt path; large trees; natural landscape; black and white photograph; rural scenery,"A black and white photograph showing a dirt path lined with large trees and dense vegetation, depicting a natural landscape near Chimney Narrows, a rock formation near Corning, New York."
76-1612,"Corning, New York",,corning new york; panoramic view; residential neighborhood; hills; black and white photograph,"A black and white panoramic photograph showing the town of Corning, New York nestled in a valley surrounded by rolling hills, with residential houses, church steeples, and industrial buildings visible across the landscape."
76-1614,"Centerway Bridge, Corning, N.Y. ",1972,,
76-1615,"Delaware, Lackawanna and Western Railroad Station",,,
76-1618,Corning Glass Center Buildings,,flooded industrial complex; factory smokestacks; river flood; black and white photograph; corning glass works,"A black and white photograph showing the Corning Glass Works facility inundated by floodwaters from the adjacent river, with multiple tall industrial smokestacks visible above the flood line and factory buildings partially submerged along the waterfront."
76-1618,Corning Glass Works Floods,,flooded industrial complex; factory smokestacks; river flood; black and white photograph; corning glass works,"A black and white photograph showing the Corning Glass Works facility inundated by floodwaters from the adjacent river, with multiple tall industrial smokestacks visible above the flood line and factory buildings partially submerged along the waterfront."
76-1619,Floods,1935,flooded street; residential buildings; utility poles; 1935 flood; black and white photograph,"This black and white photograph documents the July 8th flood at Painted Post, New York, showing multiple residential and commercial buildings partially submerged in floodwater, with utility poles and railroad tracks visible in the foreground."
76-1620,Floods,1935,flood damage; rural landscape; eroded hillside; fence; black and white photograph,"This photograph shows a hillside damaged by flooding with eroded soil, scattered vegetation, and a wooden fence, captioned ""Corning and Painted Post Road—Flood July 8, 1935"" documenting flood damage from the 1935 flood event in the Corning, NY area."
76-1621,"Couthouse Park, Corning, New York",,,
76-1622,Curtiss Airplanes,,,
76-1623,"Brick, Terra Cotta & Tile Co. ",,,
76-1628,"Corning, New York",,,
76-1630,Corning Glass Center,,corning glass center; aerial view; modernist architecture; mid-century building; black and white photograph,"An aerial photograph of the Corning Glass Center in Corning, New York, showing modernist buildings with flat roofs, expansive grounds with landscaping and trees, and surrounding countryside in this mid-century architectural documentation."
76-1631,"First National Bank & Trust Co., Corning, N.Y. ",,first national bank; corning new york; historic building; black and white photograph; downtown architecture,"A black and white photograph of the First National Bank & Trust Co. building in Corning, New York, showing a multi-story Romanesque Revival structure with arched windows on the ground floor, regular rectangular windows on upper floors, and ornamental cornice detailing, with adjacent commercial buildings visible on the street."
76-1633,Dickinson House,,,
76-1635,Floods,1946,,
76-1637,Floods,1946,flooded river; steel bridge; 1946 flood; Corning NY; black and white photograph,"A black and white photograph from 1946 showing a steel truss bridge spanning a dramatically swollen river during the Corning, New York flood, with the town and church steeple visible in the background across the elevated water."
76-1638,Floods,1946,,
76-1639,Floods,1946,flooded river; 1946 flood; power lines; residential buildings; black and white photograph,"This black and white photograph documents the 1946 flood in Corning, NY, showing a swollen river with high water levels threatening nearby residential structures and utility infrastructure, with onlookers gathered along the riverbank near white-painted houses."
76-1640,Floods,1946,flooded valley; aerial view; 1946 flood; landscape; black and white photograph,"An aerial view of the Corning, NY valley during the 1946 flood, showing extensive water coverage across agricultural fields and lowlands with forested hills in the background."
76-1641,Floods,1946,flooded river; steel bridges; industrial buildings; 1946 flood; black and white photograph,"This black and white photograph documents the 1946 flood in Corning, NY, showing multiple steel truss bridges partially submerged in floodwaters with industrial buildings and smokestacks visible in the background along the riverbank."
76-1642,Floods,1946,flooded river; industrial buildings; steel bridge; 1946 flood; black and white photograph,"A black and white photograph documenting the 1946 flood in Corning, NY, showing industrial facilities with smokestacks and a steel truss bridge partially submerged in floodwaters, with forested hills visible in the background."
76-1643,Floods,1946,flooded river; steel bridge; debris; 1946 flood; black and white photograph,"A black and white photograph showing a swollen river with debris and uprooted vegetation floating in the water, a steel truss bridge spanning across, and industrial buildings visible along the riverbank during the 1946 flood in Corning, NY."
76-1644,Floods,1946,flooded industrial area; factory smokestacks; steel bridge; 1946 flood; black and white photograph,"This black and white photograph documents the 1946 flood in Corning, NY, showing an industrial facility with multiple tall smokestacks partially submerged in floodwaters, with a steel truss bridge visible on the left and mountains in the background."
76-1645,Floods,1946,flooded bridge; steel truss bridge; flood damage; 1946 flood; black and white photograph,"A steel truss bridge spanning a swollen river during the 1946 flood in Corning, NY, with water inundating the surrounding landscape and several people visible on the bridge structure observing the flood conditions."
76-1646,Floods,1946,flooded river; industrial buildings; smokestacks; 1946 flood; black and white photograph,"A black and white photograph showing industrial buildings and factories with multiple smokestacks along a swollen river during the 1946 flood in Corning, NY, with mountains visible in the background."
76-1647,Floods,1946,flooded industrial area; tall smokestack; 1946 flood; Corning NY; black and white photograph,"A black and white photograph documenting the 1946 flood in Corning, NY, showing an industrial complex with a prominent tall smokestack partially submerged in floodwaters, with various factory buildings, storage structures, and debris visible amid the inundation."
76-1650,Corning Glass Center Buildings,,industrial smokestacks; corning glass works; river view; early 20th century; black and white photograph,"This black and white photograph shows five tall industrial smokestacks of the Corning Glass Works facility along a river, with the Corning, NY valley and forested hills visible in the background, and brick factory buildings with wooden railings visible in the foreground."
76-1651,Fireman's Convention,,fireman's convention; decorated building; patriotic bunting; brick architecture; black and white photograph,"A brick building decorated with patriotic bunting and flags for a Fireman's Convention in Corning, NY, with visible signage reading ""CORNING FIRE DEPARTMENT TO FIREMEN"" on the storefront."
76-1651,"First National Bank & Trust Co., Corning, N.Y. ",,fireman's convention; decorated building; patriotic bunting; brick architecture; black and white photograph,"A brick building decorated with patriotic bunting and flags for a Fireman's Convention in Corning, NY, with visible signage reading ""CORNING FIRE DEPARTMENT TO FIREMEN"" on the storefront."
76-1652,"Denison Park, Corning, N.Y. ",,denison park; winter landscape; bare trees; snow; black and white photograph,"A winter scene of Denison Park in Corning, NY showing a snow-covered path or road lined with bare deciduous trees and what appears to be a small bridge or structure in the middle distance."
76-1653,"Corning, New York",,corning new york; panoramic cityscape; industrial smokestacks; residential neighborhoods; black and white photograph,"A black and white panoramic photograph showing an elevated view of Corning, New York with residential houses in the foreground, industrial smokestacks and factory buildings in the middle distance, and rolling hills surrounding the valley town in the background."
76-1654,"Corning, New York",,corning new york; industrial landscape; residential neighborhood; factory smokestacks; black and white photograph,"A black and white photograph showing an elevated view of Corning, New York with residential houses in the foreground, industrial factory buildings with multiple smokestacks in the middle distance, a river valley, and forested hills in the background."
76-1655,"Denison Park, Corning, N.Y. ",,denison park; pond; trees; black and white photograph; landscape,"A serene black and white photograph of Denison Park in Corning, New York, showing a calm pond surrounded by mature trees with full foliage and rolling hills visible in the background."
76-1657,"Denison Park, Corning, N.Y. ",,denison park; winter landscape; snow; bare trees; black and white photograph,"A winter scene of Denison Park in Corning, NY showing snow-covered grounds with bare deciduous trees and a curved bridge or walkway structure visible among the wooded landscape."
76-1664,"Centerway Square, Corning, N.Y. ",,,
76-1667,Corning Homes,,historic house; neoclassical architecture; columned portico; stone foundation; black and white photograph,"A grand neoclassical residential home in Corning, NY features a symmetrical facade with tall columns supporting a front portico, decorative cornices, arched stone foundation openings, and ornamental chimneys, surrounded by a picket fence and bare trees."
76-1668,Corning Homes,,victorian mansion; bare tree; wooden siding; front porch; black and white photograph,"A black and white photograph of an ornate Victorian-era residential home in Corning, NY, featuring a distinctive cupola, wraparound porch with decorative railings, columned entryway, and bare deciduous tree in the foreground."
76-1669,Corning Homes,,,
76-1671,Corning Homes,,victorian architecture; snow-covered street; bare tree; residential neighborhood; black and white photograph,"A snow-covered residential street in Corning, NY featuring a prominent Victorian-era home with a distinctive turret, wraparound porch, and decorative architectural details, with bare trees and neighboring houses visible in winter conditions."
76-1672,Board of Education Building,,board of education building; brick architecture; bare trees; early 20th century; black and white photograph,"A black and white photograph of the Board of Education Building in Corning, NY, showing a substantial brick structure with distinctive twin towers and multiple chimneys, photographed during winter with bare trees in the foreground."
76-1673,"Clocktower, Corning, N.Y. ",,clocktower; corning new york; stone tower; downtown street; black and white photograph,"A historic black and white photograph showing Corning, NY's distinctive stone clocktower standing in a downtown plaza, with Victorian-era buildings to the left and industrial factory buildings with smokestacks visible in the background."
76-1675,Corning Glass Center Buildings,,corning glass works; industrial buildings; factory complex; black and white photograph; early 20th century,"This black and white photograph shows the Corning Glass Works industrial complex with a large multi-story factory building featuring two tall smokestacks, surrounded by smaller structures, wooden fencing, and landscaping in what appears to be early 1900s Corning, New York."
76-1678,Baseball,,baseball game; baseball field; spectators; chain-link fence; black and white photograph,"A black and white photograph showing a baseball game in progress at a field in Corning, NY, with players on the diamond, spectators lining the field and seated in the background, and a chain-link fence visible in the foreground."
76-1679,Baseball,,baseball game; baseball field; early 20th century; black and white photograph; vintage sports,"A black and white photograph showing a baseball game in progress on an open field with multiple players positioned across the diamond and outfield, with spectators visible in the background along the tree line."
76-1684,"Clocktower, Corning, N.Y. ",,,
76-1684,"First National Bank & Trust Co., Corning, N.Y. ",,,
76-1685,"Clocktower, Corning, N.Y. ",,clock tower; corning new york; historic downtown; brick buildings; black and white photograph,"This historical photograph labeled ""Clock Tower, Corning, N.Y."" shows a downtown street scene featuring a prominent stone clock tower on the right, Victorian-era brick buildings with distinctive architecture, a horse-drawn wagon in the foreground, and utility poles with power lines crossing the scene."
76-1686,Corning Glass Works Patterns,,glass pattern designs; floral motifs; decorative sketches; black and white photograph; corning glass works,"This archival document shows three Corning Glass Works pattern designs featuring botanical and floral motifs, including a ""6 in vases. Holly hocks"" pattern and a ""Somerset"" pattern, with handwritten notes documenting the design details and production information."
76-1687,Corning Glass Works Patterns,,glass pattern designs; decorative motifs; botanical ornaments; geometric patterns; design sketches,"A collection of Corning Glass Works pattern design sketches showing ornamental designs including a scrolled leaf border pattern, a geometric checkerboard and radiating design, a circular floral composition with botanical elements, and partial views of additional decorative patterns featuring flowers and foliage."
76-1689,Baseball,,baseball team; corning; early 1900s; black and white photograph; uniforms,"A formal team portrait of the Corning baseball team from the early 1900s, showing approximately 13 players in uniforms with ""CORNING"" visible on their jerseys, posed in two rows against a building backdrop."
76-1692,Fires,,fire; railroad yard; smoke; industrial buildings; black and white photograph,"A large fire with heavy smoke billows across railroad tracks in what appears to be an industrial yard in Corning, NY, with firefighters and equipment visible and multi-story buildings flanking the scene."
76-1693,Fires,,fire; smoke; wooden structures; industrial building; black and white photograph,"A black and white photograph showing a major fire with dense smoke billowing from wooden structures and an industrial building in Corning, NY, with a brick building visible in the background through the smoke."
76-1694,Fires,,fire; smoke; industrial building; firefighting; early 20th century; black and white photograph,"A massive fire engulfs an industrial building in Corning, NY, with firefighters and spectators gathered below as heavy smoke billows from the structure, with a steam-powered fire engine visible in the foreground and utility poles framing the scene."
76-1695,Fires,,railroad fire; firefighting; industrial building; water streams; black and white photograph,"Firefighters battle a major fire at a railroad facility in Corning, NY, directing multiple water streams at burning structures and boxcars along the tracks while smoke billows into the sky."
76-1696,Fires,,fire; building fire; smoke; industrial building; black and white photograph,"A large industrial or commercial building engulfed in heavy smoke and flames, with a tall chimney visible in the background and wooden structures in the foreground, documenting a major fire in Corning, NY."
76-1697,Fires,,fire; industrial building; steam and smoke; railroad tracks; black and white photograph,"A black and white photograph showing a major fire at an industrial structure in Corning, NY, with heavy smoke and steam billowing from the building, railroad tracks visible in the foreground, and what appears to be firefighting or emergency response equipment on the tracks."
76-1698,Fires,,fire; firefighting; industrial building; steam and smoke; early 20th century; black and white photograph,"A large industrial fire in Corning, NY with firefighters operating a steam-powered fire engine and water streams directed at a burning building engulfed in heavy smoke, while crowds of onlookers gather along railroad tracks to observe the emergency response."
76-1699,Fires,,firefighting; water stream; wooden structure; ladder; black and white photograph,"A firefighter directs a powerful water stream from a hose onto a burning wooden building during fire suppression efforts, with a ladder visible on the left side of the frame."
76-1701,Food-Mart,,food-mart; grocery store interior; meat counter; mid-century retail; black and white photograph,"Interior view of a Food-Mart grocery store showing staff behind a meat display counter with packaged products, promotional signage including ""Star Beef"" visible above, and store employees in white aprons working at the counter."
76-1702,Country Club,,country club; neoclassical architecture; white columns; black and white photograph; corning ny,"This black and white photograph shows the Country Club in Corning, N.Y., a neoclassical building with prominent white columns, a triangular pediment, and manicured grounds with trees and landscaping."
76-1703,Fires,,railroad fire; firefighting; freight cars; water spray; black and white photograph,"A black and white photograph documenting firefighters spraying water on a burning railroad freight car at what appears to be a rail yard in Corning, NY, with heavy smoke billowing from the structure and railroad workers visible in the scene."
76-1704,Fires,,railroad fire; steam locomotive; industrial disaster; black and white photograph; early 20th century,"A black and white photograph documenting a major railroad fire in Corning, NY, showing a steam locomotive engulfed in heavy smoke and flames on railroad tracks with utility poles visible in the background."
76-1714,Joseph Costa,,portrait; man; residential building; mid-20th century; black and white photograph,"A black and white photograph showing Joseph Costa standing in front of a house with horizontal siding, wearing a dark jacket with a white collar and dark trousers, smiling at the camera."
76-1715,Joseph Costa,,two men; porch; early 20th century; black and white photograph; formal attire,"A black and white photograph showing two men standing on a residential porch with white railings and a large support column, with the man on the left wearing a fedora and formal suit jacket and the man on the right in casual work clothes, likely from the early 1900s in Corning, NY."
76-1718,Circus Parades (see parades),,market street; corning ny; downtown street; black and white photograph; early 20th century,"A black and white photograph labeled ""Market Street, Looking West, Corning, N.Y."" showing a wide downtown street lined with multi-story commercial buildings and a few pedestrians and cyclists, typical of early 20th-century American urban streetscapes."
76-1719,Circus Parades (see parades),,circus parade; horse-drawn carriage; elephants; downtown corning; black and white photograph,"A circus parade in downtown Corning, NY features ornately decorated horse-drawn wagons and elephants walking down a street lined with historic buildings and spectators."
76-1720,Advertisements,,movie theater marquee; vintage film advertisements; harrison j. wolfe; black and white photograph; early cinema,"A vintage movie theater marquee displaying promotional advertisements for films including ""Harrison J. Wolfe"" and ""The Players,"" with price signage showing 20¢, 30¢, and 50¢ admission rates, and film stills visible on the display boards."
76-1725,"Clocktower, Corning, N.Y. ",,clocktower; horse-drawn carriage; downtown corning; late 19th century; black and white photograph,"A horse-drawn carriage with passengers travels down a street in Corning, New York, with a prominent clocktower visible in the background among Victorian-era brick buildings."
76-1729,Bicycles,,bicycle; woman; indoor; vintage; black and white photograph,"A black and white photograph showing a woman posing with a bicycle indoors against a wall with louvered vents, likely from the mid-20th century."
76-1730,Baseball,,baseball game; open field; spectators; mountains; black and white photograph,"A baseball game in progress on an open field with mountains visible in the background, spectators gathered along the sidelines, and residential buildings visible in the distance in what appears to be early-to-mid 20th century Corning, NY."
76-1731,"First National Bank & Trust Co., Corning, N.Y. ",,downtown corning; brick buildings; early 20th century; main street; black and white photograph,"A black and white photograph of a downtown Corning, New York street lined with multi-story brick commercial buildings, including the First National Bank & Trust Co., with utility poles, bare trees, and period automobiles visible in the distance."
76-1733,"Centerway Bridge, Corning, N.Y. ",1972,clocktower; downtown corning; historic architecture; black and white photograph; 1972,"This 1972 photograph shows Corning, New York's downtown area featuring a prominent clocktower monument in the center, Victorian-era buildings on the left, and the Centerway Bridge visible on the right, with mountains in the background."
76-1733,"Clocktower, Corning, N.Y. ",,clocktower; downtown corning; historic architecture; black and white photograph; 1972,"This 1972 photograph shows Corning, New York's downtown area featuring a prominent clocktower monument in the center, Victorian-era buildings on the left, and the Centerway Bridge visible on the right, with mountains in the background."
76-1736,Corning Glass Center Buildings,,industrial complex; brick buildings; factory chimneys; black and white photograph; early 20th century,"A black and white photograph showing an industrial glass manufacturing facility in Corning, NY, with multiple tall brick chimneys, multi-story brick buildings, and various industrial structures, with visible text referencing ""Henry Clay"" and ""Soft Coal Kiln"" on a building in the lower right corner."
76-1739,Food-Mart,,food-mart; grocery store interior; mid-century retail; product displays; black and white photograph,"Interior view of a Food-Mart grocery store showing multiple product display cases, shelving units stocked with packaged goods and canned items, a checkout counter with staff, and promotional displays including what appears to be Chiffon soap products in the foreground."
76-1740,"Clocktower, Corning, N.Y. ",,clocktower; corning new york; downtown square; industrial buildings; black and white photograph,"A black and white photograph showing Corning, NY's distinctive stone clocktower dominating a downtown plaza, with industrial factory buildings featuring tall smokestacks visible to the left and utility poles crossing the scene."
76-1742,"City Hall, Corning, N.Y. ",,city hall; corning new york; victorian architecture; stone building; historic photograph,"This black and white photograph shows Corning, New York's City Hall, a distinctive Victorian-era stone building featuring multiple turrets with pointed roofs, arched windows, and ornamental detailing, photographed from a street-level corner view."
76-1743,"Couthouse Park, Corning, New York",,courthouse; neoclassical architecture; american flag; landscaped grounds; black and white photograph,"A black and white photograph of the Steuben County Courthouse in Corning, New York, situated in Courthouse Park, showing a grand neoclassical building with columns, a pediment, and an American flag flying from its roof, surrounded by manicured landscaping and flowering shrubs."
76-1744,"City Hall, Corning, N.Y. ",,city hall; corning new york; victorian architecture; brick building; black and white photograph,"This black and white photograph shows the City Hall of Corning, N.Y., a prominent Victorian-era brick building featuring multiple conical towers, arched windows, and ornamental architectural details, as identified by the text caption in the upper left corner of the image."
76-1750,"Eggington's Glass Cutting Shop, Corning, N.Y. ",,brick industrial building; glass cutting shop; early 20th century; corning new york; black and white photograph,"This black and white photograph shows Eggington's Glass Cutting Shop in Corning, N.Y., a multi-story brick industrial building with numerous large windows, an office entrance, and a smokestack visible on the left side, representing the glass manufacturing heritage of the region."
76-1751,"Corning, New York",,corning new york; industrial landscape; factory buildings; black and white photograph; hillside valley,"A black and white historical photograph showing Corning, New York's industrial skyline with multiple factory buildings and smokestacks nestled in a valley surrounded by forested hills and mountains."
76-1752,Corning Glass Center Buildings,,industrial complex; factory chimneys; brick buildings; black and white photograph; early 20th century,"A black and white photograph showing an industrial glass manufacturing facility in Corning, NY, featuring multiple tall brick chimneys, multi-story brick buildings, and various industrial structures, with visible text referencing ""Celebrated Henry Clay Coal"" and soft coal kiln operations."
76-1753,Corning Glass Center Buildings,,corning glass works; industrial facility; arch bridge; factory smokestacks; black and white photograph,"This black and white photograph shows the Corning Glass Works facility in Corning, New York, featuring multiple industrial buildings with tall smokestacks, a distinctive arch bridge crossing a river in the foreground, and rolling hills in the background."
76-1755,Corning Homes,,victorian house; wooden siding; front porch; bare trees; black and white photograph,"A black and white photograph of a Victorian-era residential home in Corning, NY featuring wooden siding, a wraparound front porch with decorative railings, second-story balcony, and mature trees in the yard, representative of late 19th-century domestic architecture."
76-1756,A. B. Holmes,,,
76-1758,Drake Home,,stone castle; crenellated towers; historic architecture; black and white photograph; overgrown grounds,"A black and white photograph of the Drake Home in Corning, NY, showing a distinctive stone castle-like structure with multiple crenellated towers, arched windows, and surrounding overgrown vegetation."
76-1759,Corning Glass Works Glass Blower,,horse-drawn wagon; winter landscape; snow; rural scene; black and white photograph,"A black and white photograph showing two people in a horse-drawn wagon traveling through a snowy winter landscape with bare trees and industrial buildings visible in the distant background, likely depicting a scene from Corning, NY."
75-0015,,,portrait photograph; circular frame; male; early 20th century; black and white,"A black and white portrait photograph of a man in profile within a circular frame, numbered ""5"" and captioned with partial text reading ""of Their Fellow Towns-"", suggesting this is part of a larger publication or collection of local notable figures from Corning, NY."
75-0017,,,portrait photograph; sailor uniform; early 20th century; black and white; oval vignette,"A black and white portrait photograph of a person in a dark sailor uniform with white collar trim and a sailor hat, posed formally against a plain background with an oval vignette border and the number ""3"" visible in the lower right corner."
75-0018,,,portrait photograph; man; formal attire; early 20th century; black and white,"A formal black and white portrait photograph of a man wearing a suit and white collar, numbered ""4"" at the bottom left, appearing to be from an early 20th-century publication or directory."
75-0019,,,world war i; military portrait; soldier; corning; 1918,"A black and white portrait photograph of a soldier in World War I military uniform wearing a campaign hat, with text at the top reading ""CORNING'S PART in the WORLD WAR 1918,"" documenting a Corning resident's service during the First World War."
75-0020,,,portrait photograph; man; formal attire; black and white; early 20th century,"A black and white portrait photograph of a man wearing a suit and white dress shirt, shown in profile against a plain background, typical of early 20th-century formal portraiture."
75-0023,,,portrait; sailor uniform; naval service; black and white photograph; vintage,"A black and white portrait photograph of a man wearing a World War-era sailor uniform with a white cap and dark neckerchief, with partial text visible at the top of the image that appears to reference ""WO"" and ""WA."""
75-0024,,,portrait photograph; man; wide-brimmed hat; early 20th century; black and white,"A black and white portrait photograph of a man wearing a wide-brimmed hat and patterned shirt, holding what appears to be a tool or implement, from the Corning local history archive."
75-0025,,,world war i; military uniforms; 1918; portrait photographs; soldiers,"A black and white photograph showing two men in World War I military uniforms from 1918, with a banner at the top reading ""CORNING'S PART in the WORLD WAR, 1918,"" documenting local soldiers' participation in the First World War."
75-0026,,,portrait photograph; man; black and white; early 20th century; formal headshot,"A black and white portrait photograph of a man with a distinctive mustache wearing formal attire with a dark suit and white collar, photographed in profile-facing pose against a plain background."
75-0027,,,portrait photograph; military uniform; man; black and white; early 20th century,"A black and white portrait photograph of a man wearing a military uniform with collar insignia and buttons, shown from the shoulders up against a textured background."
75-0028,,,military portrait; naval officer; white uniform; early 20th century; black and white photograph,"A formal black and white portrait photograph of a naval officer wearing a white dress uniform with shoulder insignia and a naval cap with an eagle emblem, likely from the early 20th century."
75-0030,,,portrait photograph; woman; early 1900s; hat; white collar,"A black and white portrait photograph of a woman wearing an elaborate feathered hat and dark dress with a white collar, shown in profile view against a plain background."
75-0031,,,portrait photograph; man; early 20th century; black and white; formal headshot,"A formal black and white portrait photograph of a man with dark hair and a distinctive mustache, wearing what appears to be a military or formal uniform with a collar visible at the bottom of the frame."
75-0032,,,portrait; profile; black and white photograph; early 20th century; man,"A black and white profile portrait photograph of a man shown in side view, wearing formal attire with a collar visible, against a textured background."
75-0033,,,portrait photograph; man; early 20th century; black and white; formal headshot,"A formal black and white portrait photograph of a man wearing a dark turtleneck sweater, shown in an oval vignette format with archive reference number ""2"" visible in the upper right corner."
75-0034,,,portrait photograph; military uniform; man; early 20th century; black and white,"A black and white portrait photograph of a man in a military uniform with buttons and collar insignia, standing against a draped backdrop, with the number ""3"" visible in the lower right corner."
75-0035,,,military uniform; world war i era; portrait photograph; soldier; black and white photograph,"A black and white portrait photograph of a man in World War I-era military uniform, wearing glasses and a wide-brimmed campaign hat, standing at attention in a formal pose."
75-0036,,,military portrait; sailor; united states navy; uniform; black and white photograph,"A formal black and white portrait photograph of a U.S. Navy sailor wearing a dress uniform with a cap labeled ""U.S. NAVY FORCE,"" three-striped sleeve rating badge, and an eagle insignia on his chest."
75-0038,,,portrait photograph; man; cowboy hat; military uniform; black and white photograph,"A black and white portrait photograph of a man wearing a wide-brimmed cowboy hat with a decorative band and a military-style jacket with buttons and chest pockets, appearing to be from the early 20th century."
75-0040,,,portrait photograph; man; early 20th century; black and white; formal headshot,"A black and white portrait photograph of a man in profile facing left, wearing a textured jacket or sweater with a high collar, taken against a dark background in what appears to be an early 20th century studio style."
75-0042,,,portrait photograph; male; black and white; early 20th century; headshot,"A black and white portrait photograph of a young man in formal attire, showing a head-and-shoulders view against a plain background, typical of early 20th-century identification or archival photography."
75-0044,,,world war i; military portrait; naval officer; 1918; corning new york,"A black and white portrait photograph from 1918 titled ""Corning's Part in the World War"" showing a U.S. Navy officer in uniform with a sailor's cap, representing a local serviceman's contribution to World War I."
75-0045,,,portrait photograph; military uniform; officer; early 20th century; black and white,"A black and white portrait photograph of a military officer wearing a uniform with visible insignia and a cap, appearing to be from a publication or newspaper with decorative header text partially visible at the top of the image."
75-0046,,,portrait photograph; military uniform; early 20th century; black and white; formal headshot,"A formal black and white portrait photograph of a man in military uniform with ornate shoulder insignia and decorative collar details, appearing to be from the early 20th century."
75-0048,,,portrait photograph; man; cowboy hat; work clothes; black and white photograph,"A black and white portrait photograph of a man wearing a wide-brimmed cowboy hat, work shirt, and pants, standing outdoors with trees visible in the background, framed with decorative stars and marked with the number ""4"" at the bottom."
75-0049,,,portrait photograph; black and white; oval frame; male subject; early 20th century,"A black and white portrait photograph of a man in profile view, presented in an oval frame with a decorative scalloped border, numbered ""6"" at the bottom left, typical of early 20th-century archival photography."
75-0050,,,portrait photograph; man; formal attire; black and white; early 20th century,"A black and white portrait photograph of a man wearing a suit and tie, showing a formal headshot typical of early 20th century photography."
75-0051,,,portrait photograph; man; formal attire; black and white; early 20th century,"A black and white portrait photograph of a man wearing a suit and tie, shown in profile-facing pose with a serious expression, typical of early 20th-century formal portraiture."
75-0053,,,military uniform; portrait photograph; soldier; world war era; black and white photograph,"A black and white portrait photograph of a soldier wearing a World War I-era military uniform with campaign hat and light-colored tunic, standing indoors against a dark background."
75-0054,,,world war i; military personnel; portrait photographs; corning ny; numbered identification,"A ""Corning's Part in the World War"" display featuring five numbered portrait photographs of military servicemen arranged in star shapes, documenting local soldiers' involvement in World War I."
75-0062,,,honor roll; riverside ny; war memorial; black and white photograph; names engraved,"A black and white photograph of an ""Honor Roll"" memorial monument for the Village of Riverside, N.Y., featuring an eagle at the top and multiple columns of engraved names of residents, likely commemorating those who served in a war."
75-0069,,,market street; corning new york; downtown street; early 1900s; brick buildings,"A black and white photograph of Market Street in Corning, New York, showing a wide unpaved street lined with multi-story brick commercial buildings on both sides, with mountains visible in the distance and a few pedestrians and horse-drawn vehicles visible along the street."
75-0070,,,world war i; military portrait; corning ny; 1918; soldier uniform,"A black and white photograph titled ""Corning's Part in the World War 1918"" featuring a portrait of a uniformed soldier wearing a military cap and collar insignia, part of what appears to be a commemorative publication documenting Corning, New York residents' involvement in World War I."
75-0071,,,world war i; military uniforms; soldiers; corning ny; 1918; black and white photograph,"Two uniformed soldiers stand beneath a banner reading ""CORNING'S PART in the WORLD WAR 1918,"" documenting Corning, New York's involvement in World War I."
75-0072,,,military service; group portrait; corning ny; world war era; black and white photograph,"A large group photograph of Corning's young men in military uniforms representing Aviation, Naval, and Army Service, taken in front of a classical building with an eagle emblem, as captioned in the New York American newspaper."
75-0073,,,military group portrait; world war i soldiers; home defense company; corning ny; black and white photograph,"A New York-American newspaper photograph showing three of Corning's patriotic sons in military uniforms with rifles, including members of the 106th Infantry and the Home Defense Company, with caption identifying J.J. Dineen, John C. Wheeler, and Lieut. Willis Williams among those serving in World War I."
75-0074,,,world war i; military parade; corning ny; 1918; downtown street,"A large military parade marches down a crowded downtown Corning street in 1918, with a banner reading ""CORNING'S PART in the WORLD WAR 1918"" overhead, surrounded by brick buildings and lined with spectators."
75-0080,,,railroad tracks; mountain pass; tunnel; scenic vista; vintage photograph,"A scrapbook or album page featuring two photographs with handwritten captions, including an image labeled ""Another view in the Sierra"" showing railroad tracks running through a narrow mountain cut with steep rocky walls on either side."
75-0098,,,park church; elmira ny; historic architecture; bare trees; black and white photograph,"A black and white photograph showing Park Church in Elmira, New York, a Gothic Revival brick church with a prominent steeple, surrounded by bare trees in what appears to be a town square or park setting."
75-0103,,,winter landscape; snow-covered road; rural countryside; bare trees; black and white photograph,"A snowy rural road stretches into the distance with bare trees lining both sides, utility poles, scattered farmhouses and buildings, and snow-covered hills in the background in this black and white winter landscape photograph."
75-0106,,,handwritten document; fire department history; 1965; corning ny; vintage photograph,"A handwritten historical document listing members of the Painted Post Fire Department as of Fall 1965, including names such as Carl Beebe, Roy Sackett, Roy Brooks, and others, along with detailed specifications of fire trucks and equipment purchased, including a four-cylinder red truck and a six-cylinder carriage truck with various hose capacities and chemical barrels."
75-0110,,,certificate of service; railroad; new york central; steam locomotive; 1948,"A Certificate of Service from the New York Central Railroad Company honoring Ross O. Smith for 37 years and 5 months of employment as a Car Inspector & Repairer from December 16, 1910 to May 23, 1948."
75-0113,,,wooden house; group gathering; black and white photograph; historic building; outdoor event,"A black and white photograph showing a large group of people gathered outside a two-story wooden house with a gabled roof, surrounded by trees."
75-0116,,,commemorative medal; louisville kentucky; september 1864; military decoration; black and white photograph,"A circular medal commemorating Louisville, Kentucky from September 11-14, 1864, suspended from a striped ribbon, featuring an eagle and shield design on its face."
75-0120,,,park hotel; mansard roof; brick building; downtown corning; black and white photograph,"A black and white photograph of the Park Hotel, a prominent brick building with mansard roof architecture and multiple stories, located in downtown Corning with pedestrians visible on the street below."
75-0121,,,corning free academy; historic building; clock tower; victorian architecture; black and white photograph,"This black and white photograph shows the Corning Free Academy in Corning, New York, a Victorian-era institutional building featuring distinctive clock towers, ornate architectural details, and bare trees in the foreground."
75-0124,,,pocket watch; roman numerals; open face; black and white photograph; timepiece,A black and white photograph of an open-faced pocket watch with Roman numeral markings and a visible case cover displayed against a light background.
75-0125,,,pocket watch; ornate engraving; metal case; black and white photograph; decorative design,"A black and white photograph of an ornately engraved pocket watch with elaborate scrollwork and a classical profile portrait on its cover, shown against a plain background."
75-0127,,,keuka lake; grove spring hotel; dock landing; gazebo; early 1900s; black and white photograph,"This photograph shows the Grove Spring Hotel Landing at Keuka Lake, New York, featuring a wooden dock with railings, a gazebo structure, and hotel buildings surrounded by trees, circa early 1900s."
75-0160,,,group portrait; outdoor gathering; early 20th century; women and children; forest setting; black and white photograph,"A black and white photograph showing a large group of approximately 40-50 women and children posed together outdoors in a wooded area with tall trees, likely from the early 1900s based on their clothing styles and the photograph's quality."
75-0208,,,group portrait; women; 1940s; formal photograph; black and white,"A formal black and white group portrait of approximately sixteen women arranged in three rows against a plain backdrop, likely from the 1940s era based on hairstyles and clothing."
75-0209,,,portrait; military uniform; man; hat; black and white photograph,"A black and white portrait photograph of a man in military uniform wearing a wide-brimmed hat, seated at a table with books, looking directly at the camera."
75-0210,,,portrait photograph; military uniform; wide-brimmed hat; black and white; early 20th century,"A black and white portrait photograph showing a man in profile wearing a military uniform with a wide-brimmed campaign hat, numbered ""3"" in the lower right corner, from what appears to be a World War I era military identification or documentation series."
75-0211,,,world war i; 1918; portrait; military uniform; corning ny,"A black and white portrait photograph from a publication titled ""Corning's Part in the World War 1918"" showing a man in military uniform, likely a soldier from Corning, New York who served in World War I."
75-0212,,,portrait photograph; military uniform; navy sailor; black and white; early 20th century,"A black and white portrait photograph of a man in U.S. Navy uniform with visible sailor collar stripes, appearing to be from the early 20th century."
75-0213,,,military uniform; world war i era; portrait photograph; soldier; black and white photograph,"A black and white portrait photograph of a man in World War I military uniform wearing a campaign hat, with a patterned neckerchief visible at his neck."
75-0215,,,portrait photograph; military uniform; soldier; world war era; black and white photograph,"A black and white portrait photograph of a man in military uniform wearing a wide-brimmed hat, presented in an oval vignette format typical of early 20th-century military service photographs."
75-0216,,,portrait; military uniform; black and white photograph; early 20th century; formal pose,"A black and white portrait photograph of a young man in military uniform with visible buttons and collar insignia, posed formally against a plain background."
75-0217,,,portrait photograph; military uniform; world war i era; man; black and white photograph,"A black and white portrait photograph of a man wearing a World War I-era military uniform with distinctive large front pockets and buttons, photographed against a dark background."
75-0219,,,portrait; cowboy hat; black and white photograph; early 20th century; male subject,"A black and white portrait photograph of a young man wearing a wide-brimmed cowboy hat and collared shirt, looking directly at the camera with a serious expression."
75-0221,,,portrait photograph; man; formal attire; early 20th century; black and white,"A formal black and white portrait photograph of a man wearing a dark suit jacket and white dress shirt, photographed against a dark background in what appears to be the early 20th century style."
75-0222,,,construction crane; downtown street; mid-century; black and white photograph; corning ny,"A black and white photograph showing a large construction crane operating on a downtown Corning street with workers, vintage automobiles, and multi-story brick buildings visible in the background during what appears to be a mid-20th century construction or development project."
75-0224,,,downtown street; unpaved road; nineteenth century architecture; brick buildings; black and white photograph,"A wide unpaved street in downtown Corning, NY lined with substantial brick commercial buildings on both sides, with pedestrians and horse-drawn vehicles visible, likely dating to the late 1800s or early 1900s."
75-0227,,,downtown corning; brick buildings; 1930s-1940s automobiles; street scene; black and white photograph,"A black and white photograph of downtown Corning, NY showing a main street lined with multi-story brick commercial buildings, vintage automobiles parked along the street, visible storefronts including a ""Lounge Bar"" and ""Drugs"" sign, and a street clock on the right side, depicting a mid-20th century American downtown commercial district."
75-0232,,,tree-lined street; residential neighborhood; early 20th century; corning ny; black and white photograph,"A black and white photograph showing a tree-lined residential street in Corning, New York, with the caption ""Looking West from Clark Street, Corning, N.Y."" visible at the bottom, featuring Victorian-era houses on both sides and what appears to be a decorated building or structure in the distance."
75-0234,,,market street; corning new york; downtown street; early 20th century; black and white photograph; streetcar tracks; brick buildings; storefronts,"Market Street in Corning, N.Y. shows a bustling downtown commercial district with multi-story brick buildings, streetcar tracks running down the center of the street, storefronts with awnings, pedestrians, and early automobiles, photographed in black and white during the early 20th century."
75-0236,,,downtown corning; pine street; opera house; town clock; early 20th century; black and white photograph,"A historical black and white photograph of Pine Street in Corning, NY, looking north from First Street, showing the Opera-House on the left, a prominent Town Clock in the center, a Presbyterian Church on the right, bare trees lining the street, utility poles, and period buildings typical of early 20th century American downtown architecture."
75-0241,,,promotional poster; city of corning; vintage advertisement; $1000 prize; black and white,"A promotional poster for the ""City of Corning"" advertising a $1000 prize for the ""Start of New Era,"" featuring decorative clouds, an illustrated vignette, and handwritten annotations, with text referencing Corning's incorporation and a monetary award from the United States."
75-0250,,,opera house; conservatory of music; brick building; storefront; early 20th century; black and white photograph,"A black and white photograph of the Opera House building in Corning, NY, showing a multi-story brick structure with arched windows, ground-floor storefronts including a Conservatory of Music and Opera House Pharmacy, and awnings over the street-level entrances."
75-0251,,,decorative tilework; architectural detail; black and white photograph; historic building facade; ornamental tiles,"A black and white photograph showing a detailed view of a building facade with decorative tile work, a circular window in the peaked roof, an ornate entrance vestibule on the left, and a multi-paned window on the right, featuring intricate patterned tiles throughout the wall surface."
75-0255,,,church interior; organ; group portrait; formal gathering; black and white photograph,"A large formal group photograph taken inside a church with a prominent pipe organ visible in the background, showing approximately 60-70 people of various ages dressed in formal attire, with floral decorations in the foreground, likely documenting a church event or celebration from the mid-20th century."
75-0259,,,methodist church; painted post ny; white wooden church; bare trees; black and white photograph,"A black and white photograph showing the Methodist Church in Painted Post, New York, a white wooden structure with a tall steeple, flanked by bare trees lining a street with residential buildings visible in the background."
75-0265,,,panoramic landscape; rural settlement; church steeple; bare trees; black and white photograph,"A black and white panoramic photograph showing a rural village landscape with scattered houses, a prominent church steeple in the distance, bare deciduous trees, open fields, and handwritten captions reading ""Painted Post"" and ""from the hill near"" at the bottom of the image."
75-0269,,,portrait; man; outdoor; tree; black and white photograph,"A black and white photograph of a man in work clothes and a belt standing against a large tree trunk, with a reference number visible at the bottom of the image."
75-0271,,,military portrait; U.S.R. uniform; officer; early 20th century; black and white photograph,"A black and white portrait photograph of a U.S.R. (U.S. Reserve) military officer in uniform with a peaked cap, bearing a ""Corning"" banner with a rooster emblem in the upper right corner."
75-0272,,,military portrait; uniform; officer; world war era; black and white photograph,"A black and white portrait photograph of a military officer in uniform wearing a campaign hat and displaying a U.S. insignia button, shown in profile view against a dark background."
75-0274,,,portrait photograph; man; early 20th century; new york american; circular frame,"A black and white portrait photograph of a man in formal attire within a circular frame, published by the New York American newspaper, numbered 6 at the bottom of the image."
75-0275,,,military uniform; portrait photograph; soldier; world war i era; black and white photograph,"A black and white portrait photograph of a young man in a World War I-era military uniform with visible buttons and shoulder insignia, presented in an oval frame format typical of early 20th-century photography."
75-0277,,,world war i; corning ny; 1918; portrait photograph; black and white,"A black and white portrait photograph titled ""Corning's Part in the World War 1918"" showing a man in formal attire from the Corning, NY local history archive."
75-0281,,,black and white photograph; decorative border; patriotic design; historical scene; vintage imagery,"A black and white photograph featuring a decorative frame with patriotic elements including stars and ornamental borders, containing an image of what appears to be early 20th-century workers or soldiers engaged in outdoor labor or construction activity."
75-0282,,,trench warfare; soldiers; world war i; military construction; black and white photograph,"A black and white photograph showing soldiers working in a deep trench system with wooden reinforcements and support structures, typical of World War I military engineering and fortification work."
75-0285,,,portrait photograph; man; necktie; black and white; early 20th century,"A black and white portrait photograph of a man wearing a collared shirt and dark necktie, appearing to be from the early 20th century, with archival document edges visible at the top of the image."
75-0287,,,military uniform; portrait photograph; man; black and white; vintage,"A black and white portrait photograph of a man in military uniform standing against a horizontal-lined wooden building backdrop, appearing to be from an early-to-mid 20th century military archive or documentation."
75-0288,,,portrait photograph; military uniform; world war i era; man; black and white photograph,"A black and white portrait photograph of a young man wearing a World War I-era military uniform with visible buttons and insignia, featuring a distinctive slicked-back hairstyle typical of the 1910s-1920s period."
75-0289,,,portrait photograph; man; military uniform; early 20th century; black and white photograph,"A black and white portrait photograph of a man wearing a military uniform with buttons and insignia, shown in profile against a plain background with a decorative circular border."
75-0293,,,black and white photograph; two men; rifle; hat; outdoor setting; vintage,"A side-by-side comparison photograph showing two men, the left figure in an outdoor rural setting and the right figure holding a rifle while wearing a wide-brimmed hat near a wooden building."
75-0297,,,group portrait; men in suits; formal photograph; early 20th century; black and white photograph,"A formal black and white group portrait of approximately thirty men in dark suits arranged in multiple rows against a brick building backdrop, likely from the early 1900s."
75-0299,,,portrait; man; cowboy hat; work shirt; black and white photograph; mid-twentieth century,"A black and white portrait photograph of a man wearing a wide-brimmed cowboy hat and work shirt, holding what appears to be a fish, posed against a windowed background."
75-0300,,,group portrait; men in suits; early 20th century; black and white photograph; formal gathering,"A formal black and white group photograph of approximately twenty men in dark suits posed in front of a brick building, likely from the early 1900s, with some men seated in front and others standing in rows behind them."
75-0302,,,portrait photograph; military uniform; cowboy hat; world war i era; black and white photograph,"A black and white portrait photograph of a man in World War I military uniform wearing a wide-brimmed cowboy hat, mounted in an oval frame with decorative border text."
75-0303,,,man; hat; outdoor; vintage photograph; black and white,A black and white photograph showing a man wearing a hat and work clothes standing outdoors among foliage and what appears to be camping or work equipment.
75-0304,,,portrait; man; hat; work clothes; black and white photograph,"A black and white photograph of a man wearing a dark hat, work shirt, and denim pants standing against a light-colored wall or building exterior."
75-0306,,,portrait photographs; men; early 20th century; black and white; numbered document,"A black and white archival photograph showing two male portrait headshots arranged vertically, with the upper portrait in a circular frame and the lower subject wearing a wide-brimmed hat, accompanied by partial text reading ""ZINZIN"" on the left side and the number ""2"" visible on the document."
75-0308,,,portrait; man; wide-brimmed hat; military uniform; black and white photograph,"A black and white portrait photograph of a man wearing a military uniform and a wide-brimmed campaign hat, shown in profile against a plain background."
75-0309,,,portrait photograph; man; cowboy hat; western wear; black and white photograph,"A black and white portrait photograph of a man wearing a wide-brimmed cowboy hat and western-style shirt with decorative buttons, looking directly at the camera in a formal pose."
75-0310,,,portrait photograph; man; formal attire; black and white; early 20th century,"A formal black and white portrait photograph of a man wearing a suit and white collar, shown in profile against an oval vignette background, with the number ""4"" visible in the lower right corner."
75-0311,,,portrait photograph; man; formal attire; black and white; early 20th century,"A black and white portrait photograph of a man in formal dress with a white collar and tie, featuring slicked-back dark hair and a serious expression, typical of early 20th-century professional portraiture."
75-0312,,,world war i; military uniform; 1918; portrait photograph; black and white,"A black and white portrait photograph from 1918 showing a man in World War I military uniform with the caption ""NING'S PART in the WORLD WAR 1918"" visible at the top of the image."
75-0315,,,military uniform; portrait photograph; world war i era; soldier; black and white photograph,"A black and white portrait photograph of a man in World War I-era military uniform wearing a campaign hat, with the number ""5"" visible at the bottom of the image."
75-0316,,,portrait; profile; two people; black and white photograph; early 20th century,"A black and white profile portrait photograph showing two individuals in early 20th century attire, with one wearing a wide-brimmed hat and the other with hair styled up, numbered ""2"" and ""3"" at the top of the archival print."
75-0318,,,portrait; world war i; 1918; corning ny; black and white photograph,"A black and white portrait photograph from a publication titled ""Corning's Part in the World War 1918"" showing a man in formal attire within a circular frame, documenting Corning, New York's involvement during World War I."
75-0319,,,military uniform; soldier portrait; world war era; black and white photograph; campaign hat,"A black and white photograph of a soldier in World War I-era military uniform standing at attention, wearing a campaign hat, puttees, and holding a rifle, with military equipment visible in the background."
75-0325,,,trailer homes; mid-century residential; vintage trailers; black and white photograph; rural housing,"A black and white photograph showing vintage trailer homes or mobile homes parked beneath large trees, depicting mid-20th century residential living in what appears to be a trailer park or campground setting."
75-0328,,,portrait; military uniform; man; black and white photograph; early 20th century,"A black and white portrait photograph of a man wearing a military uniform and wide-brimmed hat, holding what appears to be a helmet or military equipment in his lap."
75-0338,,,aerial view; corning ny; valley landscape; industrial smoke; mid-twentieth century,"An elevated view of Corning, New York showing the town nestled in a valley surrounded by forested hills, with industrial smoke visible rising from the town center and railroad tracks visible in the foreground."
75-0339,,,tree-lined street; unpaved road; early 20th century; residential buildings; black and white photograph,"A tree-lined unpaved street in what appears to be early 20th century Corning, NY, with bare deciduous trees flanking both sides of the road and residential buildings visible on either side, with handwritten text at the bottom reading ""Looking to a Hamilton."""
75-0342,,,monument; public square; historic buildings; early 20th century; black and white photograph,"A public square in Corning, NY featuring a tall monument with a statue surrounded by large trees, with classical brick and stone buildings visible in the background and several pedestrians gathered near the monument base."
75-0343,,,corning ny; unpaved street; brick buildings; 19th century architecture; black and white photograph,"A black and white photograph showing an unpaved street in Corning, New York lined with substantial brick buildings on both sides, with pedestrians visible in the distance and trees framing the scene, likely dating to the late 1800s."
75-0345,,,monument; statue; public square; mid-century automobiles; black and white photograph,"A black and white photograph showing a tall monument featuring a bronze statue of a Native American figure with a bow and arrow atop a stone pedestal in what appears to be a town square or park in Corning, NY, surrounded by period automobiles and American flags."
75-0350,,,industrial machinery; metal framework; stone blocks; black and white photograph; manufacturing equipment,"A black and white photograph showing industrial machinery with metal framework and structural supports, featuring stacked stone or concrete blocks in the foreground, likely documenting equipment or construction at a manufacturing facility in Corning, NY."
75-0351,,,construction site; stone masonry; scaffolding; black and white photograph; mid-20th century,"A black and white photograph showing an active construction or renovation site with stone masonry walls, metal scaffolding, tarps, and wooden support structures, likely documenting building work in Corning, NY during the mid-20th century."
75-0354,,,historic building; wood siding; architectural drawing; two-story structure; black and white photograph,"A black and white architectural illustration or photograph of a two-story wooden building with multiple windows, a central entrance, and a peaked roof with a chimney, appearing to be a historical documentation of a 19th-century structure from the Corning, NY area."
75-0357,,,black and white photograph; children; industrial machinery; factory tour; mid-20th century,"A black and white photograph showing an adult man demonstrating or explaining industrial machinery to a group of children during what appears to be a factory or educational facility tour in mid-twentieth century Corning, NY."
75-0358,,,corning ny; department store; brick building; rockwell co; black and white photograph,"A black and white photograph of The Rockwell Co., identified as ""Corning's Leading Department Store,"" showing a multi-story brick building with large storefront windows on the ground level and regular windows on upper floors."
75-0365,,,industrial building; concrete mixer; mid-century; corning ny; black and white photograph,"A black and white photograph showing the Riverside Transit Mix Inc. concrete mixing facility in Corning, N.Y., featuring a tall concrete mixer tower with loading equipment, utility poles, and a vintage truck parked beside the building with the phone number DIAL 2-5937 visible on the structure."
75-0367,,,interior display; retail showroom; mid-century modern; window displays; black and white photograph,"A mid-century modern retail showroom or display space featuring multiple illuminated window displays with curtains, pendant lighting fixtures, and furniture arrangements showcasing home furnishings and décor."
75-0368,,,downtown corning; mid-century street scene; storefronts; parked automobiles; black and white photograph,"A black and white photograph of a downtown Corning street lined with multi-story commercial buildings featuring storefronts at street level, with mid-century automobiles parked along the street and visible signage including a ""DRUGS"" sign on the right side."
75-0369,,,downtown corning; night photograph; street view; cains storefront; mid-century automobiles,"A nighttime aerial view of downtown Corning, NY showing a street lined with parked mid-century automobiles, storefronts including a Cains store, street lighting, and illuminated buildings in the background."
75-0370,,,rural landscape; farmland; water channel; trees; black and white photograph,"A black and white photograph showing a rural farmstead with houses and large trees along a waterway or canal in the foreground, depicting a pastoral countryside scene."
75-0375,,,dirt road; bare trees; rural landscape; early 20th century; black and white photograph,"A black and white photograph showing a dirt road lined with bare deciduous trees and brush, with what appears to be a person or figure visible in the distance on the path, likely documenting a rural area near Corning, NY during the early 1900s."
75-0376,,,baseball game; rural landscape; forested hills; mid-20th century; black and white photograph,"A baseball game in progress on a rural field surrounded by dense forest and hills, with spectators gathered along the sidelines in what appears to be a mid-20th century photograph from the Corning, NY area."
75-0377,,,two people; forest path; weeping willow trees; black and white photograph; early 20th century,Two people stand on a narrow dirt path surrounded by tall weeping willow trees with drooping branches in this black and white photograph.
75-0378,,,workers; industrial building; early 20th century; group portrait; black and white photograph,"A black and white photograph showing seven men in work clothes and caps standing in front of a large industrial or factory building with vertical corrugated metal siding, likely documenting workers at a Corning manufacturing facility in the early 1900s."
75-0379,,,industrial factory; workers; machinery; black and white photograph; early 20th century,"A black and white photograph showing a group of factory workers standing in an industrial facility with large cylindrical equipment, metal framework, and machinery visible in the background, likely from an early 20th-century manufacturing plant in Corning, NY."
75-0380,,,group portrait; corrugated metal building; early 20th century; community gathering; black and white photograph,"A large group portrait of approximately 60-70 people of mixed ages, from children to elderly, posed in front of a corrugated metal industrial or institutional building, likely from the early 1900s based on clothing styles and photographic quality."
75-0381,,,winter forest; snow; bare trees; black and white photograph; landscape,"A black and white photograph depicting a snow-covered forest with tall, bare deciduous trees and fallen branches in the foreground, characteristic of a winter landscape in upstate New York."
75-0382,,,lumber mill; industrial buildings; log storage; rural landscape; black and white photograph,"A black and white photograph showing a lumber mill operation with wooden structures, stacked logs, and industrial buildings situated in a rural valley landscape with hills, bare trees, and a stream or waterway in the foreground."
75-0383,,,logging; horse-drawn wagon; timber; rural landscape; black and white photograph,"A black and white photograph showing a horse-drawn wagon loaded with large logs in a rural, forested setting, with workers visible on and beside the wagon in what appears to be an early-to-mid 20th century logging operation."
75-0384,,,horse-drawn wagon; draft horses; man with cap; rural scene; black and white photograph,"A man in work clothes and a cap stands between two harnessed draft horses pulling a wagon, with bare trees and rural buildings visible in the background of this black and white photograph."
75-0385,,,horse-drawn wagon; rural landscape; early 20th century; black and white photograph; agricultural transport,"A black and white photograph showing a man in a wide-brimmed hat seated on a horse-drawn wagon loaded with hay or straw, traveling along a rural dirt road with forested hills visible in the background."
75-0387,,,horse-drawn carriage; children; early 20th century; black and white photograph; domestic scene,"A black and white photograph showing two children seated in a horse-drawn carriage or wagon with large spoked wheels, positioned in front of a house with latticed doors and ivy-covered walls, with an archival reference number ""54"" visible at the top of the image."
75-0388,,,creek; stone walls; wooden fence; bare trees; black and white photograph,"A black and white photograph showing a narrow creek or streambed lined with stone walls and wooden fencing, with bare trees and residential buildings visible in the background, documenting what appears to be a waterway in Corning, NY."
75-0390,,,official document; state of ohio; adjutant generals office; 1862; handwritten letter,"An official letter from the Ohio Adjutant General's Office dated August 21st, 1862, addressed to someone regarding General Burnside's Hardware and a military company, with handwritten cursive text on letterhead featuring an ornate banner reading ""To All Whom It May Concern"" and an illustration of military equipment."
75-0394,,,brick building; arched windows; architectural detail; black and white photograph; historic structure,"A black and white photograph showing the facade of a historic brick building with two prominent arched windows and classical architectural details, with what appears to be archival contact sheet markings visible at the bottom of the image."
75-0395,,,architectural detail; ornamental cornice; storefront; black and white photograph; historic building,"A close-up black and white photograph showing the decorative cornice and upper storefront facade of a historic building, featuring ornamental molding and window openings typical of late 19th or early 20th century commercial architecture."
75-0396,,,storefront sign; vintage neon; furniture store; downtown corning; black and white photograph,"A vertical neon sign reading ""ALLEN"" with ""FURNITURE & RUGS"" visible on the storefront of a downtown Corning building, featuring large display windows and decorative architectural details typical of mid-20th century commercial architecture."
75-0397,,,architectural detail; ornamental medallion; stone carving; black and white photograph; historic building,"A close-up black and white photograph of an ornamental stone medallion featuring a four-petaled flower or clover design carved in relief, set within a decorative circular frame on what appears to be a historic masonry building facade."
75-0398,,,two men; american flag; drum; outdoor; black and white photograph,"A black and white photograph showing two men in early 20th-century attire standing outdoors with an American flag and a drum, likely depicting a patriotic or ceremonial gathering in a wooded setting."
75-0399,,,brick building; arched windows; architectural detail; ornamental cornice; black and white photograph,"A black and white photograph showing the upper facade of a brick building with large arched windows, decorative geometric brickwork patterns, crenellated parapet, and an ornamental roof with a central finial, characteristic of late 19th or early 20th century institutional or civic architecture."
75-0400,,,u.s. post office; classical architecture; brick building; columned facade; black and white photograph,"A black and white photograph of the Corning, NY U.S. Post Office building, featuring classical Beaux-Arts architecture with prominent columns, a pediment with circular ornament, and brick construction typical of early 20th-century federal buildings."
75-0401,,,cook's t.v. sales service; storefront; brick building; mid-century; black and white photograph,"A black and white photograph showing the storefront of Cook's T.V. Sales & Service, a brick building with large display windows on the upper level and signage identifying the business on the lower facade."
75-0402,,,compass rose; brick building; tower; architectural detail; black and white photograph,"A close-up black and white photograph of a decorative compass rose mounted on a brick building, with a tall tower structure visible through the center opening of the compass design."
75-0455,,,corning conservatory of music; concert program; 1912; opera house; classical music,"A program cover for the Corning Conservatory of Music's Annual Closing Concert held at the Opera House in Corning, New York on Friday evening, June 14, 1912 at 8:15, directed by Louis J. Bostelmann, featuring assisting soloists, graduates, and accompanists."
75-0456,,,theater program; vintage advertisement; early 20th century; corning new york; black and white print,"A theater program page from Corning, NY featuring a play cast list with characters including James Pensenbly Makesyfte as Lord Bishop and various other roles, surrounded by period advertisements including Carmen Complexion Powder from Cole's Drug Store and The J.M. Greig Co. ladies' ready-to-wear apparel."
75-0457,,,theater program; vintage advertisements; early 1900s; corning new york; local businesses,"A theater program page from Corning, NY featuring advertisements for American Brokerage Co. and Holmes' Pharmacy (selling Painatone pain reliever), an executive staff listing for Mr. Norton's management team, and announcements for upcoming attractions including the Ben Toy Musical Comedy Co. performing October 3-4, along with literary content about an elephant's trunk and autumn reflections."
75-0458,,,decorative clock; porcelain; ornamental design; black and white photograph; tabletop object,"A black and white photograph of an ornate porcelain mantel clock with elaborate baroque-style decoration, featuring a cherub finial at the top, floral motifs on the sides, and a round clock face showing approximately 11 o'clock."
75-0459,,,artifact; metal object; scale reference; archaeological; close-up photograph,"A close-up photograph of a dark metal cylindrical artifact with surface markings and patina, displayed on white paper with a measurement scale visible at the top of the image."
75-0460,,,wooden object; geometric design; close-up photograph; black and white; craftsmanship,"A close-up black and white photograph of a wooden object featuring geometric cutouts and angular surfaces, displaying detailed woodworking craftsmanship with visible wood grain and shadow details."
75-0461,,,wooden box; dark wood; closed container; black and white photograph; close-up view,"A close-up black and white photograph of a dark wooden box or chest with a hinged lid, shown from an angled perspective on what appears to be a light-colored surface."
75-0462,,,bottle cap; close-up; product packaging; vintage; black and white photograph,"A close-up black and white photograph of a bottle cap with embossed text and branding, held in someone's hand, showing detailed product labeling typical of mid-20th century packaging."
75-0463,,,glass jar; specimen; black and white photograph; laboratory; close-up,A black and white close-up photograph of a glass jar with a metal screw-top lid containing what appears to be a preserved specimen or sample in liquid.
75-0464,,,glass jar; preserved fruit; canning; still life; black and white photograph,"A black and white photograph showing a glass jar filled with what appears to be preserved grapes or similar round fruits, with a metal lid, displayed against a plain background."
75-0465,,,umbrella; outdoor; grass; trees; black and white photograph,A black and white photograph showing a decorative umbrella with lace trim standing upright in a grassy outdoor setting with evergreen trees in the background and what appears to be a hat or fabric item on the ground beside it.
75-0487,,,portrait; woman; profile; early 20th century; black and white photograph,"A black and white profile portrait photograph of a woman wearing glasses and a white blouse with lace detailing, photographed against a dark background in what appears to be an early 20th-century studio setting."
75-0488,,,young child; indoor portrait; black and white photograph; early 20th century; patterned floor,"A black and white photograph of a young child standing indoors wearing light-colored clothing, positioned on a patterned floor with decorative rugs or carpets visible in the background."
75-0489,,,brick building; arched windows; architectural detail; black and white photograph; historic structure,"A black and white photograph showing the upper facade of a brick building with two arched windows featuring decorative molding and latticed panes, flanked by cylindrical architectural elements and ornamental stonework."
75-0492,,,portrait; man; book; black and white photograph; early 20th century,"A black and white portrait photograph of an older man with receding hair and a goatee, wearing a dark suit jacket and white shirt, posed while reading or examining an open book or document."
75-0501,,,stereoscopic photograph; man at desk; early 20th century; black and white; office interior,"A stereoscopic card showing a mustachioed man in formal business attire seated at a desk with papers and office materials, photographed twice side-by-side for three-dimensional viewing."
75-0502,,,military ribbon; grand army of the republic; general h.l. thomas; cincinnati ohio; black and white photograph,"A black and white photograph of a commemorative ribbon for General H.L. Thomas Post No. 43, G.A.R. (Grand Army of the Republic) located in Cincinnati, Ohio, featuring military insignia and a decorative tassel."
75-0504,,,portrait; religious figure; clergy; formal dress; black and white photograph,"A formal black and white portrait photograph of a man wearing religious vestments including a cross-topped hat, dark robes with a white sash, and holding what appears to be a ceremonial staff or crosier, suggesting he is a high-ranking member of the clergy."
75-0505,,,portrait photograph; bearded man; 19th century; oval vignette; black and white photograph,"A black and white oval-framed portrait photograph of a bearded man with receding hair wearing a jacket and bow tie, typical of mid-to-late 19th century portraiture style."
75-0506,,,portrait photograph; black and white; woman; 19th century; formal dress,"A black and white portrait photograph of a woman in profile view wearing dark clothing with a decorative brooch or pin at the neckline, typical of 19th-century formal portraiture."
75-0508,,,portrait; elderly man; formal attire; black and white photograph; 19th century,"A black and white portrait photograph of an elderly man with white hair wearing formal 19th-century attire including a dark jacket and bow tie, shown in a three-quarter view against a plain background."
75-0513,,,industrial facility; railroad tracks; river; aerial view; black and white photograph,"An aerial view of an industrial complex with factory buildings, smokestacks, and railroad tracks running alongside a winding river, surrounded by forested hills and utility poles in what appears to be early-to-mid 20th century Corning, New York."
75-0514,,,waterfront building; arched windows; industrial architecture; river view; black and white photograph,"A black and white photograph showing a waterfront industrial or institutional building with distinctive arched windows, surrounded by mature trees and accessed by a sandy beach area along a river or large body of water."
75-0515,,,portrait; child; early 20th century; black and white photograph; lace collar,"A black and white portrait photograph of a young girl wearing a light-colored dress with an ornate lace collar, looking toward the camera with a serious expression, with another figure partially visible in the background."
75-0516,,,portrait photograph; man; formal suit; black and white; early 20th century,"A formal black and white portrait photograph of a middle-aged man wearing a dark suit jacket and white dress shirt, with the archive reference number 448 visible in the upper left corner."
75-0517,,,portrait photograph; seated man; formal attire; early 20th century; black and white,"A formal black and white portrait photograph of a bald man wearing a dark suit and tie, seated on a stool against a plain backdrop, from the Corning, NY local history archive (ID: 75-0517)."
75-0518,,,portrait photograph; woman; 1910s-1920s fashion; beaded headband; formal dress,"A black and white portrait photograph of a smiling woman wearing a beaded headband, pearl necklace, and light-colored formal dress with decorative beading, typical of early 20th-century fashion."
75-0524,,,drainage pipe; industrial infrastructure; water flow; black and white photograph; overgrown vegetation,"A black and white photograph showing a large drainage or sewage pipe discharging water into a stream, surrounded by overgrown vegetation and industrial structures in the background, documenting infrastructure conditions in Corning, NY."
75-0529,,,dome structure; architectural model; historic buildings; black and white photograph; miniature display,"A photograph of an architectural model or miniature display featuring a geodesic dome labeled ""ORIGINAL 200"" DISC"" in the foreground, with replica buildings including a church with a steeple and Victorian-style structures visible in the background."
75-0530,,,steam locomotive; railroad; number 1555; black and white photograph; industrial heritage,"A black and white photograph of steam locomotive number 1555 with its attached tender car, showing the engine's boiler, smokestack, and mechanical details in what appears to be a railroad yard or depot setting."
75-0531,,,brick building; arched windows; architectural detail; black and white photograph; downtown corning,"A black and white photograph of a historic brick building facade featuring three large arched windows, decorative garland swags, and ornamental details typical of late 19th or early 20th century commercial architecture in Corning, NY."
75-0540,,,group portrait; men in suits; formal gathering; institutional building; black and white photograph,"A formal black and white group photograph of approximately forty men in business suits posed in front of a white building with horizontal siding and a large dark doorway, likely taken in the early-to-mid 20th century for an organizational or institutional documentation purpose."
75-0544,,,architectural detail; brick building; ornamental carving; black and white photograph; corning ny,"A black and white photograph showing a decorative stone plaque with carved shell or cornucopia motifs mounted on a brick building facade in Corning, NY."
75-0545,,,ornamental stonework; architectural detail; decorative relief; black and white photograph; building facade,"A close-up black and white photograph of ornamental stone relief panels featuring symmetrical scrollwork and acanthus leaf designs arranged in a grid pattern on what appears to be a historic building facade in Corning, NY."
75-0547,,,portrait; military uniform; wide-brimmed hat; black and white photograph; early 20th century,"A black and white portrait photograph of a man in military uniform wearing a wide-brimmed campaign hat, seated and facing the camera in what appears to be an early 20th century military portrait."
75-0548,,,industrial accident; concrete mixer truck; brick factory building; mid-20th century; black and white photograph,"A concrete mixer truck has tipped over against a large brick industrial building marked with the number ""39"" in Corning, NY, with onlookers gathered around the scene and utility poles visible in the background."
75-0550,,,corning glass works; industrial factory; brick buildings; smokestacks; railroad tracks; black and white photograph,"A black and white photograph labeled ""The Corning Glass Works, Corning, N.Y."" showing a large multi-story brick industrial facility with numerous tall smokestacks, railroad tracks in the foreground, and various factory buildings characteristic of early 20th-century manufacturing infrastructure."
75-0551,,,residential street; tree-lined avenue; early 20th century; brick houses; black and white photograph,"A quiet residential street in Corning, NY lined with mature trees and Victorian-era brick houses with porches, photographed in black and white during the early 1900s."
75-0552,,,tree-lined street; residential neighborhood; early 1900s; corning ny; black and white photograph,"A tree-lined residential street in Corning, NY identified as West Iron Park Avenue, showing houses visible on the right side and mature trees lining both sides of the unpaved road in what appears to be an early 20th-century photograph."
75-0553,,,corning ny; downtown street; brick buildings; early automobiles; black and white photograph,"A black and white photograph labeled ""CORNING, N.Y."" showing a downtown street scene with a prominent ornate brick corner building in the foreground, period automobiles parked along the street, pedestrians, and additional commercial buildings lining the street in what appears to be the early 20th century."
75-0557,,,third street; corning new york; victorian architecture; residential street; early 20th century,"A black and white photograph labeled ""Third St., looking East, Corning, N.D."" showing a tree-lined residential street with Victorian-era mansions, including a prominent three-story house with mansard roof and wraparound porch on the right side."
75-0558,,,downtown street; brick buildings; vintage automobiles; drug store; mid-20th century,"A black and white photograph of a downtown Corning street lined with multi-story brick buildings, featuring visible signage for a drugstore and soda fountain on the left, with period automobiles and pedestrians on the street and streetcar tracks visible in the pavement."
75-0559,,,wing & bostwick department store; corning ny; historic commercial building; early 20th century; black and white photograph,"The Wing & Bostwick Department Store in Corning, New York, a three-story brick corner building with large storefront windows on the ground level and multiple rows of windows on the upper floors, photographed in black and white."
75-0560,,,corning ny; historic mansion; brick architecture; bare trees; black and white photograph,"A black and white photograph of a substantial brick mansion in Corning, New York, featuring mansard roofs with dormer windows, a columned front porch, and bare deciduous trees in the foreground, with a smaller adjacent building visible on the left side."
75-0561,,,cemetery; chapel; 1892; gravestones; black and white photograph,"This black and white photograph shows Hope Cemetery in Corning, New York, featuring a chapel building dated 1892 on the left, surrounded by numerous gravestones beneath mature trees, with a utility pole visible in the scene."
75-0565,,,stone building; castle towers; convent; corning new york; black and white photograph,"A black and white photograph of St. Mary's Convent in Corning, N.Y., showing a stone castle-like structure with two prominent towers and crenellated tops, surrounded by trees and a gravel courtyard, with the archive number A 25643 visible at the bottom."
75-0566,,,presbyterian church; corning new york; stone building; steeple; early 20th century,"A black and white photograph of the Presbyterian Church in Corning, N.Y., showing a stone church building with a tall pointed steeple, arched entrance, and bare trees in spring, as identified by the printed caption at the top of the image."
75-0567,,,presbyterian church; corning new york; stone architecture; steeple; black and white photograph,"A black and white photograph of the Presbyterian Church in Corning, N.Y., showing a stone church building with a tall pointed steeple, Gothic-style windows, and surrounding trees lining the street."
75-0570,,,construction site; industrial building; bare trees; early 20th century; black and white photograph,"A black and white photograph showing an active construction site with wooden foundation frameworks, excavated earth, a truck, and industrial buildings with tall smokestacks in the background, surrounded by bare deciduous trees and residential structures typical of early industrial-era Corning, New York."
75-0571,,,historic building; classical architecture; columned portico; brick construction; black and white photograph,"A black and white photograph of a classical revival building in Corning, NY, featuring white brick construction with prominent columns, a mansard roof with dormers, and multiple chimneys, identified as the World War Memorial Library according to the caption at the bottom of the image."
75-0572,,,wooden pilings; waterfront; river construction; hillside landscape; black and white photograph,"A black and white photograph showing wooden pilings and dock construction along a waterway in Corning, NY, with a hillside town visible in the background featuring houses, trees, and utility poles."
75-0574,,,flood damage; wooden pilings; debris; industrial site; black and white photograph,"A black and white photograph showing flood damage along what appears to be an industrial or waterfront area in Corning, NY, with wooden support pilings, scattered debris and logs, damaged structures, and bare trees visible in the background."
75-0583,,,industrial interior; stone walls; machinery; black and white photograph; basement or cellar,"A black and white photograph showing an industrial interior space with stone walls on either side, a dirt floor with debris, and machinery visible at the top of the frame, likely documenting a basement or cellar area of an industrial building in Corning, NY."
75-0592,,,industrial equipment; glass manufacturing; workers; mid-20th century; black and white photograph,"A black and white photograph showing workers loading or unloading a large cylindrical container with a distinctive honeycomb or cellular pattern on its surface, likely related to glass manufacturing operations in Corning, NY."
75-0596,,,busy market street; corning new york; downtown street; 1940s automobiles; black and white photograph,"A street view of Busy Market Street in Corning, New York, showing a downtown commercial district with multi-story brick buildings, storefronts including visible signage for Coca-Cola and other businesses, parked and moving 1940s-era automobiles, and pedestrians along the sidewalks."
75-0598,,,stream; wooden bridge; forest; black and white photograph; rural landscape,A black and white photograph showing a wooden footbridge spanning a small stream or creek surrounded by dense deciduous forest vegetation on both banks.
75-0600,,,third street; walnut street; corning new york; tree-lined street; historic buildings; black and white photograph,"A black and white photograph showing Third Street East from Walnut Street in Corning, N.Y., featuring a tree-lined residential street with brick buildings and houses visible along the right side."
75-0601,,,portrait photograph; man with glasses; black and white; early 20th century; formal headshot,"A formal black and white portrait photograph of a man wearing round-framed glasses, a dark suit, and white dress shirt, photographed against a dark background in the style typical of early 20th-century professional portraiture."
75-0605,,,ioof building; corning ny; brick architecture; early 20th century; black and white photograph,"A two-story brick building with ""I.O.O.F."" (Independent Order of Odd Fellows) signage on the roofline, featuring a white storefront on the ground level and ornamental architectural details typical of early 20th-century Corning, New York commercial architecture."
75-0607,,,residential building; overgrown vegetation; black and white photograph; deteriorated structure; rural corning ny,"A black and white photograph showing a dilapidated wooden residential structure partially obscured by overgrown trees and vines in what appears to be a rural or abandoned property in Corning, New York."
75-0608,,,bettygrove school house; historic building; wooden structure; black and white photograph; rural architecture,"A black and white photograph of the Bettygrove School House, a wooden-sided building with a peaked roof and front porch, with three people visible on the porch and trees in the background."
75-0618,,,historical map; erwin; corning; new york; black and white photograph,"A black and white photograph of a historical map showing the Erwin and Corning area of New York, with visible place names including ""Cooperstown,"" ""Erwin,"" ""Corning,"" and ""Erwin Centre,"" along with various roads, townships, and geographical features marked throughout the region."
75-0619,,,group portrait; library interior; mid-century; business meeting; black and white photograph,"A formal black and white photograph showing a group of approximately thirteen men and women posed in a library setting with bookshelves visible behind them, some seated at a table in the foreground and others standing, dressed in business attire typical of the 1950s-1960s era."
75-0622,,,decorative glass vase; ornamental vessel; floral pattern; black and white photograph; studio lighting,"A black and white photograph of an ornate glass vase with elaborate acanthus leaf decoration on the body and a scalloped, fan-like rim, likely a product from Corning Glass Works."
75-0623,,,map; corning ny; churches; streets; illustrated landmarks,"A black and white illustrated map of downtown Corning, New York showing street names (Water Street, Steuben Street, Hamilton Street), notable buildings including Baptist Church, Methodist Church, High School, and other civic landmarks along the Cohocton River."
75-0627,,,firearm; revolver; mechanical detail; black and white photograph; close-up,"A close-up black and white photograph showing the detailed mechanical components of a revolver, including the hammer, trigger guard, and cylinder mechanism in sharp focus."
75-0628,,,rifle; vintage automobiles; rural road; forested landscape; black and white photograph,A black and white photograph showing a rifle in the foreground with mid-20th century automobiles parked along a rural road lined with evergreen trees and mountains in the background.
75-0630,,,antique firearm; rifle mechanism; black and white photograph; close-up detail; historical artifact,"A close-up black and white photograph of an antique rifle's firing mechanism and hammer, showing detailed metalwork against a blurred textured background."
75-0631,,,antique firearm; rifle; close-up detail; black and white photograph; historical artifact,"A close-up black and white photograph of an antique rifle showing the hammer, trigger guard, and wooden stock against a blurred textured background."
75-0635,,,historical map; corning new york; centerville; land survey; black and white photograph,"A historical land survey map showing the Corning, New York area and surrounding districts, with an inset map of Centerville in the upper left corner, displaying property divisions, landowner names, and district boundaries at a scale of 1/4 inches to the mile."
75-0637,,,diploma; latin text; carmine henry burnap; allegorical figures; 19th century document,"A formal diploma or certificate for Carmine Henry Burnap from an academic institution, featuring allegorical female figures at the top and Latin text throughout, including the phrase ""Omnibus et Singulis quorum interest Salutem"" and references to the Republic's Constitution."
75-0638,,,white brick building; residential architecture; ivy-covered structure; mid-century; black and white photograph,"A white brick residential building with large multi-pane windows and a central entrance portico, surrounded by overgrown vegetation and ivy-covered vines, photographed in black and white."
75-0640,,,corning ny; downtown street; historic buildings; black and white photograph; early 20th century,"A historical black and white photograph titled ""Look Into The Past..."" showing Corning, New York's downtown streetscape with multi-story brick buildings, storefronts at street level, and hills visible in the background, appearing to be from the early 1900s."
75-0642,,,glass object; decorative pattern; geometric design; black and white photograph; octagonal shape,"A black and white photograph of an ornate octagonal glass object featuring geometric patterns, diamond-shaped panels around the border, and a central sunburst or star motif, likely a decorative glass bowl or dish from the Corning glass collection."
75-0646,,,drum; musical instrument; black and white photograph; close-up; vintage,"A close-up black and white photograph of a drum with a white drumhead and dark wooden or metal body with metal bands, featuring a drumstick resting on top."
75-0647,,,alarm clock; vintage timepiece; black and white photograph; mechanical clock; still life,"A black and white photograph of a vintage alarm clock with Roman numerals on its face, twin bells on top, and a winding key, shown against a dark background."
75-0648,,,pocket watch; roman numerals; black and white photograph; timepiece; vintage,"A black and white photograph of a vintage pocket watch with roman numeral markers and a subsidiary dial, suspended by a chain against a dark background."
75-0649,,,pocket watch; mechanical movement; black and white photograph; timepiece; detailed close-up,"A black and white close-up photograph of an open pocket watch showing its internal mechanical movement and decorative metal components, with the watch suspended by its chain against a dark background."
75-0650,,,ceramic vessel; decorative flowers; tabletop display; black and white photograph; glassware product,"A black and white photograph showing a white ceramic pitcher or vessel with a ruffled rim displayed on a table alongside decorative floral arrangements and glassware, likely a product display or exhibition photograph."
75-0656,,,astronomy monument; corning new york; crystal city; observatory dome; mid-century architecture; black and white photograph,"A two-panel photograph showing ""A Monument to Astronomy and to Glass"" in Corning, N.Y., ""The Crystal City,"" featuring a detailed view of an astronomical instrument on the left and the observatory building with its distinctive dome and several visitors on the right, with operating hours noted at the bottom."
75-0657,,,st. mary's catholic church; corning new york; stone church building; tall steeple; black and white photograph,"A black and white photograph of St. Mary's Catholic Church in Corning, N.Y., showing a stone church building with a tall pointed steeple, Gothic-style arched windows, and surrounding vegetation against a cloudy sky."
75-0660,,,portrait; woman; profile; early 20th century; black and white photograph,"A black and white profile portrait photograph of a woman wearing a pearl necklace and lace-trimmed garment, with her hair styled in an upswept early 1900s fashion, gazing to the right."
75-0661,,,"portrait photograph; man in formal attire; decorative frame; ""our choice"" text; black and white photograph","A black and white portrait photograph of a man wearing a dark suit and bow tie, framed within an ornate decorative border with text reading ""OUR CHOIC"" (partially visible), likely from a historical document or publication related to Corning, NY."
75-0662,,,church building; brick architecture; stained glass window; bell tower; black and white photograph,"A black and white photograph showing the architectural details of a brick church with a prominent bell tower, arched stained glass window, and Gothic Revival design elements typical of late 19th or early 20th century ecclesiastical architecture."
75-0663,,,war monument; soldier statue; erwin; cavalry; black and white photograph,"A Civil War monument erected in Erwin, NY in 1913 featuring a statue of a soldier standing atop a pedestal with inscriptions honoring soldiers who died, with bare trees and wooden buildings visible in the background."
75-0667,,,industrial equipment; large circular component; glass manufacturing; men examining machinery; black and white photograph,"Two men in suits examine a massive circular perforated glass or ceramic component, likely related to Corning's glass manufacturing industry, in what appears to be a factory or industrial facility."
75-0669,,,glass art; large-scale sculpture; museum display; two visitors; black and white photograph,"Two visitors stand before an enormous circular glass artwork with a honeycomb-like pattern of rectangular and circular openings, likely a display at the Corning Museum of Glass or similar institution in Corning, NY."
75-0686,,,downtown corning; street scene; early 20th century; trolley tracks; historic architecture,"A black and white photograph of downtown Corning, NY showing a wide street lined with multi-story commercial buildings, trolley tracks running down the center, period automobiles, and mountains visible in the distance under a cloudy sky."
75-0687,,,stone arch; utility poles; dirt road; vintage photograph; corning ny,"A historical photograph labeled ""The Old Stone Arch, Corning N.Y."" showing a large stone arch bridge or tunnel with two people and a bicycle standing beneath it, flanked by wooden utility poles along a rural dirt road."
75-0688,,,monument; susquehanna trail; native american statue; public square; black and white photograph,"A black and white photograph showing a tall stone monument topped with a Native American figure holding a staff, with a ""Susquehanna Trail"" marker sign at its base, surrounded by trees and period automobiles, with a handwritten note at the bottom reading ""Moved in front Hardware."""
75-0689,,,pine street; erie avenue; corning new york; downtown street; early 1900s; black and white photograph,"A black and white photograph showing Pine Street and Erie Avenue looking south in Corning, New York, with multi-story brick commercial buildings lining both sides of an unpaved street, bare trees, and handwritten annotation reading ""This belonged to Uncle Frank's office."""
75-0719,,,large group gathering; outdoor assembly; evergreen trees; black and white photograph; mid-20th century,"A black and white photograph showing a large organized group of people assembled in formation on an open field with evergreen trees in the background, appearing to be a formal gathering or institutional event from the mid-20th century."
75-0738,,,religious procession; white robes; downtown street; utility poles; early 20th century,"A black and white photograph showing a religious procession with participants wearing white robes marching down a downtown street in Corning, NY, flanked by brick buildings and utility poles with mountains visible in the background."
75-0739,,,brick building; institutional architecture; mid-20th century; black and white photograph; corning ny,"A black and white photograph showing a large brick institutional building complex with classical architectural features, including a central pediment and columned portico, with a church steeple visible on the right side and an early automobile parked in front."
75-0741,,,north side grammar school; corning new york; brick building; ivy-covered facade; early 20th century architecture,"A black and white photograph of the North Side Grammar School in Corning, New York, showing a substantial brick institutional building with ivy-covered walls, multiple chimneys, and large windows, surrounded by mature trees and a manicured lawn."
75-0742,,,historic building; brick architecture; cupola tower; early 20th century; black and white photograph,"A black and white photograph of a substantial brick institutional building with a distinctive cupola tower and multiple chimneys, featuring Romanesque Revival architecture with arched windows and a manicured lawn in front, appearing to be a school or civic building from the early 1900s."
75-0743,,,north side high school; corning new york; brick building; victorian architecture; black and white photograph,"This black and white photograph shows the North Side High School in Corning, N.Y., a substantial Victorian-era brick building with distinctive architectural features including a central tower with a pointed spire, multiple turrets, and ornate windows, surrounded by a fenced lawn."
75-0744,,,brick building; school architecture; early 20th century; black and white photograph; institutional building,"A three-story brick institutional building, likely a school, featuring classical architectural elements including decorative cupolas and multiple rows of large windows, photographed in black and white."
75-0745,,,brick building; institutional architecture; early 20th century; corning ny; black and white photograph,"A three-story brick institutional building with classical architectural features, including prominent columns, multiple large windows, and a distinctive spire or cupola on the roof, photographed in black and white from the street level in Corning, New York."
75-0746,,,corning schools; educational buildings; early 20th century; black and white photograph; composite montage,"A composite photograph showing five different school buildings in Corning, New York, including Northside Grammar School, Northside High School (prominently featured in the center), Corning Free Academy, St. Patrick's School and Parochial School, and St. Mary's, arranged around a central title reading ""Corning Schools, Corning, N.Y."""
75-0750,,,brick building; church; steeple; mid-century automobiles; black and white photograph,"A brick church building with a tall steeple and large windows is photographed in winter conditions with snow on the ground and period automobiles parked nearby in what appears to be downtown Corning, NY."
75-0751,,,brick church; twin towers; bare trees; corning ny; black and white photograph,"A brick church building with distinctive twin towers and a central steeple in Corning, NY, photographed in winter or early spring with bare trees in the foreground and a few figures visible on the front steps."
75-0752,,,brick church; steeple; arched windows; black and white photograph; historic architecture,"A black and white photograph of a brick church building with a tall steeple, featuring arched windows on two levels and handwritten notation ""cleaned and pointed"" in the upper right corner."
75-0753,,,residential house; white wooden structure; bare trees; black and white photograph; early 20th century,"A black and white photograph showing a white wooden house with a front porch, shuttered windows, and a chimney, surrounded by bare trees and rural landscape, likely from the early 1900s in the Corning, NY area."
75-0756,,,children; torches; parade or procession; early 20th century; black and white photograph,"A black and white photograph showing a line of young children holding torches or flaming sticks during what appears to be a parade or ceremonial procession, likely from the early 20th century."
75-0757,,,children; playground; school building; 1940s-1950s; black and white photograph,"A group of children in white shirts and dark pants play in a schoolyard next to a brick building, captured in this black and white photograph from the mid-20th century."
75-0760,,,institutional building; brick structure; early 20th century; black and white photograph; rural setting,"A black and white photograph showing a large three-story brick institutional building with multiple windows and chimneys, situated on an unpaved road in a rural landscape with bare trees visible in the upper right corner."
75-0764,,,group portrait; bare trees; rural landscape; mid-20th century; black and white photograph,"A black and white photograph showing a group of approximately fifteen people gathered outdoors beneath bare trees in a rural valley setting, likely from the mid-20th century."
75-0767,,,brick building; institutional architecture; early 20th century; black and white photograph; corning ny,"A black and white photograph showing a large brick institutional building with multiple stories and rows of windows, alongside a smaller classical-style building with columns, representing early 20th-century architecture in Corning, New York."
75-0769,,,downtown street; decorated storefronts; horse-drawn carriages; early 20th century; black and white photograph,"A decorated downtown street in Corning, NY lined with patriotic bunting and flags, featuring a ""42nd Regiment"" sign visible on the left storefront, with horse-drawn carriages and pedestrians gathered for what appears to be a civic celebration or military parade."
75-0771,,,parade float; corning's most modern dairy; downtown corning; mid-century; black and white photograph,"A parade float advertising ""Corning's Most Modern Dairy"" passes through downtown Corning, NY, featuring large milk bottles and people on the float, with brick commercial buildings visible in the background."
75-0772,,,large gathering; outdoor field; residential buildings; black and white photograph; early 20th century,"A black and white photograph showing a large crowd of people assembled in a field near residential buildings with distinctive chimneys, with utility poles visible in the background, appearing to document a community gathering or event in early 20th century Corning, NY."
75-0773,,,downtown corning; brick building; storefront; mid-20th century; black and white photograph,"A black and white photograph showing a downtown Corning storefront with ""F. W. WOOL"" signage visible on the awning, with pedestrians and what appears to be a parade or public gathering in front of the brick building."
75-0774,,,vintage automobiles; street scene; 1920s-1930s; parade or procession; black and white photograph,"A black and white photograph showing a street scene with several parked vintage automobiles from the 1920s-1930s era, lined trees, and figures in the street, possibly documenting a parade or public gathering in Corning, NY."
75-0775,,,parade; downtown corning; vintage train; western union; mid-century; black and white photograph,"A black and white photograph showing a parade float designed as a vintage train numbered 382 with a Western Union sign, traveling down a downtown Corning street lined with multi-story brick buildings and spectators."
75-0776,,,religious procession; white robes; downtown corning; brick buildings; early 20th century,"A black and white photograph showing a large group of people wearing white robes and hoods processing down a street in downtown Corning, NY, flanked by brick buildings and utility poles with hills visible in the background."
75-0777,,,parade; military uniforms; downtown street; early 20th century; black and white photograph,"A parade procession moves down a downtown Corning street lined with brick buildings and spectators, featuring uniformed military or civic personnel marching in formation with banners and flags overhead."
75-0778,,,metal bell; hand bell; artifact; black and white photograph; studio photography,"A black and white photograph of a metal hand bell with a wooden handle, shown against a plain background in what appears to be a museum or archival documentation photograph."
75-0779,,,classroom instruction; blackboard; educational; teacher and student; black and white photograph,"A bearded male teacher instructs a young female student at a blackboard with mathematical equations and diagrams visible, while framed illustrations hang on the wall above, in what appears to be a mid-20th century classroom setting."
75-0783,,,street scene; horse-drawn wagon; residential buildings; early 20th century; black and white photograph,"A black and white photograph showing a street scene with multiple people gathered around a horse-drawn wagon or cart in front of residential buildings with visible windows and porches, likely depicting daily life in early 20th-century Corning, NY."
75-0786,,,women; garden; residential; 1930s-1940s; black and white photograph,"Three women wearing hats and period dresses stand among tall flowering plants or vines in a residential garden, with a house featuring a porch and railing visible in the background."
75-0787,,,utility poles; industrial building; crowd gathering; railroad tracks; black and white photograph,"A black and white photograph showing a large crowd of people gathered along a street with railroad tracks, utility poles, and a multi-story industrial or institutional building, with hills visible in the background."
75-0788,,,parade; brass band; downtown street; early 20th century; black and white photograph,"A marching band parade proceeds down a downtown street in Corning, NY, with musicians carrying brass instruments, flanked by brick buildings and wooden utility poles, with hills visible in the background and a ""Gale Mfg Co"" sign visible on a storefront."
75-0789,,,parade; downtown street; utility poles; brick buildings; black and white photograph,"A large parade or procession moves down a downtown street in Corning, NY, lined with brick buildings and wooden utility poles, with hills visible in the background and spectators gathered along the sides."
75-0790,,,corning ny; street scene; utility poles; crowd gathering; black and white photograph,"A black and white photograph showing a large crowd of people gathered on a street in Corning, NY, lined with wooden utility poles and flanked by multi-story buildings, with hills visible in the background."
75-0791,,,parade; american flags; tree-lined street; early 20th century; black and white photograph,"A patriotic parade or public gathering on a tree-lined street in Corning, NY, with crowds of people wearing period clothing and straw hats, American flags displayed on buildings, and what appears to be a formal procession or civic event from the early 1900s."
75-0792,,,military formation; institutional building; early 20th century; outdoor gathering; black and white photograph,"A black and white photograph showing a large military or institutional formation of uniformed personnel lined up on a field in front of a prominent Victorian-era building with distinctive turrets and towers, with spectators gathered around the perimeter."
75-0794,,,downtown corning; utility poles; brick buildings; mid-20th century; black and white photograph,"A black and white photograph showing a downtown Corning street scene with multiple utility poles, brick commercial buildings, mountains in the background, and pedestrians and vehicles typical of the mid-20th century era."
75-0795,,,downtown parade; decorated street; flags and bunting; crowds; black and white photograph,"A large crowd gathers on a downtown street decorated with flags and bunting strung overhead, suggesting a civic celebration or parade in Corning, NY during the early-to-mid 20th century."
75-0796,,,parade; military uniforms; downtown street; brick buildings; early 20th century; black and white photograph,"A military parade marches down a downtown Corning street lined with brick commercial buildings and crowds of spectators in early 20th-century attire, with uniformed soldiers in formation proceeding down the center of the street."
75-0798,,,outdoor religious ceremony; church building; crowd gathering; black and white photograph; mid-20th century,"A black and white photograph showing a large crowd gathered outdoors in front of a church building for what appears to be a religious ceremony or Easter sunrise service, with the church's cross and architectural features visible in the background."
75-0800,,,downtown street; parade or procession; horse-drawn vehicles; brick buildings; black and white photograph,"A black and white photograph showing a street parade or procession in downtown Corning with horse-drawn carriages, crowds of spectators lining both sides of the street, and multi-story brick commercial buildings typical of early 20th-century American downtown architecture."
75-0801,,,parade; downtown street; early 20th century; marching band; crowded street; black and white photograph,"A large parade procession moves down a downtown street lined with spectators and decorated buildings, featuring a marching band with brass instruments and crowds of people in early 20th-century attire along both sides of the street."
75-0802,,,parade; downtown corning; brick buildings; utility poles; early 20th century; black and white photograph,"A parade or procession moves down a downtown Corning street lined with brick industrial buildings and wooden utility poles, with crowds of people gathered along the sides in this early 20th-century black and white photograph."
75-0804,,,parade; downtown street; brick buildings; early 1900s; black and white photograph,"A large parade procession moves down a downtown Corning street lined with brick commercial buildings, featuring participants in white uniforms marching down the center while crowds of spectators gather along both sides of the street."
75-0805,,,parade float; brick buildings; downtown street; mid-20th century; black and white photograph,"A white decorative parade float moves down a downtown street lined with multi-story brick industrial or commercial buildings in what appears to be Corning, NY, captured in a black and white photograph from the mid-20th century."
75-0807,,,street parade; early 20th century; umbrellas; downtown corning; black and white photograph,"A group of men and boys wearing caps and coats walk down a wet street in what appears to be downtown Corning, NY, carrying umbrellas during rainy weather, with brick buildings and utility poles visible in the background."
75-0809,,,parade float; early automobile; eagle decoration; brick buildings; black and white photograph,"A decorated automobile with a large eagle sculpture and American flags passes down a street lined with brick buildings in what appears to be an early 20th-century parade or civic procession in Corning, NY."
75-0810,,,vintage automobile; early 1900s; parade or public event; american flags; corning ny,"A black and white photograph showing an early 1900s automobile decorated with American flags displayed at what appears to be a public gathering or parade in Corning, NY, with spectators in period clothing standing nearby and industrial buildings visible in the background."
75-0811,,,brick building; early 20th century; street scene; people; black and white photograph,"A black and white photograph showing a group of people standing in front of a large brick industrial or civic building in what appears to be early 1900s Corning, NY, with a horse-drawn wagon visible on the right side of the street."
75-0812,,,parade; american flag; downtown corning; brick buildings; black and white photograph,"A parade or public procession moves down a downtown Corning street lined with brick buildings, with participants carrying flags including the American flag visible in the upper left corner."
75-0813,,,theater program; operatic production; McKnight Choir; Elmira New York; vintage advertisement,"A vintage theater program advertisement for the McKnight Choir's seventh annual production of ""The Yeomen of the Guard"" at the Lyceum Theatre in Elmira, N.Y., scheduled for February 2nd, 3rd, and 4th with a matinee on Wednesday, listing dramatic director Mrs. Harry F. Dixie and musical director George Morgan McKnight."
75-0814,,,outdoor gathering; flags; striped awnings; stone building; black and white photograph,"An overhead view of a public gathering or event in what appears to be a courtyard or plaza in Corning, NY, with crowds of people beneath striped awnings, American flags displayed, and stone buildings visible in the background."
75-0815,,,institutional building; uniformed group; parade or ceremony; early 20th century; black and white photograph,"A large group of uniformed individuals stands in formation on a lawn in front of a distinctive Victorian-era building with a prominent tower, with palm trees visible in the background, suggesting an institutional or military gathering or ceremony."
75-0816,,,group portrait; brick building; school or institutional setting; 1930s-1940s; black and white photograph,"A black and white photograph showing a large group of approximately 40 young women and girls posed in front of a brick building with windows, likely a school class or institutional group from the 1930s-1940s era."
75-0820,,,high school building; painted post new york; brick architecture; early 20th century; black and white photograph,"A vintage postcard photograph labeled ""High School, Painted Post, N.Y."" showing a substantial brick educational building with ornamental roofline, multiple tall windows, and bare trees in front, with utility lines visible overhead."
75-0821,,,downtown parade; horse-drawn wagon; western union building; 1930s-1940s; black and white photograph,"A downtown parade scene in Corning, NY featuring a horse-drawn wagon passing the Western Union building with spectators lining the wet street, circa 1930s-1940s."
75-0822,,,parade; corning offices; large sphere float; downtown street; mid-20th century; black and white photograph,"A parade float featuring a large white sphere passes through a crowded downtown Corning street lined with spectators, with the Hotel Baron Steuben and patriotic bunting visible on surrounding buildings, and a ""Corning Offices"" sign visible on the float's base."
75-0823,,,parade float; corning offices; lincoln rochester trust company; downtown street; black and white photograph,"A parade float for Corning Offices of Lincoln Rochester Trust Company moves down a crowded downtown street lined with spectators, featuring a large spherical object on top and storefront buildings visible in the background."
75-0824,,,downtown corning; brick buildings; f.w. woolworth co.; street scene; black and white photograph,"A black and white photograph of a downtown Corning street scene showing a multi-story brick building with the F.W. Woolworth Co. storefront at street level, with pedestrians and crowds visible on the sidewalk below."
75-0826,,,parade; flags; brick building; marching band; black and white photograph,"A marching band or procession with uniformed members carrying flags marches past a multi-story brick industrial building in what appears to be an early-to-mid 20th century downtown street scene in Corning, NY."
75-0831,,,book cover; ivan c. purple; schoolcraft; 1876; black and white photograph,"A black and white photograph of a book cover showing the title ""State of Ivan C. Purple used in Schoolcraft N.Y. 1876,"" with visible wear and damage to the surface."
75-0839,,,group portrait; women; early 20th century; formal photograph; black and white,"A formal black and white group portrait of approximately twenty-five women arranged in three rows, wearing light-colored blouses and dark skirts typical of early 20th century fashion, with an archival number ""3"" visible on the lower right of the photograph."
75-0842,,,rural landscape; bare trees; wooden buildings; dirt road; black and white photograph,"A black and white photograph dated March 26, 1941 showing Painted Post Creek with rural farm buildings and bare trees in a winter or early spring landscape near Corning, New York."
75-0844,,,steuben street; corning ny; bare trees; residential street; 1921; black and white photograph,"A photograph dated March 26, 1921 showing Steuben Street in Corning, NY, with a tree-lined residential street flanked by houses and bare deciduous trees, looking down the unpaved road toward distant hills."
75-0845,,,rural road; bare trees; utility poles; dirt road; black and white photograph; 1931,"A view looking northerly along Hamilton Street from the D.L.&W. railroad tracks in Painted Post, New York, dated March 26, 1931, showing a muddy rural road lined with bare trees, utility poles, and distant hills."
75-0847,,,residential housing; unpaved road; utility poles; early 20th century; black and white photograph,"A black and white photograph dated March 26, 1921 showing a row of identical white houses lining an unpaved street with utility poles, captioned as ""No. 3226 -- March 26, 1921 (R.O.H.) View looking easterly"" from what appears to be a planned residential development in the Corning, NY area."
75-0849,,,industrial quarry; steam locomotive; workers; early 20th century; black and white photograph,"This photograph shows a steam locomotive and workers at what appears to be a quarry or mining operation, likely from the early 1900s, with excavated earth walls visible in the background and industrial equipment scattered throughout the site."
75-0850,,,flooded landscape; fallen logs; people wading; trees; black and white photograph,"A black and white photograph showing a flooded area with scattered logs and debris in the foreground, several people wading through floodwaters, dense trees lining the banks, and a large plume of smoke or dust rising in the background against a hazy sky."
75-0851,,,wooden buildings; stream; rural settlement; bare trees; black and white photograph,"A black and white photograph showing a rural settlement with wooden structures including a brick building on the left and wooden buildings on the right, separated by a small stream with a metal railing, bare trees visible in the background suggesting late fall or winter."
75-0852,,,walnut street; corning ny; 1921; rural road; historic buildings; black and white photograph,"A black and white photograph from March 26, 1921 showing Walnut Street in Corning, NY looking toward Imperial Avenue from First Street, featuring white wooden houses, utility poles, bare trees, and an unpaved dirt road in early spring."
75-0855,,,bare trees; rural landscape; black and white photograph; historic building; early 20th century,"A black and white photograph dated March 26, 1921 showing a view from south of Painter Post Creek looking westerly toward Cohocton River area, with a distant house visible among bare trees in a rural landscape near Painter Post, New York."
75-0856,,,rural road; bare trees; utility poles; hillside landscape; black and white photograph,"A black and white photograph from March 26, 1921, showing Steuben Street in Corning, NY, with an unpaved dirt road lined by utility poles, bare deciduous trees, and forested hills in the background."
75-0857,,,steuben street; painted post; unpaved road; bare trees; 1921; residential street,"A black and white photograph from March 26, 1921, showing Steuben Street in Painted Post, NY, looking southerly toward Water Street from Painted Post Creek, with unpaved road, utility poles, bare trees, and residential buildings lining both sides of the street."
75-0858,,,river; bare trees; black and white photograph; landscape; early spring,"A black and white photograph showing a river winding through bare deciduous trees and vegetation, taken from what appears to be a bridge or elevated vantage point, with partially legible archival text at the bottom referencing a location and date."
75-0859,,,hamilton street; painted post; 1921; dirt road; bare trees; residential street,"A black and white photograph from March 30, 1921 showing Hamilton Street in Painted Post, NY, looking northerly from Painted Post Creek to the D.L.&W. railroad tracks, with bare trees lining an unpaved road and residential buildings visible on both sides."
75-0862,,,dirt road; residential street; bare trees; hillside; early 20th century; black and white photograph,"A photograph dated March 26, 1921, showing Rand Avenue north in Corning, NY, with unpaved road, residential buildings on either side, bare deciduous trees, and forested hills in the background."
75-0863,,,norwood street; residential neighborhood; unpaved road; early 20th century; black and white photograph,"A black and white photograph dated March 26, 1931 showing Norwood Street in Corning, NY, with residential houses lining an unpaved dirt road, bare trees, utility poles, and hills visible in the background, taken looking west from Imperial Avenue to Delaware Avenue."
75-0864,,,bare trees; residential street; early 20th century; black and white photograph; corning ny,"A bare tree-lined residential street in Corning, NY showing early 20th century houses and buildings along what appears to be West Street, with bare deciduous trees and unpaved or partially developed road conditions."
75-0865,,,oak street; corning ny; 1921; unpaved road; residential neighborhood; utility poles; black and white photograph,"A photograph dated March 28, 1921, showing Oak Street in Corning, NY looking easterly from Delaware Avenue, featuring an unpaved dirt road lined with wooden utility poles, residential houses, bare trees, and several pedestrians on the street."
75-0867,,,industrial buildings; bare trees; winter scene; black and white photograph; early 20th century,"A black and white photograph dated March 26, 1921 showing Imperial Avenue in Corning, NY with industrial factory buildings, bare winter trees, and snow on the ground, labeled as No. 3187 (R.O.H.)."
75-0869,,,bare trees; winter landscape; hillside; stream; black and white photograph,"A winter landscape photograph showing bare deciduous trees along a stream or creek with snow-covered ground and rolling hills in the background, with partially legible archival text at the bottom indicating this is a historical documentation photograph from the Corning area."
75-0870,,,post creek; rochester; 1931; historic buildings; black and white photograph,"A black and white photograph from March 2, 1931 showing the Painted Post Creek area north-westerly from a culvert over the creek of Rochester, featuring early 20th-century residential and institutional buildings nestled in a hillside landscape."
75-0872,,,wooden bridge; rural landscape; bare trees; water reflection; black and white photograph,"A black and white photograph from March 26, 1921 showing a wooden bridge spanning a body of water with bare trees lining the banks and wooden fencing visible in the foreground, labeled as looking down Hodgman's."
75-0873,,,bridge; erie railroad; rural landscape; bare trees; black and white photograph,"A black and white photograph dated March 26, 1921, showing the Bridge of Erie R.R. crossing over a rocky riverbed with bare trees lining the banks and wooden fencing visible in the background."
75-0874,,,rural landscape; wooden fence; forested hillside; black and white photograph; 1921,"A black and white photograph dated March 26, 1921 (No. 3229) showing a view across flat fields with a white wooden fence in the foreground, looking toward Hoagman's Creek with forested hills in the background and a pumping station and reservoir visible in the distance."
75-0875,,,rural landscape; white fence; railroad tracks; agricultural fields; black and white photograph,"A black and white photograph showing a white wooden fence in the foreground overlooking rural farmland with fencing, a stream, railroad tracks, and industrial buildings along the right side, with forested hills in the background."
75-0876,,,railroad infrastructure; wooden fences; utility poles; 1921; rural landscape,"A black and white photograph from March 26, 1921, showing a view looking easterly along the south right-of-way of the D.L.&W. railroad from Hodgman's Creek near Painted Post, New York, featuring wooden fencing, utility poles, and railroad infrastructure in a rural setting."
75-0877,,,rural road; bare trees; early 20th century; wooden buildings; black and white photograph,"A black and white photograph dated March 4, 1931 showing Kain Street in Painted Post, NY, looking southerly towards the Cohocton Post, featuring a dirt road lined with bare trees and simple wooden structures on either side."
75-0878,,,rural village street; bare trees; wooden buildings; utility poles; black and white photograph,"A black and white photograph of a rural village street in Corning, NY showing wooden houses, bare deciduous trees, utility poles, and hills in the background, likely taken during late fall or early spring."
75-0879,,,utility poles; residential buildings; hillside; black and white photograph; early 20th century,"A black and white photograph dated March 30, 1921 showing a view along the south right-of-way of a railroad from Culvert, with utility poles, wooden houses on a slope, and bare terrain characteristic of early industrial-era Corning, NY."
75-0881,,,painted post creek; corning ny; 1921; flooded landscape; black and white photograph,"A black and white photograph from March 26, 1921 (No. 3205) showing Painted Post Creek looking westerly from Steuben Street to a culvert under, with flooded fields, bare trees, hillsides, and buildings visible in the background near Corning, New York."
75-0882,,,culvert construction; post creek; painted post ny; 1931; black and white photograph,"A black and white photograph from March 26, 1931 showing a culvert being constructed under Steuben Street at Post Creek in Painted Post, New York, with a wooden structure and excavation work visible in the foreground."
75-0883,,,rural landscape; wooden bridge; farm buildings; forested hills; black and white photograph,"A black and white photograph showing a rural landscape with a wooden bridge crossing a stream or small waterway, with farm buildings and fenced pastures in the background, surrounded by forested hills typical of the Corning, New York region."
75-0885,,,railroad tracks; rural landscape; flooded fields; bare trees; black and white photograph,"A black and white photograph showing railroad tracks running through a rural valley landscape with flooded fields, bare deciduous trees, and farm buildings visible on the left hillside, depicting early spring or winter conditions in what appears to be the Corning, NY region."
75-0886,,,rural landscape; agricultural fields; bare trees; hillside; black and white photograph,"A black and white photograph showing a rural valley landscape with plowed agricultural fields, a small stream or water channel in the foreground, scattered farm buildings and houses, bare deciduous trees, utility poles, and rolling hills in the background, typical of early-to-mid 20th century upstate New York countryside."
75-0887,,,rural village; residential houses; unpaved road; forested hills; black and white photograph,"A black and white photograph showing a rural village street lined with early 20th-century residential houses, an unpaved dirt road, utility poles, and forested hills in the background, typical of a small upstate New York community."
75-0889,,,corning ny; residential street; 1931; painted post; early 20th century architecture,"A black and white photograph from March 26, 1931, showing a view looking easterly along Park Place and Pine Streets from Maple Avenue in Painted Post, NY, featuring residential houses with utility poles and bare trees lining an unpaved street."
75-0890,,,unpaved road; bare trees; utility poles; residential street; early 20th century,"A black and white photograph showing an unpaved dirt road lined with bare deciduous trees and utility poles, with residential buildings visible on both sides of the street in what appears to be a rural or small-town setting from the early 1900s."
75-0891,,,railroad tracks; white fence; rural landscape; early 20th century; black and white photograph,"A black and white photograph showing railroad tracks with gravel ballast running through a rural area near Corning, NY, with a white wooden fence in the foreground, farmland to the left, and residential and industrial buildings visible along the right side of the tracks."
75-0894,,,rural landscape; fenced field; bare trees; hillside; black and white photograph,"A black and white photograph dated March 20, 1931 showing a rural landscape with a fenced field, scattered trees, and rolling hills in the background, taken from near Painted Post, New York at the village line."
75-0895,,,rural landscape; bare tree; stream; hillside; black and white photograph; 1921,"A black and white photograph dated March 26, 1921, showing a rural valley landscape with a bare deciduous tree, a small stream, rolling hills, and what appears to be a fence in the foreground, labeled as ""Looking up Hodman's"" in the Corning, NY local history archive."
75-0896,,,rural landscape; wooden bridge; farm wagon; forested hills; black and white photograph,"A black and white photograph dated March 26, 1921 showing a wooden-railed bridge crossing water with a dark farm wagon or cart on it, set against a backdrop of forested hills in a rural valley setting."
75-0900,,,industrial building; bare trees; painted post creek; railroad; early 20th century,"A photograph labeled ""Painted Post Creek looking north-westerly from Frie Railway, Rochester Division"" shows an industrial building with a chimney situated along a creek bed with bare trees and railroad infrastructure visible in the winter landscape."
75-0901,,,rural landscape; bare trees; river valley; early spring; color photograph,"A view looking westerly along a river valley near Corning, NY on March 26, 1961, showing bare trees lining the banks and an overflow channel from the mouth of Painted Post, captured in early color photography."
75-0902,,,downtown corning; brick buildings; mid-20th century; street scene; vintage automobiles,"A street view of downtown Corning, NY showing multi-story brick commercial buildings, parked automobiles from approximately the 1940s-1950s era, and pedestrians on the sidewalk in what appears to be a town square or main street intersection."
75-0903,,,overflow channel; north bank; bare trees; rural landscape; sepia photograph,"A sepia-toned photograph dated March 26, 1921 showing a view looking westerly along the north bank of an overflow channel from the mouth of Painted Post Creek, with bare winter vegetation lining the waterway and open fields visible in the distance."
75-0904,,,historic buildings; bare trees; hillside landscape; sepia photograph; early 20th century,"A sepia-toned photograph showing a hillside residential area with bare deciduous trees, a prominent house with distinctive architecture in the middle distance, and what appears to be early 20th-century buildings along a sloped terrain, with handwritten archival notation visible at the bottom of the print."
75-0907,,,streetcar tracks; bare trees; residential street; early 20th century; black and white photograph,"A black and white photograph showing a tree-lined residential street in Corning, NY with visible streetcar or trolley tracks running down the center of an unpaved road, flanked by Victorian-era houses on both sides during late fall or early spring."
75-0911,,,pine street; corning ny; bare trees; utility pole; 1931; black and white photograph,"A black and white photograph dated March 26, 1931, showing Pine Street in Corning, NY viewed from Handi, with bare deciduous trees lining an unpaved road, utility poles, and residential buildings visible along the street during early spring."
75-0912,,,unpaved road; bare trees; residential street; early 20th century; black and white photograph,"A black and white photograph dated March 26, 1921, showing Hamilton Street in Corning, NY looking southerly from Painted Post Creek to Water Street, with an unpaved muddy road lined by bare trees and brick residential buildings on either side."
75-0913,,,residential street; unpaved road; wooden houses; bare trees; early 20th century; black and white photograph,"A black and white photograph showing an unpaved residential street lined with wooden houses on both sides, bare trees, utility poles, and what appears to be a church or public building visible in the distance, depicting an early 20th-century American neighborhood scene."
75-0914,,,bare trees; industrial buildings; muddy street; early spring; black and white photograph,"A black and white photograph showing a muddy unpaved street lined with bare trees and industrial or factory buildings on either side, with patches of snow visible along the edges and utility poles overhead, depicting an early spring scene in what appears to be an industrial area of Corning, NY."
75-0915,,,rural landscape; creek; bare trees; fenced pasture; black and white photograph,"A black and white photograph dated March 26, 1921, showing a view looking northwesterly along Painted Post Creek from Culvert, with a bare tree in the foreground, fenced pastoral land, and rolling hills in the background."
75-0916,,,railroad tracks; high street; bare trees; early 20th century; black and white photograph,"A black and white photograph dated March 26, 1921 showing High Street in Corning, NY with railroad tracks running down the center of the road, flanked by utility poles, bare trees, and residential and industrial buildings on either side."
75-0917,,,water street; corning ny; bare trees; early 1900s; black and white photograph,"A black and white photograph labeled ""No. 3238 -- March 26, 1921 (R.O.H.) Water street lookin"" shows a tree-lined street in Corning, NY with bare branches, utility poles, wooden sidewalks, and buildings visible in the distance during early spring."
75-0918,,,residential street; bare trees; wooden houses; utility poles; black and white photograph; early 20th century,"A black and white photograph showing a tree-lined residential street in Corning, NY with wooden houses on both sides, utility poles, and bare deciduous trees suggesting late fall or early spring conditions."
75-0919,,,industrial buildings; utility poles; rural landscape; bare trees; black and white photograph; early 20th century,"A black and white photograph dated March 26, 1921 showing an industrial or manufacturing complex with large wooden structures, utility poles, and bare trees in a rural valley setting with mountains visible in the background."
75-0920,,,rural road; utility poles; 1921 photograph; farmland; black and white,"A black and white photograph dated March 26, 1921 showing a rural road looking easterly with utility poles, farm buildings on the left, railroad tracks on the right, and rolling hills in the background near Corning, NY."
75-0921,,,rural landscape; wooden fence; bare trees; agricultural field; black and white photograph,"A black and white photograph showing a fenced rural landscape with bare deciduous and evergreen trees lining the horizon under an overcast sky, typical of a winter or early spring scene in upstate New York."
75-0922,,,residential street; bare trees; early 20th century; brick houses; color photograph,"A tree-lined residential street in Corning, NY showing early 20th-century houses with bare deciduous trees, brick construction, and utility poles stretching into the distance during late fall or early spring."
75-0926,,,streetcar tracks; residential street; bare trees; early 20th century; black and white photograph,"A street view in Corning, NY showing trolley or streetcar tracks running down an unpaved residential street lined with Victorian-era houses, bare trees, utility poles, and hills visible in the background, likely dating from the early 1900s."
75-0927,,,rural landscape; bare trees; early spring; black and white photograph; 1921,"A rural landscape photograph dated March 26, 1921, showing bare trees, scattered buildings, and open fields with hills in the background, labeled as No. 3215 with notation ""(R.O.H.)"" and ""View looking towards"" in the caption."
75-0928,,,painted post creek; rural landscape; early 20th century; black and white photograph; corning ny,"A black and white photograph dated March 26, 1921, showing a view looking northwest along Painted Post Creek to Culvert under D.I., featuring a rural valley landscape with bare trees, scattered buildings, fenced fields, and a stream in the foreground."
75-0929,,,painted post creek; bare trees; rural landscape; early spring; black and white photograph,"A black and white photograph dated March 26, 1921 showing a view looking southeast along Painted Post Creek toward Imperial Avenue in Painted Post, NY, with bare deciduous trees, wooden structures, and hillsides visible in the background."
75-0930,,,industrial debris; excavation site; metal pipes; bare ground; black and white photograph,"A black and white photograph dated March 26, 1921 showing an excavation or construction site with scattered metal pipes, industrial debris, and white markers in disturbed earth, with bare trees and buildings visible in the background."
75-0931,,,unpaved road; bare trees; early 1920s; residential street; black and white photograph,"A photograph dated March 26, 1921, showing Hamilton Street in Corning, NY looking southerly from Painted Post Creek to Water Street, with an unpaved muddy road lined by bare trees and residential buildings on either side."
75-0932,,,painted post; main street; early 20th century; bare trees; rural village; black and white photograph,"A black and white photograph from March 2, 1921 showing Main Street in Painted Post, NY, looking southerly toward the Cohocton River from Water Street, featuring bare trees, wooden buildings, and an unpaved road lined with early 20th-century structures."
75-0933,,,unpaved street; residential buildings; bare trees; hillside; 1921 photograph,"A black and white photograph dated March 28, 1921, showing Rand Avenue north in Corning, NY, with wooden houses lining an unpaved dirt road, bare trees indicating early spring, and forested hills in the background."
75-0935,,,residential buildings; utility poles; rural landscape; bare hillside; black and white photograph,"A black and white photograph showing a row of residential houses on the left side along a dirt road with utility poles and power lines stretching into the distance, adjacent to a barren hillside with sparse vegetation in what appears to be early-to-mid 20th century Corning, New York."
75-0937,,,rural village street; bare trees; wooden buildings; utility poles; black and white photograph; early 20th century,"A rural village street scene from March 26, 1921, showing wooden structures, bare trees, utility poles, and hills in the background, with what appears to be a small stream or water runoff in the foreground."
75-0939,,,industrial mill; tall chimney; wooden fence; flooded grounds; black and white photograph,"A black and white photograph showing an industrial mill complex with a prominent tall chimney, wooden buildings, and wooden fencing, situated in a flooded or wet area with hills visible in the background."
75-0941,,,industrial interior; pipe; brick walls; basement; black and white photograph,"A black and white photograph showing the interior of an industrial or basement space with exposed brick walls, a large pipe running diagonally through the center, and deteriorated structural elements typical of early-to-mid 20th century industrial architecture."
75-0944,,,industrial machinery; glass furnace; black and white photograph; corning glass works; architectural detail,"A black and white photograph showing a distinctive industrial glass furnace with four tall chimney stacks and a central structure featuring windows, typical of early 20th-century glassmaking equipment used at the Corning Glass Works."
75-0980,,,steam locomotive; passenger train; railroad; black and white photograph; rural landscape,"A steam locomotive pulling a passenger train travels along railroad tracks through a forested, mountainous landscape in this black and white photograph, likely from the early-to-mid 20th century."
75-0983,,,teacher's certificate; 1860s document; handwritten; Steuben County; educational credential,"A teacher's certificate issued by William M. Sherwood, School Commissioner for the 2d Commissioner's District in the County of Steuben, New York, certifying an individual's qualifications to teach in common schools, dated in 1860 and printed by Thacher & Tuttle in Hornellsville, N.Y."
75-0984,,,group portrait; women; porch; early 20th century; black and white photograph,"A black and white photograph showing a group of eleven women posed together on a residential porch, wearing early 20th-century clothing including white blouses and dark skirts, arranged in two rows with some seated and others standing."
75-0985,,,hornby cheese factory; dividend statement; 1914; handwritten document; hornby new york,"A dividend statement from the Hornby Cheese Factory in Hornby, N.Y., dated 1914, documenting milk and cheese sales figures, amounts in sale, and financial details signed by E.B. Stephens."
75-0987,,,white wooden building; cupola; historic church; bare trees; black and white photograph,"A black and white photograph of a small white wooden church or schoolhouse with a distinctive cupola and front porch, surrounded by bare trees, likely from the early-to-mid 20th century in the Corning, New York area."
75-0988,,,hay wagon; horse-drawn cart; rural agriculture; early 20th century; black and white photograph,"A black and white photograph showing workers loading or unloading hay onto a horse-drawn wagon in a rural agricultural setting, with forested hills visible in the background."
75-0991,,,formal group portrait; early 1900s; women and men; white blouses; black and white photograph,"A formal black and white group portrait from the early 1900s showing approximately 15 people arranged in three rows, with women predominantly wearing white blouses with bows and men in dark suits, posed against a plain studio backdrop."
75-0998,,,wooden house; two people; rural setting; early 20th century; black and white photograph,"A black and white photograph showing a two-story wooden house with a front porch surrounded by large trees, with two people standing in the yard in front of the structure."
75-0999,,,post office; brick building; corning ny; early 20th century; black and white photograph,"A brick post office building in Corning, New York, featuring classical architectural details including a pediment with ornamental design, large windows, and entrance steps, partially obscured by tall trees in the foreground."
75-1002,,,marriage certificate; religious ceremony; nineteenth century; formal dress; engraved document,"A decorative marriage certificate featuring an engraved scene of a wedding ceremony with a bride in white dress and multiple formally dressed attendees, surrounded by ornamental floral borders and text reading ""This is to Certify"" and ""HOLY MATRIMONY,"" dated August 28th in the year One Thousand Eight Hundred and [?] Five."
75-1003,,,marriage certificate; holy matrimony; 19th century; ornamental border; portrait photograph,"A decorative marriage certificate dated February 22, 1870, certifying the union of Joe A. Gifford of Hornby, New York and Alice B. Boye of Hornby, New York, featuring an oval portrait photograph of a man on the left and ornate floral borders with handwritten signatures of witnesses Ega P. Hand and Rea J. Hand."
75-1014,,,corning ny; downtown street; historic buildings; unpaved road; black and white photograph,"A wide unpaved street in downtown Corning, New York lined with two-story commercial buildings featuring classical architecture, with horse-drawn carriages and pedestrians visible along the street, likely from the late 19th or early 20th century."
75-1015,,,historical document; military commission; 1863; governor of ohio; handwritten text,"An official military commission document from the Governor of Ohio dated September 9, 1863, appointing Samuel Lydman as Captain in the Cavalry, signed by the Adjutant General's Office in Columbus, Ohio."
75-1017,,,classroom; students; wooden desks; early 20th century; black and white photograph,"A black and white photograph showing a classroom full of students seated at individual wooden desks in rows, with institutional architecture including framed pictures on the walls and tall windows, typical of early 20th-century American educational facilities."
75-1018,,,military document; civil war era; regiment commission; handwritten text; historical certificate,"A formal military commission document from the Commanding Officer of the 111th Regiment of Ohio Volunteers, dated in the year 1861, appointing an officer and granting authority to discharge duties with an eagle seal and ornate calligraphy typical of Civil War-era official documents."
75-1019,,,group portrait; brick building; children and adults; black and white photograph; mid-20th century,"A black and white photograph showing a large group of children and adults posed in front of a brick building with large windows, likely a school or institutional group portrait from the mid-20th century."
75-1026,,,bridge; river; mountains; early automobiles; black and white photograph,"A long arched bridge with ornamental railings spans a river in a valley surrounded by forested hills and mountains, with early 20th-century automobiles visible on the approach road and rural buildings scattered across the landscape."
75-1031,,,denison park entrance; brick building; cupolas; historic architecture; black and white photograph,"This black and white photograph shows the entrance to Denison Park in Corning, NY, featuring a distinctive brick building with two cupolas, multiple windows, and architectural details typical of early-to-mid 20th century institutional design."
75-1038,,,group portrait; children; brick building; black and white photograph; early 20th century,"A black and white photograph showing a large group of children and young people posed in front of a brick building with large windows, likely a school class or institutional group from early 20th century Corning, NY."
75-1040,,,rural landscape; log fence; pastoral scene; black and white photograph; trees,A black and white photograph showing a rustic split-rail log fence in a grassy field with trees visible in the background and what appears to be a person or figure near the fence.
75-1042,,,abandoned wooden house; rural landscape; deteriorated structure; black and white photograph; early 20th century architecture,"A black and white photograph showing a dilapidated wooden log cabin with a central chimney standing alone in an open rural field, with trees visible along the horizon in the distance."
75-1043,,,spring brook dairy and stock farm; rural agricultural buildings; hillside landscape; black and white photograph; early 20th century,"A black and white photograph showing the Spring Brook Dairy and Stock Farm with its main barn and associated farm buildings nestled in a hillside landscape, featuring wooden structures with characteristic rural architecture typical of early 20th-century New York agricultural operations."
75-1048,,,vintage automobile; residential house; 1930s-1940s; family portrait; black and white photograph,"A black and white photograph showing a group of people posing with a 1930s-era automobile in front of a two-story white wooden house with a front porch and awning in what appears to be Corning, NY."
75-1051,,,industrial workers; factory interior; early 20th century; group portrait; black and white photograph,"A black and white photograph showing a group of approximately twelve male workers posed in front of industrial buildings and wooden structures, wearing period clothing and caps typical of the early 1900s, with barrels visible in the foreground."
75-1052,,,parade; early automobiles; american flag; downtown corning; black and white photograph,"A parade scene in downtown Corning, NY featuring early 1900s automobiles decorated with American flags and bunting, with spectators lining the street and brick buildings visible in the background."
75-1063,,,horse-drawn carriage; evergreen trees; rural landscape; black and white photograph; early 20th century,"A black and white photograph showing two people seated in a horse-drawn carriage on a tree-lined rural road, surrounded by tall evergreen trees, likely from the early 1900s."
75-1071,,,vintage automobile; group of people; 1930s-1940s; outdoor scene; black and white photograph,"A black and white photograph showing three people standing beside a vintage automobile from the 1930s-1940s era, with trees visible in the background in what appears to be a rural or semi-rural setting."
75-1078,,,train wreck; railroad disaster; damaged locomotive; industrial debris; black and white photograph,"A severely damaged steam locomotive and railcar lie amid scattered wreckage and debris at what appears to be a railroad yard or industrial site in Corning, NY, documenting a catastrophic train accident."
75-1079,,,woeppels storefront; mid-century commercial building; vintage automobile; black and white photograph; corning ny,"A black and white photograph showing the Woeppels storefront, a mid-century commercial building with distinctive arched windows and signage, with a vintage automobile parked nearby and residential structures visible in the background."
75-1080,,,aerial view; industrial site; river; vintage machinery; black and white photograph,"An aerial black and white photograph showing an industrial facility along a river in Corning, NY, with visible machinery, structures, and workers on the ground near what appears to be manufacturing or processing equipment."
75-1097,,,scenic view; penn van; rural road; forested landscape; black and white photograph,"A black and white photograph showing a winding dirt road through dense forest with a body of water visible on the left, captioned ""Scenic View near Penn Van, N.Y."" at the bottom of the image."
75-1102,,,industrial chimney; utility poles; power lines; black and white photograph; early 20th century infrastructure,"A black and white photograph showing a tall industrial chimney or smokestack with visible text markings alongside utility poles and multiple electrical power lines, documenting early industrial infrastructure in Corning, NY."
75-1104,,,pyrex telescope disc; corning glass works; railroad car; industrial product; black and white photograph,"A railroad flatcar displays a large Pyrex 200"" telescope disc made by Corning Glass Works in Corning, NY, with brick industrial buildings visible in the background."
75-1107,,,brick building; institutional architecture; early 20th century; bare trees; black and white photograph,"A black and white photograph of a substantial brick institutional building in Corning, NY, featuring multiple stories with regularly spaced windows, two prominent chimneys on the roof, and bare trees in front, likely dating from the early 1900s."
75-1109,,,theater program; vintage advertisements; early 20th century; East Market Street; Corning New York,"A theater program page from Corning, NY featuring advertisements for local businesses (T.W. Green Plumbing, F.M. Webster Cigar Store, and Phin Gould Cafe and Grill) and a synopsis for a five-act play called ""The Servant in the House"" based on Charles Rann Kennedy's speech, with dialogue excerpt visible at the bottom."
75-1110,,,concert program; music conservatory; classical compositions; black and white document; vintage performance,"A concert program page titled ""THE PROGRAM"" listing a Haydn Symphony in D major performed by the Conservatory Orchestra, solo pieces by Mr. Lattin and Mr. Fassett, an overture by von Suppe, and a cantata ""Fair Ellen"" by Max Bruch, with various composers including Vieuxtemps, Whelpley, Sidney Homer, Karganoff, and Paganini-Liszt represented."
75-1111,,,concert program; classical music; conservatory orchestra; vintage document; black and white text,"A concert program listing a Haydn Symphony in D major performed by the Conservatory Orchestra, featuring soloists Mr. Lattin and Mr. Fassett, with works by Vieuxtemps, Whelplay, Sidney Homer, von Suppe, Karganoff, and Paganini-Liszt, concluding with a presentation of certificates and gold medals by Rev. Harold Stanley Stewart."
75-1112,,,poem; fair ellen; lord edward; ballad; black and white text,"A printed page from a literary work featuring the poem ""Fair Ellen,"" a ballad with alternating dialogue between Lord Edward and Fair Ellen, along with chorus sections, depicting a romantic and dramatic narrative set in the Scottish Highlands."
75-1113,,,printed text; literary excerpt; corning conservatory of music; black and white photograph; archival document,"A black and white photograph of a printed page containing poetic text about ""The Campbells"" and a character named ""Fair Ellen,"" along with an announcement that the Corning Conservatory of Music will be open for a Summer Session in July."
75-1159,,,penn yan; nineteenth century street scene; horse-drawn carriages; brick commercial buildings; black and white photograph,"A historical street scene in Penn Yan, New York showing a dirt road lined with brick commercial buildings including storefronts for hardware, stoves, and coal and wood, with horse-drawn carriages and pedestrians gathered in the street during the nineteenth century."
75-1160,,,hotel casale; corning ny; historic building; railroad tracks; black and white photograph,"This black and white photograph shows the Hotel Casale in Corning, New York, a multi-story brick building with ornate architectural details situated along railroad tracks, as identified by the caption at the bottom of the image."
75-1162,,,stone church; gothic architecture; bare trees; early 20th century; black and white photograph,"A black and white photograph of the German Church in Corning, New York, showing a stone church building with a tall steeple featuring gothic-style windows, surrounded by bare trees, published by The J. M. Greig Co. of Corning, N.Y."
75-1163,,,painted post monument; statue; public square; early 20th century; black and white photograph,"The ""Painted Post"" Monument in Painted Post, New York, featuring a Native American figure standing atop a stone pedestal in a town square, surrounded by bare trees and period buildings."
75-1166,,,presbyterian church; painted post; new york; bare trees; black and white photograph,"A black and white photograph showing the Presbyterian Church and Manse in Painted Post, New York, with a prominent steepled church building, bare deciduous trees lining the street, and residential structures visible along an unpaved road."
75-1169,,,steamboat; riverfront dock; penn van ny; early 20th century; black and white photograph,"A steamboat labeled ""Steamer Penn Van"" enters a dock at Penn Van, New York, with a fruit house visible on the left shore and hills in the background."
75-1170,,,downtown corning; brick building; dry goods store; early 20th century; black and white photograph,"A black and white photograph of the Greig Dry Goods Co. building in Corning, New York, showing a multi-story brick commercial structure with large storefront windows on the ground level and a vertical ""THE GREIG CO."" sign on the facade."
75-1171,,,industrial building; water tower; brick architecture; early 20th century; black and white photograph,"A black and white photograph showing a large industrial brick building complex with a prominent water tower, surrounded by landscaped grounds and residential structures, typical of early 20th-century industrial Corning, New York."
75-1172,,,portrait photograph; E.D. Mills; president; black and white; early 20th century,"A black and white portrait photograph of E. D. Mills, identified as President, showing a middle-aged man with glasses and a distinctive mustache wearing formal attire with a patterned tie."
75-1189,,,portrait photograph; major e.p. graves; corning new york; formal attire; late 19th century,"A formal black and white portrait photograph of Major E. P. Graves of Corning, N.Y., showing a distinguished gentleman with a prominent mustache wearing a dark suit jacket and polka dot bow tie."
75-1191,,,portrait photograph; man; late 19th century; corning new york; formal attire,"A formal black and white portrait photograph of ""The Late Hon. C. E. Walker of Corning, N.Y."" showing a man in profile wearing a suit jacket and white collar, mounted in an oval frame with decorative floral border."
75-1192,,,portrait photograph; man; early 1900s; corning new york; formal attire,"A black and white portrait photograph of a man identified in the caption as ""The Late Lester Logan Kendall, of Corning, N.Y."" showing him in formal dress with a distinctive mustache and styled hair, typical of early 20th-century portraiture."
75-1199,,,portrait photograph; john hoare jr; corning new york; early 20th century; formal dress,"A formal black and white portrait photograph of John Hoare, Jr. of Corning, N.Y., shown in an oval frame with decorative floral border, wearing a dark suit jacket and white dress shirt."
75-1200,,,portrait photograph; joseph j. tully; corning; black and white; early 20th century,"A black and white portrait photograph labeled ""THE LATE JOSEPH J. TULLY"" showing a middle-aged man in formal attire, with accompanying text indicating he was married May 1 and held a position in Corning."
75-1201,,,brick building; cupola tower; institutional architecture; early 20th century; black and white photograph,"A substantial brick institutional building with a distinctive cupola tower, decorative stonework, and multi-story design surrounded by mature trees, photographed in black and white."
75-1205,,,three men; early 1900s; outdoor portrait; uniforms; black and white photograph,"A black and white photograph showing three men in early 1900s attire, with two wearing military or work uniforms and caps, one holding a small child, posed outdoors with hills visible in the background."
75-1240,,,historical letter; painted post; election dispute; 19th century document; black and white photograph,"A historical letter titled ""Look at This!"" addressed to the board of inspectors of lection in Painted Post, signed by Wm. Bonham, John C. Hayt, Oliver Duitse, J. B. Pratt, Henry B. Noyes, and Thos. Johnson, detailing allegations of electoral irregularities and voting fraud from 1833."
75-1244,,,large group portrait; early 20th century; outdoor gathering; formal dress; black and white photograph,"A formal group photograph of approximately 60-70 people of mixed ages, including adults and children, posed outdoors in front of a wooden building with coniferous trees in the background, likely taken in the early 1900s based on the clothing styles and photographic quality."
75-1248,,,mining operation; industrial infrastructure; water tower; wooden trestle; forested hillside; black and white photograph,"A black and white photograph showing an industrial mining or processing facility with a large wooden trestle structure on the left, a water tower in the center, utility poles, and forested hills in the background, typical of early-to-mid 20th century resource extraction operations."
75-1250,,,reward poster; stolen horse; 1886; horseheads new york; black and white photograph,"A $50 reward poster dated September 6, 1886, from Charles F. Taber of Horseheads, Chemung County, New York, advertising the theft of a sorrel roan mare and carriage stolen on the evening of the 4th, with detailed descriptions of the horse and Photon Carriage made by Hughson's Co. of Syracuse, offering $25 for the thief and $25 for the property's return."
75-1251,,,family tree; genealogy; handwritten chart; 19th century families; corning new york history,"A handwritten genealogical chart documenting the descendants of Peleg Gorton II (1769-1851) and M. Lydia Wilkey, showing multiple generations of family members with birth and death dates, including children Polly, Nancy, Dorcas, William Thomas, Tared M., and Abigail, extending down through grandchildren and great-grandchildren with their respective spouses' names."
75-1292,,,downtown street; brick buildings; vintage automobiles; 1930s-1940s; black and white photograph,"A black and white photograph of a downtown Corning street lined with multi-story brick buildings, vintage automobiles parked along the street, street lamps, and a church steeple visible in the distance, depicting early-to-mid 20th century urban architecture and commerce."
75-1293,,,portrait photograph; black and white; woman; early 20th century; studio portrait,"A black and white studio portrait photograph of a woman with dark hair parted in the middle, wearing a dark jacket or dress with a white collar, posed against a painted backdrop."
75-1296,,,downtown street; brick buildings; mid-century automobiles; corning ny; black and white photograph,"A black and white photograph of a downtown Corning, New York street lined with multi-story brick commercial buildings and parked mid-century automobiles, showing storefronts at street level and utility poles along the sidewalk."
75-1297,,,downtown street; brick buildings; mid-century automobiles; street clock; black and white photograph,"A black and white photograph of a downtown Corning street showing multi-story brick commercial buildings, parked mid-century automobiles, a street-mounted clock, and a visible sign for ""Corning Trust"" and ""Lincoln Rochester Trust Company,"" depicting a typical American downtown streetscape from approximately the 1950s-1960s."
75-1306,,,formal portrait; couple; late 19th century; studio photograph; black and white,"A formal studio portrait of a young woman and man in late 19th-century formal attire, standing against a decorative wallpapered backdrop with ornate furnishings visible."
75-1311,,,graduation class; north side high school; 1923; formal group portrait; black and white photograph,"A formal black and white group portrait of the 1923 graduating class from North Side High School, showing approximately 30 students arranged in three rows, with young women in light-colored dresses holding flowers and young men in dark suits."
75-1312,,,handwritten document; class roster; north side high school; 1920s-1950s; graduation records,"A handwritten document listing graduates from North Side High School in 1929 and a class reunion from 1957, organized by rows with student names including Russell Case, Margaret Paul, Peter Rogers, Esther Hammon, Robert Reynolds, and others from Corning, NY."
75-1313,,,group portrait; indoor gathering; mid-20th century; formal dress; black and white photograph,"A formal black and white group photograph showing eleven people arranged in two rows posed in front of a large window with decorative curtains, likely taken at an indoor event or meeting in mid-20th century Corning, NY."
75-1376,,,arrowheads; stone tools; archaeological artifacts; black and white photograph; lownsbury farm,"A black and white photograph displaying a collection of Native American stone tools and arrowheads from the Lownsbury Farm in Lownsbury, New York, including labeled specimens such as ""Lamoka"" and ""Flake Knife"" dated 1909-16."
75-1453,,,glass specimen; mineral sample; geological artifact; black and white photograph; close-up documentation,"A close-up black and white photograph of what appears to be a geological or mineral specimen, possibly glass or a crystalline material, showing a rounded form with white and darker striations or layers, documented for archival purposes."
75-1454,,,fossil; trilobite; specimen; black and white photograph; paleontology,"A black and white photograph of a fossilized trilobite specimen mounted on a white label with a scale reference object, likely from a museum or educational collection documenting paleontological findings from the Corning area."
75-1455,,,telephone equipment; vintage technology; man; black and white photograph; mid-20th century,"Telephone Co-op President Raymond Wheeler uses an early telephone instrument described as close to being a museum piece, as shown in this black and white photograph from the Corning local history archive."
75-1456,,,electrical outlets; vintage advertisement; cooperative power; mid-century; black and white photograph,"A ""Good Power"" advertisement from March 19 (year partially visible) shows a woman seated at a desk examining an electrical outlet panel mounted on a wall, promoting cooperative electrical power distribution."
75-1469,,,railroad cars; freight train; industrial building; black and white photograph; early 20th century,"A black and white photograph showing railroad freight cars on tracks alongside an industrial building with a rooftop sign, typical of early 20th-century railroad infrastructure in Corning, NY."
75-1470,,,steam locomotive; snow; railroad; black and white photograph; winter,"A black and white photograph showing a steam locomotive with visible smoke and steam billowing from its smokestack, positioned on snowy ground with industrial railroad infrastructure visible in the background."
75-1471,,,steam locomotive; railroad; black and white photograph; bare trees; industrial landscape,"A steam locomotive with a tall smokestack emitting smoke is photographed on railroad tracks, with bare winter trees visible on the left and industrial buildings and a bridge structure visible in the background."
75-1474,,,tree-lined street; rural road; early 20th century; black and white photograph; unpaved road,"A tree-lined rural road in what appears to be early 20th century Corning, NY, with mature trees creating a canopy over an unpaved dirt street, buildings visible on the right side, and a figure or animal in the middle distance."
75-1475,,,park; bare trees; utility poles; brick pavement; black and white photograph,"A black and white photograph of a public park or plaza in Corning, NY, featuring bare deciduous trees, utility poles with street lamps, brick or paved ground, and what appears to be early-to-mid 20th century infrastructure."
75-1476,,,rural landscape; bare trees; dirt road; stone building; black and white photograph,"A black and white photograph showing a rural property with a stone building on the left, a dirt road lined with bare poplar trees, and rolling hills in the background under an overcast sky."
75-1477,,,tree-lined street; unpaved road; early 20th century; black and white photograph; rural landscape,"A black and white photograph showing a tree-lined unpaved road or lane with mature trees creating a natural canopy overhead, with what appears to be a water body or cleared area visible in the distance between the trees."
75-1483,,,church steeple; stone architecture; gothic windows; black and white photograph; religious building,"A black and white photograph showing a stone church with a tall pointed steeple, Gothic-style arched windows, and a cross atop the spire against a cloudy sky."
75-1484,,,historic buildings; church; stone architecture; early 20th century; black and white photograph,"A black and white photograph showing a Victorian-era stone institutional building on the left with a church featuring a tall steeple on the right, likely depicting a religious or educational complex in Corning, NY from the early 1900s."
75-1485,,,railroad tracks; horse-drawn wagons; industrial buildings; early 20th century; black and white photograph,"A historical photograph showing a railroad yard or industrial area in Corning, NY with horse-drawn wagons, wooden structures, utility poles, and multi-story brick and wooden buildings typical of early 1900s industrial infrastructure."
75-1486,,,downtown street; parade; crowds; historic buildings; black and white photograph,A black and white photograph showing a parade or public gathering on a downtown Corning street with crowds of spectators lining the sidewalk in front of multi-story commercial buildings with distinctive architectural features including arched windows.
75-1487,,,outdoor gathering; large crowd; white clothing; trees; black and white photograph,"A black and white photograph showing a large outdoor gathering or procession with numerous people wearing white garments lined up in formation, observed by spectators in the foreground, with utility poles and leafy trees framing the scene."
75-1488,,,victorian building; clock tower; public gathering; black and white photograph; historic architecture,"A large Victorian-era institutional building with distinctive clock towers is surrounded by crowds of people gathered on the lawn in front, suggesting a public event or celebration in Corning, NY."
75-1489,,,vintage automobiles; parade float; residential street; 1930s-1940s; black and white photograph,"A street scene showing a decorative parade float or carnival wagon pulled by an early automobile, with vintage cars parked along a residential street lined with white houses and trees, likely from a community celebration or parade in Corning, NY."
75-1490,,,parade; street scene; utility poles; early 20th century; black and white photograph,"A black and white photograph showing a large crowd gathered for a parade or public procession on a street in Corning, NY, lined with utility poles, brick and white buildings, and hills visible in the background."
75-1491,,,parade; children; bicycles; military uniforms; mid-20th century; black and white photograph,"A street parade in Corning, NY featuring children riding bicycles and pushing scooters alongside uniformed military or civic personnel, with vintage automobiles visible at the edges of the scene."
75-1492,,,parade float; vintage automobile; decorative display; black and white photograph; mid-20th century,"A black and white photograph showing a parade float or decorated vehicle with ""EVANS"" visible on its side, featuring what appears to be animal figures or decorative elements, parked on a street with buildings and spectators visible in the background."
75-1493,,,parade float; vintage automobiles; 1930s-1940s; downtown corning; black and white photograph,"A parade float decorated with flowers travels down a Corning street lined with parked vintage automobiles from the 1930s-1940s era, with brick buildings visible in the background."
75-1495,,,public gathering; parade or procession; downtown corning; mid-20th century; black and white photograph,"A large crowd of people gathered in what appears to be a downtown Corning street or public square, with many individuals holding flags or banners during what looks like a civic parade or public celebration, photographed in black and white."
75-1496,,,parade float; painted post; 1936; vintage automobiles; black and white photograph,"A parade float labeled ""PAINTED POST 1736, — 1936"" travels down a street in Corning, NY, featuring decorative elements and swastika symbols, with 1930s-era automobiles visible alongside white buildings in the background."
75-1506,,,downtown street; 1930s automobiles; pedestrians; market street; black and white photograph,"A black and white photograph taken on December 21, 1939, showing Market Street in Corning, NY, with multiple 1930s-era automobiles parked and moving along the street while pedestrians in winter clothing walk alongside, with holiday decorations visible on the right side of the street."
75-1513,,,railroad yard; freight cars; industrial landscape; hudson river valley; black and white photograph,"A view of the Corning railroad yard along the Hudson River Railroad showing multiple tracks with freight cars, industrial buildings nestled against forested hillsides, and a bridge spanning the valley in the distance, dated September 2nd, 1947."
75-1514,,,railroad yards; freight cars; mountainous landscape; industrial infrastructure; black and white photograph,"An aerial view of an extensive railroad yard with multiple parallel tracks lined with freight cars, situated in a valley surrounded by forested hills, with handwritten text at the top referencing ""yards"" and a location stamp visible on the photograph."
75-1519,,,stone church; gothic architecture; bare trees; winter; black and white photograph,"A black and white photograph of a stone church with a tall steeple featuring Gothic-style pointed arch windows, surrounded by bare winter trees in what appears to be a Corning, NY neighborhood."
75-1521,,,formal group portrait; early 20th century; men in suits; women in white dresses; black and white photograph,"A formal black and white group portrait showing approximately 16 people arranged in three rows, with men wearing dark suits in the back rows and women wearing white dresses in the front row, many holding flowers and what appear to be rolled documents or diplomas, suggesting a graduation or ceremonial event from the early 1900s."
75-1522,,,st. patrick's parochial school; corning ny; diploma; 1903; architectural illustration; black and white,"A decorative diploma from St. Patrick's Parochial School in Corning, NY, founded in 1903, featuring an ornate illustration of the school building, Latin motto ""Studium Mores Et Doctrina Remunerantur,"" and official text certifying completion of studies at Patrick's Parochial School."
75-1525,,,parade; downtown street; bunting; early 20th century; black and white photograph,"A street parade or public gathering in downtown Corning, NY, with crowds of people lining a wide street flanked by brick and wooden buildings, decorated with draped bunting overhead, captured in black and white."
75-1535,,,flooded buildings; white wooden church; rural landscape; flood damage; black and white photograph,"A white wooden-sided church with a steeple stands partially submerged in floodwaters, with surrounding buildings and forested hills visible in the background in this black and white photograph documenting flood conditions in the Corning, NY area."
75-1547,,,neoclassical building; large crowd; early 20th century; black and white photograph; institutional architecture,"A large crowd of people gathers in front of a substantial neoclassical building with decorative balustrade and multiple tall windows, likely a civic or institutional structure in Corning, NY, photographed in black and white during the early 20th century."
75-1549,,,horse-drawn carriages; early 20th century; residential building; black and white photograph; corning ny,"A black and white photograph showing two horse-drawn carriages parked in front of a white wooden residential building with people visible near the doorway, likely from the early 1900s in Corning, New York."
75-1550,,,horse-drawn carriage; two men; formal attire; rural landscape; black and white photograph,"A black and white photograph showing two men in dark suits and hats seated in a horse-drawn carriage pulled by a single dark horse on a rural road, with forested hills visible in the background."
75-1551,,,horse-drawn carriage; Victorian house; early 20th century; black and white photograph; residential architecture,"A black and white photograph showing a horse-drawn cart with passengers in front of a Victorian-era house with white columns, balustrades, and a covered porch in what appears to be early 1900s Corning, New York."
75-1552,,,horse-drawn cart; winter snow; rural landscape; black and white photograph; early 20th century,"Two black and white photographs showing horse-drawn transportation in snowy rural settings, with the upper image depicting a person in a cart pulled by a horse, and the lower image showing a person with a horse and sleigh in a winter landscape with evergreen trees in the background."
75-1553,,,horse-drawn sleigh; winter scene; group portrait; black and white photograph; early 20th century,"A black and white photograph showing a group of people bundled in winter clothing seated in a horse-drawn sleigh pulled by two dark horses, with a man standing beside the sleigh in a snowy landscape."
75-1554,,,industrial site; lumber mill; log processing; early 20th century; black and white photograph,"A black and white photograph showing a lumber mill operation with stacked logs in the foreground, workers on the grounds, industrial buildings with a tall smokestack in the background, and mountains visible in the distance, documenting what appears to be a Corning-area timber processing facility from the early 1900s."
75-1555,,,market street; corning new york; downtown street; historic buildings; black and white photograph,"A historical black and white photograph of Market Street in Corning, New York, showing a wide downtown street lined with multi-story brick and stone commercial buildings, pedestrians, and a horse-drawn vehicle, with awnings visible on the left storefronts."
75-1556,,,rural road; bare trees; wooden bridge; early 20th century; black and white photograph,"A black and white photograph showing a dirt road lined with bare trees leading to a wooden bridge structure spanning what appears to be a river or stream, with a house visible on the left side of the road in a rural landscape."
75-1558,,,amusement park; trolley car; early 20th century; black and white photograph; vintage attraction,"A black and white photograph showing an early amusement park or fairground scene with a trolley car, classical building structure on the left, and various attractions and landscaping visible in the background with hills beyond."
75-1560,,,sawmill; lumber yard; industrial building; log processing; black and white photograph,"A sawmill operation in a forested area with stacked logs in the foreground, a wooden mill building with a tall chimney in the center, workers visible in the yard, and evergreen trees lining the background in this historical black and white photograph."
75-1562,,,brick mansion; victorian architecture; early 20th century; corning new york; black and white photograph,"A Victorian-era brick mansion with distinctive architectural features including a prominent chimney, gabled roof, and multiple stories stands alongside a stone building in Corning, New York, with period automobiles visible in the foreground."
75-1563,,,brick church; gothic architecture; cross steeple; residential building; black and white photograph,"A black and white photograph showing a brick church with Gothic architectural features, a prominent cross-topped steeple, and arched windows, adjacent to a residential building with a front porch and white fence in what appears to be early-to-mid 20th century Corning, NY."
75-1564,,,school building; brick architecture; corning new york; early 20th century; black and white photograph,"School No. 3 in Corning, N.Y., a two-story brick educational building with multiple windows, a front entrance with columns, and a chimney, photographed in black and white during the early 20th century."
75-1569,,,steam locomotive; engine number 1; downtown corning; parade or public event; black and white photograph,"A front-facing view of steam locomotive number 1 on display in downtown Corning, NY, with spectators gathered alongside brick buildings in what appears to be a public celebration or parade event."
75-1570,,,lumber mill; river; workers; logs; early 20th century,"A black and white photograph showing workers processing logs along a river bank with stacked timber in the foreground and trees lining both sides of the waterway, likely documenting lumber operations in Corning, NY."
75-1571,,,y.m.c.a. building; corning new york; brick architecture; early 20th century; black and white photograph,"A black and white photograph of the Y.M.C.A. Building in Corning, N.Y., showing a three-story Romanesque Revival brick structure with arched windows and ornamental detailing on a street corner with pedestrians visible at street level."
75-1572,,,quarry; excavation; steep cliff face; black and white photograph; industrial site,"A black and white photograph showing a steep quarry wall or excavation site with dramatic vertical striations and exposed geological layers, with a small structure visible at the base and cloudy sky in the background."
75-1573,,,nineteenth century illustration; horse-drawn carriage; rural settlement; wooden buildings; landscape with water,"A nineteenth-century engraved or drawn illustration depicting a rural settlement scene with wooden buildings, horse-drawn carriages on a wooden plank road, figures in period dress, trees, and a body of water, with hills visible in the background."
75-1574,,,brick street; bare trees; utility pole; brick building; black and white photograph,"A black and white photograph showing a brick-paved street in Corning, NY with a multi-story brick building on the left, bare deciduous trees, utility poles, and residential structures visible in the distance."
75-1575,,,tree-lined street; wooden buildings; unpaved road; early 20th century; black and white photograph,"A tree-lined residential street in Corning, NY showing wooden houses and buildings along an unpaved dirt road, likely from the early 1900s, with mature trees creating a canopy overhead."
75-1576,,,snow removal; vintage truck; winter landscape; rural road; black and white photograph,"A vintage snow plow truck equipped with a blade attachment clears snow from a rural road in a mountainous, forested landscape during winter."
75-1577,,,m.b. super-market; storefront; downtown corning; black and white photograph; mid-20th century,"A black and white photograph showing the exterior of M.B. Super-Market, a downtown Corning storefront with large display windows, pedestrians on the street, and a parked automobile visible on the right side of the image."
75-1578,,,elephant parade; circus; downtown street; early 20th century; black and white photograph,"A circus parade featuring elephants walking down a cobblestone street in downtown Corning, NY, with crowds of spectators lining both sides of the street and storefronts visible in the background."
75-1580,,,white clapboard house; two chimneys; early 20th century; residential architecture; black and white photograph,"A white wooden clapboard house with two brick chimneys, multiple windows, and a front porch, with several people seated in the yard in front of the building."
75-1581,,,historic house; wood siding; chimney; front porch; black and white photograph,"A black and white photograph of a historic wooden house with white siding, featuring a prominent chimney, front porch with railings, and an attached outbuilding on the left side, surrounded by evergreen trees."
75-1588,,,portrait photograph; man; eyeglasses; formal attire; black and white photograph,"A black and white portrait photograph of a man wearing round eyeglasses, a dark suit jacket, and white collared shirt, photographed in profile against a dark background."
75-1589,,,two-story house; white picket fence; wooden siding; bare trees; black and white photograph,"A two-story wooden residential house with white picket fencing and columned front porch, photographed in winter or early spring with bare trees visible, showing two figures standing near the fence in this historical black and white image from Corning, NY."
75-1605,,,steam locomotive; railroad; paul; r.b.c.c.; black and white photograph,"A black and white photograph of a steam locomotive named ""PAUL"" belonging to the R.B.C.C. (likely a railroad company), shown in profile on railroad tracks with a operator visible in the cab and various mechanical details visible including smokestacks and coupling mechanisms."
75-1606,,,downtown street; historic architecture; storefronts; black and white photograph; early 20th century,"A black and white photograph of a downtown street in Corning, NY showing ornate Victorian-era commercial buildings with storefronts, awnings, and a horse-drawn vehicle on an unpaved street, likely from the early 1900s."
75-1607,,,pharmacy interior; vintage shelving; early 20th century; man at desk; black and white photograph,"A black and white photograph showing the interior of an early 20th-century pharmacy or apothecary shop in Corning, NY, with a man seated at a desk surrounded by extensive shelving displaying numerous bottles and medicinal products, with a framed portrait on the wall and period furnishings throughout."
75-1608,,,scenic landscape; rocky cliff; lake or river; people; black and white photograph,A black and white photograph showing a group of people standing on a sandy beach beneath a dramatic rocky cliff face overlooking a body of water with mountains visible in the distant background.
75-1609,,,parade; decorated storefronts; patriotic bunting; crowded street; black and white photograph,"A festive parade scene on a Corning street shows brick buildings decorated with patriotic bunting and flags, with crowds of spectators lining the street below storefronts displaying striped awnings and signage including ""LOOM"" and what appears to be ""BECKER."""
75-1610,,,rocky cliff; person standing; waterfront; river landscape; black and white photograph,"A black and white photograph showing a solitary figure standing on a rocky, sloped embankment beside a body of water with forested shoreline visible across the water."
75-1611,,,rural dirt road; large trees; natural landscape; black and white photograph; early 20th century,"A black and white photograph showing a dirt road lined with large trees and vegetation, with a body of water visible on the left side and dense foliage surrounding the path in what appears to be a rural area near Corning, NY."
75-1612,,,corning ny; valley landscape; residential buildings; industrial smokestacks; black and white photograph,"A black and white photograph showing a panoramic view of Corning, New York nestled in a valley surrounded by hills, with residential houses scattered throughout and industrial smokestacks visible in the distance."
75-1613,,,industrial plant; railroad tracks; corning ny; early 20th century; black and white photograph,"A black and white photograph showing an industrial manufacturing plant in Corning, NY with multiple brick buildings, railroad tracks in the foreground, smokestacks, and piles of raw materials, labeled as ""Steuben Glass Plant, Corning, N.Y."" at the bottom of the image."
75-1616,,,brick building; water tower; historic architecture; black and white photograph; early 20th century,"A black and white photograph showing a substantial brick institutional or industrial building with a distinctive water tower, surrounded by landscaping and vegetation, likely from the early 1900s."
75-1618,,,industrial facility; smokestacks; riverfront; flooded; black and white photograph,"A black and white photograph showing an industrial plant with multiple tall smokestacks situated along a flooded riverbank, likely documenting flood conditions in Corning, NY."
75-1619,,,flood; painted post; july 8th; residential buildings; black and white photograph,"A black and white photograph documenting the July 8th flood at Painted Post, New York, showing residential buildings partially submerged in floodwater with utility poles and railroad tracks visible in the foreground."
75-1620,,,flood damage; rural landscape; wooden fence; snow; 1935,"A black and white photograph showing flood damage along a rural road with snow coverage, bare trees, a wooden fence, and a utility pole, captioned ""Corning and Painted Post Road—Flood July 8, 1935."""
75-1621,,,court house park; corning new york; public park; fountain; early 20th century; black and white photograph,"This black and white photograph shows Court House Park in Corning, New York, featuring a central ornamental fountain with a planted centerpiece surrounded by curved stone benches, with visitors seated in the park and trees visible in the background."
75-1622,,,early aviation; biplane; agricultural field; black and white photograph; early 1900s,A early biplane aircraft flies low over a cultivated field with trees and farm buildings visible in the background in this black and white historical photograph.
75-1623,,,industrial factory; glass works; kilns; railroad tracks; black and white photograph,"A black and white photograph showing an industrial glass manufacturing facility with multiple cone-shaped kilns, smokestacks emitting smoke, railroad tracks in the foreground, and adjacent residential buildings, representing the glass industry operations in Corning, New York."
75-1624,,,ingersoll-rand plant; painted post; new york; industrial complex; black and white photograph,"A painted postcard showing an aerial view of the Ingersoll-Rand Plant in Painted Post, New York, featuring industrial buildings with a water tower, administrative structures, and surrounding landscape with hills in the background."
75-1625,,,overhead bridge; seventh ward; corning ny; industrial landscape; black and white photograph,"A black and white historical photograph showing the Overhead Bridge and Seventh Ward in Corning, NY, with industrial buildings, a factory smokestack, residential structures, and hills in the background."
75-1626,,,elevated highway; curved overpass; mid-century infrastructure; rural landscape; black and white photograph,"A black and white photograph showing a modern elevated highway with a dramatic curved overpass spanning across a rural valley landscape with forested hills, utility poles, and scattered buildings visible in the distance."
75-1627,,,historic mansion; tudor revival architecture; corning ny; formal gardens; black and white photograph,"A black and white photograph showing Ambassador Houghton's residence and gardens in Corning, New York, featuring a large Tudor Revival mansion with distinctive half-timbering, multiple chimneys, manicured grounds, and a formal garden layout with stone walls and landscaping."
75-1629,,,scottish rite cathedral; corning ny; brick building; twin cupolas; black and white photograph,"This black and white photograph shows the Frank B. Hower Scottish Rite Cathedral in Corning, New York, a distinctive brick building featuring twin cupolas and classical architectural details with manicured landscaping in the foreground."
75-1630,,,corning glass center; architectural rendering; modernist building; corning new york; black and white photograph,"An aerial architectural rendering of the Corning Glass Center in Corning, New York, showing modernist buildings with flat roofs, extensive glazing, surrounding landscaping with trees, and adjacent roadways."
75-1631,,,historic building; downtown corning; stone architecture; early 20th century; black and white photograph,"A black and white photograph of a prominent multi-story stone building in downtown Corning, NY, featuring Romanesque Revival architecture with arched windows on the ground floor and regular rectangular windows on upper floors, with street-level storefronts and awnings visible at ground level."
75-1632,,,railroad station; lindley ny; early 20th century; wooden building; rural landscape,"A black and white photograph of the N.Y.C. Station at Lindley, N.Y., showing a distinctive octagonal wooden railroad station building with a utility pole and railroad tracks in a rural setting with fields and trees visible in the background."
75-1634,,,victorian architecture; institutional building; late 19th century; black and white photograph; corning ny,"A black and white photograph showing a large Victorian-era institutional building with distinctive architecture featuring multiple towers, spires, and ornate stonework, surrounded by a fence and bare trees, typical of late 19th-century American civic or educational architecture."
75-1637,,,steel bridge; river; industrial architecture; mountains; black and white photograph,"A black and white photograph showing a large steel truss bridge spanning a wide river with mountains and a town featuring a church steeple visible in the background, likely depicting the Chemung River and Corning, NY area."
75-1639,,,flood; riverside community; power lines; residential buildings; black and white photograph,"A black and white photograph showing a flooded waterfront area with residential buildings and a group of people gathered along a road, with mountains visible in the background and an electrical transmission tower standing near the water's edge."
75-1640,,,flooded valley; river overflow; forested hills; black and white photograph; landscape,"A black and white photograph showing an extensive flood across a river valley with forested hills in the background, taken from an elevated vantage point overlooking the inundated landscape."
75-1641,,,river; industrial structures; steel bridges; waterfront; black and white photograph,A black and white photograph showing multiple steel truss bridges spanning across a wide river with industrial buildings and smokestacks visible in the background along the far shore.
75-1642,,,industrial waterfront; steam locomotive; iron bridge; river; black and white photograph,"A black and white photograph showing an industrial riverside facility with a steam locomotive, factory buildings with smokestacks, and a steel truss bridge spanning across a river, with forested hills visible in the background."
75-1643,,,flooded river; metal bridge; debris; black and white photograph; flood damage,"A black and white photograph showing a swollen river with debris and uprooted vegetation caught in the floodwaters, with a metal truss bridge spanning across and industrial buildings visible in the background, documenting flood conditions in what appears to be the Corning, NY area."
75-1644,,,industrial factory; river; smokestacks; steel bridge; early 20th century,"A black and white photograph showing an industrial manufacturing facility with multiple tall smokestacks situated along a river, with a steel truss bridge visible on the left and hills in the background, likely depicting a glass or steel works in Corning, NY."
75-1645,,,steel bridge; river; industrial architecture; early 20th century; black and white photograph,"A black and white photograph showing a steel truss bridge spanning a river with forested hills in the background, featuring distinctive latticed steel framework and pedestrians visible on the bridge deck, likely documenting an early 20th-century infrastructure project in the Corning, NY area."
75-1646,,,industrial waterfront; factory smokestacks; river; black and white photograph; early 20th century,"A black and white photograph showing an industrial factory complex along a river with multiple tall smokestacks, brick buildings, and manufacturing structures typical of early 20th-century industrial Corning, NY."
75-1647,,,flooded industrial facility; factory with smokestack; flood damage; black and white photograph; early 20th century,"A black and white photograph showing a flooded industrial factory complex with a prominent tall smokestack, wooden structures, and various buildings partially submerged in water, likely documenting flood damage in Corning, NY."
75-1648,,,large gathering; bare trees; winter; archway; black and white photograph,"A large crowd of people gathered on a snowy street lined with bare trees, with a prominent archway or gate structure visible in the center distance, suggesting a public ceremony or community event in winter."
75-1649,,,industrial workshop; workers; barrel; manual labor; black and white photograph,"A black and white photograph showing several workers in an industrial workshop or factory setting handling large barrels and wooden crates, with overhead lighting and storage shelving visible in the background."
75-1650,,,industrial factory; brick smokestacks; river valley; black and white photograph; early 20th century,"A black and white photograph showing an industrial factory complex with five prominent brick smokestacks along a waterway, surrounded by forested hills and a small town in the distance, likely documenting Corning's glass manufacturing heritage."
75-1651,,,brick building; patriotic bunting; early 20th century; downtown corning; black and white photograph,"A brick commercial building in downtown Corning, NY is decorated with patriotic bunting and draped flags, featuring a storefront with large windows and visible signage on the facade."
75-1652,,,winter landscape; snow; bare trees; stone bridge; black and white photograph,"A winter scene showing a snow-covered landscape with bare deciduous and evergreen trees flanking a curved stone bridge or walkway, photographed in black and white."
75-1653,,,corning ny; panoramic view; industrial skyline; residential neighborhood; black and white photograph,"A black and white panoramic photograph showing a hillside view of Corning, New York with residential houses in the foreground and the industrial downtown skyline featuring prominent factory smokestacks in the distance, surrounded by rolling hills and scattered buildings throughout the valley."
75-1654,,,corning ny; industrial town; river valley; early 20th century; black and white photograph,"A black and white photograph showing an elevated view of Corning, New York with industrial factory buildings featuring prominent smokestacks along the Chemung River, surrounded by residential neighborhoods and forested hills in the background."
75-1655,,,river landscape; trees; black and white photograph; pastoral scene; hillside,"A black and white photograph showing a calm river lined with dense trees and vegetation, with rolling hills visible in the background and grassy banks in the foreground."
75-1657,,,winter landscape; snow; bare trees; black and white photograph; park or grounds,"A winter scene showing a snow-covered landscape with bare deciduous trees and what appears to be a wooden railing or fence in the middle distance, photographed in black and white."
75-1660,,,waterfront building; tall trees; black and white photograph; historic house; early 20th century,"A two-story white house with wraparound porches sits on a waterfront property lined with tall mature trees, featuring a flagpole and dock or pier structure in the foreground, photographed in black and white."
75-1661,,,construction site; large crowd; wooden scaffolding; early 20th century; black and white photograph,"A black and white photograph showing a large gathering of people at a construction site with wooden scaffolding and framework, featuring a substantial brick building in the background and what appears to be a ceremonial or public event from the early 1900s."
75-1662,,,birdseye view; hammondport; lake kenka; vineyard; historic town landscape,"A birdseye view of Hammondport, N.Y. on Lake Kenka showing a waterfront town nestled against hillsides with vineyards in the foreground, church steeples visible in the town center, and mountains rising in the background."
75-1663,,,downtown street; patriotic bunting; horse-drawn carriages; early 1900s; brick buildings,"A black and white photograph of a downtown street decorated with American flags and patriotic bunting strung across multi-story brick buildings, with horse-drawn carriages and pedestrians visible on a street with trolley tracks, likely depicting a civic celebration or holiday in early 20th-century Corning, New York."
75-1665,,,aircraft accident; industrial building; mid-century; crowd gathering; black and white photograph,"A black and white photograph showing a crashed or damaged aircraft tilted against an industrial brick building marked with the number 39, surrounded by onlookers and emergency responders in what appears to be a mid-20th century urban industrial setting."
75-1666,,,industrial interior; factory machinery; workers; black and white photograph; mid-20th century,"A black and white photograph showing the interior of an industrial facility with two workers operating or maintaining large machinery, wooden support beams, metal equipment, and what appear to be large cylindrical containers or vessels in the foreground."
75-1667,,,historic mansion; italianate architecture; white stone building; columned portico; black and white photograph,"A grand Italianate-style mansion with white stone construction, ornamental chimneys, arched basement windows, and a columned front porch, surrounded by a picket fence in what appears to be a late 19th or early 20th century photograph from Corning, NY."
75-1668,,,victorian mansion; white clapboard siding; bare tree; front porch; black and white photograph,"A large Victorian-era white wooden house with a wraparound porch, decorative balustrades, and a cupola, photographed in winter or early spring with a bare tree in the foreground and utility structures visible to the left."
75-1670,,,white church building; bare trees; early 20th century; black and white photograph; architectural landmark,"A white-painted church with a steeple is framed by bare deciduous trees along a street in what appears to be early 20th century Corning, NY, with smaller buildings visible on either side of the structure."
75-1671,,,victorian mansion; snow; winter scene; architectural detail; black and white photograph,"A snow-covered Victorian-era residential building with distinctive turret and spire features a decorated evergreen tree visible in the background, with bare trees and neighboring houses visible in this winter scene from Corning, NY."
75-1672,,,stone church; twin towers; bare trees; early 20th century; black and white photograph,"A stone church building with distinctive twin towers and a central cupola is photographed in winter or early spring with bare trees in the foreground, showing classical architectural details including arched windows and a prominent entrance with steps."
75-1673,,,clock tower; stone architecture; downtown corning; early 20th century; black and white photograph,"A historic black and white photograph showing a prominent stone clock tower with a conical roof in downtown Corning, NY, surrounded by period buildings and industrial structures with smokestacks visible in the background."
75-1674,,,downtown corning; brick buildings; vintage storefronts; early automobile; black and white photograph,"A black and white photograph of a downtown Corning street corner showing multi-story brick commercial buildings with ornate architectural details, visible storefront signage including ""White Leather"" and what appears to be a theater marquee, and a vintage automobile parked on the street."
75-1675,,,industrial factory; twin smokestacks; early 20th century; black and white photograph; rural landscape,"A black and white photograph showing an industrial factory complex with two prominent tall smokestacks, a multi-story white building, smaller outbuildings, and surrounding forested hills, likely depicting a manufacturing facility in the Corning, NY area from the early 1900s."
75-1676,,,river landscape; wooded banks; calm water; black and white photograph; vintage,"A black and white photograph titled ""The Island"" showing a serene river or waterway lined with dense trees and vegetation on both banks, with still water reflecting the surrounding landscape."
75-1677,,,industrial building; ingersoll rand plant; early 20th century; black and white photograph; corning ny,"A black and white photograph labeled ""Section of Ingersoll—Rand Plant"" showing a large industrial factory building with multiple structures, chimneys, and surrounding vegetation along a dirt road in Corning, New York."
75-1678,,,baseball game; sandy field; early 20th century; recreational sports; black and white photograph,"A black and white photograph showing people playing baseball on a sandy field with mountains visible in the background and buildings lining the distant horizon, appearing to be from the early 1900s."
75-1679,,,baseball game; early 20th century; black and white photograph; outdoor sports; vintage stereoview card,A vintage stereoscopic photograph showing a baseball game in progress on an open field with players positioned across the diamond and spectators visible in the background along what appears to be a river or water body lined with trees.
75-1680,,,steamboat; holmes; paddle wheeler; river; black and white photograph,"A steamboat named ""Holmes"" with a distinctive paddle wheel and tall smokestack is docked in water with several people swimming or wading in the foreground."
75-1681,,,old state arsenal; corning ny; historic building; stone tower; black and white photograph,"This black and white photograph shows the Old State Arsenal in Corning, New York, featuring a distinctive stone building with crenellated towers, ivy-covered walls, and surrounding trees on an open grounds area."
75-1682,,,brick buildings; downtown corning; historic architecture; early 20th century; black and white photograph,"A row of connected brick commercial buildings in downtown Corning, NY featuring ornate architectural details including decorative cornices, arched windows, and multi-story facades typical of late 19th or early 20th century construction."
75-1683,,,corning ny; downtown street; historic building; early 1900s; black and white photograph,"A greeting card photograph showing a prominent corner building in downtown Corning, New York, with ornate Romanesque architecture, ground-floor storefronts, and pedestrians on the street, captioned ""Greeting from Corning, N.Y."""
75-1685,,,clock tower; corning new york; downtown street; historic architecture; black and white photograph,"A historic photograph labeled ""Clock Tower, Corning, N.Y."" showing a downtown street scene with Victorian-era buildings, a prominent clock tower on the right, a horse-drawn cart on the left, and handwritten notes on the lower portion of the image."
75-1686,,,embroidery design; floral patterns; textile documentation; vintage needlework; archival photograph,"This archival documentation photograph shows three embroidery design samples featuring floral and decorative motifs, with captions identifying ""6 in vases, Holly hocks"" for the back read before trimming, a hinged pattern showing circular designs on the back of paper, and a ""Somerset"" design with handwritten notation that the handwriting is not Mr. Rouse's."
75-1687,,,decorative designs; geometric patterns; floral motifs; architectural ornaments; black and white photograph,"A collection of four architectural or decorative design sketches featuring ornamental patterns including a scrolled leaf garland, a radiating checkerboard pattern with a central square, a circular design with botanical elements, and a vertical border with flowering plants."
75-1688,,,industrial landscape; steel bridge; river; steam smoke; black and white photograph,"A black and white photograph showing an industrial scene along a river with a steel truss bridge spanning the water, factory buildings with smoking chimneys on both banks, and their reflections visible in the calm water below."
75-1689,,,baseball team; vintage uniforms; group portrait; early 1900s; black and white photograph,"A formal team photograph of a baseball team wearing uniforms with ""CORNIA"" visible on their jerseys, posed in two rows with period-appropriate caps and clothing from the early 1900s."
75-1690,,,kennedy house; corning ny; brick building; early 1900s; black and white photograph,"The Kennedy House in Corning, New York, a three-story brick building with ornate architectural details, ground-floor commercial space, and a second-floor balcony with several people visible, photographed in the early 1900s with railroad tracks visible in the foreground."
75-1691,,,parade; downtown street; patriotic bunting; large crowd; black and white photograph,"A large patriotic parade or public gathering fills a downtown street lined with brick buildings decorated with American flags and bunting, with crowds of spectators lining both sides of the street in this black and white historical photograph."
75-1692,,,railroad; steam locomotive; industrial; black and white photograph; early 20th century,"A steam locomotive releases a massive plume of smoke and steam while stopped on railroad tracks, with several workers visible nearby and industrial buildings in the background in this early 20th-century photograph."
75-1693,,,industrial fire; brick building; smoke; wooden structures; black and white photograph,"A black and white photograph documenting a major industrial fire with heavy smoke billowing from wooden structures and brick buildings, showing the intensity of the blaze with flames visible through the smoke."
75-1694,,,steam locomotive; railroad; industrial scene; early 20th century; black and white photograph,"A steam locomotive billows heavy smoke while workers and onlookers gather near railroad tracks in what appears to be an industrial or rail yard setting, with utility poles and wooden structures visible in the background."
75-1695,,,railroad yard; fire; steam; industrial; black and white photograph,"A black and white photograph showing a major fire at a railroad yard with large plumes of smoke and steam rising from burning structures, railroad tracks in the foreground, boxcars on either side, and several figures standing near the tracks observing the disaster."
75-1696,,,industrial building; wooden bridge; evergreen trees; black and white photograph; vintage,"A black and white photograph showing an industrial brick building with a wooden trestle bridge in the foreground, surrounded by evergreen trees, likely documenting Corning's industrial heritage."
75-1697,,,steam locomotive; railroad tracks; industrial; early 20th century; black and white photograph,"A steam locomotive billows heavy smoke while traveling on railroad tracks, with wooden railroad ties visible in the foreground and utility poles along the line, documenting early railroad operations likely from the early 1900s."
75-1698,,,steam locomotive; railroad tracks; industrial scene; early 20th century; black and white photograph,"A steam locomotive with crew members and onlookers stands on railroad tracks with massive plumes of steam billowing across the scene, showing an industrial railroad operation from the early 1900s era."
75-1699,,,fire fighting; water spray; wooden structure; firefighters; black and white photograph,A black and white photograph showing firefighters operating a water hose to spray water on a wooden building or structure during what appears to be a fire suppression operation.
75-1701,,,butcher shop; meat display; mid-century; black and white photograph; retail interior,"A black and white photograph of a butcher shop interior showing staff behind a large refrigerated meat display case with various cuts of meat, advertising signage including ""Star Beef"" visible in the background, and shelving with products lining the walls."
75-1702,,,country club; corning new york; neoclassical architecture; white columns; vintage photograph,"This photograph shows the Country Club in Corning, New York, a neoclassical building with prominent white columns, a triangular pediment, and manicured grounds with trees and landscaping."
75-1703,,,railroad fire; firefighting; train cars; black and white photograph; industrial disaster,"Firefighters spray water from a large hose onto a massive fire engulfing railroad boxcars and structures at what appears to be a rail yard, with several workers visible on the tracks and a utility pole standing amid the heavy smoke and flames."
75-1704,,,steam locomotive; railroad tracks; industrial steam; early 20th century; black and white photograph,"A steam locomotive billows heavy smoke and steam while traveling on railroad tracks, with workers visible on a wooden platform alongside the tracks in this early industrial-era photograph."
75-1705,,,stone church; steeple; tree-lined street; vintage automobile; black and white photograph,"A historic stone church with a tall pointed steeple and Gothic architectural details stands on a tree-lined street in what appears to be early-to-mid 20th century Corning, NY, with a vintage automobile visible on the road."
75-1706,,,north side baptist church; corning new york; brick church building; steeple; early 20th century photograph,"This sepia-toned photograph shows the North Side Baptist Church in Corning, N.Y., a brick Gothic Revival structure featuring a prominent steeple with pointed spire, arched windows, and a front entrance with steps, surrounded by trees and rural landscape."
75-1707,,,brick building; religious architecture; victorian era; covered portico; black and white photograph,"This black and white photograph shows St. Mary's New Convent in Corning, NY, a Victorian-era brick building with distinctive half-timbered gable details, multiple stories, arched windows, and a covered portico entrance with classical columns."
75-1708,,,steamboat; river; person viewing; vintage photograph; color film,"A person stands at a railing overlooking a river, viewing a white steamboat with a smokestack in the distance, captured in early color film photography."
75-1709,,,vintage aircraft; airfield; 1930s-1940s; seaplane; mountainous landscape; black and white photograph,"A black and white photograph showing several vintage seaplanes parked on an airfield with forested mountains in the background, with several people standing near the aircraft on the ground."
75-1710,,,aircraft; vintage airplane; forest landscape; black and white photograph; aircraft graveyard,A black and white photograph showing several damaged or decommissioned aircraft lined up on the ground with a bicycle in the foreground and forested hills in the background.
75-1711,,,aircraft; vintage airplane; hangar; black and white photograph; mid-century aviation,"A black and white photograph showing a vintage single-engine aircraft with distinctive lightning bolt markings on its fuselage, parked inside a hangar with a concrete floor and dark ceiling."
75-1712,,,aircraft wreckage; small planes; mountainous landscape; black and white photograph; aviation disaster,"A black and white photograph showing multiple damaged and wrecked small aircraft scattered on a dirt airfield with forested mountains in the background, including a visible aircraft registration number N4902 on one of the fuselages."
75-1713,,,vintage aircraft; biplane; gravel airfield; black and white photograph; 1920s-1930s aviation,"A black and white photograph showing a vintage biplane with visible registration markings on its fuselage, parked on a gravel airfield with its distinctive fabric-covered wings and strut-braced construction characteristic of early 20th-century aircraft design."
75-1714,,,portrait; man; residential building; mid-20th century; black and white photograph,"A black and white photograph of a smiling man standing in front of a house with horizontal siding, wearing a collared jacket and dark trousers, with his hands in his pockets."
75-1715,,,two men; porch; early 20th century; formal attire; black and white photograph,"A black and white photograph showing two men standing on a residential porch with white railings and support columns, with the man on the left wearing a suit and fedora hat and the man on the right in casual work clothes, likely from the early 1900s."
75-1717,,,parade; downtown street; patriotic bunting; large crowd; black and white photograph,"A large civic parade or celebration fills a downtown street in Corning, NY, with buildings decorated with patriotic bunting and flags, crowds of spectators lining both sides of the street, and mountains visible in the background."
75-1718,,,market street; corning ny; downtown street; early 20th century; black and white photograph,"A black and white photograph labeled ""Market Street, Looking West, Corning, N.Y."" shows a pedestrian with a bicycle on a downtown street lined with multi-story commercial buildings and storefronts, likely from the early 1900s."
75-1719,,,horse-drawn carriage; early 20th century; street scene; parasols; historic buildings,"A black and white photograph showing a horse-drawn carriage with passengers holding parasols traveling down a street in what appears to be early 1900s Corning, NY, with period buildings and pedestrians visible in the background."
75-1720,,,movie theater marquee; silent film advertisement; harrison j. wolfe; early cinema; black and white photograph,"A movie theater marquee displays promotional materials for films featuring Harrison J. Wolfe, including ""The Corsican Brothers"" and ""David Garrick,"" with price signage showing 20¢, 30¢, and 50¢ admission rates visible at the top of the display."
75-1721,,,elephant; girl scouts; west market street viaduct; vintage parade; black and white photograph,"A large elephant with Girl Scouts walking alongside it crosses the West Market Street viaduct in Corning, NY, as noted in the caption ""THE ONLY ELEPHANT WITH BRAKES was the one Saturday which Girl Scouts 'led' across the West Market Street viaduct."""
75-1722,,,balloon parade; st. patrick's cadets; marching unit; early 20th century; black and white photograph,"St. Patrick's Cadets marching in formation with an animal train float during Saturday's balloon parade in Corning, NY, as described in the visible caption below the photograph."
75-1723,,,carnival; street fair; decorated structure; early 20th century; black and white photograph,"A crowded street scene showing pedestrians and bicycles gathered around an ornately decorated carnival or fair structure with arched entrance, with brick buildings and a church steeple visible in the background, appearing to be from the early 1900s."
75-1725,,,horse-drawn carriage; historic architecture; church steeple; early 1900s; black and white photograph,"A horse-drawn carriage with two passengers travels on a dirt road past Victorian-era stone buildings and a prominent church with a tall steeple in what appears to be a late 19th or early 20th century Corning, New York street scene."
75-1726,,,corning painted post; parade float; children; mid-20th century; black and white photograph,"A black and white photograph showing a parade float or display labeled ""CORNING AND PAINTED POST"" with children seated on it, likely from a mid-20th century community event in Corning, New York."
75-1727,,,trolley station; wooden buildings; early 20th century; unpaved street; black and white photograph,"A black and white photograph showing a trolley car station with passengers boarding or waiting near a covered platform, with wooden residential buildings and mature trees visible in the background on an unpaved street, likely from the early 1900s in Corning, NY."
75-1728,,,outdoor gathering; residential building; late 19th century; large group; black and white photograph,"A large group of men, women, and children gather in the yard and on the porches of a wooden residential building with multiple levels, surrounded by trees and vegetation, in what appears to be a late 1800s social gathering or family event."
75-1729,,,bicycle; woman; indoor; louvered windows; black and white photograph,A black and white photograph showing a woman posing with a bicycle indoors against a wall with louvered windows or vents visible in the background.
75-1730,,,baseball game; rural landscape; early 20th century; hillside; black and white photograph,"A baseball game in progress on a rural field with hills and houses visible in the background, photographed through a circular lens or vignette effect in black and white."
75-1731,,,downtown street; brick buildings; early 20th century; utility poles; black and white photograph,"A historic downtown street in Corning, NY lined with multi-story brick commercial buildings, wooden utility poles, and bare trees, showing early 20th-century urban architecture and infrastructure."
75-1732,,,tree-lined street; steuben street; corning ny; early 1900s; black and white photograph,"A historical photograph labeled ""Steuben Street"" showing a tree-lined residential street in Corning, NY with mature trees flanking both sides of the unpaved road and houses visible in the distance, likely from the early 1900s."
75-1733,,,corning glass works; industrial complex; early 20th century; black and white photograph; factory buildings,"A historical photograph of the Corning Glass Works facility showing Victorian-era administrative buildings with distinctive architecture, a clock tower, industrial factory structures, and manufacturing equipment in the foreground, with mountains visible in the background."
75-1734,,,north hamilton street; corning ny; brick buildings; painted post indian; early 20th century; sepia photograph,"A sepia-toned historical photograph labeled ""North Hamilton Street, Showing Indian on Painted Post"" depicts a downtown Corning street scene with multi-story brick commercial buildings, wooden utility poles, bare trees, and a distinctive painted Native American figure on a post in the foreground."
75-1735,,,downtown street; historic buildings; early 20th century; wooden utility poles; black and white photograph,"A historic downtown street scene showing brick and wooden commercial buildings including a visible ""Cassett's"" storefront and ""Tyrrell's Drug Store,"" with wooden utility poles and a monument or marker visible on the right side of the unpaved street."
75-1736,,,industrial factory; brick buildings; smokestacks; early 20th century; black and white photograph,"A black and white photograph showing an industrial factory complex with multiple tall smokestacks, brick buildings, and outbuildings, with visible text on a structure reading ""Celebrated Henry Clay Co."" and references to ""Soft Coal Kiln,"" documenting what appears to be a coal or manufacturing operation in the early 1900s."
75-1737,,,industrial mill; wooden buildings; smokestacks; lumber logs; black and white photograph,"A historic industrial mill facility with wooden structures, tall smokestacks emitting smoke, and stacked lumber logs in the foreground, typical of early 20th-century manufacturing operations in the Corning, NY area."
75-1738,,,downtown street; brick buildings; early 1900s; storefronts; sepia photograph,"A wide downtown street in Corning, NY lined with multi-story brick commercial buildings featuring storefronts at street level, with pedestrians and horse-drawn vehicles visible in the distance, photographed in sepia tone during the early 20th century."
75-1739,,,retail store interior; product displays; mid-century; black and white photograph; chiffon soap,"Interior view of a mid-century retail store displaying Chiffon brand soap products and other merchandise on shelves and promotional displays, with store employees visible in the background near the counter area."
75-1740,,,clock tower; industrial buildings; early 20th century; corning ny; black and white photograph,"A black and white photograph showing a stone clock tower with a distinctive peaked roof in the center of an industrial complex in Corning, NY, flanked by factory buildings with twin smokestacks on the left and additional structures on the right, viewed through a doorway or frame."
75-1741,,,downtown corning; historic architecture; traffic lights; stone building; black and white photograph,"A black and white photograph showing a prominent multi-story stone building with classical architectural details on a downtown Corning street corner, with vintage traffic lights, a First Bank sign visible on an adjacent building, and period automobiles parked along the street."
75-1742,,,victorian architecture; stone building; multiple turrets; sepia photograph; historic landmark,"A grand Victorian-era stone building with multiple conical turrets and ornate architectural details, featuring arched windows and decorative stonework, photographed from a street corner in what appears to be late 19th or early 20th century Corning, New York."
75-1743,,,neoclassical building; american flag; columned facade; historic mansion; black and white photograph,"A stately neoclassical white building with prominent columns, a triangular pediment, and an American flag flying from its roof sits on a sloped lawn surrounded by landscaping and trees."
75-1744,,,city hall; corning new york; victorian architecture; brick building; historic landmark,"This photograph shows the City Hall of Corning, New York, a distinctive Victorian-era brick building featuring multiple conical towers, arched windows, and ornamental architectural details typical of late 19th-century civic architecture."
75-1745,,,school building; brick architecture; corning new york; early 20th century; black and white photograph,"This photograph shows School No. 3 in Corning, N.Y., a two-story brick educational building with classical architectural details, multiple windows, a columned entrance portico, and a raised foundation, surrounded by landscaped grounds with trees and a fence."
75-1746,,,hilo bay hawaii; sailing ships; tropical landscape; black and white photograph; archival document,"A black and white photograph labeled ""Hilo Bay Hawaii"" showing a calm bay with multiple sailing vessels anchored in the distance, a distinctive wind-swept tree on the right shoreline, and tropical vegetation, mounted on an archival page."
75-1748,,,high school; brick building; bare trees; early 20th century; black and white photograph,"A two-story brick high school building with decorative cornicing and multiple chimneys stands in a bare landscape with leafless trees, as identified by the ""HIGH SCHOOL"" caption printed below the image."
75-1749,,,ingersoll rand plant; industrial buildings; early 20th century; sepia photograph; corning ny,"A sepia-toned photograph labeled ""Section of Ingersoll—Rand Plant"" showing brick industrial buildings with multiple stories, wooden fencing, mature trees, and an unpaved road in what appears to be early 1900s Corning, New York."
75-1750,,,eggington's glass cutting shop; corning ny; brick industrial building; early 20th century; black and white photograph,"This photograph shows Eggington's Glass Cutting Shop in Corning, New York, a brick industrial building with multiple windows, an office entrance, and a chimney, representing the city's historic glass manufacturing industry."
75-1751,,,industrial landscape; factory complex; mountains; residential area; sepia photograph,"A sepia-toned photograph showing an industrial manufacturing complex with multiple large factory buildings, smokestacks, and residential structures in a valley surrounded by forested mountains, likely depicting Corning, NY's glass manufacturing industry in the early-to-mid 20th century."
75-1752,,,industrial complex; factory chimneys; brick buildings; coal kiln; black and white photograph,"A historical photograph of the Celebrated Henry Clay Coal Kiln facility in Corning, NY, showing multiple tall industrial chimneys, brick factory buildings, and associated structures typical of late 19th or early 20th century coal processing operations."
75-1753,,,corning glass works; industrial factory; river bridge; early 20th century; black and white photograph,"A historical photograph labeled ""Corning Glass Works, Corning, New York"" shows the industrial glass manufacturing facility situated along a river with an arched bridge in the foreground, surrounded by hills and multiple factory smokestacks emitting smoke."
75-1754,,,glassblowing; craftsman; industrial workshop; black and white photograph; mid-20th century,"A glassblower works at a furnace in an industrial workshop, bending over a work surface while handling molten glass with tools, surrounded by corrugated metal walls and various equipment typical of a glass manufacturing facility."
75-1755,,,victorian house; wooden siding; front porch; bare trees; black and white photograph,"A two-story Victorian-era wooden house with horizontal siding, a wraparound front porch with decorative railings, and bare trees in the yard, photographed in black and white during late fall or early spring in what appears to be a residential neighborhood in Corning, NY."
75-1757,,,neoclassical building; columned facade; historic architecture; trees; black and white photograph,"A black and white photograph showing a neoclassical white building with prominent columns and a pediment roof, framed by large trees on a grassy lawn, likely a historic civic or institutional structure in Corning, NY."
75-1758,,,stone arsenal; corning new york; historic building; castellated towers; black and white photograph,"A black and white photograph of the Stone Arsenal in Corning, New York, showing a fortified stone building with four castellated towers and arched windows, surrounded by vegetation."
75-1759,,,horse-drawn carriage; winter landscape; snow; bare trees; black and white photograph,A black and white photograph showing two people seated in a horse-drawn wagon traveling through a snowy winter landscape with bare trees and distant hills visible in the background.
75-1760,,,sailing ship; maritime; foggy harbor; black and white photograph; historical vessel,"A black and white photograph showing a multi-masted sailing ship viewed through a circular frame or porthole, with the vessel appearing in foggy or misty harbor conditions."
75-1761,,,sailing ship; pacific ocean; black and white photograph; maritime; vintage,"A black and white photograph showing a three-masted sailing vessel on the horizon of the Pacific Ocean, with handwritten text at the bottom reading ""Vessel on the Pacific Ocean."""
75-1762,,,sailing ship; coastal rocks; tropical vegetation; seascape; black and white photograph,"A black and white photograph showing the Ship Rhoderick Dhu anchored on rocks in a bay, with palm fronds visible in the upper left corner and handwritten caption below identifying the vessel and location."
75-1763,,,naval vessel; battleship; ocean; early 20th century; black and white photograph,"A historical photograph showing a U.S. battleship at sea with handwritten caption identifying it as ""U.S. Battleship Iowa"" in ""Narragansett Bay,"" mounted on a decorative scalloped-edge backing typical of early 1900s photograph presentation."
75-1764,,,downtown corning; early 20th century; commercial buildings; street scene; black and white photograph,"A black and white photograph showing a downtown Corning street scene with a prominent multi-story white commercial building, period automobiles, pedestrians, and surrounding architecture typical of early 20th century urban development."
75-1765,,,state street viaduct; steel bridge; corning ny; black and white photograph; industrial architecture,"A black and white photograph labeled ""State Street Viaduct"" showing a steel truss bridge spanning over industrial buildings and structures in Corning, New York."
75-1766,,,parade float; whoopee; riverside builders supply; corning ny; 1920s black and white photograph,"A parade float from Corning, NY dated July 4, 1922 displays ""Whoopee"" signage and advertising for Riverside Builders Supply Co., Inc., pulled by a vintage automobile down a residential street lined with houses and trees."
75-1767,,,victorian house; elevated foundation; delevan avenue; forested hillside; black and white photograph,"A black and white photograph of Colonel Berry's residence at 210 Delevan Avenue, showing a large Victorian-style house with multiple gables and dormers built on an elevated foundation, set against a densely forested hillside."
75-1768,,,downtown street; pedestrians; historic buildings; black and white photograph; early 20th century,"A busy downtown street scene in Corning, NY showing pedestrians walking along a wide street lined with multi-story commercial and residential buildings on both sides, photographed in black and white during the early 1900s."
75-1769,,,downtown street; patriotic bunting; military personnel; civic celebration; black and white photograph,"A large crowd of military personnel and civilians gather on a decorated downtown street lined with patriotic bunting and flags, suggesting a civic celebration or military parade in Corning, NY."
75-1771,,,aerial view; large crowd; baseball game; stadium; black and white photograph,"An aerial photograph showing a large crowd of spectators gathered along the sidelines of what appears to be a baseball field or sporting event, with players visible on the field below."
75-1772,,,man; airplane; vintage aircraft; black and white photograph; mid-20th century,"A man in a suit and cap stands on an airfield next to a vintage aircraft, examining or gesturing toward the plane's fuselage with a body of water visible in the background."
75-1773,,,formal ceremony; large gathering; military or civic event; black and white photograph; outdoor assembly,"A black and white photograph showing a large formal gathering or ceremony with hundreds of people assembled around a central platform, with uniformed participants, flags, and what appears to be an official or military event taking place in an outdoor venue."
75-1774,,,downtown street; patriotic bunting; american express company; horse-drawn carriage; early 20th century,"A downtown street scene decorated with elaborate patriotic bunting and flags, featuring storefronts including the American Express Company, with pedestrians and a horse-drawn carriage visible on the street, likely from an early 1900s civic celebration or parade in Corning, New York."
75-1775,,,early automobile; brick buildings; downtown street; black and white photograph; early 1900s,"A black and white photograph showing an early automobile with ""American"" visible on its side parked on a dirt street in front of multi-story brick commercial buildings in what appears to be early 20th-century Corning, NY, with several pedestrians visible in the background."
75-1776,,,liquor and glass factory; industrial landscape; corning ny; black and white photograph; factory buildings,"A black and white photograph showing a view of the Liquor and Glass Factory in Corning, NY, with multiple industrial buildings, smokestacks, a tall chimney, and surrounding hillsides visible in the background."
75-1777,,,steam locomotive; railroad station; crowd gathering; early 20th century; black and white photograph,"A black and white photograph showing a large crowd of people gathered around steam locomotives at what appears to be a railroad station or rail yard, likely in Corning, NY, with multiple train cars visible and utility poles in the background."
75-1779,,,railroad tracks; uniformed officer; industrial facility; black and white photograph; mid-20th century,"A black and white photograph showing a uniformed railroad or military officer standing on railroad tracks at what appears to be an industrial or rail yard facility, with utility poles, fencing, and hills visible in the background."
75-1780,,,steam locomotive; railroad; early 20th century; black and white photograph; train station,"A black and white photograph showing a steam locomotive numbered 295 with passenger cars at a railroad station, with several men in period clothing standing beside the tracks."
75-1781,,,industrial factory; brick buildings; tall chimney; black and white photograph; early 20th century,"A black and white photograph showing an industrial factory complex with multiple brick buildings, a prominent tall conical chimney, and partial signage visible on the right building, typical of early 20th-century manufacturing facilities in Corning, NY."
75-1782,,,fire trucks; industrial facility; mid-20th century; black and white photograph; corning ny,"A black and white photograph showing fire trucks and firefighting equipment positioned outside an industrial building with workers visible on the roof and ground, likely documenting a fire department demonstration or emergency response at a Corning, NY facility."
75-1783,,,riverfront industrial landscape; glass factory smokestacks; early 20th century; black and white photograph; Corning NY,"A black and white photograph showing an industrial riverfront scene with prominent glass factory smokestacks, factory buildings, a steamboat on the river, and hills in the background, characteristic of early 20th-century Corning, New York's glass manufacturing heritage."
75-1784,,,funeral procession; cemetery; flags; formal ceremony; black and white photograph,"A formal funeral or memorial service showing a large gathering of people in dark clothing arranged in lines on a hillside, with flags and what appears to be a casket or memorial structure, empty chairs visible in the foreground, and a building with railings in the background."
75-1785,,,formal gathering; men in suits; rural setting; mid-20th century; black and white photograph,"A black and white photograph showing a group of formally dressed men gathered in an open field with rural buildings and a crowd visible in the background, appearing to document an official or ceremonial event from the mid-20th century."
75-1786,,,outdoor ceremony; large gathering; baseball field; bleachers; black and white photograph,"An aerial view of a large formal gathering or ceremony taking place on a baseball field in Corning, NY, with rows of seated participants on a central platform, spectators in bleachers, and military or uniformed personnel arranged on the right side."
75-1787,,,memorial ceremony; american flag; military uniforms; wreath laying; downtown corning,"A formal memorial or dedication ceremony in downtown Corning, NY featuring military personnel and civilians gathered around a wreath on a tripod stand with an American flag, with historic brick buildings visible in the background."
75-1788,,,two men; 1950s automobile; winter street; fedora hats; black and white photograph,"Two men in coats and fedora hats stand beside a 1950s-era car on a snowy street in what appears to be downtown Corning, with brick buildings and a parking sign visible in the background."
75-1789,,,black and white photograph; indoor gathering; mid-20th century; formal meeting; group portrait,"A black and white photograph showing an indoor gathering of six people, including a well-dressed older man in a dark suit speaking with or greeting several women and children in casual 1950s-style clothing, suggesting a formal community or official event."
75-1790,,,three men; formal suits; black and white photograph; indoor; mid-20th century,"A black and white photograph showing three men in formal business attire engaged in conversation indoors, with the center man appearing older and smiling while the two flanking men listen attentively."
75-1791,,,giant inflatable figures; parade or exhibition; mid-20th century; black and white photograph; public gathering,"A black and white photograph showing oversized inflatable balloon figures displayed at what appears to be a public event or parade, with spectators gathered around the massive sculptural forms in an outdoor setting."
75-1792,,,corning glass works; anniversary celebration; parade float; 1948; black and white photograph,"A large decorative parade float celebrating Corning Glass Works' 80 years in Corning (1868-1948), featuring text referencing Edison and a bubble, with the Ecker Drug Store visible in the background and a person in period clothing positioned on the float."
75-1793,,,outdoor event; large crowd; boats; performance or pageant; black and white photograph,"A large crowd of spectators gathers around what appears to be a theatrical performance or pageant featuring boats and costumed performers, likely a community event in Corning, NY."
75-1794,,,parade float; new york telephone company; corning ny; 1940s; black and white photograph,"A New York Telephone Company parade float in downtown Corning, NY, featuring a large telephone booth structure and commemorating ""1898 140 Telephones in Corning,"" surrounded by crowds of spectators along storefronts including a visible drugstore."
75-1795,,,parade float; downtown corning; mid-century; drug store; crowd gathering,"A black and white photograph showing a parade float or vehicle display on a downtown Corning street with storefronts including ""Richer Drug Store"" and ""Eger Drug Store"" visible in the background, surrounded by spectators gathered to view the event."
75-1796,,,parade float; crowd; vintage carnival; black and white photograph; mid-20th century,"A black and white photograph showing a large decorated parade float with elaborate sculptural elements and ornamental details surrounded by crowds of spectators at what appears to be a mid-20th century carnival or parade event in Corning, NY."
75-1797,,,formal event; women; white dress; 1940s-1950s; black and white photograph,"A black and white photograph showing three women at what appears to be a formal social event, with one woman wearing a white gown being attended to by two others in dark formal attire against a brick wall backdrop."
75-1798,,,parade float; 1948; crowd; black and white photograph; vintage signage,"A black and white photograph of a 1948 parade float featuring signage that reads ""1948 THE EASY WAY WITH"" and ""1848 THE HA[...]"" with crowds of spectators lining the street to watch the procession."
75-1799,,,downtown street; wooden utility poles; brick buildings; early 20th century; black and white photograph,"A street scene in Corning, NY showing a wide dirt road lined with utility poles, brick industrial buildings on either side, mountains in the background, and pedestrians in period clothing, with the reference number ""23"" visible in the lower right corner."
75-1800,,,military formation; victorian building; early 20th century; uniformed soldiers; black and white photograph,"A black and white photograph showing a line of uniformed soldiers in formation on a grassy field with a Victorian-era building featuring a prominent tower visible in the background, with spectators gathered on the left side of the image."
75-1801,,,river; industrial equipment; dredging operation; black and white photograph; hillside landscape,"A black and white photograph showing a dredging operation on a river with industrial machinery including a tall derrick crane on a barge, surrounded by forested hills and industrial buildings in the background."
75-1802,,,industrial site; concrete structure; excavation; metal fencing; black and white photograph,"A black and white photograph showing an industrial excavation site with concrete structures, metal fencing, and earthen berms, with factory buildings and a steel bridge visible in the background, likely documenting construction or industrial development in Corning, NY."
75-1803,,,parade; downtown street; early 1900s; large crowd; black and white photograph,"A large parade or public gathering fills a downtown street lined with brick buildings and wooden structures, with crowds of people in early 20th-century attire lining both sides of the street in what appears to be Corning, NY."
75-1804,,,parade; downtown street; early 20th century; crowds; black and white photograph,"A large parade or public gathering fills a downtown street lined with brick and wooden commercial buildings, with crowds of spectators lining both sides and marchers carrying banners proceeding down the unpaved street in what appears to be early 1900s Corning, New York."
75-1805,,,downtown street; horse-drawn carriages; crowds; early 1900s; black and white photograph,"A crowded downtown street scene in Corning, NY showing pedestrians and horse-drawn carriages lined along both sides of an unpaved street flanked by multi-story commercial buildings, likely from the early 1900s."
75-1806,,,corning ny; early 20th century; street scene; brick buildings; utility poles; black and white photograph,"A black and white photograph showing a street scene in Corning, New York with brick industrial buildings, wooden utility poles, horse-drawn carriages, pedestrians, and mountains visible in the background, likely from the early 1900s."
75-1807,,,early aviation; seaplane; water landing; historical aircraft; black and white photograph,"A historical black and white photograph showing an early seaplane with multiple passengers aboard, floating on water with its distinctive biplane wings and fabric canopy visible, likely from the early 20th century."
75-1808,,,rock formation; natural landscape; geological feature; black and white photograph; outdoor scenery,A black and white photograph showing a distinctive rock formation or chimney-like stone structure surrounded by vegetation and foliage in what appears to be a natural outdoor setting.
75-1809,,,industrial smokestacks; river landscape; black and white photograph; mid-20th century; factory buildings,"A black and white photograph showing industrial smokestacks and factory buildings along a river with hills in the background, typical of Corning, NY's glass manufacturing heritage during the mid-20th century."
75-1810,,,bridge construction; steel arch bridge; industrial site; black and white photograph; mid-20th century,A black and white photograph showing the construction of a large steel arch bridge over an industrial site with construction equipment and materials visible beneath the partially completed structure.
75-1811,,,industrial facility; glass factory; riverside location; black and white photograph; early 20th century,"A black and white photograph showing a large industrial glass manufacturing facility with multiple tall smokestacks situated along a river, with construction or development activity visible in the foreground and mountains visible in the background, likely depicting Corning Glass Works in Corning, New York."
75-1812,,,parade; downtown street; uniformed officials; early 20th century; black and white photograph,"A large parade or public procession moves down a main street in Corning, NY, with uniformed officials and marching groups flanked by crowds of spectators lining both sides of the street lined with brick buildings and storefronts."
75-1813,,,parade; downtown street; early 20th century; bunting decorations; large crowd,"A large crowd gathers on a downtown street in Corning, NY for what appears to be a civic parade or celebration, with patriotic bunting strung overhead and period buildings lining both sides of the street."
75-1814,,,parade; downtown street; brick buildings; early 20th century; black and white photograph,"A black and white photograph showing a large parade or procession down a downtown street lined with brick commercial buildings, with participants in white clothing marching down the center while crowds of spectators gather along both sides of the street."
75-1815,,,parade; downtown street; brick buildings; early 20th century; black and white photograph,"A large parade or procession moves down a downtown Corning street lined with brick buildings and spectators, with decorative flags strung overhead and what appears to be a marching band or uniformed group in the center of the street."
75-1816,,,horse-drawn wagons; street scene; historic buildings; early 20th century; black and white photograph,"A black and white photograph showing a street scene with multiple horse-drawn wagons and carts lined up on a dirt road in front of Victorian-era buildings, depicting what appears to be a market or gathering in early 20th-century Corning, NY."
75-1818,,,stone structure; power lines; winter landscape; bare trees; black and white photograph,"A black and white photograph showing a tall stone or concrete structure with power lines running across it, surrounded by bare winter trees and snow-covered ground in what appears to be a rural or mountainous area near Corning, NY."
75-1819,,,vintage automobiles; state police; 1940s-1950s; accident investigation; black and white photograph,"A black and white photograph showing state police officers examining damaged vehicles at what appears to be an accident scene, with a ""State Police"" marked vehicle visible in the background and residential buildings in the distance."
75-1820,,,group portrait; men in suits; black and white photograph; formal gathering; mid-20th century,"A formal black and white group photograph of approximately thirty men in business attire arranged in multiple rows, likely from the mid-20th century, with no visible identifying text or captions in the image."
75-1821,,,glass plate negative; industrial machinery; wooden structures; black and white photograph; archival documentation,"A glass plate negative showing two frames depicting industrial or manufacturing equipment with mechanical components, wooden framework, and structural elements typical of early-to-mid 20th century industrial documentation."
75-1822,,,vintage fire truck; agricultural equipment; rural landscape; 1930s-1940s; black and white photograph,A black and white photograph showing a vintage fire truck with equipment mounted on its bed parked next to agricultural machinery with metal framework in a rural setting with hills visible in the background.
75-1823,,,house fire; firefighters; ladder; residential building; black and white photograph,"A black and white photograph showing firefighters battling a house fire with a ladder extended to the roof of a residential home with ivy-covered walls, while two men stand in the foreground observing the emergency response."
75-1824,,,industrial facility; fire truck; mid-20th century; black and white photograph; utility infrastructure,"A black and white photograph showing firefighters and equipment at an industrial facility in Corning, NY, with a fire truck, hoses, utility poles, and industrial buildings visible in the scene."
75-1825,,,building fire; smoke; destruction; black and white photograph; industrial structure,"A black and white photograph showing a large wooden structure engulfed in flames and heavy smoke, with a smaller building visible to the right, documenting what appears to be a major fire at an industrial or commercial facility."
75-1826,,,formal event; men in suits; banquet table; beaded backdrop; black and white photograph,"Nine men in business attire stand behind a banquet table at what appears to be a formal dinner or conference event, with an ornate beaded backdrop visible behind them and microphones on the table in front."
75-1827,,,beauty pageant; women; sashes; 1950s; black and white photograph,"A formal group portrait of ten women wearing formal gowns and sashes indicating pageant titles, posed in two rows against a white corrugated metal building backdrop, circa 1950s."
75-1828,,,formal ceremony; military officer; dignitaries; outdoor event; black and white photograph,"A formal outdoor ceremony featuring a military officer in uniform seated alongside civilian dignitaries and a clergy member, with numerous attendees visible in the background under an overcast sky with utility poles and crosses visible."
75-1829,,,formal ceremony; military officer; handshake; dignitaries; black and white photograph,A black and white photograph showing a formal greeting or ceremony where a military officer in uniform shakes hands with a civilian dignitary while surrounded by other officials in suits and military personnel against a cloudy sky backdrop.
75-1830,,,formal gathering; military uniforms; seated dignitaries; black and white photograph; mid-20th century,"A black and white photograph showing a formal outdoor gathering of men in suits and military uniforms seated in chairs, with a uniformed officer prominently featured in the center-left, suggesting an official ceremony or state event from the mid-20th century."
75-1831,,,night photograph; street view; historic building; street lights; black and white,"A nighttime black and white photograph showing a street scene with a historic building illuminated by street lamps, taken from what appears to be a doorway or covered entrance in Corning, NY."
75-1832,,,building interior; damaged structure; arched window; debris; black and white photograph,"A black and white photograph showing the interior of a damaged building with an arched window, wooden beams, and debris scattered on the floor, with an aerial or landscape view visible at the top of the image."
75-1833,,,black and white photograph; men in hats; construction or groundbreaking; 1940s-1950s; group gathering,"A black and white photograph showing a group of men gathered around what appears to be a groundbreaking or construction ceremony, with a man in a dark coat holding a shovel or ceremonial tool while others observe, likely from mid-20th century Corning, NY."
75-1834,,,baseball; team gathering; outdoor night event; mid-century; black and white photograph,"A black and white photograph showing a group of men gathered outdoors at night, with two seated figures examining what appears to be a document or roster while standing teammates and spectators surround them in what appears to be a baseball-related team meeting or event."
75-1835,,,church fire; fire truck; downtown corning; black and white photograph; mid-20th century,"A black and white photograph showing a Gothic Revival church with multiple spires engulfed in flames, with a fire truck and firefighting equipment positioned in front of the building on a snowy street lined with residential and commercial structures in what appears to be downtown Corning, New York."
75-1836,,,firefighters; fire hose; brick building; fire department; black and white photograph,"Firefighters operate a large fire hose directed at a brick industrial or institutional building with external metal stairs, demonstrating fire suppression efforts in what appears to be a mid-20th century Corning, NY scene."
75-1837,,,fire; firefighting; industrial building; water spray; black and white photograph,"A black and white photograph documenting firefighting efforts at an industrial building in Corning, NY, showing firefighters operating a water stream from ground level while another figure stands on a wooden beam above the heavy smoke and flames."
75-1838,,,firefighting; fire hose; night scene; emergency response; black and white photograph,"Firefighters direct a powerful stream of water from a fire hose at night, likely during a fire suppression operation in Corning, NY, with buildings visible in the smoky background."
75-1839,,,firefighters; fire escape; brick building; fire truck; black and white photograph,"Firefighters descend a metal fire escape ladder from a tall brick industrial building while a fire truck marked ""ACK 50 FD"" is positioned below during what appears to be a fire response or training exercise in Corning, NY."
75-1840,,,building fire; firefighting; brick structure; fire hoses; black and white photograph,"Firefighters battle a large fire engulfing a brick building in Corning, NY, with water streams from fire hoses directed at the flames and smoke billowing from the structure."
75-1841,,,building fire; smoke; crowd; brick structure; black and white photograph,"A black and white photograph showing a large brick building with distinctive architecture engulfed in smoke during a fire, with a crowd of onlookers gathered in the street below to witness the event."
75-1842,,,building fire; crowd gathering; smoke; brick architecture; black and white photograph,"A black and white photograph showing a large crowd of onlookers gathered in front of a brick building engulfed in heavy smoke, with bare trees visible and what appears to be an early-to-mid 20th century fire scene in an urban setting."
75-1843,,,fire fighting; brick building; metal staircase; firefighters; black and white photograph,"Firefighters operate a water stream from an elevated metal platform and staircase attached to a brick building, demonstrating fire suppression techniques during what appears to be a training exercise or actual fire response."
75-1844,,,building fire; smoke; brick structure; chain-link fence; black and white photograph,"A two-story brick building engulfed in heavy smoke and flames, surrounded by a chain-link fence with a street lamp visible in the foreground, documenting what appears to be a significant fire in Corning, NY."
75-1845,,,industrial building; metal staircase; chain-link fence; black and white photograph; mid-century architecture,"A black and white photograph showing an industrial or institutional building with a metal fire escape staircase and chain-link fence in the foreground, with bare vegetation visible in the misty background."
75-1846,,,building fire; heavy smoke; firefighting; black and white photograph; disaster,A black and white photograph documenting a large building fire engulfed in heavy smoke with firefighting equipment and water streams visible in the foreground.
75-1847,,,fire truck; firefighting; building fire; ladder truck; black and white photograph,"A vintage fire truck with an extended ladder is spraying water onto a burning building engulfed in heavy smoke, with firefighters operating the equipment during an active structure fire."
75-1848,,,historic hotel; brick buildings; tin ware shop; early 20th century; black and white photograph,"A black and white photograph showing a historic hotel building with classical columns on the left and adjacent commercial buildings including a tin ware and shop on the right, with handwritten notation at the bottom indicating this was ""one of the oldest Hotels in the County."""
75-1849,,,outdoor event; large crowd; wooden bleachers; waterfront; black and white photograph,"A large crowd of spectators seated in wooden bleachers along a waterfront or riverside location, with wooden structures and boats visible in the background in this black and white historical photograph."
75-1850,,,parade; downtown street; large crowd; historic buildings; black and white photograph,"A large civic parade or procession fills a downtown street in Corning, NY, with marching bands, uniformed participants, and spectators lining the sides, with visible storefronts including a Wellington & Co's Bank building in the background."
75-1851,,,parade; horse-drawn carriage; large crowd; early 20th century; black and white photograph,"A large public parade or procession in what appears to be early 20th century Corning, NY, featuring horse-drawn carriages, marching bands or uniformed groups, and hundreds of spectators lining the streets in front of substantial brick buildings."
75-1852,,,mooseheart; parade; umbrellas; june 1932; black and white photograph,"A group of people holding umbrellas marches in a parade at Mooseheart in June 1932, with residential buildings and trees visible in the background."
75-1853,,,winter scene; denison park; frozen pond; bare trees; 1923; black and white photograph,"A winter landscape photograph from 1923 showing a frozen pond or lake in Denison Park with bare trees lining the banks, bare branches in the foreground, and what appears to be people or structures visible in the distance across the ice."
75-1854,,,corning ny; hardware store; brick building; early 20th century; black and white photograph,"A corner brick building in Corning, New York housing the Millspaugh & Drake Hardware store, with signage visible on the storefront and upper floors, photographed in black and white during the early 1900s."
75-1855,,,horse-drawn wagon; storefront; early 20th century; downtown street; black and white photograph,"A black and white photograph showing a street scene in Corning, NY with a horse-drawn wagon in front of a commercial storefront with large display windows and an awning, with several pedestrians visible on the sidewalk."
75-1856,,,storefront; rockwell & shumway; early 20th century; men in period clothing; black and white photograph,"A black and white photograph of the Rockwell & Shumway storefront in Corning, NY, showing several men and a young boy posed in front of the shop window, which is decorated with draped fabric and displays merchandise."
75-1857,,,parade float; whoopee; w.m. killigren seeds poultry supplies; early 20th century; black and white photograph,"A parade float advertising W.M. Killigren Seeds and Poultry Supplies with ""WHOOPEE"" prominently displayed, passing by residential buildings in what appears to be a Corning, NY street parade from the early 1900s."
75-1858,,,gasoline car; erie railroad; 1925; railway; black and white photograph,"A gasoline-powered car running on the Erie Railroad tracks, photographed in 1925, showing an early motorized rail vehicle with passenger windows alongside railroad infrastructure."
75-1859,,,victorian mansion; corning new york; historic residence; sepia photograph; architectural landmark,"A sepia-toned photograph showing the ornate Victorian residence of the late F. N. Drake in Corning, New York, featuring a three-story stone and shingle mansion with multiple turrets, decorative porches, and a fenced yard."
75-1860,,,stone bridge; river; early 20th century; black and white photograph; architectural landmark,"A black and white photograph of a multi-arch stone bridge spanning a river with hills in the background, completed November 11, 1921, showing boats on the water below the bridge structure."
75-1861,,,corning hospital; brick buildings; early 20th century; black and white photograph; architectural landmark,"A black and white photograph labeled ""Corning Hospital"" showing a multi-story brick institutional building with distinctive architectural features including arched windows, a peaked roof with chimneys, and classical columns, with bare trees and period automobiles visible in the foreground."
75-1862,,,historical map; erwin township; 1830; land survey; black and white photograph,"A historical map titled ""A Map of the Township of Erwin"" showing the estate of Samuel Erwin Esq., dated May 1830, displaying township boundaries, property divisions, and landowner names including Cooper, Erwin, Smith, and Beatnick, with a decorative cartouche on the right side containing the map's title and descriptive text."
75-1863,,,monument; downtown corning; brick buildings; unpaved street; early 20th century,"A black and white photograph showing a town square or plaza in Corning, NY with a central monument or obelisk surrounded by mature trees, flanked by brick commercial buildings with storefronts, and an unpaved street typical of the early 1900s."
75-1864,,,riverboat; steamboat; river transport; black and white photograph; hillside landscape,"A steam-powered riverboat with multiple cargo decks navigates a river with forested hills in the background and smoke billowing from its smokestack, representing early 20th-century river commerce and transportation."
75-1865,,,bridge construction; arch bridge; industrial site; black and white photograph; early 20th century,"A black and white photograph showing the construction of a large arched bridge with wooden scaffolding and support structures, with a cityscape visible in the background and construction debris scattered on the ground below."
75-1866,,,industrial riverfront; factory smokestacks; arched bridge; early 20th century; black and white photograph,"A black and white photograph showing an industrial riverside scene with multiple factory smokestacks, a barge or boat on the water, an arched stone bridge, and hillsides in the background, typical of early industrial development along a river valley."
75-1867,,,industrial facility; glass factory; twin smokestacks; black and white photograph; early 20th century,"A black and white photograph showing an industrial glass manufacturing facility in Corning, NY, featuring distinctive twin smokestacks, large factory buildings, wooden roof structures, and a worker on the roof, with mountains visible in the background."
75-1868,,,industrial factory; twin smokestacks; waterfront; construction crane; black and white photograph,"A black and white photograph showing an industrial factory with two prominent twin smokestacks situated along a frozen or partially frozen waterfront, with construction equipment and wooden debris visible in the foreground, likely documenting industrial development in Corning, NY."
75-1870,,,industrial riverfront; steamboat; brick buildings; black and white photograph; early 20th century,"A black and white photograph showing a large steamboat docked at a riverfront industrial site in Corning, NY, with brick buildings and factory structures visible in the background, and wooden dock materials scattered in the foreground."
75-1871,,,industrial construction; concrete structure; reinforcing steel; mid-20th century; black and white photograph,"A black and white photograph showing a large concrete structure with vertical reinforcing steel rods under construction, with a worker standing on top against a mountainous landscape in the background."
75-1872,,,industrial construction; rooftop view; corning ny; mid-century; black and white photograph,"A black and white photograph showing a rooftop construction or industrial site in Corning, NY with a view of forested hills, factory buildings with smokestacks, and the Chemung River valley in the background."
75-1873,,,bridge construction; steel truss; crane; industrial; black and white photograph,"A black and white photograph showing the construction of a steel truss bridge being lifted by a tall derrick crane, with the partially assembled bridge structure suspended over water and construction materials visible below."
75-1874,,,military vessels; dock construction; world war ii era; black and white photograph; shipyard,"A black and white photograph showing military landing craft or transport vessels docked at a construction site with wooden scaffolding, ramps, and workers visible, likely from a World War II-era shipyard or naval facility."
75-1875,,,bridge; river; industrial landscape; black and white photograph; early 20th century,"A black and white photograph showing a multi-arch bridge spanning a river with industrial buildings and smokestacks visible in the background across the water, with bare ground and construction materials in the foreground."
75-1876,,,early aviation; seaplane; waterfront; 1910s-1920s; black and white photograph,"A black and white photograph showing three men on a wooden dock or platform beside an early seaplane with fabric-covered wings and struts, moored in water, likely documenting early aviation history in the early 20th century."
75-1877,,,vintage aircraft; biplane; hangar interior; early aviation; black and white photograph,"A black and white photograph showing a large biplane aircraft with exposed engines and landing gear inside what appears to be a hangar, with several people visible near the aircraft for scale."
75-1878,,,early aviation; biplane; pilot; aerial photograph; black and white photograph,"A black and white photograph showing an early biplane aircraft in flight with a pilot visible in the cockpit, flying over a forested landscape with hills and a winding river or road below."
75-1879,,,black and white photograph; men on stairs; early 20th century; industrial setting; group portrait,"A black and white photograph showing a group of men, including a prominent older man in a light-colored sweater in the center, ascending or descending industrial stairs or a ramp, with several other men in caps and work clothes visible around him in what appears to be an early 20th-century industrial or institutional setting."
75-1880,,,military parade; uniformed soldiers; marching formation; open field; black and white photograph,"A black and white photograph showing a large group of uniformed soldiers marching in formation across an open field, with residential buildings and trees visible in the background and a person's profile visible in the foreground on the right side."
75-1881,,,early 20th century; wooden utility poles; street procession; brick buildings; black and white photograph,"A black and white photograph showing a large crowd of people gathered on a street lined with wooden utility poles and period buildings, with hills visible in the background, likely documenting a public event or procession in early 1900s Corning, New York."
75-1882,,,baseball team; victorian building; early 20th century; group photograph; black and white photograph,"A black and white photograph showing a baseball team lined up on a field in front of a Victorian-era institutional building with distinctive towers and turrets, likely taken in the early 1900s in Corning, NY."
75-1883,,,military formation; uniformed soldiers; institutional building; early 20th century; black and white photograph,"A black and white photograph showing a large group of uniformed soldiers or cadets standing in formation on a grassy field with a prominent Victorian-era institutional building with towers visible in the background, likely from the early 1900s."
75-1884,,,stone tower; ruins; black and white photograph; architectural fragment; outdoor monument,"A black and white photograph showing a tall, deteriorated stone tower or chimney structure with significant damage and missing sections, surrounded by vegetation at its base."
75-1885,,,rocky outcrop; forested landscape; natural scenery; black and white photograph; vintage,"A black and white photograph showing a rocky stone formation or cliff face surrounded by dense forest vegetation, with a distant valley or water body visible in the background."
75-1886,,,victorian mansion; public gathering; open field; black and white photograph; early 20th century,"A black and white photograph showing a large Victorian-era building with distinctive towers and cupolas surrounded by crowds of people gathered on an open field, with mature trees framing the scene."
75-1887,,,public gathering; gazebo; early 20th century; black and white photograph; outdoor event,"A black and white photograph showing a large public gathering on an open field with a distinctive gazebo or bandstand structure visible on the left side, surrounded by trees and crowds of people in period clothing, with the reference number ""45"" visible in the lower right corner."
75-1888,,,public gathering; church building; open field; early 20th century; black and white photograph,"A black and white photograph showing a large public gathering or event on an open field with a prominent church building featuring twin towers on the left side, surrounded by crowds of people and trees, with mountains visible in the distant background."
75-1889,,,public gathering; tree-lined street; formal procession; early 20th century; black and white photograph,"A black and white photograph showing a large crowd of formally dressed people gathered along a tree-lined street in what appears to be a civic or ceremonial procession, with period buildings visible in the background and the archive number ""35"" marked on the right edge of the image."
75-1890,,,early 20th century; street scene; crowds; brick buildings; utility poles; black and white photograph,"A black and white photograph showing a crowded street scene in what appears to be early 1900s Corning, NY, with numerous pedestrians gathered along a dirt road lined with brick industrial buildings, wooden utility poles, and a metal railing on the left side."
75-1891,,,parade; downtown street; brick buildings; early 20th century; black and white photograph,"A large crowd gathers for a parade or public procession down a dirt street in downtown Corning, NY, lined with brick commercial buildings, wooden utility poles, and a wooden fence along the left side, with hills visible in the background."
75-1892,,,marching band; unpaved street; brick buildings; early 20th century; black and white photograph,"A marching band with brass instruments processes down an unpaved street in Corning, NY, flanked by brick industrial or institutional buildings and wooden utility poles, in this early 20th-century black and white photograph."
75-1893,,,military formation; parade ground; institutional building; early 20th century; black and white photograph,"A black and white photograph showing a large group of uniformed individuals standing in formation on an open field with Victorian-era institutional buildings featuring towers visible in the background, with trees lining the perimeter and the archive reference number ""39"" visible in the lower right corner."
75-1894,,,historic building; public gathering; victorian architecture; open field; black and white photograph,"A black and white photograph showing a large Victorian-era institutional building with multiple towers and cupolas surrounded by trees, with crowds of people gathered on an open field in front of it, numbered ""38"" in the lower right corner."
75-1895,,,military parade; institutional building; open field; early 20th century; black and white photograph,"A black and white photograph showing a military or civic parade with uniformed personnel lined up on an open field, with a prominent Victorian-era institutional building featuring a tower visible in the background, surrounded by mature trees."
75-1896,,,victorian building; tower; public gathering; open field; black and white photograph,"A black and white photograph showing a large Victorian-era institutional building with distinctive towers and cupolas, surrounded by crowds of people gathered on an open field, with the reference number ""36"" visible in the lower right corner."
75-1897,,,steam locomotive; railroad; 1925; matt h shay; black and white photograph,"A photograph dated April 21, 1925, credited to Matt H Shay, showing one of the largest engines in the world, a steam locomotive with passenger cars on railroad tracks with buildings and bare trees visible in the background."
75-1898,,,train wreck; crowd; 1929; disaster; black and white photograph,"A large crowd of onlookers gathers around the wreckage of a severely damaged train car and truck collision dated May 16, 1929, with debris scattered across the scene and railroad cars visible in the background."
75-1899,,,railroad wreck; train derailment; campbell new york; 1929; black and white photograph,"A D.L.&W. Railroad wreck at Campbell, N.Y., photographed on May 10, 1929 at about 8 A.M., showing derailed and damaged freight cars on the tracks with debris scattered across the ground."
75-1901,,,warehouse fire; ruins; gorton warehouse; 1925; black and white photograph,"This black and white photograph documents the ruins of the Gorton Warehouse following a fire that occurred on Friday, March 13, 1925 in the morning, showing the severely damaged and burned-out structure with exposed framework and debris scattered on the ground near railroad tracks."
75-1902,,,fire damage; ruins; residential buildings; corning ny; black and white photograph,"A black and white photograph dated March 12, 1925, showing extensive fire damage and debris in Corning, NY, with destroyed wooden structures, charred remains, and residential buildings visible in the background."
75-1903,,,warehouse fire; gorton warehouse; corning ny; fire damage; black and white photograph,"This black and white photograph documents the aftermath of a Central Warehouse Fire at the ruins of Gorton Warehouse in Corning, New York, taken on Friday, March 13, 1925 at 5 A.M., showing severely damaged wooden structures and a partially destroyed brick building in the background."
75-1904,,,warehouse fire; destruction; debris; 1915; black and white photograph,"This black and white photograph documents the aftermath of a warehouse fire in Corning, NY on Friday, March 13, 1915 at 3 A.M., showing extensive rubble and charred remains with residential buildings visible in the background."
75-1907,,,tree damage; park avenue; corning ny; 1925; black and white photograph,"A black and white photograph documenting a tree blown down on Park Avenue in Corning, NY on 5.19.25, showing residential buildings, utility poles, and several people standing in the street observing the fallen tree and storm damage."
75-1908,,,brick building; two people; doorway; black and white photograph; mid-20th century,"A black and white photograph showing two people standing in front of a brick building with a dark doorway and window, likely from the mid-20th century."
75-1909,,,victorian mansion; residential architecture; black and white photograph; historic house; corning ny,"A black and white photograph of a large Victorian-era residential mansion featuring distinctive architectural elements including a mansard roof, multiple stories, wraparound porches, and ornamental details, surrounded by mature trees."
75-1910,,,indian monument; statue; downtown corning; early 20th century; black and white photograph,"A black and white photograph showing the Indian Monument, a tall stone pedestal with a Native American statue on top, located in downtown Corning, NY, with period buildings, bare trees, and street lamps visible in the background."
75-1911,,,brick building; tower; bare trees; black and white photograph; historic architecture,"A black and white photograph showing a multi-story brick institutional or civic building with a distinctive tower, surrounded by bare trees, likely taken during winter or early spring in Corning, NY."
75-1912,,,portrait photograph; eyeglasses; early 20th century; black and white; oval vignette,"A black and white portrait photograph showing a person wearing round eyeglasses in an oval vignette format, typical of early 20th-century photographic portraiture."
75-1913,,,corning ny; victorian architecture; residential street; bare trees; black and white photograph,"A black and white photograph dated 5-12-1926 showing a Victorian-era residential building with distinctive architecture on a street in Corning, New York, with bare trees and utility poles visible along the street."
75-1917,,,festival; 1924; tricycle; vintage bicycle; black and white photograph,"A black and white photograph dated ""Festival 10-2-1924"" showing a person riding an early tricycle or three-wheeled vehicle on a street, with buildings and trees visible in the background."
75-1918,,,float parade; fire prevention week; 1920s; downtown street; black and white photograph,"A parade float decorated for Fire Prevention Week (October 5-11) featuring a miniature building with an American flag, sponsored by DUNT, travels down a downtown street lined with storefronts including a visible ""Lipinsky Shop"" in this black and white photograph dated October 2, 1924."
75-1919,,,flood damage; Richbaugh River; April 1941; bicycles; wooden structures,"A black and white photograph dated April 9, 1941 showing flood damage along the Richbaugh River, with several people on bicycles standing near a damaged wooden structure and a partially submerged vehicle in muddy floodwaters."
75-1920,,,riverside; 1924; bare trees; commercial buildings; black and white photograph,"A photograph dated April 3, 1924 showing W. Kichbaugh's Riverside establishment with wooden structures, bare spring trees, vintage automobiles, and signage along what appears to be a rural commercial area near the riverside in Corning, NY."
75-1921,,,storefront; brick building; relocation notice; mid-20th century; black and white photograph,"A black and white photograph of a downtown storefront with a prominent banner reading ""WE MUST BE READY TO MOVE TO OUR NEW BUILDING LATE IN APRIL"" and additional text about saving on men's boys clothing, indicating a business relocation announcement in what appears to be Corning, NY during the mid-20th century."
75-1922,,,downtown corning; brick buildings; early 20th century; street corner; black and white photograph,"A black and white photograph showing a prominent corner brick building in downtown Corning, NY with storefronts on the ground level, multiple stories of regular window patterns, and period pedestrians and street lamps visible in the unpaved street intersection."
75-1923,,,storefront; awning; brick building; clothing store; black and white photograph,"A historic storefront with a striped awning reading ""CLOTHING HOUSE"" on a brick building with decorative architectural details and upper-floor windows, showing a downtown commercial street scene."
75-1924,,,downtown street; brick buildings; storefronts; horse-drawn wagons; early 20th century,"A black and white photograph of a Corning, NY downtown street lined with ornate brick commercial buildings featuring storefronts with awnings, pedestrians, and horse-drawn wagons gathered along the street, likely from the early 1900s."
75-1925,,,factory interior; industrial manufacturing; glass production; mid-20th century; black and white photograph,"An interior view of an industrial factory floor in Corning, NY showing glass manufacturing equipment and machinery under a steel beam ceiling structure, with various production stations and workers visible throughout the facility."
75-1926,,,industrial construction; american bridge company; steel framework; crane; black and white photograph,"A black and white photograph showing industrial construction at the American Bridge Company facility in Corning, NY, featuring a steel lattice crane, workers, and structural framework under construction."
75-672,,,construction; crane; workers; industrial equipment; black and white photograph,"A black and white photograph showing construction workers operating a large crane with a curved boom on a job site in Corning, NY, with residential and commercial buildings visible in the background."
76-0696,,,child; tree; rural landscape; black and white photograph; vintage,"A black and white photograph showing a young child sitting on a large fallen tree branch in a rural outdoor setting, with farm buildings visible in the background and what appears to be early-to-mid 20th century clothing and surroundings."
76-1606,,,downtown street; historic buildings; storefronts; trolley tracks; black and white photograph,"A black and white photograph of a downtown Corning street lined with ornate multi-story commercial buildings, street-level storefronts with awnings, trolley tracks, and utility poles, depicting early 20th-century urban architecture and commerce."
76-1607,,,pharmacy interior; man at desk; vintage bottles; early 20th century; black and white photograph,"A pharmacist or druggist sits at his desk in an early 20th-century pharmacy interior in Corning, NY, surrounded by shelves of medicine bottles, product displays, a portrait on the wall, and period furnishings typical of a professional apothecary shop."
76-1609,,,parade; patriotic bunting; brick building; crowded street; black and white photograph,"A festive parade scene on a Corning street shows a brick building decorated with patriotic bunting and flags, with crowds of spectators lining the street below and people visible in the building's windows."
76-1613,,,industrial plant; railroad tracks; factory buildings; corning ny; black and white photograph,"A black and white photograph showing an industrial manufacturing plant in Corning, NY with multiple factory buildings, tall smokestacks, railroad tracks in the foreground, and piles of raw materials, labeled ""PLANT BRIDGE ST PLANT, CORNING, N.Y."" at the bottom of the image."
76-1616,,,industrial building; water tower; brick architecture; early 20th century; black and white photograph,"A black and white photograph showing a multi-story brick industrial or institutional building with a prominent water tower, surrounded by vegetation and fencing, typical of early 20th-century Corning, New York industrial architecture."
76-1617,,,brick building; high school; painted post; bare trees; black and white photograph,"A black and white photograph showing the High School in Painted Post, New York, a two-story brick building with decorative chimneys and multiple windows, surrounded by bare trees on a lawn."
76-1624,,,ingersoll-rand plant; painted post; industrial facility; black and white photograph; early 20th century,"An aerial view of the Ingersoll-Rand Plant in Painted Post, New York, showing industrial buildings with smokestacks, a water tower, residential structures in the foreground, and surrounding hills in this early 20th-century photograph."
76-1625,,,corning ny; industrial landscape; bridge; early 20th century; black and white photograph,"A black and white historical photograph showing an elevated view of Corning, New York, featuring the Oldfield Bridge and Seventh Ward with industrial buildings, factory smokestacks, residential structures, and surrounding hills in the background."
76-1626,,,highway overpass; curved bridge; mid-century infrastructure; rural landscape; black and white photograph,"An aerial view of a modern curved highway overpass or bridge spanning across a rural valley landscape with forested hills, utility poles, and scattered buildings in the background, likely from the mid-20th century."
76-1627,,,historic mansion; brick architecture; tudor style; landscaped grounds; black and white photograph,"A black and white photograph of a large Tudor-style brick mansion in Corning, NY, featuring half-timbered gables, multiple chimneys, manicured grounds with shrubs and trees, and a stone foundation with arched openings."
76-1629,,,frank b. hower scottish rite cathedral; corning ny; historic building; black and white photograph; architectural landmark,"This black and white photograph shows the Frank B. Hower Scottish Rite Cathedral in Corning, New York, a distinctive brick building with twin cupolas, decorative architectural details, and multiple stories featuring numerous windows."
76-1632,,,railroad station; lindley new york; early 20th century; black and white photograph; rural landscape,"A black and white photograph of the N.Y.C. Station in Lindley, N.Y., showing a small dark wooden station building with a distinctive peaked roof beside railroad tracks, with utility poles, rural fields, and hills visible in the background, and handwritten annotations on the upper left corner of the print."
76-1634,,,brick building; victorian architecture; steeple; early 1900s; black and white photograph,"A black and white photograph showing a large Victorian-era brick institutional building with distinctive turrets and a central steeple, surrounded by a fence and bare trees, likely from the early 20th century in Corning, NY."
76-1648,,,large crowd; parade or procession; bare trees; early 20th century; black and white photograph,"A large gathering of people lines a tree-lined street in what appears to be an early 20th-century parade or public procession, with mounted figures visible among the crowd and bare deciduous trees flanking both sides of the road."
76-1649,,,industrial interior; workers; barrels; manufacturing; black and white photograph,"A black and white photograph showing workers inside an industrial facility handling large barrels or containers, with wooden crates and shelving visible in the background, likely depicting a manufacturing or storage operation in Corning, NY."
76-1656,,,stone bridge; river; arched bridge; dense foliage; black and white photograph,"A black and white photograph showing a curved stone arch bridge spanning a river, surrounded by dense trees and vegetation, with the bridge's date marker visible on its side."
76-1658,,,stone bridge; wooded landscape; stream; black and white photograph; park or garden setting,"A black and white photograph showing a stone arch bridge spanning a small stream or creek, surrounded by dense trees and vegetation in what appears to be a park or garden setting in Corning, NY."
76-1660,,,historic house; waterfront property; tall trees; wooden dock; black and white photograph,"A two-story wooden house with a wraparound porch sits among towering trees on a waterfront property, with a wooden dock visible in the foreground and what appears to be a flagpole in the yard, photographed in black and white."
76-1661,,,construction site; large crowd; wooden scaffolding; early 20th century; black and white photograph,"A black and white photograph showing a large gathering of people at a construction site with extensive wooden scaffolding and a multi-story brick building under construction, likely documenting a significant building project or public event in early 1900s Corning, NY."
76-1662,,,riverside town; agricultural fields; church spires; hillside landscape; black and white photograph,"A black and white photograph showing a riverside town nestled in a valley with agricultural fields in the foreground, multiple church spires visible in the town center, and forested hills rising in the background."
76-1663,,,downtown street; patriotic bunting; horse-drawn carriages; early 1900s; black and white photograph,"A downtown street in Corning, NY decorated with American flags and patriotic bunting across ornate brick buildings, with horse-drawn carriages and pedestrians visible along a street with trolley tracks, likely documenting a civic celebration or holiday parade from the early 20th century."
76-1665,,,industrial accident; derailed train; brick building; early 20th century; black and white photograph,"A black and white photograph showing a derailed or crashed train car tilted against a large brick industrial building in Corning, NY, with workers and onlookers gathered at the scene, utility poles and railroad infrastructure visible in the background."
76-1666,,,industrial machinery; factory worker; glass manufacturing; vintage equipment; black and white photograph,"A factory worker operates large industrial machinery in what appears to be a glass manufacturing facility, with massive metal gears and equipment visible throughout the interior space."
76-1670,,,white church building; bare trees; historic architecture; black and white photograph; corning ny,"A white-painted church building with a gabled roof and multiple windows is framed by bare deciduous trees along a street in Corning, New York, photographed in black and white."
76-1674,,,downtown corning; brick buildings; theater marquee; 1940s automobiles; black and white photograph,"A black and white photograph of a downtown Corning street showing ornate brick commercial buildings with a visible theater marquee reading ""STRAND"" and what appears to be ""ATTABOY"" or similar text, with period automobiles parked at street level and fire escapes visible on the adjacent building."
76-1676,,,river landscape; trees; water reflection; black and white photograph; the island,"A black and white photograph titled ""The Island"" showing a calm river or waterway lined with dense trees and vegetation on both banks, with their reflections visible in the still water."
76-1677,,,industrial building; ingersoll rand plant; early 20th century; black and white photograph; corning ny,"A black and white photograph labeled ""Section of Ingersoll—Rand Plant"" showing a large industrial brick building complex with multiple structures, a wooden fence in the foreground, and mature trees, representing the manufacturing facility in Corning, New York."
76-1680,,,steamboat; paddle wheeler; holmes; river vessel; black and white photograph,"A side view of the steamboat Holmes on a river with several people swimming in the foreground, showing the vessel's distinctive paddle wheel, smokestack, and multi-deck structure."
76-1681,,,old state arsenal; corning; stone building; tower; historic structure,"The Old State Arsenal in Corning, New York, a castellated stone structure with a prominent central tower and crenellated walls, surrounded by mature trees and grounds."
76-1682,,,brick buildings; arched windows; downtown corning; black and white photograph; historic architecture,"A black and white photograph showing a row of historic brick buildings with distinctive arched windows and decorative cornices, typical of late 19th or early 20th century downtown Corning, New York architecture."
76-1683,,,historic building; downtown corning; stone architecture; early 20th century; street level storefronts,"A black and white photograph of a prominent multi-story stone building in downtown Corning, NY, featuring Romanesque Revival architecture with ground-floor retail storefronts displaying signage for dry goods, carpets, and other merchandise, with pedestrians visible on the street."
76-1688,,,steel bridge; industrial landscape; river; smoke stacks; black and white photograph,"A black and white photograph showing a steel truss bridge spanning a river with industrial smokestacks visible in the background, reflecting in the calm water below, depicting an early-to-mid 20th century industrial scene."
76-1690,,,the kennedy building; brick architecture; railroad tracks; early 20th century; black and white photograph,"A black and white photograph of ""The Kennedy"" building in Corning, NY, a two-story brick structure with classical architectural details, ground-level storefronts with columns, railroad tracks in the foreground, and people gathered on a second-floor balcony and street level."
76-1691,,,parade; decorated street; crowds; american flags; black and white photograph,"A large civic parade or celebration in Corning, NY with decorated storefronts displaying patriotic bunting and flags, crowds of spectators lining the street, and what appears to be a formal procession down the main street with hills visible in the background."
76-1700,,,public pool; swimming area; recreational park; crowds; black and white photograph; mid-20th century,"A black and white photograph showing a public swimming pool or recreational water area in a park setting with crowds of visitors, wooden deck in the foreground, mature trees, hills in the background, and what appears to be a diving platform or recreational structure, typical of mid-20th century American park facilities."
76-1705,,,church building; stone architecture; steeple; trees; black and white photograph,"A stone church with a tall pointed steeple and Gothic-style windows stands prominently in what appears to be a Corning, NY neighborhood, surrounded by mature trees and residential buildings."
76-1706,,,north side baptist church; corning new york; brick church building; steeple; black and white photograph,"A black and white photograph of the North Side Baptist Church in Corning, N.Y., showing a brick church building with a prominent steeple, arched windows, and a front entrance with steps, surrounded by trees and rural landscape."
76-1707,,,brick building; religious architecture; convent; victorian era; black and white photograph,"This black and white photograph shows St. Mary's New Convent in Corning, NY, a Victorian-era brick building with distinctive half-timbered gable details, multiple stories, arched windows, and a covered entrance portico with columns."
76-1708,,,steamboat; river; person viewing; black and white photograph; early 20th century,"A black and white photograph showing a person in light-colored clothing viewing a steamboat with a prominent smokestack on a river, likely documenting a historical vessel or river transportation scene from Corning, NY."
76-1709,,,vintage aircraft; airfield; 1930s-1940s; biplane; mountainous landscape; black and white photograph,"A black and white photograph showing several vintage biplanes parked at an airfield with mountains visible in the background, and several people standing near the aircraft on the ground."
76-1710,,,boats; waterfront; bicycle; black and white photograph; recreational vessels,"A black and white photograph showing several moored boats and a bicycle resting against logs on a shoreline, with forested hills visible in the background."
76-1711,,,aircraft; vintage airplane; propeller plane; black and white photograph; mid-century aviation,"A black and white overhead photograph of a mid-century single-engine aircraft with distinctive lightning bolt markings on its fuselage, shown parked on the ground with its propeller and landing gear visible."
76-1712,,,aircraft wreckage; small planes; forested landscape; black and white photograph; aviation disaster,"A black and white photograph showing multiple damaged and wrecked small aircraft scattered on a rocky ground with forested mountains in the background, with visible aircraft registration numbers including what appears to be ""N4106"" on one fuselage."
76-1713,,,vintage aircraft; biplane; gravel airfield; black and white photograph; 1930s-1940s aviation,"A black and white photograph showing a vintage biplane with visible registration markings on its fuselage, parked on a gravel airfield with its cargo door or hatch open, displaying the aircraft's internal structure and support framework."
76-1717,,,parade; decorated street; crowds; early 20th century; black and white photograph,"A large crowd gathers along a decorated downtown street in Corning, NY for what appears to be a civic parade or celebration, with elaborate bunting and flags adorning the buildings and streetcar tracks visible in the foreground."
76-1721,,,elephant; girl scouts; west market street viaduct; corning ny; vintage parade or event,"A black and white photograph showing Girl Scouts leading an elephant with brakes across the West Market Street viaduct in Corning, NY, as indicated by the caption ""THE ONLY ELEPHANT WITH BRAKES was the one Saturday which Girl Scouts 'led' across the West Market Street viaduct."""
76-1722,,,st. patrick's cadets; balloon parade; animal train; vintage photograph; corning ny,"A black and white photograph showing St. Patrick's Cadets marching with an animal train during Saturday's balloon parade in Corning, NY, with a locomotive visible in the background and utility poles lining the street."
76-1723,,,corning ny; downtown street; ornate building; crowd; early 20th century; black and white photograph,"A black and white photograph showing a crowd of pedestrians gathered around an ornately decorated building with a distinctive arched entrance in downtown Corning, NY, with a church steeple visible in the background and period architecture lining the street."
76-1724,,,hot air balloon; early aviation; corning ny; crowd gathering; historic event,"A hot air balloon ascends above a gathered crowd in what appears to be a public field or fairground in Corning, New York, with hills visible in the background and period vehicles and spectators visible in the foreground, captured in this black and white historical photograph."
76-1726,,,corning painted post; model train display; vintage photograph; black and white; mid-20th century,"A black and white photograph showing a model train display labeled ""CORNING PAINTED POST"" with several people visible in the background, likely from a mid-20th century exhibition or fair in Corning, NY."
76-1727,,,early 20th century; trolley car; residential building; rural scene; black and white photograph,"A black and white photograph showing an electric trolley car with a curved roof on the left side of the image, positioned near a two-story wooden residential house with chimneys and ivy-covered walls, with several people visible in the yard and utility poles in the background."
76-1728,,,outdoor gathering; wooden building; early 20th century; large crowd; black and white photograph,"A large outdoor gathering of people assembled in front of a wooden structure with spectators seated on an upper platform and deck, suggesting a community event or performance in early 20th-century Corning, NY."
76-1732,,,tree-lined street; steuben street; corning ny; early 20th century; black and white photograph,"A black and white photograph labeled ""Steuben Street"" showing a tree-lined residential street in Corning, NY with mature trees creating a canopy over the unpaved road and buildings visible on the right side."
76-1734,,,north hamilton street; corning ny; brick buildings; painted post indian; early 20th century; downtown street,"A black and white photograph of North Hamilton Street in Corning, NY, showing brick commercial buildings lining the street with a painted Indian figure visible on a utility post on the right side, bare trees in the background suggesting winter or early spring, and utility poles running down the street."
76-1735,,,downtown corning; early 20th century; brick buildings; wooden storefronts; unpaved street; utility poles,"A black and white photograph of Corning, NY's downtown street showing a row of commercial buildings including Cassett's store and Kerbel's Drug Store, with wooden utility poles, unpaved roads, and early 1900s architecture."
76-1737,,,industrial mill; wooden buildings; smokestacks; lumber logs; black and white photograph,"A historic industrial mill complex with corrugated metal buildings, tall smokestacks emitting smoke, and stacked lumber logs in the foreground, representing early 20th-century manufacturing in Corning, NY."
76-1738,,,downtown street; brick buildings; early 20th century; unpaved road; black and white photograph,"A wide downtown street in Corning, NY lined with multi-story brick commercial buildings featuring storefronts at street level, with an unpaved road and sparse pedestrian and horse-drawn traffic visible in the distance."
76-1741,,,downtown corning; historic building; traffic light; first bank; black and white photograph,"A black and white photograph showing a prominent multi-story stone building with classical architectural details on a downtown Corning street corner, with a First Bank sign visible on an adjacent building, traffic signals, and a decorated evergreen tree in the foreground."
76-1745,,,school building; brick architecture; corning new york; early 20th century; black and white photograph,"School No. 3 in Corning, N.Y., a two-story brick educational building with classical architectural features, wide windows, and a central entrance with steps, photographed in black and white."
76-1746,,,sailing ships; waterfront; tree; calm water; black and white photograph,"A historical photograph labeled ""Coils Bay Bermuda"" showing several sailing vessels anchored in calm waters with a distinctive windswept tree on the shoreline."
76-1748,,,high school; brick building; bare trees; early 20th century; black and white photograph,"A black and white photograph labeled ""HIGH SCHOOL"" showing a two-story brick institutional building with multiple chimneys and tall windows, surrounded by bare trees in what appears to be late fall or winter, likely from the early 1900s in Corning, NY."
76-1749,,,ingersoll rand plant; industrial building; brick structure; early 20th century; black and white photograph,"A black and white photograph labeled ""Section of Ingersoll—Rand Plant"" showing a large brick industrial building with multiple stories and chimneys, surrounded by trees and smaller structures, representing the manufacturing facility in Corning, NY."
76-1754,,,glassblowing; craftsman; industrial workshop; black and white photograph; mid-20th century,"A glassblower in a white shirt works at his craft inside an industrial workshop, holding a glowing piece of molten glass on a rod while surrounded by metal tools and equipment typical of a glass manufacturing facility."
76-1757,,,neoclassical building; columned portico; tree-lined grounds; black and white photograph; historic architecture,"A black and white photograph showing a neoclassical building with prominent white columns and a triangular pediment, framed by tall trees on a manicured lawn, likely a civic or institutional structure from the early-to-mid 20th century."
76-1760,,,sailing ship; waterfront; maritime; black and white photograph; historical vessel,"A black and white photograph showing a multi-masted sailing ship on the water, viewed through what appears to be a circular frame or porthole, with bare tree branches in the foreground."
76-1761,,,sailing ship; ocean; black and white photograph; maritime; vintage,"A black and white photograph showing a three-masted sailing vessel on the ocean horizon, with handwritten text at the bottom that reads ""...ed on the Pacific Ocean,"" documenting a maritime scene from the Corning local history archive."
76-1762,,,ship; rocky coastline; tropical vegetation; maritime scene; black and white photograph,"A black and white photograph showing a sailing ship anchored offshore near rocky outcroppings, with handwritten caption below reading ""Ship Rhoderick Dhu on Rocks"" and tropical palm fronds visible in the upper left corner."
76-1763,,,naval ship; open water; black and white photograph; vintage snapshot; handwritten caption,"A black and white photograph showing a U.S. battleship on open water with handwritten text below reading ""U.S. Battleship Iowa"" and ""Maneuvers Bay,"" mounted on a decorative scalloped-edge backing typical of early-to-mid 20th century snapshot presentation."
77-1764,,,downtown corning; early automobiles; multi-story building; black and white photograph; street scene,"A black and white photograph showing a downtown Corning street scene with a prominent four-story white building with regularly spaced windows, period automobiles parked along the street, pedestrians, and surrounding commercial buildings from what appears to be the early 20th century."
77-1765,,,state street viaduct; steel bridge; corning ny; black and white photograph; industrial architecture,"This black and white photograph shows the State Street Viaduct in Corning, NY, a steel truss bridge spanning across what appears to be an industrial area with buildings and structures visible beneath and around it."
77-1766,,,parade float; whoopee; riverside builders supply; vintage automobile; black and white photograph,"A vintage parade float or promotional display for ""Whoopee"" and ""Riverside Builders Supply Co Inc"" is pulled by an early 20th-century automobile past residential buildings in what appears to be a Corning, NY street scene."
77-1767,,,victorian house; delevan avenue; col. berry; forested hillside; black and white photograph,"A black and white photograph of Col. Berry's residence at 210 Delevan Avenue in Corning, NY, showing a three-story Victorian-style house with multiple gables and a wraparound porch, set against a densely forested hillside."
77-1768,,,downtown street; pedestrians; historic buildings; black and white photograph; early 20th century,"A busy downtown street scene in Corning, NY showing pedestrians walking along a wide street lined with multi-story commercial and residential buildings, with storefronts visible on the left side and darker buildings on the right, photographed in black and white during the early 1900s."
77-1769,,,patriotic parade; decorated street; military uniforms; american flags; early 20th century,"A black and white photograph showing a patriotic parade or civic celebration on a downtown street in Corning, NY, with uniformed military personnel, crowds of spectators wearing hats, and buildings decorated with bunting, flags, and patriotic bunting along both sides of the street."
77-1771,,,baseball game; crowd; aerial view; mid-20th century; black and white photograph,"An aerial view of a baseball game in progress showing players on the field and a large crowd of spectators gathered along the sidelines at what appears to be a local sporting event in Corning, NY."
77-1772,,,man; vintage automobile; river landscape; black and white photograph; mid-20th century,"A man in a dark coat and cap stands beside a vintage automobile with the door open, overlooking a wide river with forested hills in the background in this black and white photograph."
77-1773,,,formal ceremony; large gathering; elevated platform; military or official event; black and white photograph,"A black and white photograph showing a large formal gathering on an elevated platform with hundreds of people in dark suits arranged in organized rows, surrounded by flags and spectators, appearing to document an official ceremony or military event in Corning, NY."
77-1774,,,patriotic bunting; american flags; downtown street; early 20th century; black and white photograph,"A downtown street in Corning, NY decorated with numerous American flags and patriotic bunting draped across buildings, with storefronts including an American Express Company sign visible at street level, suggesting a civic celebration or patriotic holiday observance from the early 1900s."
77-1775,,,steam locomotive; railroad; downtown corning; brick buildings; early 20th century,"A steam locomotive marked ""American Express"" is positioned on railroad tracks in downtown Corning with brick commercial buildings visible in the background and several people standing nearby on the wooden platform."
77-1776,,,industrial factory; glass manufacturing; black and white photograph; corning ny; early 20th century,"A black and white photograph showing an industrial glass factory complex in Corning, NY, with multiple buildings, smokestacks emitting smoke, a tall chimney, and surrounding hillsides, as identified by handwritten caption ""Ulex o) Biduduct + Glass Factory"" at the top of the image."
77-1777,,,steam locomotive; railroad; crowd; early 20th century; black and white photograph,"A black and white photograph showing a steam locomotive at a railroad yard or station in Corning, NY, with a large crowd of people gathered alongside the tracks, likely documenting a significant railway event or arrival from the early 1900s."
77-1779,,,railroad yard; uniformed officer; railway tracks; industrial infrastructure; black and white photograph,"A uniformed railroad officer stands on railroad tracks in what appears to be a rail yard or depot, with utility poles, fencing, and other workers visible in the background against a hillside landscape."
77-1780,,,steam locomotive; railroad; early 20th century; black and white photograph; passenger train,"A black and white photograph showing a steam locomotive numbered 999 with attached passenger cars on railroad tracks, with several people standing beside the train."
77-1781,,,industrial buildings; factory; smokestack; black and white photograph; early 20th century,"A black and white photograph showing an industrial complex with multiple brick factory buildings, a prominent tall smokestack, utility poles, and partial signage reading ""STEUG"" visible on the right building, typical of early industrial Corning, NY."
77-1782,,,industrial facility; fire trucks; mid-20th century; black and white photograph; manufacturing plant,"A black and white photograph showing fire trucks and firefighters conducting what appears to be a training or demonstration exercise at an industrial manufacturing facility, with large factory buildings and utility poles visible in the background."
77-1783,,,industrial riverfront; glass factory chimneys; river valley; black and white photograph; early 20th century,"A black and white photograph showing an industrial riverside landscape with prominent factory chimneys on the left, a steamboat or barge on the water, and hillsides in the background, characteristic of Corning, NY's glass manufacturing heritage along the Chemung River."
77-1784,,,formal ceremony; flags; large gathering; outdoor amphitheater; black and white photograph,"A formal outdoor ceremony or gathering at what appears to be an amphitheater or stadium in Corning, NY, with rows of attendees in dark clothing, multiple flags displayed, and rows of empty chairs visible in the foreground."
77-1785,,,formal gathering; men in suits; rural buildings; mid-20th century; black and white photograph,"A black and white photograph showing a group of formally dressed men gathered in an open field with white buildings visible in the background, appearing to document an official visit or community event in a rural setting."
77-1786,,,baseball field; grandstand; crowd gathering; black and white photograph; mid-20th century,"A black and white photograph showing a large crowd gathered on and around a grandstand at a baseball field, with fenced areas visible in the background and spectators assembled for what appears to be a formal event or ceremony."
77-1787,,,memorial ceremony; wreath laying; military personnel; downtown corning; black and white photograph,"A formal memorial or dedication ceremony in downtown Corning, NY, showing military personnel and civilians gathered around a wreath placed on a stand, with brick buildings and an American flag visible in the background."
77-1788,,,two men; vintage automobile; winter snow; mid-20th century; black and white photograph,"Two men in coats and hats stand beside a snow-covered 1950s automobile in an alley or narrow street, with brick buildings and ivy-covered walls visible in the background."
77-1789,,,indoor gathering; formal meeting; mid-20th century; black and white photograph; group portrait,"A black and white photograph showing five people in an indoor setting, including an older man in a dark suit speaking with four others dressed in casual 1950s-style clothing, appearing to be some kind of formal meeting or public event."
77-1790,,,three men; formal suits; black and white photograph; indoor; mid-20th century,"A black and white photograph showing three men in formal business attire engaged in conversation indoors, with the center man wearing a boutonnière and appearing to be the focus of attention."
77-1791,,,giant inflatable figures; parade or exhibition; mid-20th century; black and white photograph; crowds,"A black and white photograph showing large inflatable balloon figures at what appears to be a public parade or exhibition, with spectators gathered around the massive structures in what is likely Corning, NY."
77-1792,,,corning glass works; anniversary celebration; parade float; 1948; black and white photograph,"A large parade float celebrating Corning Glass Works' 80 years in Corning (1868-1948) features text referencing Edison and glassblowing, with storefronts including ""Ecker Drug Store"" visible in the background."
77-1793,,,crowd gathering; boats; waterfront; mid-20th century; black and white photograph,"A large crowd of people wearing hats and period clothing gathers at a waterfront location in what appears to be a public event or celebration, with boats visible in the background and buildings lining the shore."
77-1794,,,parade float; new york telephone company; 1940s; downtown corning; black and white photograph,"A New York Telephone Company parade float featuring a large telephone booth structure passes through a crowded downtown Corning street lined with storefronts, with signage visible reading ""1898 140 TELEPHONES IN CORNING"" and ""NEW YORK TELEPHONE COMPANY"" on the float."
77-1795,,,parade float; downtown corning; mid-century; crowds; black and white photograph,"A black and white photograph showing a parade float with ""ERIE"" branding passing through downtown Corning with large crowds of spectators lining the street, with visible storefronts including ""Ecker Drug Store"" in the background."
77-1796,,,parade float; decorated vehicle; crowd; mid-20th century; black and white photograph,"A large decorated parade float numbered 100 with elaborate sculptural elements and draped fabric is pulled through a crowded street lined with spectators wearing period clothing and hats, captured in black and white."
77-1797,,,formal event; women; 1940s-1950s fashion; white gown; black and white photograph,"A black and white photograph showing three women at what appears to be a formal social event, with a woman in an elegant white gown in the foreground and two other women in dark formal attire beside a brick wall."
77-1798,,,parade float; 1948; vintage clothing; crowd; black and white photograph,"A 1948 parade float featuring ""The Easy Way with Michigan Softwares"" signage, with spectators lining the street and people visible on the decorated platform with draped fabric and sand or similar material."
77-1799,,,downtown street; wooden utility poles; brick buildings; early 20th century; black and white photograph,"A black and white photograph showing a downtown street scene in Corning, NY with wooden utility poles, brick industrial buildings on either side, and numerous pedestrians gathered along the street, likely from the early 1900s."
77-1800,,,military formation; uniformed soldiers; institutional building; early 20th century; black and white photograph,"A black and white photograph showing a large group of uniformed soldiers or cadets standing in formation on a grassy field in front of a Victorian-era institutional building with distinctive towers and a cross visible in the background, with spectators gathered to observe the assembly."
77-1801,,,river; industrial equipment; derrick; black and white photograph; early 20th century,"A black and white photograph showing a tall derrick or drilling rig positioned in a river with industrial buildings and forested hills visible in the background, likely documenting industrial or construction activity along a waterway in the Corning, NY area."
77-1802,,,industrial site; concrete structure; bare trees; black and white photograph; early 20th century,"A black and white photograph showing an industrial landscape with a concrete dam or water control structure surrounded by fenced areas, bare trees, and industrial buildings with smokestacks visible in the background, typical of early industrial Corning, NY."
77-1803,,,parade; downtown street; early 1900s; marching band; brick buildings,"A large parade procession moves down a downtown street lined with spectators and brick commercial buildings, featuring a marching band in uniform and crowds of people in early 20th-century attire."
77-1804,,,parade; downtown street; early 20th century; large crowd; black and white photograph,"A large parade or public gathering fills a downtown Corning street lined with brick buildings and utility poles, with crowds of people lining both sides of the street and a banner-carrying group marching down the center, photographed in black and white."
77-1805,,,parade; horse-drawn carriages; downtown street; early 20th century; black and white photograph,"A crowded street parade in downtown Corning, NY featuring horse-drawn carriages and wagons moving down a wide main street lined with brick buildings and spectators, photographed in black and white during the early 1900s."
77-1806,,,downtown street; wooden utility poles; brick buildings; early 20th century; black and white photograph,"A black and white photograph showing a downtown street scene with wooden utility poles, brick and white-painted buildings on either side, horse-drawn wagons and pedestrians, hills visible in the background, and the notation ""18"" marked on the image."
77-1807,,,early aircraft; seaplane; water landing; vintage aviation; black and white photograph,"A black and white photograph showing an early seaplane with a large fabric-covered wing and fuselage floating on water, with several crew members visible on the aircraft and a spherical balloon or observation device tethered above it."
77-1808,,,rock formation; natural landscape; black and white photograph; geological feature; outdoor scene,A black and white photograph showing a distinctive rock formation or outcropping surrounded by vegetation and foliage in what appears to be a natural outdoor setting.
77-1809,,,industrial smokestacks; riverfront; steamboat; early 20th century; black and white photograph,"A black and white photograph showing industrial smokestacks on the left bank of a river with a steamboat moored in the water and a town with hills visible across the river, likely depicting industrial activity along the Chemung River in Corning, NY."
77-1810,,,bridge construction; steel arch bridge; industrial railway; early 20th century; black and white photograph,"A black and white photograph showing the skeletal steel framework of a large arch bridge under construction, with a steam locomotive and railway cars positioned beneath it on a rocky riverbed or construction site."
77-1811,,,industrial facility; river; manufacturing plant; black and white photograph; early 20th century,"A black and white photograph showing a large industrial manufacturing complex with multiple smokestacks situated along a river, with construction or industrial equipment and wooden railings visible in the foreground, likely depicting a glass or steel factory in Corning, NY during the early 1900s."
77-1812,,,parade; uniformed marchers; downtown street; early 20th century; black and white photograph,"A large parade or procession moves down a downtown Corning street lined with brick buildings and spectators, featuring uniformed marchers in the center and crowds of onlookers along both sides of the street."
77-1813,,,downtown street; parade or procession; bunting decorations; early 20th century; black and white photograph,"A crowded downtown street scene in Corning, NY showing a parade or public gathering with numerous pedestrians, bunting-decorated buildings, and what appears to be a large illuminated balloon or light fixture in the sky above the street."
77-1814,,,parade; downtown street; brick buildings; early 20th century; black and white photograph,"A large parade or procession moves down a downtown Corning street lined with brick commercial buildings and spectators, with participants in white clothing marching down the center of the unpaved road."
77-1815,,,parade; downtown corning; black and white photograph; early 1900s; decorated street,"A large parade or public procession moves down a downtown Corning street lined with brick buildings and spectators, with decorative black and white bunting strung overhead and what appears to be uniformed marchers or military personnel in formation."
77-1816,,,horse-drawn sleighs; winter street scene; Victorian buildings; community gathering; black and white photograph,"A black and white photograph showing multiple horse-drawn sleighs gathered on a snowy street in front of Victorian-era buildings, with numerous people assembled for what appears to be a winter community event or gathering in Corning, NY."
77-1818,,,rock formation; railroad tracks; winter landscape; bare trees; black and white photograph,"A black and white photograph showing a tall, dark rock outcropping or cliff face adjacent to railroad tracks in a snowy, wooded winter landscape, likely documenting a geological or railroad engineering feature in the Corning, NY area."
77-1819,,,vintage automobiles; state police; 1940s-1950s; accident investigation; black and white photograph,"A black and white photograph showing a State Police officer examining a damaged automobile at what appears to be an accident scene, with residential buildings visible in the background and another vehicle partially visible on the left side of the frame."
77-1820,,,group portrait; men in suits; black and white photograph; 1940s; formal gathering,"A formal black and white group photograph of approximately thirty men in business suits arranged in multiple rows, likely from the 1940s era, with one man in the center front wearing a light-colored shirt standing out among the formally dressed group."
77-1821,,,black and white photograph; film negative; architectural details; wooden structures; birdhouse,A two-frame film negative showing architectural or structural details including wooden beams and framework in the upper frame and what appears to be a small wooden birdhouse or similar structure in the lower frame.
77-1822,,,vintage automobile; agricultural equipment; rural landscape; black and white photograph; 1930s-1940s era,A black and white photograph showing an early automobile with an exposed engine and dual headlights parked next to large agricultural machinery with a steel frame structure in a rural setting with hills visible in the background.
77-1823,,,house fire; firefighters; ladder; residential building; black and white photograph,"Firefighters battle a house fire on the roof of a residential structure in Corning, NY, with multiple personnel positioned on ladders and the roof while others stand below, captured in this black and white historical photograph."
77-1824,,,industrial facility; vintage trucks; mid-20th century; black and white photograph; workers,"A black and white photograph showing workers operating industrial trucks and equipment at what appears to be a manufacturing or processing facility in Corning, NY, with large buildings and utility poles visible in the background."
77-1825,,,building fire; wooden structures; heavy smoke; nighttime; black and white photograph,A black and white photograph documenting a major structural fire with intense flames and smoke engulfing wooden buildings and utility poles in what appears to be a nighttime scene.
77-1826,,,formal dinner; nine men; beaded backdrop; mid-century; black and white photograph,"A black and white photograph showing nine men in business suits standing behind a dining table with glasses and place settings, posed in front of an ornate beaded backdrop, likely from a formal banquet or civic event in mid-20th century Corning, NY."
77-1827,,,beauty pageant; women; sashes; 1950s; formal wear,"A black and white photograph of ten women in formal gowns wearing sashes identifying them as pageant contestants, posed in two rows in front of a corrugated metal building, likely from a mid-20th century beauty competition in Corning, New York."
77-1828,,,formal ceremony; military uniform; dignitaries; outdoor gathering; black and white photograph,"A formal outdoor ceremony featuring military and civilian dignitaries seated in the front row, including a uniformed officer on the left and clergy members, with a large crowd of attendees visible in the background under an overcast sky."
77-1829,,,formal meeting; military uniform; handshake; mid-century; black and white photograph,"A black and white photograph showing a formal diplomatic or military meeting where a man in a dark suit shakes hands with a uniformed military officer while other officials in suits observe, set against a cloudy sky backdrop."
77-1830,,,formal gathering; military officer; seated dignitaries; black and white photograph; mid-20th century,"A black and white photograph showing a formal outdoor ceremony or gathering with multiple men in suits and at least one military officer seated in the foreground, with additional attendees standing behind them under a cloudy sky with utility poles visible in the background."
77-1831,,,night photograph; street scene; historic buildings; corning ny; black and white,"A nighttime street scene in Corning, NY showing historic buildings along a street with street lighting, captured in black and white photography."
77-1832,,,industrial interior; glass furnace; glassmaking; black and white photograph; mid-20th century,"A black and white photograph showing the interior of a glass furnace or kiln with visible arched openings and structural elements, likely documenting glassmaking operations at Corning Glass Works."
77-1833,,,black and white photograph; group of men; industrial or construction site; mid-20th century; outdoor gathering,"A black and white photograph showing a group of men gathered around what appears to be an industrial or construction site, with one man in the center crouching and holding or examining a large pipe or metal beam while others observe."
77-1834,,,baseball; men; outdoor gathering; mid-20th century; black and white photograph,"A group of men gathered outdoors in what appears to be a baseball-related meeting or discussion, with some seated holding papers and others standing around them, dressed in casual 1940s-1950s attire including white shirts and hats."
77-1835,,,church fire; firefighting equipment; gothic architecture; downtown corning; black and white photograph,"A black and white photograph showing firefighting efforts at a Gothic Revival church in downtown Corning, NY, with fire hoses deployed in the street and residential buildings visible in the background."
77-1836,,,fire fighting; brick building; water stream; firefighters; black and white photograph,"Firefighters direct a water stream at a brick industrial or institutional building during a fire suppression operation, with metal fire escape stairs visible on the left side of the structure."
77-1837,,,fire; firefighting; industrial building; ladder; black and white photograph,"A black and white photograph documenting firefighting efforts at an industrial building with heavy smoke billowing from the structure, firefighters operating a water stream from ground level, and a ladder truck positioned on the left side of the scene."
77-1838,,,firefighting; fire hose; night scene; emergency response; black and white photograph,"Firefighters direct a powerful stream of water from a fire hose at night to combat a building fire in Corning, NY, with several personnel visible operating the equipment and managing the hose line."
77-1839,,,firefighters; ladder rescue; brick building; fire emergency; black and white photograph,"A black and white photograph showing firefighters ascending a long ladder against a tall brick industrial building during what appears to be a fire response operation in Corning, NY, with a fire truck visible at ground level."
77-1840,,,fire; brick building; firefighting; smoke; black and white photograph,"Firefighters direct water streams from hoses onto a brick building engulfed in heavy smoke during an active fire response in Corning, NY."
77-1841,,,building fire; smoke; crowd; brick architecture; black and white photograph,"A black and white photograph showing a large brick building with distinctive peaked roofs engulfed in smoke during a fire, with a crowd of onlookers gathered in the street below to witness the event."
77-1842,,,building fire; brick structure; crowd; smoke; black and white photograph,"A black and white photograph showing a large crowd of onlookers gathered to watch a brick building engulfed in heavy smoke and flames, with bare trees visible and what appears to be an institutional or civic building with a distinctive cupola on the left side."
77-1843,,,fire fighting; brick building; metal staircase; firefighters; black and white photograph,"Firefighters operate a water stream from an elevated metal platform and staircase against a brick building, likely documenting a fire response or training exercise in Corning, NY."
77-1844,,,building fire; smoke; brick structure; black and white photograph; corning ny,"A brick building engulfed in heavy smoke during a fire, with a chain-link fence in the foreground and a street lamp visible on the right side of the image."
77-1845,,,industrial building; metal staircase; chain-link fence; black and white photograph; foggy conditions,"A black and white photograph showing an industrial or institutional building with barred windows and an external metal staircase, partially obscured by fog or mist, with a chain-link fence visible in the foreground."
77-1846,,,building fire; smoke; brick structure; fire hose; black and white photograph,"A multi-story brick building engulfed in heavy smoke and flames during a major fire, with a fire hose visible in the foreground, documenting what appears to be a significant fire event in Corning, NY."
77-1847,,,fire truck; ladder; firefighting; building fire; black and white photograph,"A vintage fire truck with an extended ladder is spraying water onto a burning building engulfed in smoke, with firefighters operating the equipment during what appears to be a mid-20th century fire response in Corning, NY."
77-1848,,,historic buildings; downtown corning; classical architecture; tin ware store; black and white photograph,"A black and white photograph showing a row of historic buildings in downtown Corning, including a white classical-style building with columns on the left and a brick building on the right with a ""Tin Ware & S[...]"" storefront, with the caption indicating this is ""one of the oldest hotels in the County."""
77-1849,,,large crowd; outdoor event; bleachers; river; black and white photograph,"An aerial view of a large crowd of spectators seated in bleachers along a riverbank, with what appears to be a water-based event or activity taking place in the river below."
77-1850,,,parade; marching band; downtown street; early 20th century; black and white photograph,"A large parade fills a downtown Corning street with marching band members in white uniforms, spectators lining the sidewalks, and period buildings including a visible ""U.S. Wellington & Co's Bank"" sign in the background."
77-1851,,,parade; horse-drawn carriage; crowd; downtown street; early 20th century,"A large crowd gathers in a downtown Corning street for a parade featuring horse-drawn carriages, marching bands with instruments, and formally dressed participants in what appears to be an early 20th-century civic or ceremonial procession."
77-1852,,,mooseheart; june 1902; procession; umbrellas; black and white photograph,"A black and white photograph dated ""Mooseheart-June 15, 1902"" showing a group of people holding umbrellas walking in procession on a brick pathway, with trees and a church steeple visible in the background."
77-1853,,,winter scene; denison park; frozen pond; bare trees; 1923; black and white photograph,"A winter scene in Denison Park from 1923 showing a snow-covered frozen pond surrounded by bare trees and bare vegetation, with people visible on the ice and park structures in the distance."
77-1854,,,hardware store; brick building; early 20th century; downtown corning; black and white photograph,"A corner brick building housing a hardware store with signage reading ""MILLS DAUGH DRAKE"" and ""HARDWARE"" visible on the storefront, featuring large display windows on the ground floor and multiple windows on the upper stories, photographed in black and white during the early 1900s."
77-1855,,,storefront; horse-drawn wagon; pedestrians; early 20th century; black and white photograph,"A black and white photograph showing a street-level storefront with large windows and a decorative awning, with several pedestrians and a horse-drawn wagon in front of the building in what appears to be early 1900s Corning, NY."
77-1856,,,storefront; rockwell & shumway; men in period clothing; late 19th century; black and white photograph,"A black and white photograph of the Rockwell & Shumway storefront in Corning, NY, showing five men posed in front of the shop window decorated with draped fabric and a scalloped awning, likely dating to the late 1800s."
77-1857,,,parade float; whoopee; w.m. killigrew seeds lime poultry supply; vintage automobiles; residential street; black and white photograph,"A parade float advertising ""Whoopee"" and ""W.M. Killigrew Seeds Lime Poultry Supply"" passes by residential buildings on a tree-lined street in what appears to be early-to-mid 20th century Corning, NY."
77-1858,,,gasoline car; erie railroad; railway; 1925; black and white photograph,"A gasoline-powered railroad car running on the Erie R.P. (Erie Railroad) tracks, photographed in 1925, showing a streamlined passenger or freight car with windows along its side and trees visible in the background."
77-1859,,,victorian mansion; brick architecture; corning new york; residential building; black and white photograph,"A black and white photograph showing the Victorian residence of the late F. N. Drake in Corning, New York, featuring a prominent brick mansion with multiple turrets, steep rooflines, wraparound porches, and ornate architectural details typical of late 19th-century residential design."
77-1860,,,stone bridge; river; ornamental railings; early 20th century; black and white photograph,"A stone arch bridge spanning a river with decorative balustrade railings and multiple supporting piers, completed November 11, 1924, as noted in the handwritten caption at the bottom of the photograph."
77-1861,,,historic buildings; brick architecture; church; downtown corning; black and white photograph,"A black and white photograph showing a historic downtown Corning streetscape featuring a prominent church with a crenellated tower and large arched windows, adjacent brick commercial buildings, bare trees, and what appears to be an early automobile in the foreground."
77-1862,,,historical map; erwin township; land survey; estate map; black and white photograph,"A historical map of Erwin Township showing the estate of the late Samuel Erwin, Esq., with property divisions, landowner names including Cooper, Erwin, Smith, and Dominick, and surveyed lot lines compiled on May 21, 1839."
77-1863,,,monument; brick buildings; downtown corning; unpaved street; black and white photograph,"A historic street scene in Corning, NY featuring a tall monument or statue surrounded by mature trees in the center of an unpaved town square, flanked by substantial brick commercial buildings with arched windows and storefronts."
77-1864,,,riverboat; steam engine; industrial; river landscape; black and white photograph,A steam-powered riverboat with a tall smokestack and cargo crates is docked in a river valley with forested hills in the background and industrial buildings visible along the shoreline.
77-1865,,,bridge construction; arch bridge; early 20th century; construction equipment; black and white photograph,"A black and white photograph showing the construction of a large arch bridge with wooden scaffolding and support structures, featuring the Corning skyline with church steeples visible in the background, likely documenting bridge construction in Corning, NY during the early 1900s."
77-1866,,,industrial smokestacks; river; stone bridge; black and white photograph; early 20th century,"A black and white photograph showing an industrial riverside scene with tall factory smokestacks on the left bank, a multi-arch stone bridge spanning the water, and industrial buildings along the waterfront, likely depicting Corning, NY's glass manufacturing heritage along the Chemung River."
77-1867,,,industrial facility; factory smokestacks; canal; black and white photograph; early 20th century,"A black and white photograph showing an industrial glass manufacturing facility in Corning, NY with two prominent smokestacks, wooden drying racks, a canal, and surrounding factory buildings nestled in a valley with hills in the background."
77-1868,,,industrial factory; twin smokestacks; construction site; black and white photograph; early 20th century,"A black and white photograph showing a large industrial factory building with two prominent twin smokestacks under construction, with a construction crane visible on the left side and scattered building materials and logs in the foreground."
77-1869,,,industrial factory; multiple smokestacks; riverside location; black and white photograph; early 20th century,"A black and white photograph showing a large industrial factory complex with multiple tall smokestacks situated along a riverbank, with forested hills visible in the background and scattered debris and railroad tracks in the foreground."
77-1870,,,industrial factory; riverside; brick buildings; black and white photograph; early 20th century,"A black and white photograph showing an industrial factory complex along a waterway in Corning, NY, with distinctive twin smokestacks, multi-story brick buildings, and wooden boats or barges moored in the foreground on the water."
77-1871,,,industrial structure; wooden framework; concrete base; rural landscape; black and white photograph,"A black and white photograph showing a man standing atop a large concrete structure with tall wooden vertical slats or framework, set in a rural landscape with hills and industrial buildings visible in the background."
77-1872,,,corning ny; industrial landscape; rooftop view; factory chimneys; black and white photograph,"A black and white photograph taken from a rooftop showing an industrial Corning, New York landscape with factory chimneys, a church steeple, forested hills in the background, and construction or industrial materials scattered on the foreground roof."
77-1873,,,bridge construction; steel framework; crane; industrial; black and white photograph,"A black and white photograph showing the construction of a steel bridge with a tall lattice crane lifting curved steel framework sections over water, documenting mid-20th century bridge engineering and construction methods."
77-1874,,,shipyard; vessels under construction; industrial waterfront; black and white photograph; mid-20th century,"A black and white photograph showing multiple ships in various stages of construction at what appears to be a shipyard, with a large cross visible on the left side, wooden scaffolding and support structures, and workers visible on the dock area."
77-1875,,,stone bridge; river; industrial smokestacks; black and white photograph; early 20th century,"A black and white photograph showing a multi-arch stone bridge spanning a river with industrial smokestacks visible on the left bank and hills in the background, typical of early industrial-era Corning, New York."
77-1876,,,early aviation; seaplane; waterfront; early 20th century; black and white photograph,"A black and white photograph showing workers boarding or working on an early seaplane with fabric-covered wings and struts, docked at a waterfront facility in what appears to be the early 1900s."
77-1877,,,vintage aircraft; biplane; passengers boarding; 1920s-1930s aviation; black and white photograph,"A black and white photograph showing passengers boarding a large biplane aircraft, likely from the 1920s-1930s era, with ground crew and onlookers visible near the fuselage and landing gear."
77-1878,,,early aviation; biplane; pilot; aerial photograph; black and white photograph,"A black and white photograph showing an early biplane in flight with a pilot visible in the open fuselage, flying over a landscape with forested hills and water visible below."
77-1879,,,man descending stairs; uniformed officials; black and white photograph; early 20th century; formal occasion,"A well-dressed man in a light-colored suit descends a stairway surrounded by uniformed officials and military personnel in this black and white photograph, suggesting an official or diplomatic event from the early 20th century."
77-1880,,,military parade; uniformed soldiers; public gathering; early 20th century; black and white photograph,"A black and white photograph showing a large formation of uniformed soldiers marching in a parade or military assembly on an open field, with spectators watching from the sides and a Victorian-era building visible in the background."
77-1881,,,street scene; utility poles; brick buildings; crowd of people; black and white photograph,"A black and white photograph showing a street scene in what appears to be early 20th century Corning, NY, with utility poles lining both sides of the street, substantial brick buildings, a gathered crowd of people, and hills visible in the background."
77-1882,,,baseball team; institutional building; early 20th century; black and white photograph; outdoor field,"A baseball team in light-colored uniforms stands in a line on a grass field with a distinctive Victorian-era institutional building featuring a tower visible in the background, likely from the early 1900s in Corning, NY."
77-1883,,,baseball team; uniformed players; institutional building; early 20th century; black and white photograph,"A baseball team in white uniforms stands in formation on a field in front of a large Victorian-era institutional building with a prominent tower, with spectators visible in the background and the archive reference number ""40"" visible in the lower right corner."
77-1884,,,birch tree; peeling bark; nature; black and white photograph; close-up,"A black and white photograph showing a tall birch tree with distinctive peeling white and dark bark, photographed against a light sky with vegetation visible at its base."
77-1885,,,stone tower; forested landscape; water view; black and white photograph; historic ruins,"A black and white photograph showing a deteriorating stone tower or chimney structure surrounded by dense forest vegetation, with a body of water visible in the distance, likely depicting a historic ruin in the Corning, NY area."
77-1886,,,victorian building; public gathering; town square; black and white photograph; early 1900s,"A black and white photograph showing a large Victorian-era building with distinctive towers and cupolas surrounded by crowds of people gathered on an open field, with the archive reference number 44 visible in the lower right corner."
77-1887,,,public gathering; gazebo; early 20th century; outdoor event; black and white photograph,"A large crowd of people gathered on an open field near a distinctive gazebo with a cupola tower on the left side, with trees and buildings visible in the background in this early 20th-century photograph marked with the number 45."
77-1888,,,public gathering; historic building; tower; crowd; black and white photograph,"A large crowd gathers on an open field near a distinctive Victorian-era building with a prominent tower in Corning, NY, with the archive reference number 46 visible in the lower right corner."
77-1889,,,street parade; formal gathering; early 20th century; tree-lined street; black and white photograph,"A black and white photograph showing a formal street gathering or parade in Corning with crowds of people wearing hats and formal attire lining a tree-lined street with buildings visible in the background, marked with archive number 35."
77-1890,,,street scene; wooden utility poles; brick buildings; pedestrians; early 20th century; black and white photograph,"A black and white photograph showing a street scene in Corning, NY with numerous pedestrians gathered on a dirt road lined with wooden utility poles, flanked by brick industrial or commercial buildings, with hills visible in the background."
77-1891,,,parade; marching band; early 20th century; downtown corning; black and white photograph,"A marching band and procession of people parade down a dirt street in downtown Corning, NY, lined with brick and white buildings, utility poles, and mountains visible in the background."
77-1892,,,marching band; street parade; early 20th century; wooden utility poles; brick buildings,"A black and white photograph showing a marching band with brass instruments parading down a street in Corning, NY, flanked by brick industrial buildings and wooden utility poles, with mountains visible in the background and spectators lining the street."
77-1893,,,military formation; institutional building; parade ground; early 20th century; black and white photograph,"A black and white photograph showing a large group of uniformed personnel standing in formation on a grassy field with a distinctive Victorian-era institutional building featuring turrets and a flagpole visible in the background, with trees lining the perimeter and spectators gathered around the edges."
77-1894,,,victorian building; cemetery; gathering; black and white photograph; historic architecture,A black and white photograph showing a large Victorian-era building with distinctive towers and cupolas surrounded by crowds of people gathered in what appears to be a cemetery with numerous white headstones visible in the foreground.
77-1895,,,military parade; institutional building; early 20th century; black and white photograph; public gathering,"A black and white photograph showing a military formation or parade on a grassy field with soldiers lined up in formation on the left, spectators gathered in the background, and a prominent Victorian-era institutional building with towers and turrets visible on the right side of the image, marked with the number ""37"" in the lower right corner."
77-1896,,,victorian building; public gathering; open field; black and white photograph; early 20th century,"A black and white photograph showing a large Victorian-era institutional building with distinctive towers and cupolas surrounded by crowds of people gathered on an open field, with the photograph numbered ""36"" in the lower right corner."
77-1897,,,steam locomotive; railroad; 1920s; corning ny; black and white photograph,"A photograph dated 4-21-1925 showing a large steam locomotive on railroad tracks with buildings and bare trees in the background, captioned ""One of Largest Engines in World"" and attributed to Matt H Shay."
77-1898,,,train wreck; crowd; disaster; 1929; black and white photograph,"A large crowd of onlookers gathers around the wreckage of a severely damaged train car dated May 18, 1929, with debris scattered across the ground and destroyed railway equipment visible in the background."
77-1899,,,railroad wreck; derailment; campbell new york; 1929; black and white photograph,"A Delaware, Lackawanna & Western Railroad wreck at Campbell, N.Y., photographed on May 10, 1929 at about 8 A.M., showing derailed and damaged freight cars on the tracks with debris scattered across the ground."
77-1901,,,warehouse fire; gorton warehouse; corning ny; railroad car; march 1925,"This black and white photograph documents the ruins of the Gorton Warehouse following a fire that occurred on Friday, March 13, 1925, showing the severely damaged and burned-out structure with its skeletal frame still standing on railroad tracks."
77-1902,,,fire damage; ruins; downtown corning; 1925; black and white photograph,"This photograph documents the aftermath of a devastating fire in Corning, NY on March 19, 1925, showing extensive destruction with charred wooden debris, collapsed structures, and damaged buildings in the background amid the ruins of what was once the downtown area."
77-1903,,,ruins; gorton warehouse; destroyed building; industrial structure; black and white photograph,"This black and white photograph shows the ruins of Gorton Warehouse in Corning, NY, depicting a severely damaged industrial building with collapsed wooden structures, debris scattered across the ground, and mountains visible in the background."
77-1904,,,residential warehouse fire; destruction; debris; 1945; black and white photograph,"This black and white photograph documents the aftermath of a residential warehouse fire in Corning, NY on Friday, March 13, 1945 at 3 A.M., showing extensive debris and charred remains scattered across the ground with damaged buildings visible in the background."
77-1907,,,tree damage; park avenue; corning ny; early 1900s; storm damage,"A photograph documenting a large tree blown down on Park Avenue in Corning, NY on February 19, 1905, with residential buildings and utility poles visible along the street and several people gathered to observe the damage."
77-1908,,,two people; brick building; alleyway; vintage clothing; black and white photograph,"A grainy black and white photograph showing two people standing in an alley or narrow passage between brick buildings, with one person in darker clothing and another in lighter clothing visible against the brick wall."
77-1909,,,victorian mansion; brick architecture; residential building; black and white photograph; late 19th century,"A black and white photograph of a large Victorian-era mansion in Corning, NY, featuring distinctive architectural elements including a steep gabled roof, multiple chimneys, decorative trim, and wraparound porches, surrounded by mature trees."
77-1910,,,monument; statue; public square; early 20th century; black and white photograph,"A black and white photograph showing a stone monument with a statue on top in what appears to be a public square or park in Corning, NY, with bare trees and period street lamps visible in the background."
77-1911,,,church building; steeple; bare trees; black and white photograph; early 20th century,"A black and white photograph showing a church building with a prominent steeple and bell tower, surrounded by bare deciduous trees, likely taken in late fall or early spring in Corning, NY."
77-1912,,,portrait photograph; woman; eyeglasses; early 20th century; black and white,"A black and white portrait photograph of a woman wearing eyeglasses with her hair styled up, presented in an oval vignette format typical of early 20th century photography."
77-1913,,,city club fire; corning ny; 1926; fire damage; historic building; black and white photograph,"This black and white photograph documents the City Club Fire in Corning, New York on May 12, 1926, showing a damaged Victorian-era building with visible fire destruction and bare trees in the foreground."
77-1917,,,festival; 1920s; bicycle; monowheel; black and white photograph,"A photograph dated 10-2-1924 showing a person riding a monowheel (single-wheel cycle) during what appears to be a festival event in Corning, NY, with buildings and trees visible in the background."
77-1918,,,parade float; fire prevention week; vintage automobile; black and white photograph; corning ny,"A Fire Prevention Week parade float from October 5-11 featuring a vintage truck with ""DONT"" safety messages, an American flag, and a model building structure, photographed in front of the Lipinsky Shop in Corning, New York."
77-1919,,,kishbaugh river; flood damage; 1924; bicycles; wooden structures,"A black and white photograph dated April 5, 1924 showing flood damage along the Kishbaugh River, with several people on bicycles standing near a damaged wooden structure and a vehicle, documenting the aftermath of flooding in the area."
77-1920,,,riverside; 1924; bare trees; commercial building; black and white photograph,"A photograph dated Thursday, April 3, 1924, showing W. Kishbaugh's Riverside establishment, a small commercial building with signage, bare trees, and an early automobile visible on the left side of the frame."
77-1921,,,storefront; brick building; clearance sale; mid-20th century; black and white photograph,"A black and white photograph showing a street-level storefront with a banner announcing ""WE MUST BE READY TO MOVE TO OUR NEW BUILDING LATE IN APRIL. BUY AND SAVE 50"" and additional text referencing men's boys clothing, indicating a clearance sale prior to relocation."
77-1922,,,downtown corning; brick buildings; early 20th century; street scene; black and white photograph,"A black and white photograph of a downtown Corning street corner featuring a prominent brick corner building with multiple stories and regular window patterns, with pedestrians and street lamps visible in the unpaved street scene."
77-1923,,,storefront; awning; brick building; downtown corning; black and white photograph,"A black and white photograph of a historic downtown storefront in Corning, NY featuring a clothing house with striped awnings, large display windows with dark curtains, and ornamental architectural details on the upper facade."
77-1924,,,downtown corning; historic storefronts; horse-drawn carriages; early 1900s; black and white photograph,"A historic downtown Corning street scene featuring ornate brick commercial buildings with storefronts, canvas awnings, pedestrians, and horse-drawn wagons, likely from the early 20th century."
77-1925,,,factory interior; industrial machinery; manufacturing floor; black and white photograph; mid-20th century,"This black and white photograph shows the interior of an industrial manufacturing facility with multiple pieces of heavy machinery and equipment arranged along a production floor beneath a steel beam ceiling structure, typical of early-to-mid 20th century factory operations in Corning, NY."
77-1926,,,industrial construction; american bridge company; steel framework; workers; black and white photograph,"A black and white photograph showing industrial construction work at an American Bridge Company site, with workers on steel framework and lattice tower structures visible against large industrial buildings."
77-1927,,,gravestone; cemetery; snow; overgrown vegetation; black and white photograph,A snow-covered gravestone with decorative circular designs and partially legible carved text is surrounded by overgrown grass and vegetation in what appears to be a cemetery or burial ground.
77-1928,,,historical marker; pre-emption line; 1792; transit meridian; new york territory,A historical marker plaque documenting that a pre-emption line marker was placed in 1792 to designate the transit meridian line between New York and territory ceded to Massachusetts.
77-1929,,,historic building; arched windows; tree-lined; architectural detail; black and white photograph,"A black and white photograph showing a two-story historic building with arched windows and a front porch, partially obscured by large trees with full foliage, typical of late 19th or early 20th century architecture in Corning, NY."
77-1930,,,vintage automobile; early 1900s car; black and white photograph; industrial landscape; men in hats,"A black and white photograph showing an early 1900s automobile with two men in hats standing nearby, set against an industrial landscape with factory buildings and smokestacks in the background."
77-1931,,,horse-drawn wagon; parade or procession; tree-lined street; black and white photograph; early 20th century,"A black and white photograph showing a horse-drawn wagon or cart with multiple white horses passing through a tree-lined street, with spectators visible along the sides and buildings in the background, appearing to document a parade or public procession in an early 20th-century setting."
77-1932,,,horse-drawn carriage; tree-lined street; black and white photograph; early 20th century; corning ny,"A black and white photograph showing a horse-drawn carriage or wagon on a tree-lined street in what appears to be early 20th century Corning, New York, with figures visible around the vehicle and foliage overhead."
77-1933,,,parade; giant figures; street event; mid-20th century; black and white photograph,"A parade scene showing large inflatable or constructed figures towering over crowds of spectators lining a tree-shaded street, likely from a mid-20th century community celebration in Corning, NY."
77-1934,,,tree bark; close-up; natural texture; black and white photograph; vegetation,"A close-up black and white photograph showing the detailed bark texture of a tree trunk with rough, layered surface patterns."
77-1935,,,steuben hotel; corning ny; downtown street; early 1900s; black and white photograph,"A black and white photograph of the Steuben Hotel in Corning, NY, dated July 1, 1928, showing a multi-story brick building with regular window patterns, a metal fire escape, and surrounding downtown structures with pedestrians visible on the street below."
77-1936,,,stone church; gothic architecture; bare trees; black and white photograph; construction or renovation,"A black and white photograph showing a stone church with Gothic architectural features, including a prominent tower and arched windows, with ladders and construction materials visible against the building, surrounded by bare winter trees."
77-1937,,,church; construction scaffolding; stone building; black and white photograph; mid-20th century,"A stone church building with Gothic-style windows undergoing renovation or construction, with tall metal scaffolding erected against its tower in this black and white photograph from Corning, NY."
77-1938,,,vintage automobile; 1920s-1930s car; residential street; bare trees; black and white photograph,"A black and white photograph showing an early 20th-century automobile parked on a residential street in what appears to be Corning, NY, with a house visible in the background and bare trees lining the property."
77-1939,,,neoclassical building; columned facade; historic architecture; black and white photograph; tree-lined grounds,"A black and white photograph showing a neoclassical building with prominent white columns and a pediment roof, framed by large trees, with a manicured lawn and small fence visible in the foreground."
77-1940,,,map; township lines; surveyor document; black and white; historical cartography,"A historical surveyor's map showing township lines between Erwin, Hornby, and Campbell, with property boundaries, waterways, and geographical features marked in white lines on a dark background."
77-1941,,,land survey map; property boundaries; family names; rural parcels; black and white photograph,"A historical land survey or property map showing parceled land divisions in what appears to be a rural area near Corning, NY, with numerous family names marked including Cooper, Erwin, Townsend, Smith, Bostwick, and Campbell, along with acreage notations and boundary lines."
77-1942,,,land survey map; tioga river; property boundaries; corning new york; black and white document,"A historical land survey map showing property divisions and landowner names including Smith, Bostwick, William Bowin, Arthur Erwin, and others in the Corning, New York area, with the Tioga River marked as a boundary line and various acreage measurements noted throughout."
77-1943,,,tree-lined street; early 20th century; unpaved road; corning ny; black and white photograph,"A tree-lined street in Corning, New York stretches into the distance with bare deciduous trees flanking both sides, unpaved road surface, period automobiles and pedestrians visible in the middle distance, and brick buildings visible on the right side of the street."
77-1944,,,church steeple; street scene; trolley tracks; bare trees; early 20th century,"A black and white photograph of a Corning, NY street lined with bare trees and utility poles, featuring a prominent church with a tall steeple in the center background and trolley tracks running down the middle of the street."
77-1945,,,church building; white painted structure; cupola; classical architecture; black and white photograph,"A black and white photograph of a white-painted church building featuring a columned portico entrance, multiple windows, and a distinctive cupola with a spire, surrounded by bare trees and shrubs, likely from the mid-20th century."
77-1946,,,american flag; church steeple; industrial chimneys; black and white photograph; early 20th century,"A black and white photograph showing a church with a tall steeple on the right, adjacent industrial buildings with prominent smokestacks, an American flag flying on the left, and what appears to be a cannon or similar object in the foreground, depicting the industrial and religious landscape of Corning, NY."
77-1947,,,automobile accident; damaged vehicle; residential building; Gibson; August 1947; black and white photograph,"A severely damaged automobile has crashed into a wooden residential house in Gibson on August 5th, with several people standing nearby observing the wreckage and debris scattered on the ground."
77-1948,,,steam locomotive; railroad; passengers; black and white photograph; mid-20th century,"A black and white photograph showing a steam locomotive with passengers gathered alongside the tracks, with steam visible from the engine and what appears to be a vintage aircraft visible in the background."
77-1949,,,steam engine; industrial machinery; children; early 20th century; black and white photograph,"A black and white photograph showing two children standing before a large stationary steam engine or industrial machine with prominent wheels, smokestacks, and a canopy structure, likely from the early 1900s."
77-1950,,,steam locomotive; railroad; black and white photograph; industrial; vintage trains,"A black and white photograph showing a steam locomotive numbered 3000 with billowing smoke, positioned on railroad tracks with freight cars and industrial buildings visible in the background."
77-1951,,,brick buildings; horse-drawn wagon; early 20th century; downtown street; black and white photograph,"A black and white photograph showing a three-story brick building with multiple windows in what appears to be downtown Corning, NY, with a horse-drawn wagon in the foreground and period signage visible on adjacent structures."
77-1952,,,downtown street; brick buildings; early 20th century; corning ny; black and white photograph,"A black and white photograph of a downtown Corning street lined with multi-story brick commercial buildings, showing partial signage including text fragments ""&C."" and ""S."" on the left building, with mountains visible in the distant background."
77-1953,,,baby carriage; street scene; early 20th century; pedestrians; black and white photograph,"A black and white photograph showing a woman with a baby carriage on a tree-lined street with pedestrians and storefronts, appearing to be from the early 1900s in Corning, NY."
77-1954,,,industrial factory; twin smokestacks; brick building; railroad tracks; black and white photograph,"A black and white photograph showing an industrial factory complex with a prominent brick building featuring two tall smokestacks, railroad tracks in the foreground, and surrounding outbuildings nestled against forested hills."
77-1955,,,aerial view; corning ny; hillside town; church steeple; black and white photograph,"An aerial or elevated view of Corning, New York showing a hillside settlement with a prominent white church with a steeple on the right, scattered residential and industrial buildings, railroad tracks, and forested hills in the background."
77-1956,,,storefront window display; glassware; retail shop; black and white photograph; mid-20th century,"A black and white photograph of a storefront window display in Corning, NY featuring an extensive collection of glassware and decorative glass items arranged on multiple shelves, with a brick building facade and large display windows typical of mid-20th century retail merchandising."
77-1957,,,jimerson-ford drug store; brick storefront; downtown corning; black and white photograph; mid-20th century,"A black and white photograph of the Jimerson-Ford Drug storefront in downtown Corning, NY, showing a brick building with large display windows, signage, and a pedestrian on the sidewalk."
77-1958,,,storefront; glass business; brick building; vintage signage; black and white photograph,"A black and white photograph of a Corning, NY storefront displaying signage for ""Glass Lever Mounted"" and ""Waterford Glass,"" showing a brick commercial building with large display windows and industrial-style upper-floor fenestration."
77-1959,,,parade; horse-drawn wagons; downtown street; brick buildings; black and white photograph,"A historical black and white photograph showing a large parade or procession down a dirt street in Corning, NY, with numerous horse-drawn wagons, crowds of spectators lining both sides, and multi-story brick commercial buildings flanking the street."
77-1960,,,brass band; musical ensemble; early 1900s; group portrait; black and white photograph,"A formal group portrait of approximately a dozen men with brass and wind instruments, including a prominent bass drum labeled ""CORNING"" visible in the center, dressed in period suits and caps typical of the early 1900s."
77-1961,,,portrait; elderly man; brick building; formal attire; black and white photograph,"A black and white photograph of an elderly man with a distinctive mustache wearing a dark suit and tie, standing in front of a brick building with windows visible behind him."
77-1962,,,cash food stores inc; storefront; produce display; brick building; black and white photograph,"A black and white photograph of Cash Food Stores Inc., a grocery storefront with a produce display window featuring vegetables and goods, with staff members visible in white aprons standing in the doorway and on the street in front of the brick building."
77-1963,,,vintage automobiles; 1920s-1930s cars; residential street; bare trees; black and white photograph,"A black and white photograph showing two early-twentieth-century automobiles parked on a residential street in Corning, NY, with bare trees and houses visible in the background."
77-1964,,,corning savings bank; downtown storefront; brick building; early 20th century; black and white photograph,"A historic photograph of a multi-story brick building in downtown Corning, NY, featuring the Corning Savings Bank on the ground floor with signage visible, and a ""Cheap Cash"" store to the right, with rows of tall windows on the upper floors."
77-1965,,,downtown corning; historic storefronts; lunch room; bennett lock; brick buildings; black and white photograph,"A black and white photograph of a historic downtown Corning storefront showing a ""Lunch Room"" on the ground floor and ""Bennett Lock"" signage on the upper facade, with multi-story brick buildings featuring large display windows typical of early-to-mid 20th century commercial architecture."
77-1966,,,downtown street; trolley tracks; crowd gathering; early 1900s; black and white photograph,"A large crowd of people in early 20th-century attire gathers on a downtown Corning street lined with multi-story brick buildings, with trolley tracks visible in the unpaved road and mountains visible in the distance."
77-1967,,,brick building; storefront; charles kahn; early 20th century; black and white photograph,"A two-story brick commercial building in Corning, NY featuring arched windows on the upper floor and ground-level storefronts, with ""Charles Kahn"" visible on the right storefront signage, photographed in black and white."
