id,LHNo,Subject:,Date,Tags,Description
1,17-1581,"Caton, N.Y.",,,
2,75-0001,Corning Glass Works Floods,1946,flood damage; office building basement; water damage; scattered debris; black and white photograph,"This black and white photograph shows the flooded basement of Office Building 421 at the foot of stairs during the 1946 Corning flood, with water covering the floor and personal items, furniture, and papers scattered and damaged throughout the space."
3,75-0001,Floods,1946,flood damage; office building basement; water damage; scattered debris; black and white photograph,"This black and white photograph shows the flooded basement of Office Building 421 at the foot of stairs during the 1946 Corning flood, with water covering the floor and personal items, furniture, and papers scattered and damaged throughout the space."
4,75-0002,Corning Glass Works Floods,1946,flood damage; filing cabinets; water damage; interior; black and white photograph,"This black and white photograph shows the interior of a flood-damaged office or facility in Corning, NY from 1946, with multiple filing cabinets submerged in floodwater and papers and materials scattered throughout the space, documenting the destruction caused by the Corning Glass Works Floods."
5,75-0002,Floods,1946,flood damage; filing cabinets; water damage; interior; black and white photograph,"This black and white photograph shows the interior of a flood-damaged office or facility in Corning, NY from 1946, with multiple filing cabinets submerged in floodwater and papers and materials scattered throughout the space, documenting the destruction caused by the Corning Glass Works Floods."
6,75-0003,Corning Glass Works Floods,1946,flood damage; office building basement; scattered documents; water damage; black and white photograph,"This black and white photograph shows the flooded basement of Office Building #21 in the Advertising Department at Corning Glass Works, with water-damaged papers, overturned furniture, and documents scattered throughout, as indicated by the caption noting the water had receded and the basement was partially pumped during the 1946 flood."
7,75-0003,Floods,1946,flood damage; office building basement; scattered documents; water damage; black and white photograph,"This black and white photograph shows the flooded basement of Office Building #21 in the Advertising Department at Corning Glass Works, with water-damaged papers, overturned furniture, and documents scattered throughout, as indicated by the caption noting the water had receded and the basement was partially pumped during the 1946 flood."
8,75-0004,Corning Glass Works Floods,1946,flooded alley; brick buildings; wooden debris; 1946 flood; black and white photograph,"A black and white photograph documenting flood damage in Corning, NY showing a flooded alley between brick industrial buildings with wooden crates and debris scattered throughout, observed by a man in period clothing and hat."
9,75-0004,Floods,1946,flooded alley; brick buildings; wooden debris; 1946 flood; black and white photograph,"A black and white photograph documenting flood damage in Corning, NY showing a flooded alley between brick industrial buildings with wooden crates and debris scattered throughout, observed by a man in period clothing and hat."
10,75-0005,Corning Glass Works Floods,1946,flooded street; 1940s automobiles; brick industrial buildings; floodwaters; black and white photograph,"This black and white photograph shows a flooded street in Corning, NY during the 1946 flood, with two 1940s-era automobiles partially submerged in floodwater in front of large brick industrial buildings, likely part of the Corning Glass Works facility."
11,75-0005,Floods,1946,flooded street; 1940s automobiles; brick industrial buildings; floodwaters; black and white photograph,"This black and white photograph shows a flooded street in Corning, NY during the 1946 flood, with two 1940s-era automobiles partially submerged in floodwater in front of large brick industrial buildings, likely part of the Corning Glass Works facility."
12,75-0006,Baron Steuben Hotel,1946,,
13,75-0006,Corning Glass Works Floods,1946,,
14,75-0006,Floods,1946,,
15,75-0007,Corning Glass Works Floods,1946,flood damage; office building interior; water damage; 1946; black and white photograph,"A man in a dark coat and fedora surveys the interior of an office in Building No. 21 of the Corning Glass Works after water from the 1946 flood receded, showing damaged file cabinets, scattered papers, and waterlogged materials throughout the workspace."
16,75-0007,Floods,1946,flood damage; office building interior; water damage; 1946; black and white photograph,"A man in a dark coat and fedora surveys the interior of an office in Building No. 21 of the Corning Glass Works after water from the 1946 flood receded, showing damaged file cabinets, scattered papers, and waterlogged materials throughout the workspace."
17,75-0008,Corning Glass Works Floods,1946,flooded street; brick industrial building; 1940s automobile; people wading; black and white photograph,"A black and white photograph showing a flooded street in Corning, NY during the 1946 flood, with a large brick industrial building (likely Corning Glass Works) partially submerged in water, several people wading through the flood, and a 1940s-era car visible on the left side of the frame."
18,75-0008,Floods,1946,flooded street; brick industrial building; 1940s automobile; people wading; black and white photograph,"A black and white photograph showing a flooded street in Corning, NY during the 1946 flood, with a large brick industrial building (likely Corning Glass Works) partially submerged in water, several people wading through the flood, and a 1940s-era car visible on the left side of the frame."
19,75-0009,Floods,1935,flooded house; structural damage; new york state flood; july 1935; black and white photograph,"A residential house is partially submerged and tilted at an angle in floodwaters during the July 8, 1935 New York State flood, with debris and trees visible in the background, captioned as ""A very common sight in New York State Flood—Flood July 8, 1935."""
20,75-0010,Floods,1935,flooded landscape; rural road; forest; 1935 flood; black and white photograph,"This photograph documents the flooding along the Corning and Painted Post Road on July 8, 1935, showing a submerged rural landscape with trees, vegetation, and a fence partially underwater, with forested hills visible in the background."
21,75-0011,"Corning, New York",1935,residential street; victorian house; 1935; corning new york; black and white photograph,"A 1935 black and white photograph of a Victorian-era residential street in Corning, New York, showing a white wooden house with a turret and wraparound porch, lattice fencing, mature trees, and a street sign reading ""LEE"" visible in the foreground."
22,75-0012,Floods,1935,flooded street; residential neighborhood; wooden houses; 1935 flood; black and white photograph,"This photograph documents the flooding on High Street in Painted Post, New York on July 8, 1935, showing residential wooden structures partially submerged in floodwaters with trees visible in the background."
23,75-0013,Floods,1935,flooded street; residential buildings; utility poles; 1935 flood; black and white photograph,"This black and white photograph shows the July 8th flood at Painted Post, New York, with water inundating a residential area containing multiple wooden buildings, utility poles, and railroad tracks visible in the foreground."
24,75-0014,Corning Glass Works Floods,1946,flooded interior; wooden chairs; water damage; 1946 flood; black and white photograph,"A black and white photograph showing the interior of a flooded building with water covering the floor, displaced wooden chairs, and debris scattered throughout, documenting damage from the 1946 Corning flood."
25,75-0014,Floods,1946,flooded interior; wooden chairs; water damage; 1946 flood; black and white photograph,"A black and white photograph showing the interior of a flooded building with water covering the floor, displaced wooden chairs, and debris scattered throughout, documenting damage from the 1946 Corning flood."
26,75-0015,,,portrait photograph; circular frame; man; early 20th century; black and white,"A black and white portrait photograph of a man in profile within a circular frame, numbered ""5"" and captioned with partial text reading ""of Their Fellow Towns-,"" suggesting this is part of a larger publication or collection of local notable figures from Corning, NY."
27,75-0016,John Burg,1918,,
28,75-0017,,,portrait photograph; sailor uniform; early 20th century; black and white; oval vignette,"A black and white portrait photograph of a person in a naval sailor uniform with a distinctive hat, white gloves, and sailor collar, presented in an oval vignette format with the number ""3"" visible in the lower right corner."
29,75-0018,,,portrait photograph; man; formal headshot; early 20th century; black and white,"A formal black and white portrait photograph of a man in professional attire with slicked-back hair, numbered ""4"" at the bottom left, appearing to be from an early 20th-century publication or directory."
30,75-0019,,,world war i; military portrait; soldier; corning; 1918,"A black and white photograph showing a soldier in World War I military uniform and campaign hat, captioned ""Corning's Part in the World War 1918,"" documenting a local serviceman's contribution to the war effort."
31,75-0020,,,portrait photograph; man; black and white; early 20th century; formal headshot,"A black and white portrait photograph of a man wearing a suit and white shirt collar, shown in profile against a plain background, typical of early 20th-century formal portraiture."
32,75-0021,Robert Austin,1918,portrait photograph; man; 1918; black and white; formal attire,"A formal black and white portrait photograph from 1918 showing Robert Austin, a man wearing a suit with a bow tie and white collar, photographed in profile against a dark background."
33,75-0022,Thomas J. Cunningham,1918,portrait photograph; man; 1918; formal attire; black and white photograph,"A formal black and white portrait photograph from 1918 showing Thomas J. Cunningham, a man wearing a suit jacket, white dress shirt, and patterned tie, photographed from the shoulders up against a plain background."
34,75-0023,,,sailor uniform; portrait photograph; military; black and white; vintage,"A black and white portrait photograph of a man wearing a World War-era sailor uniform with a white cap and dark neckerchief, with partial text visible at the top of the image and archival numbering at the bottom."
35,75-0024,,,portrait photograph; man; wide-brimmed hat; early 20th century; black and white,"A black and white portrait photograph of a man wearing a wide-brimmed hat and patterned shirt, holding what appears to be a tool or implement, from the Corning local history archive."
36,75-0025,,,world war i; military uniforms; 1918; portrait photographs; soldiers,"A black and white photograph showing two men in World War I military uniforms from 1918, with a banner at the top reading ""...CORNING'S PART in the WORLD WAR, 1918,"" documenting local servicemen's participation in the war effort."
37,75-0026,,,portrait photograph; man; black and white; early 20th century; formal headshot,"A black and white portrait photograph of a man with a mustache wearing formal attire with a dark suit and white collar, shown in a three-quarter view against a plain background."
38,75-0027,,,portrait photograph; military uniform; man; black and white; early 20th century,"A black and white portrait photograph of a man wearing a military uniform with collar insignia and buttons, shown from the shoulders up against a textured background."
39,75-0028,,,military portrait; naval officer; white uniform; early 20th century; black and white photograph,"A formal black and white portrait photograph of a naval officer wearing a white dress uniform with shoulder boards and a naval cap with insignia, photographed against a textured studio background."
40,75-0029,John H. Douherty,1918,portrait photograph; man; eyeglasses; formal attire; 1918,"A black and white portrait photograph from 1918 of John H. Dougherty, a man wearing oval-framed eyeglasses, a suit jacket, and a striped tie, shown from the shoulders up against a plain background."
41,75-0030,,,portrait photograph; woman; early 1900s; hat; white collar,"A black and white portrait photograph of a woman wearing an elaborate feathered hat and dark dress with a white collar, shown in profile view against a plain background."
42,75-0031,,,portrait; man; early twentieth century; black and white photograph; hand-tinted,"A hand-tinted black and white portrait photograph of a man with dark hair and a distinctive mustache, shown in profile facing left, wearing what appears to be a military or formal uniform with yellow-gold coloring visible on the shoulder."
43,75-0032,,,portrait; profile; man; black and white photograph; early 20th century,"A black and white profile portrait photograph of a man shown in side view, wearing formal attire with a collar visible, against a textured background."
44,75-0033,,,portrait photograph; man; early 20th century; black and white; formal headshot,"A formal black and white portrait photograph of a man wearing a dark turtleneck sweater, shown in a three-quarter view against a dark background, with archival reference number ""2"" visible in the upper right corner."
45,75-0034,,,portrait; military uniform; man; early 20th century; black and white photograph,"A black and white portrait photograph of a man wearing a military uniform with buttons and collar insignia, standing against a draped backdrop, with the number ""3"" visible in the lower right corner."
46,75-0035,,,military uniform; world war i; portrait; soldier; black and white photograph,"A black and white portrait photograph of a man in World War I military uniform wearing glasses and a campaign hat, standing at attention against a plain background."
47,75-0036,,,military portrait; united states navy; sailor uniform; early 20th century; black and white photograph,"A formal black and white portrait photograph of a U.S. Navy sailor wearing a dress uniform with a cap labeled ""U.S. NAVY FORCE,"" sailor collar with white piping, and what appears to be a military decoration or insignia on his chest."
48,75-0037,"""Four Minute Men""",1918,portrait photograph; four minute men; world war i; 1918; corning new york,"A black and white portrait photograph from 1918 showing a man in formal attire with the header text ""CORNING'S PART in the WORLD WAR 1918,"" documenting a Four Minute Men speaker from Corning, New York during World War I."
49,75-0038,,,portrait photograph; man; cowboy hat; military uniform; black and white photograph,"A black and white portrait photograph of a man wearing a wide-brimmed cowboy hat with a decorative band and a military-style jacket with buttons and chest pockets, appearing to be from the early 20th century."
50,75-0039,Lynn A. Frence,1918,portrait photograph; man; 1918; black and white; formal headshot,"A formal black and white portrait photograph from 1918 showing a man identified as Lynn A. Frence in a three-quarter view, wearing a collared shirt with a button visible, against a plain background."
51,75-0040,,,portrait photograph; man; early 20th century; black and white; formal headshot,"A black and white portrait photograph of a man in profile facing left, wearing a textured jacket or sweater with a high collar, photographed against a dark background in what appears to be an early 20th-century studio style."
52,75-0041,James P. Conny,1918,portrait photograph; man; sailor uniform; 1918; black and white,"A black and white portrait photograph from 1918 showing James P. Conny wearing a sailor's uniform with striped collar detail, taken for the Corning, NY local history archive."
53,75-0042,,,portrait photograph; man; black and white; early 20th century; headshot,"A black and white portrait photograph of a young man wearing a dark collared shirt, shown from the shoulders up against a plain background, typical of early 20th-century studio portraiture."
54,75-0043,Albert J. Barrett,1918,world war i soldier; military uniform; rifle with bayonet; portrait; black and white photograph,"A 1918 portrait photograph of a World War I soldier in uniform holding a rifle with bayonet attachment, wearing a military hat and belt, posed against a wooden backdrop with decorative stars."
55,75-0044,,,world war i; military portrait; naval officer; 1918; corning new york,"A black and white portrait photograph from 1918 titled ""Corning's Part in the World War"" showing a U.S. Navy officer in uniform with a sailor's cap, representing a local serviceman's contribution to World War I."
56,75-0045,,,portrait photograph; military uniform; man; early 20th century; black and white,"A black and white portrait photograph of a man wearing a military uniform with a cap and collar insignia, with decorative text and floral design visible at the top of the image."
57,75-0046,,,portrait photograph; military uniform; man; black and white; early 20th century,"A black and white portrait photograph of a man wearing a military uniform with decorative insignia and buttons, shown in profile against a plain background."
58,75-0047,Cora Everson,1918,portrait photograph; woman; eyeglasses; 1918; black and white,"A black and white portrait photograph from 1918 showing Cora Everson, a woman wearing round eyeglasses and light-colored clothing, from the Corning, NY local history archive (ID: 75-0047)."
59,75-0048,,,portrait; man; cowboy hat; work clothes; black and white photograph,"A black and white portrait photograph of a man wearing a wide-brimmed cowboy hat, work shirt, and pants, standing outdoors with trees visible in the background, framed with decorative stars and marked with the number 4."
60,75-0049,,,portrait photograph; black and white; oval frame; male subject; early 20th century,"A black and white portrait photograph of a man in profile view, presented in an oval frame with a decorative scalloped border, numbered ""6"" at the bottom left, typical of early 20th-century archival photography."
61,75-0050,,,portrait photograph; man; formal attire; black and white; early 20th century,"A black and white portrait photograph of a man wearing a suit and tie, showing a formal headshot typical of early 20th century photography."
62,75-0051,,,portrait photograph; man; formal attire; black and white; early 20th century,"A black and white portrait photograph of a man wearing a suit and tie, shown in profile-facing pose with a serious expression, typical of early 20th-century formal portraiture."
63,75-0052,Ernest T. Brooks,1918,portrait; military uniform; world war i; soldier; black and white photograph,A black and white portrait photograph from 1918 showing Ernest T. Brooks wearing a World War I military uniform and campaign hat with a star insignia visible in the upper left corner.
64,75-0053,,,military uniform; portrait photograph; soldier; world war era; black and white photograph,"A black and white portrait photograph of a soldier wearing a World War I-era military uniform with campaign hat and light-colored tunic, standing indoors against a dark background."
65,75-0054,,,corning's world war; military portraits; numbered soldiers; black and white photograph; world war era,"A historical photograph from Corning, NY showing five numbered military personnel portraits arranged in star shapes with a decorative banner reading ""Corning's World War"" at the top, documenting local soldiers' service during World War I or II."
66,75-0055,Cora Everson,1918,portrait collage; black and white photograph; 1918; numbered figures; illustrated scenes,"A 1918 composite photograph featuring multiple numbered portraits and illustrations, including circular and star-shaped framed portraits of individuals, numbered scenes (5, 8), and what appears to be illustrated narrative panels, all arranged on a single page from the Corning, NY local history archive."
67,75-0056,Isabel Walker Drake Family Photo,c.1900,rural landscape; open field; early 1900s; black and white photograph; archival image,"A circular-framed black and white photograph showing an open rural field with scattered figures and trees in the distance, circa 1900, from the Isabel Walker Drake Family collection (archive ID 75-0056)."
68,75-0057,Isabel Walker Drake Family Photo,c. 1900,family portrait; early 1900s; women; garden gate; church steeple; black and white photograph,"A black and white photograph from circa 1900 showing two women standing at a garden gate with a church steeple visible in the background, identified as the Isabel Walker Drake Family Photo from the Corning, NY local history archive."
69,75-0058,Isabel Walker Drake Family Photo,c. 1900,,
70,75-0059,Isabel Walker Drake Family Photo,c. 1900,horse-drawn carriage; ivy-covered house; turn-of-century; residential property; black and white photograph,"A circa 1900 photograph of the Isabel Walker Drake family property in Corning, NY, showing a person on horseback with a carriage in front of a large house heavily covered with climbing ivy vines."
71,75-0060,Corning Free Academy,1954,corning free academy; basketball team; 1954; athletic team portrait; black and white photograph,"A 1954 black and white photograph of the Corning Free Academy basketball team posed in front of a brick building, with players wearing uniforms marked with ""C"" and two adult coaches or administrators in suits flanking the group."
72,75-0061,Mrs. John Bong,1918,,
73,75-0061,Mrs. Harold Carr,1918,,
74,75-0062,,,honor roll; riverside ny; war memorial; black and white photograph; names engraved,"A black and white photograph of an ""Honor Roll"" memorial monument for the Village of Riverside, N.Y., featuring an eagle at the top and multiple columns of engraved names of residents, likely commemorating those who served in military service."
75,75-0063,Fifth War Loan Drive,,,
76,75-0064,"Alley's Inn, Seneca Lake",1918,alley's inn; corning chamber of commerce; 1918 booster trip; large group gathering; band with instruments,"A 1918 photograph showing the Corning Chamber of Commerce booster trip group assembled in front of Alley's Inn near Seneca Lake, with the Corning Band prominently displayed with their instruments in the foreground."
77,75-0065,Baseball,1928,baseball team; corning free academy; 1928; black and white photograph; brick building,"A 1928 baseball team from Corning Free Academy poses for a formal group portrait in front of a brick building, with players in uniforms arranged in two rows and a coach or administrator in a suit on the right end of the front row."
78,75-0065,Corning Free Academy,1928,baseball team; corning free academy; 1928; black and white photograph; brick building,"A 1928 baseball team from Corning Free Academy poses for a formal group portrait in front of a brick building, with players in uniforms arranged in two rows and a coach or administrator in a suit on the right end of the front row."
79,75-0066,"Northside, Corning, New York",,bird's-eye view; northside corning; residential neighborhood; high school; black and white photograph,"A bird's-eye view of the North Side of Corning, New York showing W. Pultney Street and the New North Side High School, with residential buildings, tree-lined streets, and surrounding hills visible in this historical black and white photograph."
80,75-0067,"Centerway Square, Corning, N.Y. ",1916,clocktower; centerway square; corning new york; 1916; black and white photograph,"This 1916 black and white photograph shows the iconic clocktower in Centerway Square, Corning, New York, surrounded by brick commercial buildings, utility poles with power lines, and industrial smokestacks visible in the background."
81,75-0067,"Clocktower, Corning, N.Y. ",1916,clocktower; centerway square; corning new york; 1916; black and white photograph,"This 1916 black and white photograph shows the iconic clocktower in Centerway Square, Corning, New York, surrounded by brick commercial buildings, utility poles with power lines, and industrial smokestacks visible in the background."
82,75-0068,"Erie Railroad, Corning, N.Y. ",,,
83,75-0069,,,market street; corning new york; downtown street; early 1900s; brick buildings,"A black and white photograph of Market Street in Corning, New York, showing a wide unpaved street lined with multi-story brick commercial buildings on both sides, with mountains visible in the distance and a few pedestrians and horse-drawn vehicles visible along the street."
84,75-0070,,,world war i; military portrait; corning ny; 1918; soldier uniform,"A black and white photograph from ""Corning's Part in the World War 1918"" showing a portrait of a uniformed soldier wearing a military cap and collar insignia, labeled as page 2 of a local history document."
85,75-0071,,,world war i; military uniforms; soldiers; corning ny; 1918; black and white photograph,"Two uniformed soldiers stand beneath a banner reading ""CORNING'S PART in the WORLD WAR 1918,"" documenting Corning, New York's involvement in World War I."
86,75-0072,,,military service; group portrait; corning ny; world war era; black and white photograph,"A large group photograph of Corning's young men in military uniforms representing Aviation, Naval, and Army Service, posed in front of a classical building with an eagle emblem, as indicated by the caption ""Aviation, Naval and Army Service are All Represented in This Picture of Corning's Efficient Young Men"" from the New York American newspaper."
87,75-0073,,,world war i; military group portrait; home defense company; corning new york; newspaper clipping,"A New York-American newspaper clipping showing a large group photograph of Corning's patriotic sons in military uniforms with rifles, identified as members of the Home Defense Company and soldiers including those with the 106th Infantry, with caption text referencing their service ""in the Battle to Make the World a Safe Place for Liberty."""
88,75-0074,,,world war i; military parade; corning ny; 1918; downtown street,"A large military parade marches down a crowded downtown Corning street in 1918, with a banner reading ""CORNING'S PART in the WORLD WAR 1918"" suspended above, brick buildings lining both sides, and large crowds of civilians gathered to watch the procession."
89,75-0075,"Centerway Square, Corning, N.Y. ",1920s,,
90,75-0075,"Clocktower, Corning, N.Y. ",1920s,,
91,75-0076,Class Pictures ,1904,,
92,75-0076,Corning Free Academy,1924,,
93,75-0079,"Brewer Place, Caton, N.Y. ",1923,mobile home; 1920s; rural dwelling; woman in doorway; black and white photograph,"A 1923 black and white photograph showing a woman standing in the doorway of a mobile house trailer at Brewer Place in Caton, New York, with various household items and containers visible outside the structure."
94,75-0079,"Caton, N.Y.",1923,mobile home; 1920s; rural dwelling; woman in doorway; black and white photograph,"A 1923 black and white photograph showing a woman standing in the doorway of a mobile house trailer at Brewer Place in Caton, New York, with various household items and containers visible outside the structure."
95,75-0079,Cora Everling,1923,mobile home; 1920s; rural dwelling; woman in doorway; black and white photograph,"A 1923 black and white photograph showing a woman standing in the doorway of a mobile house trailer at Brewer Place in Caton, New York, with various household items and containers visible outside the structure."
96,75-0080,,,railroad tracks; mountain pass; nevada; early 20th century; scrapbook page,"A scrapbook page featuring two photographs with handwritten annotations, including a mountain landscape at top and a railroad track cutting through a deep rocky canyon or cut below, with visible text reading ""Another view in the Sierra"" and references to Nevada."
97,75-0083,Covered Bridges,1880,covered bridge; wooden structure; rural landscape; bare trees; black and white photograph,"A black and white photograph from 1880 showing a covered bridge structure with wooden siding spanning across a rocky streambed, surrounded by bare deciduous trees in a rural Corning, New York setting."
98,75-0084,"Caton, N.Y., Schools",1925,white wooden schoolhouse; 1925; caton new york; rural school building; black and white photograph,"A one-story white wooden schoolhouse in Caton, New York, photographed in 1925, featuring multiple tall windows, a front entrance with steps, and a pitched roof with a chimney, surrounded by bare ground and trees."
99,75-0085,"Caton, N.Y., Schools",1956,caton school building; rural architecture; 1950s; black and white photograph; wooden structure,"A black and white photograph from 1956 showing a small wooden schoolhouse in Caton, N.Y., with a front porch, multiple windows, and outbuildings, situated in a rural landscape with bare trees and stone walls."
100,75-0086,"Caton, N.Y., Schools",1971,wooden schoolhouse; caton ny; rural education; 1971; black and white photograph,"A small wooden schoolhouse in Caton, New York, photographed in 1971, showing a single-story structure with white painted siding, a central entrance, and overgrown vegetation in the foreground, with additional outbuildings visible to the right."
101,75-0087,"Caton, N.Y., Schools",1971,schoolhouse; caton ny; 1971; black and white photograph; rural building,"A black and white photograph from 1971 showing a small wooden schoolhouse in Caton, New York, with a front porch, chimney, and surrounding trees in a rural setting."
102,75-0088,"Caton, N.Y., Schools",1971,schoolhouse; caton ny; wooden building; rural; black and white photograph,"A 1971 black and white photograph of a small wooden schoolhouse in Caton, New York, featuring a single-room structure with a pyramidal roof, front entrance, and boarded windows, surrounded by overgrown vegetation and trees."
103,75-0089,"Caton, N.Y., Schools",1971,schoolhouse; caton ny; white wooden building; rural architecture; black and white photograph,"A 1971 black and white photograph of a small white wooden schoolhouse in Caton, New York, featuring a front porch, pitched roof with chimney, and three windows, surrounded by bare trees and a rural road."
104,75-0090,"Caton, N.Y., Schools",1971,schoolhouse; caton ny; wood siding; 1971; rural architecture,"A one-room schoolhouse with white wood siding and a pyramidal roof in Caton, New York, photographed in 1971, showing the modest educational building surrounded by overgrown grass and mature trees."
105,75-0091,"Caton, N.Y., Schools",1971,wooden schoolhouse; caton ny; rural education; 1971; black and white photograph,"A one-room wooden schoolhouse in Caton, New York, photographed in 1971, featuring white clapboard siding, two large windows, a front porch, and surrounded by overgrown vegetation and trees."
106,75-0092,"Caton, N.Y., Schools",1971,caton school building; white wooden structure; rural schoolhouse; 1971; black and white photograph,"A black and white photograph from 1971 showing a small white wooden schoolhouse in Caton, N.Y., with a gabled roof, multiple windows, front entrance with steps, and an attached addition, surrounded by trees and dirt grounds."
107,75-0093,"Caton, N.Y., Schools",1971,schoolhouse; caton ny; wooden structure; rural building; black and white photograph,"A small wooden schoolhouse in Caton, New York, photographed in 1971, featuring white clapboard siding, a front porch with railings, tall windows, and surrounded by overgrown vegetation and trees."
108,75-0094,"Caton, N.Y., Schools",1971,schoolhouse; caton ny; rural building; white wood siding; black and white photograph,"A black and white photograph from 1971 showing a white wooden schoolhouse in Caton, New York, with a cupola on the roof, situated in a rural setting with fields and trees visible in the background."
109,75-0095,Isabel Walker Drake Family Photo,c. 1900,family portrait; turn-of-the-century clothing; white picket fence; bare trees; black and white photograph,"A young girl from the Isabel Walker Drake family stands on a wooden boardwalk beside a white picket fence wearing early 1900s attire including a large bonnet with white ribbons and a plaid dress, with bare trees and residential buildings visible in the background in Corning, NY."
110,75-0096,Isabel Walker Drake Family Photo,c. 1900,portrait; turn-of-the-century; bare trees; residential buildings; oval vignette photograph,"A circa 1900 oval-framed black and white photograph showing a person in dark clothing standing beneath bare trees with residential buildings and a hillside visible in the background, likely depicting a scene from Corning, NY during the Isabel Walker Drake family era."
111,75-0097,Isabel Walker Drake Family Photo,c. 1900,,
112,75-0098,,,park church; elmira ny; brick church; bare trees; black and white photograph,"A black and white photograph showing Park Church in Elmira, New York, a substantial brick church building with a prominent steeple and dome, surrounded by bare trees in what appears to be a town square or park setting."
113,75-0099,Isabel Walker Drake Family Photo,c. 1900,rural homestead; dirt road; lake landscape; early 1900s; black and white photograph,"This circa 1900 photograph shows a rural homestead at Bluff Point, Keuka Lake, North Dakota, featuring a dirt road lined with vegetation leading to several white houses and farm buildings, with the lake and forested hills visible in the background."
114,75-0100,Blacksmithing,,,
115,75-0101,"Caton, N.Y.",1960,,
116,75-0102,Blacksmithing,1973,blacksmith shop; caton new york; winter snow; wooden building; 1973 photograph,"A snow-covered blacksmith shop building in Caton, New York, photographed in 1973, showing a wooden structure with multiple windows, a peaked roof, and evergreen trees in the foreground behind a wooden fence."
117,75-0102,"Caton, N.Y.",1973,blacksmith shop; caton new york; winter snow; wooden building; 1973 photograph,"A snow-covered blacksmith shop building in Caton, New York, photographed in 1973, showing a wooden structure with multiple windows, a peaked roof, and evergreen trees in the foreground behind a wooden fence."
118,75-0103,,,winter landscape; snowy rural road; bare trees; farmhouse; black and white photograph,"A black and white photograph showing a snow-covered rural road lined with bare trees, utility poles, and scattered farmhouses in a hilly landscape, typical of upstate New York countryside during winter."
119,75-0104,"Caton, N.Y.",1970,white church building; bare trees; winter snow; rural road; black and white photograph,"A white wooden church with a steeple in Caton, New York, photographed in winter 1970 with snow on the ground and bare trees framing the Gothic-style windows and front entrance."
120,75-0105,"Caton, N.Y.",1973,aerial photograph; rural settlement; caton ny; 1973; black and white photograph,"An aerial view of Caton, New York from 1973 showing a rural hamlet with scattered houses, farm fields, roads, and forested areas in a black and white photograph."
121,75-0106,,,handwritten document; fire department; 1965; corning ny; historical record,"A handwritten historical document from the Painted Post Fire Department dated Fall of 1965, listing firefighter names and detailing the specifications of fire trucks and equipment purchased, including a four-cylinder red truck and a six-cylinder carriage truck equipped with hose bodies, ladders, and chemical barrels."
122,75-0110,,,certificate of service; railroad; new york central; steam locomotive; employment recognition,"A Certificate of Service from the New York Central Railroad Company honoring Ross O. Smith for 37 years and 5 months of employment as a Car Inspector & Repairer from December 16, 1910 to May 23, 1948."
123,75-0112,Floods,1972,flooded landscape; white church; submerged fields; 1972 flood; black and white photograph,"A black and white photograph documenting the 1972 flood in Corning, NY, showing a white church partially surrounded by floodwaters with submerged farmland, fencing, and trees in the background."
124,75-0113,,,wooden house; group gathering; black and white photograph; historic building; outdoor event,"A black and white photograph showing a large group of people gathered outside a two-story wooden house with a gabled roof, surrounded by trees."
125,75-0114,"Denison Park, Corning, N.Y. ",1909,,
126,75-0115,"Addison, N.Y.",,high school building; addison new york; bare trees; early 20th century; black and white photograph,"This historical photograph shows the High School in Addison, N.Y., a large Victorian-era brick building with a distinctive tower and cupola, surrounded by bare trees and an open campus with several figures visible on the grounds, published by G. R. Waterman."
127,75-0116,,,commemorative medal; Louisville Kentucky; military decoration; striped ribbon; black and white photograph,"A circular medal commemorating Louisville, Kentucky dated September 11-14, 1868, featuring an eagle and shield design, suspended from a black, white, and gray striped ribbon."
128,75-0117,Civil War,1863,civil war medal; battle of chickamauga; military decoration; commemorative medal; black and white photograph,"A Civil War commemorative medal featuring an ornate silver clasp and striped ribbon (black and white) attached to a circular medal inscribed ""Battle of Chickamauga Dedication Sept. 18-20, 1868,"" depicting a battlefield scene."
129,75-0118,Civil War,1860s,utensil; fork and spoon; metal handle; vintage cutlery; black and white photograph,A photograph of a combined fork and spoon utensil with a deteriorated metal handle featuring rivets and a worn white bowl-shaped spoon end with prongs at the opposite end.
130,75-0119,Civil War,1860s,civil war artifact; bayonet; military weapon; metal; black and white photograph,"A close-up photograph of a Civil War-era bayonet with a dark handle and weathered metal blade, displayed against a neutral background."
131,75-0120,,,park hotel; mansard roof; brick building; downtown corning; black and white photograph,"A black and white photograph of the Park Hotel, a prominent brick building with a distinctive mansard roof and multiple stories, located in downtown Corning, PA, with pedestrians visible on the street below."
132,75-0121,,,corning free academy; victorian architecture; clock tower; institutional building; black and white photograph,"This black and white photograph shows the Corning Free Academy in Corning, New York, a Victorian-era institutional building featuring distinctive architectural elements including multiple towers with cupolas, a prominent clock tower, and ornamental details, surrounded by bare trees."
133,75-0122,Civil War,1862,civil war discharge document; military certificate; handwritten text; 1862; eagle seal,"A Civil War-era military discharge document dated January 8, 1862, from Benton Barracks, discharging Private William McMurden of Captain's Company, 1st Regiment of Pennsylvania, with physical description and official seal."
134,75-0123,Civil War,1860,civil war era envelope; general winfield scott; patriotic imagery; handwritten address; 1859 postmark,"An 1859 patriotic envelope featuring a portrait of General Winfield Scott with an eagle and American flags, addressed in handwriting to Flemingsburg, Ohio, with text describing Scott as ""Brave in the Field, Wise in Council, a true Patriot, Loyal to the Constitution and the Union."""
135,75-0124,,,pocket watch; roman numerals; open face; black and white photograph; timepiece,"A black and white photograph of an open-faced pocket watch with Roman numeral markings and a visible dial, displayed against a plain background with its cover case shown below."
136,75-0125,,,pocket watch; ornate engraving; metal case; black and white photograph; decorative design,"A black and white photograph of an ornately engraved pocket watch with elaborate scrollwork and a classical profile portrait on its cover, shown against a plain background."
137,75-0126,Civil War,1863,,
138,75-0127,,,keuka lake; grove spring hotel; dock landing; gazebo; early 1900s; black and white photograph,"This photograph shows the Grove Spring Hotel Landing at Keuka Lake, New York, featuring a wooden dock with railings, a gazebo structure, and hotel buildings surrounded by trees, circa early 1900s."
139,75-0128,Isabel Walker Drake Family Photo,c. 1900,winter scene; snow; woman with child; residential neighborhood; black and white photograph,"A woman identified as part of the Isabel Walker Drake family holds a young child in a snowy yard circa 1900, with bare trees, a picket fence, and Victorian-era houses visible in the background in Corning, NY."
140,75-0129,Isabel Walker Drake Family Photo,c. 1900,victorian house; woman with bicycle; front porch; circa 1900; black and white photograph,"A woman in early 1900s dress stands with a bicycle in front of a Victorian-era house with a wraparound porch and decorative trim in Corning, NY, as part of the Isabel Walker Drake Family Photo collection."
141,75-0130,Isabel Walker Drake Family Photo,c. 1900,rural farmstead; family group; early 1900s; agricultural landscape; black and white photograph,"A circa 1900 photograph of the Isabel Walker Drake family posed outdoors on their farm property in Corning, NY, showing multiple family members standing near a two-story house with outbuildings, cultivated fields, and trees visible in the background."
142,75-0131,Balloonists,1900,hot air balloon; early aviation; outdoor gathering; riverside landscape; black and white photograph,"A large hot air balloon is tethered in a field near a river in Corning, NY around 1900, with spectators gathered to observe the aircraft, hills visible in the background, and period buildings along the riverbank."
143,75-0132,Isabel Walker Drake Family Photo,c. 1900,rural landscape; woman with dog; early 1900s; bare trees; utility poles; black and white photograph,"A woman in dark clothing stands with a white dog on a rural dirt road lined with bare trees and utility poles, with farm buildings visible in the background, circa 1900."
144,75-0133,Isabel Walker Drake Family Photo,c. 1900,family portrait; winter scene; Victorian house; horse; early 1900s; black and white photograph,"A black and white photograph from circa 1900 showing the Isabel Walker Drake family posed with a horse in front of a Victorian-era house in Corning, NY, with bare trees and snow visible on the ground."
145,75-0134,Isabel Walker Drake Family Photo,c. 1900,,
146,75-0135,Isabel Walker Drake Family Photo,c. 1900,family gathering; early 1900s; rural landscape; group portrait; black and white photograph,"A black and white photograph from circa 1900 showing the Isabel Walker Drake family and others gathered outdoors in a rural setting with hills in the background, tents visible on the right side, and multiple people in period clothing standing along a dirt path."
147,75-0136,Isabel Walker Drake Family Photo,c. 1900,ice skating; frozen river; family group; winter recreation; early 1900s,"A black and white photograph showing the Isabel Walker Drake family ice skating together on a frozen river or pond in Corning, NY, circa 1900, with bare trees visible along the shoreline in the background."
148,75-0137,Isabel Walker Drake Family Photo,c. 1900,frozen river; winter recreation; early 1900s; family group; black and white photograph,"A woman from the Isabel Walker Drake family sits on a frozen river or pond circa 1900, with several other people visible in the background on the ice near bare winter trees and hills in Corning, NY."
149,75-0138,Isabel Walker Drake Family Photo,c. 1900,,
150,75-0139,Isabel Walker Drake Family Photo,c. 1900,horse-drawn carriage; residential street; early 1900s; bare trees; victorian houses; black and white photograph,"A circa 1900 photograph showing the Isabel Walker Drake family with a horse-drawn carriage on a residential street in Corning, NY, lined with Victorian-era houses and bare trees."
151,75-0140,Isabel Walker Drake Family Photo,c. 1900,family portrait; early 1900s; women; bridge; rural landscape; black and white photograph,A circa 1900 photograph of the Isabel Walker Drake family showing two women in period dress standing at a wooden railing overlooking a rural landscape with a steel truss bridge visible in the distance.
152,75-0141,Isabel Walker Drake Family Photo,c. 1900,early automobile; racing car; spectators; early 1900s; black and white photograph,"A composite photograph showing an early racing automobile with a driver at the top, and two scenes below depicting groups of spectators in period dress (circa 1900) gathered to observe the vehicle, documenting the Isabel Walker Drake family's connection to early automotive history in Corning, NY."
153,75-0142,Isabel Walker Drake Family Photo,c. 1900,interior domestic space; woman; early 1900s; black and white photograph; period furniture,"A black and white photograph from circa 1900 showing a woman identified as part of the Isabel Walker Drake family standing in an interior room with period furnishings including chairs, a small table with plants, and decorative wall elements typical of turn-of-the-century domestic spaces."
154,75-0143,Isabel Walker Drake Family Photo,c. 1900,women's baseball team; early 1900s; uniforms; group portrait; black and white photograph,"A circa 1900 women's baseball team poses for a formal group photograph wearing uniforms marked with ""CBB"" or similar lettering, with a small dog and basketball visible in the front row, likely representing the Isabel Walker Drake family or associated Corning, NY organization."
155,75-0144,Isabel Walker Drake Family Photo,c. 1900,,
156,75-0145,Isabel Walker Drake Family Photo,c. 1900,family portrait; winter landscape; early 1900s; children; snow; bare trees; rural setting; black and white photograph,A black and white photograph from circa 1900 showing the Isabel Walker Drake family—four children dressed in winter coats standing outdoors in a snowy landscape with bare trees and a distant hillside vista visible in the background.
157,75-0146,Isabel Walker Drake Family Photo,c. 1900,,
158,75-0147,Isabel Walker Drake Family Photo,c. 1900,winter scene; snow; sledding; bare trees; black and white photograph; early 1900s; residential street,"A winter scene from circa 1900 showing a person on a sled in a snowy street lined with bare trees and residential buildings, part of the Isabel Walker Drake Family Photo collection from Corning, NY."
159,75-0148,Isabel Walker Drake Family Photo,c. 1900,horse-drawn carriage; turn-of-the-century; residential property; black and white photograph; circular vignette,"A circa 1900 black and white photograph showing a horse-drawn carriage in front of a residential property with large shade trees, featuring the Isabel Walker Drake family's home in Corning, NY."
160,75-0149,Isabel Walker Drake Family Photo,c. 1900,interior room; decorative display cabinet; porcelain collection; wallpapered walls; black and white photograph,"This circa 1900 interior photograph shows an elegant parlor room with floral wallpaper displaying a substantial collection of decorative porcelain and ceramic pieces arranged in a glass-fronted cabinet, with additional decorative items on the mantelpiece and framed artwork on the walls, representing the Isabel Walker Drake family's domestic collection from Corning, NY."
161,75-0150,Isabel Walker Drake Family Photo,c. 1900,family photograph; early 1900s; women; outdoor scenes; black and white photograph,"A composite archival photograph showing the Isabel Walker Drake Family with multiple circular vignettes depicting a woman in Edwardian dress on a porch, people gathered at a riverside or waterfront location, and other outdoor scenes from circa 1900."
162,75-0151,Isabel Walker Drake Family Photo,c. 1900,,
163,75-0152,Isabel Walker Drake Family Photo,c. 1900,,
164,75-0153,Isabel Walker Drake Family Photo,c. 1900,family portrait; early 1900s; victorian clothing; residential street; black and white photograph,"A circa 1900 photograph showing two women in Victorian-era dress standing on a residential street in Corning, NY, with period houses, a picket fence, and bare trees visible in the background, identified as members of the Isabel Walker Drake family."
165,75-0154,Isabel Walker Drake Family Photo,c. 1900,outdoor gathering; baseball game; rural landscape; early 1900s; black and white photograph,"A circa 1900 black and white photograph showing people engaged in a baseball game in an open field with forested hills in the background, likely documenting a recreational activity of the Isabel Walker Drake family in the Corning, NY area."
166,75-0155,Isabel Walker Drake Family Photo,c. 1900,woman seated; large tree; residential buildings; early 1900s; black and white photograph,"A woman identified as part of the Isabel Walker Drake family sits on a log beneath a large bare tree in front of Victorian-era residential buildings in Corning, NY, circa 1900."
167,75-0156,Isabel Walker Drake Family Photo,c. 1900,family portrait; woman with bicycle; early 1900s; residential street; bare trees,"A woman from the Isabel Walker Drake family stands with a bicycle on a wooden porch or boardwalk in front of a residential street lined with bare trees and houses, circa 1900."
168,75-0157,Isabel Walker Drake Family Photo,c. 1900,baseball game; early 1900s; rural landscape; black and white photograph; wooden fence,"A baseball game in progress circa 1900 showing players in period uniforms on a field with wooden fencing, hills, and scattered buildings visible in the background near Corning, NY."
169,75-0158,Isabel Walker Drake Family Photo,c. 1900,family property; bare trees; horse-drawn carriage; picket fence; black and white photograph,"A circa 1900 photograph of the Isabel Walker Drake family property in Corning, NY, showing a residential scene with bare deciduous trees, a white picket fence in the foreground, period buildings, and a horse-drawn carriage on the tree-lined street."
170,75-0159,Isabel Walker Drake Family Photo,c. 1900,family photograph; early 1900s; residential buildings; bare trees; black and white photograph,"A composite archival photograph from circa 1900 showing multiple scenes of the Isabel Walker Drake family in Corning, NY, including outdoor domestic scenes with family members near residential buildings and bare winter trees, with handwritten notations visible on the print margins."
171,75-0160,,,group portrait; outdoor gathering; early 20th century; wooded setting; black and white photograph,"A black and white photograph showing a large group of approximately 40 people, mostly women and children in period dress from the early 1900s, posed together outdoors in a wooded area with a tall tree trunk visible in the center background."
172,75-0161,Isabel Walker Drake Family Photo,c. 1900,horse-drawn carriage; residential property; turn-of-century; circular vignette; black and white photograph,"A circa 1900 black and white photograph showing the Isabel Walker Drake family property in Corning, NY, featuring a horse-drawn carriage on a residential driveway with houses and large trees visible in the background, captured in a circular vignette format."
173,75-0162,Isabel Walker Drake Family Photo,c. 1900,,
174,75-0163,Isabel Walker Drake Family Photo,c. 1900,family group; early 1900s; train platform; period clothing; black and white photograph,"A black and white photograph from circa 1900 showing the Isabel Walker Drake family gathered on a train platform, with adults and children in period dress standing near a passenger car, with handwritten notation visible on the left margin."
175,75-0164,Isabel Walker Drake Family Photo,c. 1900,family group; residential street; early 1900s; wooden houses; black and white photograph,"A circa 1900 photograph showing members of the Isabel Walker Drake family standing in a residential street lined with wooden houses and utility poles in Corning, NY."
176,75-0165,Isabel Walker Drake Family Photo,c. 1900,,
177,75-0166,Isabel Walker Drake Family Photo,c. 1900,family photograph; horse-drawn carriage; early 1900s; rural landscape; black and white photograph,"A black and white photograph from circa 1900 showing the Isabel Walker Drake family with a horse-drawn carriage in a rural setting with bare trees, fencing, and mountains visible in the background."
178,75-0167,Isabel Walker Drake Family Photo,c. 1900,family gathering; early 1900s clothing; umbrellas; street scene; black and white photograph,"A circa 1900 photograph of the Isabel Walker Drake family gathered on a street in Corning, NY, with multiple adults and children dressed in period attire, some holding umbrellas, captured in a circular vignette format typical of early photography."
179,75-0168,Isabel Walker Drake Family Photo,c. 1900,family portrait; early 1900s; women; park setting; black and white photograph,"A circular vignette photograph showing three women in early 1900s attire with elaborate hats and coats standing in a tree-lined park or garden setting, identified as the Isabel Walker Drake Family Photo from circa 1900."
180,75-0169,Isabel Walker Drake Family Photo,c. 1900,steam locomotive; railroad bridge; industrial landscape; river reflection; early 1900s photograph,"A black and white photograph from circa 1900 showing a steam locomotive crossing a metal railroad bridge over a river, with industrial buildings and smokestacks visible in the background landscape of what appears to be Corning, NY."
181,75-0170,Isabel Walker Drake Family Photo,c. 1900,horse-drawn carriage; family group; early 1900s; urban street; black and white photograph,"A circa 1900 photograph of the Isabel Walker Drake family posing with a horse-drawn carriage on a city street, with multi-story buildings visible in the background."
182,75-0171,Isabel Walker Drake Family Photo,c. 1900,stereoscopic view; steamboat; waterfront; early 1900s; black and white photograph,"A stereoscopic card photograph showing a steamboat on a body of water viewed through a circular lens, with a figure visible on the left shore and forested hills in the background, circa 1900."
183,75-0172,Isabel Walker Drake Family Photo,c. 1900,family portrait; outdoor landscape; early 1900s; black and white photograph; rural setting,"A black and white photograph from circa 1900 showing members of the Isabel Walker Drake family standing in a rural landscape with hills, scattered logs, and buildings visible in the background."
184,75-0173,Balloonists,1900,,
185,75-0173,Isabel Walker Drake Family Photo,c. 1900,,
186,75-0174,Isabel Walker Drake Family Photo,c. 1900,baseball game; early 1900s; outdoor sports; black and white photograph; rural landscape,"A circa 1900 baseball game in progress showing players on a field with hills and scattered buildings visible in the background, likely depicting a recreational sporting event from the Isabel Walker Drake family era in Corning, NY."
187,75-0175,Isabel Walker Drake Family Photo,c. 1900,family portrait; bicycle; early 1900s; outdoor; black and white photograph,"A circular vignette photograph showing members of the Isabel Walker Drake family posed outdoors with a bicycle and horse among vegetation, circa 1900, with handwritten notation visible at the bottom of the image."
188,75-0176,Isabel Walker Drake Family Photo,c. 1900,woman; rural road; trees; early automobile; black and white photograph,"A woman in a long dress stands on a tree-lined dirt road circa 1900, with an early automobile visible in the distance, representing the Isabel Walker Drake family photograph from Corning, NY."
189,75-0177,Isabel Walker Drake Family Photo,c. 1900,two women; edwardian fashion; elaborate hats; outdoor setting; black and white photograph,"A black and white photograph from circa 1900 showing two women of the Isabel Walker Drake family wearing elaborate Edwardian-era clothing with large decorated hats, white blouses, and dark skirts, standing outdoors near a corrugated metal structure."
190,75-0178,Isabel Walker Drake Family Photo,c. 1900,baseball game; outdoor sports; early 1900s; rural landscape; black and white photograph,"A circa 1900 black and white photograph showing a baseball game in progress on an open field with multiple players and spectators visible, with trees lining the distant horizon and the image framed in a circular vignette format."
191,75-0179,Isabel Walker Drake Family Photo,c. 1900,,
192,75-0179,Isabel Walker Drake Family Photo,c.1900,,
193,75-0180,Isabel Walker Drake Family Photo,c. 1900,stereoscopic view card; winter scene; snow; early 1900s; women in period dress,"A stereoscopic view card showing two women in dark winter coats and hats standing in a snowy street lined with bare trees and utility poles, circa 1900, likely depicting a scene from Corning, New York or the surrounding region associated with the Isabel Walker Drake family."
194,75-0181,Isabel Walker Drake Family Photo,c. 1900,woman; lakeside; early 1900s; black and white photograph; outdoor portrait,"A woman in early 1900s attire with a dark jacket and hat stands on a rocky beach near a large tree, with boats visible in the water and hills in the background, representing the Isabel Walker Drake family photograph from circa 1900."
195,75-0182,Isabel Walker Drake Family Photo,c. 1900,horse-drawn wagon; clock tower; early 1900s; black and white photograph; urban street scene,"A circa 1900 photograph showing a horse-drawn wagon with passengers on a street in Corning, NY, with a prominent clock tower and classical architecture visible in the background, documenting the Isabel Walker Drake family era."
196,75-0183,Isabel Walker Drake Family Photo,c. 1900,victorian mansion; cedar rapids; black and white photograph; circa 1903; historic architecture,"A black and white photograph of a grand Victorian-era mansion in Cedar Rapids dated April 28, 1903, featuring distinctive turrets, multiple chimneys, and ornate architectural details, with handwritten captions reading ""Coming"" at top and ""Cedar Rapids. Apr. 28-'03"" at bottom."
197,75-0184,Isabel Walker Drake Family Photo,c. 1900,family group portrait; turn-of-the-century clothing; outdoor setting; sepia photograph; Isabel Walker Drake,"A circa 1900 photograph of the Isabel Walker Drake family showing six people in period dress seated outdoors against a stone wall with ivy and trees, with handwritten archival notations visible on the photograph margins."
198,75-0185,Isabel Walker Drake Family Photo,c. 1900,parade; horse-drawn carriages; flags; early 1900s; black and white photograph,"A turn-of-the-century parade scene showing a child in light-colored clothing standing in a street lined with horse-drawn carriages, flags, and formally dressed spectators in what appears to be a Corning, NY civic or commemorative procession circa 1900."
199,75-0186,Isabel Walker Drake Family Photo,c. 1900,winter scene; snow; person walking; bare trees; black and white photograph; early 1900s; circular vignette,"A circular vignette photograph from circa 1900 showing a person in dark clothing walking through a snowy street in Corning, NY, with bare trees, utility poles, and buildings visible in the background, with handwritten notation on the lower right."
200,75-0187,Isabel Walker Drake Family Photo,c. 1900,family portrait; baby carriage; edwardian era; women; outdoor photograph; black and white,A circa 1900 photograph of the Isabel Walker Drake family showing four women in dark Edwardian clothing and feathered hats gathered around an ornate baby carriage in an outdoor setting with bare trees.
201,75-0188,Isabel Walker Drake Family Photo,c. 1900,portrait photograph; military uniform; campaign hat; early 1900s; black and white photograph,"A formal portrait photograph from circa 1900 showing a young man in military dress uniform wearing a campaign hat, identified as part of the Isabel Walker Drake Family Photo collection from Corning, NY."
202,75-0189,Construction,,street construction; horse-drawn equipment; early 1900s; bare trees; crowd of workers,"This circa 1900 photograph shows a street construction scene in Corning, NY with workers and spectators gathered around a horse-drawn scraper or grading equipment on a tree-lined street, documenting early infrastructure work in the community."
203,75-0189,Coopers,,street construction; horse-drawn equipment; early 1900s; bare trees; crowd of workers,"This circa 1900 photograph shows a street construction scene in Corning, NY with workers and spectators gathered around a horse-drawn scraper or grading equipment on a tree-lined street, documenting early infrastructure work in the community."
204,75-0189,Isabel Walker Drake Family Photo,c. 1900,street construction; horse-drawn equipment; early 1900s; bare trees; crowd of workers,"This circa 1900 photograph shows a street construction scene in Corning, NY with workers and spectators gathered around a horse-drawn scraper or grading equipment on a tree-lined street, documenting early infrastructure work in the community."
205,75-0190,Isabel Walker Drake Family Photo,c. 1900,aerial view; rural property; early 1900s; black and white photograph; residential buildings,"An aerial view of the Isabel Walker Drake family property circa 1900, showing multiple residential buildings nestled among dense trees and vegetation on sloping terrain near Corning, NY."
206,75-0191,Isabel Walker Drake Family Photo,c. 1900,corning ny; early 1900s; brick building; hardware store; downtown street,"A photograph from 1901 showing a prominent brick commercial building in Corning, New York with ""Hardware"" signage visible on the facade, featuring ornate architectural details and storefronts on the ground level, associated with the Isabel Walker Drake Family and Ferguson's Drug Store."
207,75-0191,Ferguson's Drug STore,1901,corning ny; early 1900s; brick building; hardware store; downtown street,"A photograph from 1901 showing a prominent brick commercial building in Corning, New York with ""Hardware"" signage visible on the facade, featuring ornate architectural details and storefronts on the ground level, associated with the Isabel Walker Drake Family and Ferguson's Drug Store."
208,75-0192,Alcott Ron & Co.,1889,flood damage; industrial buildings; wooden structures; corning ny; 1889 flood aftermath,"This 1889 black and white photograph shows flood-damaged industrial and residential buildings in Corning, NY, with debris-strewn ground, standing water, railroad tracks in the foreground, and hills visible in the background, documenting the aftermath of flooding that affected the Alcott Ron & Co. area and the Isabel Walker Drake family property."
209,75-0192,Isabel Walker Drake Family Photo,c. 1900,flood damage; industrial buildings; wooden structures; corning ny; 1889 flood aftermath,"This 1889 black and white photograph shows flood-damaged industrial and residential buildings in Corning, NY, with debris-strewn ground, standing water, railroad tracks in the foreground, and hills visible in the background, documenting the aftermath of flooding that affected the Alcott Ron & Co. area and the Isabel Walker Drake family property."
210,75-0192,Floods,1889,flood damage; industrial buildings; wooden structures; corning ny; 1889 flood aftermath,"This 1889 black and white photograph shows flood-damaged industrial and residential buildings in Corning, NY, with debris-strewn ground, standing water, railroad tracks in the foreground, and hills visible in the background, documenting the aftermath of flooding that affected the Alcott Ron & Co. area and the Isabel Walker Drake family property."
211,75-0193,Isabel Walker Drake Family Photo,c. 1900,,
212,75-0193,"Fire Department, Corning, N.Y. ",1936,,
213,75-0194,Corning Homes,1975,victorian house; wood siding; residential architecture; corning ny; black and white photograph; 1975,"A two-story Victorian-style residential home with wood siding, multiple windows, and distinctive peaked rooflines, photographed in 1975 with period automobiles parked in front, representing the Isabel Walker Drake Family home in Corning, New York."
214,75-0194,Isabel Walker Drake Family Photo,c. 1900,victorian house; wood siding; residential architecture; corning ny; black and white photograph; 1975,"A two-story Victorian-style residential home with wood siding, multiple windows, and distinctive peaked rooflines, photographed in 1975 with period automobiles parked in front, representing the Isabel Walker Drake Family home in Corning, New York."
215,75-0195,Corning Homes,1907,victorian house; wooden siding; wraparound porch; turn-of-century architecture; black and white photograph,"A black and white photograph from circa 1900 showing a Victorian-era wooden house with distinctive curved turret, wraparound porch with railings, and large surrounding trees, identified as the Isabel Walker Drake Family home in Corning, NY."
216,75-0195,Isabel Walker Drake Family Photo,c. 1900,victorian house; wooden siding; wraparound porch; turn-of-century architecture; black and white photograph,"A black and white photograph from circa 1900 showing a Victorian-era wooden house with distinctive curved turret, wraparound porch with railings, and large surrounding trees, identified as the Isabel Walker Drake Family home in Corning, NY."
217,75-0196,Corning Homes,1935,victorian house; wood siding; front porch; black and white photograph; corning ny residential architecture,"A black and white photograph of a Victorian-era residential home in Corning, NY, featuring wood siding, a front gable with circular window, wraparound porch with railings, and multiple chimneys, dated circa 1900 and associated with the Isabel Walker Drake family (archive ID 75-0196)."
218,75-0196,Isabel Walker Drake Family Photo,c. 1900,victorian house; wood siding; front porch; black and white photograph; corning ny residential architecture,"A black and white photograph of a Victorian-era residential home in Corning, NY, featuring wood siding, a front gable with circular window, wraparound porch with railings, and multiple chimneys, dated circa 1900 and associated with the Isabel Walker Drake family (archive ID 75-0196)."
219,75-0197,"Delaware, Lackawanna and Western Railroad Trainwreck, Gibson, N.Y. ",1912,railroad wreck; derailed train; casualties; early 1900s; black and white photograph,"This black and white photograph documents the Delaware, Lackawanna and Western Railroad trainwreck near Gibson, N.Y., circa 1900, showing derailed and destroyed train cars with casualties covered in white sheets in the foreground and onlookers gathered at the disaster scene."
220,75-0197,Isabel Walker Drake Family Photo,c. 1900,railroad wreck; derailed train; casualties; early 1900s; black and white photograph,"This black and white photograph documents the Delaware, Lackawanna and Western Railroad trainwreck near Gibson, N.Y., circa 1900, showing derailed and destroyed train cars with casualties covered in white sheets in the foreground and onlookers gathered at the disaster scene."
221,75-0198,"Delaware, Lackawanna and Western Railroad Trainwreck, Gibson, N.Y. ",1912,,
222,75-0198,Isabel Walker Drake Family Photo,c. 1900,,
223,75-0199,Isabel Walker Drake Family Photo,c. 1900,decorative architectural detail; flowering vines; black and white photograph; ornamental molding; circa 1900,"A black and white photograph showing flowering vines and climbing plants growing against an ornately decorated architectural pilaster or column featuring a repeating floral quatrefoil pattern, likely from the Isabel Walker Drake family residence in Corning, NY around 1900."
224,75-0200,"City Incinerator, Corning, N.Y.",1947,city incinerator; industrial infrastructure; corning new york; 1947; black and white photograph,"A black and white photograph from 1947 showing the Corning, New York city incinerator facility with metal fencing, industrial structures, bare trees, residential buildings in the background, and utility poles, documenting mid-20th century municipal waste management infrastructure."
225,75-0201,Isabel Walker Drake Family Photo,c. 1900,family group; rural landscape; wooden fence; early 1900s; black and white photograph,"A black and white photograph from circa 1900 showing members of the Isabel Walker Drake family standing on a rural path with wooden fencing, rolling hills, and farm buildings visible in the background."
226,75-0202,Isabel Walker Drake Family Photo,c. 1900,woman; winter; snow; victorian era clothing; residential street,"A woman from the Isabel Walker Drake family stands in snow-covered ground wearing a long dark coat and hat, photographed circa 1900 in front of a two-story residential building with bare trees visible in the background."
227,75-0203,Isabel Walker Drake Family Photo,c. 1900,woman; winter; snow; early 1900s; rural landscape,"A woman from the Isabel Walker Drake family stands in a snowy landscape wearing early 1900s attire including a dark coat and elaborate hat, with a rural house and bare trees visible in the background."
228,75-0204,Isabel Walker Drake Family Photo,c. 1900,portrait; woman; stone building; early 1900s; black and white photograph,"A woman identified as part of the Isabel Walker Drake Family stands in front of a stone building wearing a dark coat and white hat, circa 1900."
229,75-0205,Isabel Walker Drake Family Photo,c. 1900,family portrait; children; white clothing; outdoor steps; black and white photograph; early 1900s,"A black and white photograph from circa 1900 showing the Isabel Walker Drake family with two young children in white dresses and bonnets seated on exterior stone steps, with additional figures visible in the background near a building entrance."
230,75-0206,"Corning, New York",1914,child; baby carriage; residential street; large tree; black and white photograph,"A 1914 black and white photograph showing a young child in a wicker baby carriage on a residential street in Corning, New York, with a large leafy tree and period houses visible in the background."
231,75-0207,Isabel Walker Drake Family Photo,c.1900,tower; winter; snow; bare trees; black and white photograph,"A black and white photograph showing a tall cylindrical tower with a conical roof surrounded by snow-covered bare branches and vegetation, circa 1900."
232,75-0208,,,group portrait; women; 1940s; formal photograph; black and white,"A formal black and white group portrait of approximately sixteen women arranged in three rows against a plain backdrop, all wearing light-colored dresses typical of the 1940s era."
233,75-0209,,,portrait; military uniform; man; hat; black and white photograph,"A black and white portrait photograph of a man in military uniform wearing a wide-brimmed hat, seated at a table with books, looking directly at the camera."
234,75-0210,,,portrait; military uniform; soldier; world war era; black and white photograph,"A black and white portrait photograph showing a man in military uniform wearing a wide-brimmed campaign hat, with the number ""3"" visible in the lower right corner, likely from a World War I era military identification or documentation series."
235,75-0211,,,world war i; 1918; portrait; military uniform; corning's part in world war,"A black and white portrait photograph from 1918 showing a man in military uniform with the caption ""CORNING'S PART in the WORLD WAR 1918"" at the top, documenting a Corning resident's involvement in World War I."
236,75-0212,,,portrait photograph; navy uniform; sailor; black and white; early 20th century,"A black and white portrait photograph of a man wearing a U.S. Navy sailor uniform with visible collar stripes, shown in profile against a dark background."
237,75-0213,,,military uniform; world war i era; portrait photograph; soldier; black and white photograph,"A black and white portrait photograph of a man in World War I military uniform wearing a campaign hat, with a patterned neckerchief visible at his neck."
238,75-0214,Martin Beiswanger,1918,portrait photograph; military uniform; world war i era; black and white; men,"A black and white portrait photograph from 1918 showing Martin Beiswanger in military uniform with visible insignia and buttons, with another uniformed figure partially visible in the background."
239,75-0215,,,portrait photograph; military uniform; soldier; world war era; black and white photograph,"A black and white portrait photograph of a man in military uniform wearing a wide-brimmed hat, presented in an oval vignette format typical of early 20th-century military service photographs."
240,75-0216,,,portrait; military uniform; black and white photograph; early 20th century; formal pose,"A black and white portrait photograph of a young man in military uniform with visible buttons and collar insignia, posed formally against a plain background."
241,75-0217,,,portrait photograph; military uniform; world war i era; man; black and white photograph,"A black and white portrait photograph of a man wearing a World War I-era military uniform with distinctive large chest pockets and buttons, photographed against a dark background."
242,75-0219,,,portrait; cowboy hat; black and white photograph; male; early 20th century,"A black and white portrait photograph of a young man wearing a wide-brimmed cowboy hat and collared shirt, with partial text visible at the top of the image."
243,75-0220,Henry G. Flaity,1918,portrait; naval uniform; sailor; aeronautic station; black and white photograph,"A 1918 black and white portrait photograph of Henry G. Flaity wearing a U.S. Navy sailor uniform with a headband reading ""AERONAUTIC STATION"" and an eagle insignia visible on his chest."
244,75-0221,,,portrait; man; formal attire; black and white photograph; early 20th century,"A formal black and white portrait photograph of a man wearing a dark suit and white collared shirt, photographed against a dark background in what appears to be the early 20th century style."
245,75-0222,,,construction crane; downtown street; mid-century; black and white photograph; corning ny,"A black and white photograph showing a large construction crane lifting a statue or monument on a downtown Corning street, with workers, vintage automobiles, and multi-story commercial buildings visible in the background."
246,75-0223,Corning Free Academy,1928,corning free academy; sports team; 1928; brick building; black and white photograph,"A 1928 team photograph of the Corning Free Academy showing approximately 20 male students and faculty members wearing dark uniforms with ""C"" letters, posed in front of a brick building with large wooden doors."
247,75-0224,,,downtown street; unpaved road; nineteenth century architecture; brick buildings; black and white photograph,"A wide unpaved street in downtown Corning, NY lined with substantial brick commercial buildings on both sides, with pedestrians and horse-drawn vehicles visible, and mature trees in the distance, photographed in black and white."
248,75-0225,Class Pictures ,1923,class picture; corning free academy; 1923; formal group portrait; black and white photograph,"A formal 1923 class photograph of Corning Free Academy students arranged in three rows outdoors with trees in the background, featuring young women in white dresses holding bouquets in the front rows and young men in suits in the back row."
249,75-0225,Corning Free Academy,1923,class picture; corning free academy; 1923; formal group portrait; black and white photograph,"A formal 1923 class photograph of Corning Free Academy students arranged in three rows outdoors with trees in the background, featuring young women in white dresses holding bouquets in the front rows and young men in suits in the back row."
250,75-0226,"Erie Railroad, Corning, N.Y. ",1911,erie depot; steam locomotive; corning new york; railroad station; early 1900s,"A black and white photograph labeled ""Erie Depot, Corning, New York"" showing a steam locomotive at the station platform with depot buildings, utility poles, and crowds of people gathered around the train circa 1911."
251,75-0227,,,downtown corning; brick buildings; 1930s-1940s automobiles; street scene; black and white photograph,"A black and white photograph of downtown Corning, NY showing a main street lined with multi-story brick commercial buildings, vintage automobiles parked along the street, visible storefronts including a ""Lounge Bar"" and ""Drugs"" sign, and a street clock on the right side, depicting a mid-20th century American downtown commercial district."
252,75-0229,"First Street, Corning, N.Y. ",1913,first street; corning new york; tree-lined street; early 1900s; residential architecture,"A black and white photograph showing First Street east from Pine Street in Corning, N.Y., featuring a tree-canopied residential street with Victorian-era houses, white picket fences, and a dirt road stretching into the distance, circa 1913."
253,75-0230,Chemung River ,1911,chemung river; corning ny; industrial waterfront; steel bridge; early 1900s,"A black and white photograph labeled ""Chemung River Scene, CORNING, N.Y."" shows an industrial riverside landscape from 1911 featuring a steel truss bridge, factory buildings with smokestacks, and residential structures along the riverbank beneath rolling hills."
254,75-0231,"Northside, Corning, New York",1911,northside corning; elevated view; residential buildings; early 1900s; black and white photograph,"A 1911 black and white photograph showing an elevated view of the Northside neighborhood in Corning, New York, with residential and institutional buildings scattered among bare trees and vegetation, with hills visible in the distant background."
255,75-0232,,,tree-lined street; residential neighborhood; early 20th century; corning ny; black and white photograph,"A black and white photograph showing a tree-lined residential street in Corning, New York, with Victorian-era houses on both sides, a dirt road, and a building with decorative stars visible in the distance, captioned ""Looking West from Clark Street, Corning, N.Y."""
256,75-0233,"First Street, Corning, N.Y. ",1908,first street; corning new york; tree-lined street; early 1900s; black and white photograph,"This 1908 photograph shows First Street east from Pine Street in Corning, N.Y., depicting a tree-canopied residential street with brick buildings on both sides and a horse-drawn carriage visible in the distance."
257,75-0234,,,market street; corning new york; downtown street; early 20th century; streetcar tracks; brick buildings; black and white photograph,"This historical photograph shows Market Street in Corning, N.Y., featuring a wide downtown street lined with multi-story brick commercial buildings, streetcar tracks running down the center, pedestrians and early automobiles, and storefronts with awnings along both sides of the street."
258,75-0235,"Erie Railroad Depot, Painted Post, N.Y. ",1916,erie railroad depot; painted post new york; railroad station; 1916; black and white photograph,"This 1916 black and white photograph shows the Erie Railroad Station in Painted Post, New York, a single-story brick building with a sloped roof and chimney, with several men standing on the platform beside railroad tracks in the foreground."
259,75-0236,,,corning ny; pine street; downtown street; town clock; opera house; black and white photograph,"A black and white photograph of Pine Street in Corning, NY, looking north from First Street, showing the Opera-House on the left, a prominent Town Clock in the center, the Presbyterian Church on the right, bare trees lining the street, utility poles, and period buildings typical of early-to-mid 20th century small-town America."
260,75-0237,Corning Glass Works Equipment & Machinery,,corning glass works; industrial machinery; factory worker; mid-twentieth century; black and white photograph,"A factory worker in a white shirt inspects or maintains a large piece of Corning Glass Works equipment mounted on a wheeled platform, with visible engine components, piping, and industrial machinery in an indoor factory setting."
261,75-0238,"Corning, New York",1915,state road; white fence; tree-lined road; rural landscape; black and white photograph,"A 1915 photograph labeled ""State Road near Corning, N.Y."" showing a paved road with white wooden railings on both sides, flanked by large trees and dense vegetation in a rural setting."
262,75-0239,Mrs. Bebout,1946,telephone switchboard; corning glass works; 1946; woman operator; black and white photograph,"Mrs. Bebout operates the Corning Glass Works telephone switchboard in 1946, seated at a large panel with numerous connection ports while wearing a headset and speaking into a microphone."
263,75-0239,Corning Glass Works Telephone Switch Board,1946,telephone switchboard; corning glass works; 1946; woman operator; black and white photograph,"Mrs. Bebout operates the Corning Glass Works telephone switchboard in 1946, seated at a large panel with numerous connection ports while wearing a headset and speaking into a microphone."
264,75-0240,Corning Glass Works Equipment & Machinery,,corning glass works; industrial machinery; factory equipment; black and white photograph; mid-20th century,"This black and white photograph shows industrial glassmaking equipment at the Corning Glass Works facility, featuring various mechanical apparatus including motors, pipes, and processing equipment typical of mid-20th century glass manufacturing operations."
265,75-0241,,,promotional poster; city of corning; new york; vintage advertisement; black and white,"A promotional poster for the City of Corning, New York advertising a ""$1000"" prize or incentive, featuring decorative clouds, industrial imagery, and handwritten annotations, with text referencing the city's location in Steuben County and New York State."
266,75-0242,"Denison Park, Corning, N.Y. ",1910,denison park; arched bridge; pond; landscaped grounds; early 1900s black and white photograph,"This 1910 photograph of Denison Park in Corning, New York shows a scenic arched bridge spanning a pond surrounded by manicured landscaping, mature trees, and distant buildings in a pastoral park setting."
267,75-0243,"Couthouse Park, Corning, New York",1911,courthouse park; corning new york; park bench; tree-lined path; black and white photograph,"A black and white photograph from 1911 showing a park bench along a winding path in Courthouse Park, Corning, N.Y., with mature trees lining both sides of the walkway and manicured grass slopes visible in the composition."
268,75-0244,"Couthouse Park, Corning, New York",1917,,
269,75-0246,"City Hall, Corning, N.Y. ",1909,corning city hall; fire department; victorian architecture; brick building; 1909 photograph,"This 1909 black and white photograph shows the Corning, New York City Hall and Fire Department building, a distinctive Victorian-era structure featuring multiple turrets with pointed spires, arched windows, and stone foundation, located at a street corner in downtown Corning."
270,75-0246,"Fire Department, Corning, N.Y. ",1909,corning city hall; fire department; victorian architecture; brick building; 1909 photograph,"This 1909 black and white photograph shows the Corning, New York City Hall and Fire Department building, a distinctive Victorian-era structure featuring multiple turrets with pointed spires, arched windows, and stone foundation, located at a street corner in downtown Corning."
271,75-0247,Corning Free Academy,1970,corning free academy; brick building; clock tower; architectural detail; black and white photograph,"This black and white photograph shows the front facade of the Corning Free Academy building, featuring a prominent brick clock tower with a clock face, arched windows, and ornamental architectural details, with the building name visible at the base."
272,75-0248,"Centerway Square, Corning, N.Y. ",1926,,
273,75-0248,"Clocktower, Corning, N.Y. ",1926,,
274,75-0249,Corning Free Academy,1960s,corning free academy; students; 1960s; black and white photograph; school event,"A black and white photograph from the 1960s showing Corning Free Academy students gathered together at what appears to be a school event or assembly, with partial text visible at the top of the image."
275,75-0250,,,opera house; conservatory of music; brick building; storefront; early 20th century; black and white photograph,"A black and white photograph of the Opera House building in Corning, NY, showing a multi-story brick structure with arched windows, ground-floor storefronts including a Conservatory of Music and Opera House Pharmacy, and awnings, with a bicycle visible on the street level."
276,75-0251,,,decorative tilework; architectural detail; black and white photograph; historic building facade; ornamental tiles,"A black and white photograph showing a detailed view of a historic building facade featuring decorative ceramic tilework arranged in a grid pattern, a peaked roof with scalloped shingles and a circular vent, a recessed doorway with an ornamental surround on the left, and a multi-paned window on the right."
277,75-0252,"City Club, Corning, N.Y. ",1909,city club; corning new york; ivy-covered building; 1909; black and white photograph,"This 1909 photograph shows the City Club building in Corning, New York, a substantial structure heavily covered in ivy with white railings and steps leading to the entrance, surrounded by mature trees."
278,75-0255,,,church interior; organ; group portrait; formal gathering; black and white photograph,"A large formal group photograph taken inside a church, showing approximately 60-70 people of various ages arranged in rows in front of a pipe organ, with floral decorations visible in the foreground, likely documenting a church event or celebration from the mid-20th century."
279,75-0256,First Congregational Church,1912,first congregational church; corning ny; 1912; gothic revival architecture; black and white photograph,"This 1912 photograph shows the First Congregational Church in Corning, New York, featuring a prominent tall steeple, gothic-style windows, and adjacent residential structures, with bare trees and wooden fencing visible in the foreground."
280,75-0257,"Episcopal Church, Corning, N.Y.",1915,episcopal church; corning new york; stone architecture; gothic revival; early 1900s photograph,"This black and white photograph shows the Episcopal and Methodist Church in Corning, N.Y., a Gothic Revival stone structure with a prominent tower, arched windows, and decorative architectural details, surrounded by bare trees and neighboring buildings circa 1915."
281,75-0258,First Congregational Church,1912,first congregational church; corning new york; brick church building; bare trees; early 1900s architecture,"A black and white photograph from 1912 showing the First Congregational Church in Corning, N.Y., a brick Gothic Revival structure with a tall tower, arched windows, and front porch, surrounded by bare trees and a wooden fence."
282,75-0259,,,methodist church; painted post ny; white wooden church; bare trees; black and white photograph,"A black and white photograph showing the Methodist Church in Painted Post, New York, a white wooden structure with a tall steeple, flanked by bare trees along a tree-lined street with residential buildings visible in the background."
283,75-0260,"Episcopal Church, Corning, N.Y.",1910,episcopal church; corning new york; stone architecture; early 1900s; bare trees,"A black and white photograph from 1910 showing the Episcopal Church in Corning, N.Y., a stone Gothic Revival structure with a distinctive spired tower, alongside the Methodist Church, both featuring period architecture with bare trees visible in the winter scene."
284,75-0264,Corning Leader Typists,1930,corning leader; typists; office; typewriters; 1930s black and white photograph,A 1930 photograph from the Corning Leader newspaper office showing multiple female typists working at typewriters in a large office space with bright windows.
285,75-0265,,,pastoral pond; residential buildings; church steeple; rural landscape; black and white photograph,"A black and white photograph showing a pastoral pond in the foreground with handwritten captions reading ""Painted Pond"" and ""The Hillside View,"" depicting a rural residential area with houses, a church steeple, and bare trees characteristic of early-to-mid 20th century Corning, New York."
286,75-0266,Floods,1972,flood damage; white house; debris; 1972 flood; black and white photograph,"A white single-story residential house is shown damaged and displaced by flood debris, with wooden beams and wreckage scattered in front of it, documenting the destruction from the 1972 Corning, NY flood."
287,75-0267,Floods,1972,flooded street; corning glass center; jones pontiac; damaged automobiles; 1972 flood,"A black and white photograph showing a flooded Corning, NY street during the 1972 flood, with a ""Corning Glass Center"" directional sign in the foreground, submerged vehicles near Jones Pontiac Co., and utility poles visible in the floodwaters."
288,75-0268,Corning Glass Works Floods,1972,corning glass works; flood damage; industrial building; debris; black and white photograph,"This black and white photograph shows flood damage at the Corning Glass Works facility in 1972, with Corning-branded industrial trucks or loading docks partially submerged and surrounded by flood debris and sediment scattered across the ground."
289,75-0268,Floods,1972,corning glass works; flood damage; industrial building; debris; black and white photograph,"This black and white photograph shows flood damage at the Corning Glass Works facility in 1972, with Corning-branded industrial trucks or loading docks partially submerged and surrounded by flood debris and sediment scattered across the ground."
290,75-0269,,,portrait; man; outdoor; tree; black and white photograph,"A black and white photograph of a man in work clothes and a belt standing against a large tree trunk, with a reference number visible at the bottom of the image."
291,75-0270,Albert Agett,1918,portrait photograph; man; profile view; 1918; black and white,"A black and white portrait photograph from 1918 showing Albert Agett in profile view, featuring a decorative oval mat border typical of early 20th-century portraiture."
292,75-0271,,,military portrait; U.S.R. uniform; officer; early 20th century; black and white photograph,"A black and white portrait photograph of a U.S. military officer wearing a formal uniform with ""U.S.R."" visible on the collar, bearing a Corning, NY archive stamp with a decorative banner in the upper right corner."
293,75-0272,,,military portrait; uniform; officer; world war era; black and white photograph,"A black and white portrait photograph of a military officer wearing a campaign hat and uniform with visible insignia and a U.S. button, shown in profile view against a dark background."
294,75-0273,Haddon Buckland,1918,portrait photograph; black and white; man; 1918; oval frame,"A black and white portrait photograph from 1918 showing Haddon Buckland in an oval-framed composition, depicting a man in profile view wearing formal attire typical of the early 20th century."
295,75-0274,,,portrait photograph; man; black and white; early 20th century; new york american newspaper,"A formal black and white portrait photograph of a man in profile, framed in a circular mat with ""New York American"" newspaper masthead visible at the bottom and the number ""6"" marked on the frame."
296,75-0275,,,portrait photograph; military uniform; world war i era; man; black and white photograph,"A black and white portrait photograph of a young man wearing a World War I-era military uniform with visible buttons and shoulder insignia, presented in an oval vignette format typical of early 20th-century photography."
297,75-0276,Walter B. Bronson,1918,portrait; military uniform; world war i era; soldier; black and white photograph,"A black and white photograph from 1918 showing Walter B. Bronson in World War I military uniform, wearing a campaign hat and standing outdoors with foliage visible in the background."
298,75-0277,,,portrait; world war i; 1918; corning ny; black and white photograph,"A black and white portrait photograph from 1918 titled ""Corning's Part in the World War"" showing a man in formal attire with the heading indicating this is a historical document from Corning, New York related to World War I."
299,75-0278,James Bunn,1918,portrait photograph; military uniform; world war i era; cowboy hat; black and white photograph,"A 1918 portrait photograph of James Bunn wearing a World War I military uniform with a wide-brimmed cowboy hat and military insignia at the neck, from the Corning, NY local history archive."
300,75-0279,Eben Thompson Breed,1918,portrait photograph; world war i; military uniform; sailor; 1918; black and white,"A black and white portrait photograph from 1918 showing two young men identified as Eben Thompson Breed and Paul Thompson Breed, with one wearing a naval sailor uniform, under a banner reading ""Corning's Part in the World War 1918."""
301,75-0279,Paul Thompson Breed,1918,portrait photograph; world war i; military uniform; sailor; 1918; black and white,"A black and white portrait photograph from 1918 showing two young men identified as Eben Thompson Breed and Paul Thompson Breed, with one wearing a naval sailor uniform, under a banner reading ""Corning's Part in the World War 1918."""
302,75-0280,Earl E. Burley,1918,portrait photograph; naval uniform; sailor; world war i era; black and white photograph,"A black and white portrait photograph from 1918 showing Earl E. Burley in U.S. Navy uniform with sailor's hat, looking upward in a formal pose typical of World War I military photography."
303,75-0281,,,black and white photograph; native american; historical documentation; decorative border; early 20th century,"A black and white historical photograph showing Native American individuals in traditional dress and activity, framed with an ornamental border featuring stars, stripes, and serpent motifs typical of early 20th-century documentary photography."
304,75-0282,,,trench warfare; soldiers; world war i; military construction; black and white photograph,"A black and white photograph showing soldiers working in a deep trench system with wooden reinforcements and support structures, typical of World War I military engineering and fortification work."
305,75-0283,H. C. DeWolf,1918,portrait photograph; man; profile; 1918; black and white,"A black and white portrait photograph from 1918 showing H. C. DeWolf in profile, wearing formal attire with a white collar and dark jacket, presented in a circular vignette format with decorative rope border elements."
306,75-0284,E. V. Foster,1918,portrait photograph; man; 1918; black and white; formal headshot,"A formal black and white portrait photograph of E. V. Foster from 1918, showing a man in profile wearing a suit and tie, framed in a circular vignette with decorative rope border elements."
307,75-0285,,,portrait photograph; man; eyeglasses; necktie; black and white photograph,"A black and white portrait photograph of a man wearing eyeglasses and a dark necktie over a light-colored shirt, appearing to be from the early-to-mid 20th century."
308,75-0286,Earl E. Burley,1918,portrait photograph; sailor uniform; military; 1918; black and white,"A black and white portrait photograph from 1918 showing Earl E. Burley in U.S. Navy sailor uniform with a distinctive wide-brimmed hat, presented in an oval vignette format typical of early 20th-century military portraits."
309,75-0287,,,military uniform; portrait photograph; man; black and white; early 20th century,"A black and white portrait photograph of a man in military uniform with boots and belt standing against a horizontal-lined wooden building backdrop, appearing to be from the early 20th century."
310,75-0288,,,portrait photograph; military uniform; world war i era; man; black and white photograph,"A black and white portrait photograph of a young man wearing a World War I-era military uniform with visible buttons and insignia, featuring a distinctive slicked-back hairstyle typical of the 1910s-1920s period."
311,75-0289,,,portrait; man; military uniform; black and white photograph; early 20th century,"A black and white portrait photograph of a man wearing a military uniform with buttons and insignia, shown in profile against a plain background with a decorative circular border."
312,75-0290,Leo Glen Brown,1918,military uniform; world war i; portrait photograph; soldiers; 1918,"A 1918 black and white photograph showing two images of military personnel identified as Leo Glen Brown and Donald Tracy Craver, with the left image depicting a full-length portrait of a soldier in uniform standing against a wooden building, and the right image showing a close-up portrait headshot numbered ""4"" of a soldier in military attire."
313,75-0290,Donald Tracy Craver,1918,military uniform; world war i; portrait photograph; soldiers; 1918,"A 1918 black and white photograph showing two images of military personnel identified as Leo Glen Brown and Donald Tracy Craver, with the left image depicting a full-length portrait of a soldier in uniform standing against a wooden building, and the right image showing a close-up portrait headshot numbered ""4"" of a soldier in military attire."
314,75-0291,M. W. Bishop,1918,world war i; military personnel; soldiers; 1918; black and white photograph,"A 1918 black and white photograph showing two men identified as M. W. Bishop and Elmer Brumm in military uniforms and caps, with the left figure holding a rifle against a wooden building with horizontal siding."
315,75-0291,Elmer Brumm,1918,world war i; military personnel; soldiers; 1918; black and white photograph,"A 1918 black and white photograph showing two men identified as M. W. Bishop and Elmer Brumm in military uniforms and caps, with the left figure holding a rifle against a wooden building with horizontal siding."
316,75-0292,Guy W. Cheney,1918,portrait photograph; man; formal attire; 1918; black and white,"A formal black and white portrait photograph of Guy W. Cheney from 1918, showing a man in a suit and tie against a plain background with a decorative circular frame."
317,75-0293,,,black and white photograph; two men; rifle; hat; outdoor setting; vintage,"A split-panel black and white photograph showing two men, one seated outdoors on the left and another standing against a wooden building on the right holding a rifle and wearing a wide-brimmed hat."
318,75-0294,Benjamin Brown,1918,military uniform; world war i; soldier portrait; black and white photograph; 1918,"Two side-by-side portrait photographs from 1918 showing soldiers in World War I military uniforms and campaign hats, likely including Benjamin Brown as referenced in the archive record."
319,75-0295,"""Four Minute Men""",1918,portrait photograph; four minute men; world war i; 1918; black and white,"A formal black and white portrait photograph from 1918 showing a man in a suit and tie, framed in a circular mat with decorative stars and ornamental borders, likely depicting a Four Minute Men speaker from Corning, NY during the World War I era."
320,75-0297,,,group portrait; men in suits; formal gathering; early 20th century; black and white photograph,"A formal black and white group photograph of approximately thirty men in suits arranged in multiple rows against a brick building backdrop, likely from the early 1900s, with several taller men positioned prominently in the back rows."
321,75-0298,J. J. Dineen,1918,portrait photograph; man; 1918; black and white; formal headshot,"A formal black and white portrait photograph from 1918 showing J. J. Dineen, a man with dark hair styled in an early 20th-century fashion, wearing a dark suit jacket and white dress shirt, photographed against a plain background."
322,75-0299,,,portrait; man; cowboy hat; work shirt; black and white photograph; mid-twentieth century,"A black and white portrait photograph of a man wearing a wide-brimmed cowboy hat and work shirt, holding what appears to be a fish, posed against a windowed background."
323,75-0300,,,group portrait; men in suits; early 20th century; black and white photograph; formal gathering,"A formal black and white group photograph of approximately twenty men in dark suits posed in front of a brick building, likely from the early 1900s, with some men seated in front and others standing in rows behind them."
324,75-0301,Fred C. Cameron,1918,portrait photograph; man with glasses; formal attire; black and white; 1918,"A formal black and white portrait photograph from 1918 showing Fred C. Cameron, a man wearing glasses, a suit jacket, and bow tie, photographed in profile against a dark background."
325,75-0302,,,portrait photograph; military uniform; cowboy hat; world war i era; black and white photograph,"A black and white portrait photograph of a man in World War I military uniform wearing a wide-brimmed cowboy hat, mounted in an oval frame with decorative border text."
326,75-0303,,,man; hat; outdoor; vintage photograph; black and white,A black and white photograph showing a man wearing a hat and work clothes standing outdoors among foliage and what appears to be camping or work equipment.
327,75-0304,,,portrait; man; work clothes; hat; black and white photograph; early 20th century,"A black and white photograph of a man wearing a wide-brimmed hat, work shirt, and denim pants standing against a light-colored wall or building exterior, likely from the early 1900s."
328,75-0305,Percy Clark,1918,portrait photograph; world war i; 1918; corning new york; black and white,"A black and white portrait photograph from 1918 titled ""Corning's Part in the World War"" featuring Percy Clark, a man in military uniform shown in an oval frame with decorative border elements."
329,75-0306,,,portrait photographs; men; early 20th century; black and white; numbered layout,"A black and white photograph showing two male portrait headshots arranged vertically with the number ""2"" visible, featuring a man in formal attire in the upper circular frame and a man wearing a wide-brimmed hat in the lower frame, with partial text visible on the left side of the image."
330,75-0307,Ambrose Farrell,1918,military uniform; world war i; portrait; soldier; black and white photograph,"A black and white photograph from 1918 showing Ambrose Farrell in World War I military uniform standing outdoors against a brick wall, with his hands on his hips in a confident pose."
331,75-0308,,,portrait photograph; man; wide-brimmed hat; military uniform; black and white photograph,"A black and white portrait photograph of a man wearing a military uniform and a wide-brimmed campaign hat, shown in profile against a plain background."
332,75-0309,,,portrait photograph; man; cowboy hat; western wear; black and white photograph,"A black and white portrait photograph of a man wearing a wide-brimmed cowboy hat and western shirt with decorative buttons, presented in an oval vignette format typical of early 20th-century photography."
333,75-0310,,,portrait photograph; man; formal attire; black and white; early 20th century,"A formal black and white portrait photograph of a man in profile wearing a suit and white collar, presented in an oval frame with decorative borders, likely from an early 20th-century publication or archive document."
334,75-0311,,,portrait photograph; man; formal attire; black and white; early 20th century,"A black and white portrait photograph of a man in formal dress with a white collar and dark suit, shown in profile against a plain background, typical of early 20th-century professional portraiture."
335,75-0312,,,world war i; military uniform; 1918; portrait photograph; black and white,"A black and white portrait photograph from 1918 showing a man in World War I military uniform with the caption ""NING'S PART in the WORLD WAR 1918"" visible at the top of the image."
336,75-0313,Gerald Fleming,1918,military uniform; sailor; world war i; portrait photograph; black and white,"A 1918 portrait photograph of Gerald Fleming in U.S. Navy sailor uniform, captioned ""Corning in the World War,"" documenting a Corning, NY resident's service during World War I."
337,75-0314,Michael E. Cahill,1918,portrait photograph; man; glasses; cap; 1918; black and white,"A formal black and white portrait photograph from 1918 showing Michael E. Cahill wearing glasses, a flat cap, and a dark overcoat with collar, archived in the Corning, NY local history collection as ID 75-0314."
338,75-0315,,,military uniform; portrait photograph; world war i era; soldier; black and white photograph,"A black and white portrait photograph of a man in World War I-era military uniform wearing a campaign hat, with the number ""5"" visible at the bottom of the image."
339,75-0316,,,portrait; profile; two people; black and white photograph; early 20th century,A black and white profile portrait photograph showing two individuals in silhouette - a woman on the left with her hair up and a man on the right wearing a wide-brimmed hat with a band - numbered 2 and 3 at the top of the archival page.
340,75-0317,N. J. Allen,1918,two men; naval uniforms; 1918; brick building; black and white photograph,"A black and white photograph from 1918 showing two men in U.S. Navy uniforms standing against a brick building, identified as N. J. Allen and Edward W. Fitzpatrick in the Corning, NY local history archive."
341,75-0317,Edward W. Fitzpatrick,1918,two men; naval uniforms; 1918; brick building; black and white photograph,"A black and white photograph from 1918 showing two men in U.S. Navy uniforms standing against a brick building, identified as N. J. Allen and Edward W. Fitzpatrick in the Corning, NY local history archive."
342,75-0318,,,portrait; world war i; 1918; corning ny; black and white photograph,"A black and white portrait photograph from a publication titled ""Corning's Part in the World War 1918"" showing a man in formal attire within a circular frame, documenting Corning, New York's involvement during World War I."
343,75-0319,,,military uniform; soldier portrait; world war era; black and white photograph; campaign hat,"A black and white portrait photograph of a soldier in World War I-era military uniform, wearing a campaign hat and holding rifles, standing in front of a tent with flags visible in the background."
344,75-0320,George Baker,1918,portrait photograph; two men; military uniforms; wide-brimmed hats; 1918; black and white,"A 1918 black and white portrait photograph from the Corning, NY archive showing two men in military uniforms and wide-brimmed campaign hats, identified as George Baker and Fred Flashphaler, with a decorative emblem visible at the top of the image."
345,75-0320,Fred Flashphaler,1918,portrait photograph; two men; military uniforms; wide-brimmed hats; 1918; black and white,"A 1918 black and white portrait photograph from the Corning, NY archive showing two men in military uniforms and wide-brimmed campaign hats, identified as George Baker and Fred Flashphaler, with a decorative emblem visible at the top of the image."
346,75-0321,Floods,1972,flooded industrial area; 1972 flood damage; corning ny; black and white photograph; utility poles,"A black and white photograph showing a flooded industrial or commercial area in Corning, NY during the 1972 flood, with partially submerged buildings, utility poles, and forested hills visible in the background."
347,75-0322,Floods,1972,,
348,75-0323,Floods,1972,flood damage; corrugated metal; collapsed structure; industrial building; black and white photograph,"This black and white photograph from 1972 shows severe structural damage to an industrial building in Corning, NY, with collapsed corrugated metal walls and twisted framework, documenting the destruction caused by flooding during that year."
349,75-0324,Floods,1972,,
350,75-0325,,,trailer homes; mid-century residential; vintage trailers; black and white photograph; rural housing,"A black and white photograph showing vintage trailer homes or mobile homes with horizontal siding, situated under large trees, representing mid-20th century residential living in what appears to be a trailer park or campground setting."
351,75-0326,Civil War,1863,civil war commission; military document; 1863; governor proclamation; handwritten signature,"An official commission document from David Tod, Governor of the State of Ohio, dated 1863, appointing Samuel Boydman as a First Lieutenant in the United States Cavalry for a six-month term, signed by Governor Tod and countersigned by the Adjutant General's Office in Columbus, Ohio."
352,75-0327,Civil War,1863,civil war era flag; american flag; historical document; framed display; black and white photograph,"A framed display featuring a Civil War-era American flag with a circular arrangement of stars alongside a document from David Tod, Governor of the State of Ohio, photographed in black and white."
353,75-0328,,,portrait; military uniform; man; hat; black and white photograph,"A black and white portrait photograph of a man wearing a military uniform and wide-brimmed hat, holding what appears to be a cap or hat in his hands."
354,75-0329,Floods,1972,flooded landscape; submerged buildings; utility poles; aerial view; black and white photograph,"An aerial black and white photograph documenting the 1972 flood in Corning, NY, showing completely submerged residential structures, utility poles, trees, and boats partially visible above the floodwaters."
355,75-0330,Floods,1901,flooded street; wooden buildings; bare trees; early 1900s; black and white photograph,"A black and white photograph from 1901 showing a flooded street in Corning, NY with wooden commercial buildings partially submerged in water, bare trees lining the street, and reflections visible in the floodwaters."
356,75-0331,Floods,1901,flooded street; brick buildings; early 1900s; corning ny; black and white photograph,"A black and white photograph from 1901 showing flooded streets in Corning, NY with brick industrial and residential buildings partially submerged in water, utility poles visible on the right, and debris scattered on the foreground ground."
357,75-0332,"Corning, New York",1903,,
358,75-0333,Floods,1972,flood damage; residential structure; utility pole; rural area; black and white photograph,"A black and white photograph showing a white residential building with flood damage visible on its exterior walls, situated in a rural area near hills with a utility pole standing nearby, documenting the impact of the 1972 Corning flood."
359,75-0334,Floods,1972,flood cleanup; mud and debris; brick buildings; community response; black and white photograph,"This 1972 photograph shows residents and workers cleaning up mud and debris in what appears to be a Corning, NY alleyway or courtyard between brick buildings following flood damage, with several people using tools and brooms to clear the sediment left behind."
360,75-0335,Corning Glass Works Floods,1972,flooded water; debris; industrial damage; 1972 flood; black and white photograph,"This black and white photograph shows a close-up view of flood debris and damaged materials, likely from the 1972 Corning Glass Works flood, with various white objects and particles surrounding a dark central opening, documenting the industrial damage caused by the disaster."
361,75-0336,Floods,1972,flooded street; bridge street service; debris; 1972 flood damage; black and white photograph,"This black and white photograph documents flood damage in Corning, NY from 1972, showing the Bridge Street Service building surrounded by debris and destruction, with two people standing in the devastated area and hills visible in the background."
362,75-0337,Floods,1972,flood damage; debris and logs; residential area; 1972 disaster; black and white photograph,"This 1972 photograph documents flood devastation in Corning, NY, showing a residential street littered with uprooted trees, logs, and debris scattered across the landscape, with damaged buildings and utility poles visible in the background."
363,75-0338,,,aerial view; corning ny; valley landscape; industrial smoke; mid-twentieth century,"An elevated view of Corning, New York showing the town nestled in a valley surrounded by forested hills, with industrial smoke visible rising from the valley floor and residential and commercial buildings scattered throughout the landscape."
364,75-0339,,,tree-lined street; unpaved road; early 20th century; residential buildings; black and white photograph,"A tree-lined unpaved street in what appears to be early 20th century Corning, NY, with bare deciduous trees flanking both sides of the road and residential buildings visible on either side, with handwritten text at the bottom reading ""Looking down Hamilton."""
365,75-0340,"Erie Railroad Depot, Painted Post, N.Y. ",1893,railroad depot; wooden structure; telegraph poles; 1890s; black and white photograph,"This 1893 photograph shows the Erie Railroad Depot in Painted Post, New York, featuring a wooden station building with a tower structure alongside railroad tracks and telegraph poles in a rural landscape."
366,75-0341,Chemung River ,1889,,
367,75-0341,Denison's Warehouse,1889,,
368,75-0341,Floods,1889,,
369,75-0342,,,monument; public square; historic buildings; early 20th century; black and white photograph,"A public square in Corning, NY featuring a tall stone monument with a statue surrounded by large trees, with classical brick and stone buildings visible in the background and several pedestrians gathered near the monument base."
370,75-0343,,,unpaved street; brick buildings; 19th century architecture; downtown corning; black and white photograph,"A black and white photograph showing an unpaved dirt street in downtown Corning lined with substantial brick buildings on both sides, with pedestrians visible in the distance and mature trees framing the scene, likely dating to the late 1800s."
371,75-0344,Fires,1896,fire destruction; corning ny; 1896; industrial ruins; black and white photograph,"This 1896 photograph shows the devastated aftermath of a major fire in Corning, New York, with extensive rubble and charred debris scattered across the foreground while partially damaged industrial and residential buildings remain standing in the background against a hillside landscape."
372,75-0344,Fires,1896,fire destruction; corning ny; 1896; industrial ruins; black and white photograph,"This 1896 photograph shows the devastated aftermath of a major fire in Corning, New York, with extensive rubble and charred debris scattered across the foreground while partially damaged industrial and residential buildings remain standing in the background against a hillside landscape."
373,75-0345,,,monument; statue; public square; mid-century automobiles; black and white photograph,"A black and white photograph showing a tall monument featuring a bronze statue of a Native American figure with a bow and arrow atop a stone pedestal in what appears to be a town square or park in Corning, NY, surrounded by mid-20th century automobiles and American flags."
374,75-0346,Fires,1896,,
375,75-0346,Fires,1896,,
376,75-0347,Baseball,1928,baseball team; corning free academy; 1928; black and white photograph; team portrait,"A formal black and white team portrait from 1928 showing the Corning Free Academy baseball team with players wearing uniforms marked with ""C"" arranged in three rows with coaches or staff members in suits on either side."
377,75-0347,Corning Free Academy,1928,baseball team; corning free academy; 1928; black and white photograph; team portrait,"A formal black and white team portrait from 1928 showing the Corning Free Academy baseball team with players wearing uniforms marked with ""C"" arranged in three rows with coaches or staff members in suits on either side."
378,75-0348,Baseball,1910,baseball team; corning free academy; athletic uniforms; group portrait; black and white photograph,"A 1910 Corning Free Academy baseball team portrait showing nine young men in athletic uniforms and formal attire, with ""CFA 09-10"" visible on a sign held by one of the seated players."
379,75-0348,Corning Free Academy,1910,baseball team; corning free academy; athletic uniforms; group portrait; black and white photograph,"A 1910 Corning Free Academy baseball team portrait showing nine young men in athletic uniforms and formal attire, with ""CFA 09-10"" visible on a sign held by one of the seated players."
380,75-0349,Corning Free Academy,1842,corning academy; 1842 advertisement; educational institution; historical document; printed broadside,"An 1842 printed advertisement for Corning Academy in Corning, New York, announcing the winter term beginning December 5th with tuition rates, course offerings, and leadership under Principal E. R. Cornell and Preceptress Amanda P. Robinson, signed by H. Bostwick, President of the Board of Trustees, and H. H. Hull, Secretary, dated November 24, 1842."
381,75-0350,,,industrial machinery; metal framework; stone blocks; black and white photograph; construction or manufacturing,"A black and white photograph showing industrial equipment with metal scaffolding and framework surrounding stacked stone or concrete blocks, likely documenting manufacturing or construction processes at an industrial facility in Corning, NY."
382,75-0351,,,construction site; stone masonry; scaffolding; black and white photograph; mid-20th century,"A black and white photograph showing an active construction or renovation site with stone masonry walls, metal scaffolding, tarps, and wooden support structures, likely documenting building work in Corning, NY during the mid-20th century."
383,75-0352,Baseball,1926,,
384,75-0352,Corning Free Academy,1926,,
385,75-0353,Baseball,1904,,
386,75-0353,Corning Free Academy,1904,,
387,75-0354,,,historic building; wood siding; architectural drawing; two-story structure; black and white photograph,"A black and white architectural illustration or photograph of a two-story wooden building with multiple windows, a central entrance, and a peaked roof with a chimney, appearing to be a historical documentation of a 19th-century structure from the Corning, NY area."
388,75-0355,Class Pictures ,1916,class picture; corning free academy; 1916; students; black and white photograph,"A 1916 class photograph from Corning Free Academy showing approximately 24 students arranged in three rows at desks with books, displaying formal early 20th-century school portrait styling."
389,75-0355,Corning Free Academy,1916,class picture; corning free academy; 1916; students; black and white photograph,"A 1916 class photograph from Corning Free Academy showing approximately 24 students arranged in three rows at desks with books, displaying formal early 20th-century school portrait styling."
390,75-0357,,,black and white photograph; industrial machinery; children; adult demonstration; mid-20th century,"A black and white photograph showing an adult man demonstrating or explaining industrial machinery to a group of children gathered around what appears to be factory or manufacturing equipment, likely from an educational or factory tour in mid-20th century Corning, NY."
391,75-0358,,,corning ny; the rockwell co; department store; brick building; black and white photograph,"A black and white photograph of The Rockwell Co., identified as ""Corning's Leading Department Store,"" showing a multi-story brick commercial building with large storefront windows on the ground level and regular windows on upper floors."
392,75-0359,Airplanes,1956,clock tower; downtown corning; historic architecture; black and white photograph; 1950s street scene,"A black and white photograph from 1956 showing Corning, NY's distinctive clock tower with stone construction and spire, surrounded by Victorian-era buildings, industrial smokestacks, and utility lines in the downtown area."
393,75-0360,Corning Fibre Box Corp.,1956,industrial factory; aerial view; 1950s manufacturing; corrugated cardboard production; black and white photograph,"An aerial photograph from 1956 showing the Corning Fibre Box Corporation factory and general offices in Corning, N.Y., a corrugated fibre board shipping box and packing materials manufacturer that had been a Corning institution for over 30 years."
394,75-0361,Corning Glass Center Buildings,1906,corning glass works; industrial factory; brick buildings; smokestacks; 1906,"This 1906 black and white photograph shows the Corning Glass Works facility in Corning, New York, featuring multiple tall industrial smokestacks emitting smoke, brick factory buildings, and surrounding structures typical of early 20th-century glass manufacturing operations."
395,75-0363,Dann's Dairy,1963,dairy facility; corrugated metal barn; water tower; rural agricultural; black and white photograph,"This 1963 black and white photograph shows Dann's Dairy in Corning, NY, featuring a large corrugated metal barn with an attached white building bearing the ""Dann's Dairy"" sign, a prominent water tower, and surrounding vegetation and trees."
396,75-0364,Baron Steuben Hotel,1956,baron steuben hotel; dining room; 1950s interior; formal table setting; black and white photograph,"This 1956 black and white photograph shows an elegant dining room at the Baron Steuben Hotel in Corning, NY, featuring a long formally set table with place settings, upholstered chairs, decorative window treatments, and a view through windows to tree-lined grounds outside."
397,75-0365,,,industrial building; concrete mixer; mid-century; Corning New York; black and white photograph,"A black and white photograph showing the Riverside Transit Mix Inc. concrete mixing facility in Corning, N.Y., featuring a tall concrete mixer tower with loading chute, utility poles, and a vintage truck parked beside the building, with the company's phone number (DIAL 2-5937) visible on the structure."
398,75-0366,"Corning, New York",1956,aerial view; corning new york; river valley; industrial facilities; 1950s photograph,"An aerial photograph from 1956 showing Corning, New York with the Chemung River winding through the valley, industrial manufacturing facilities in the foreground, residential neighborhoods, and surrounding hillsides with visible smoke from industrial operations."
399,75-0367,,,interior display; retail showroom; mid-century modern; window displays; black and white photograph,"A black and white photograph showing an interior retail or showroom space with multiple illuminated window displays featuring curtains and merchandise, pendant lighting fixtures, and display tables with decorative items in the foreground."
400,75-0368,,,downtown corning; mid-century street scene; storefronts; parked automobiles; black and white photograph,"A black and white photograph of a downtown Corning street lined with multi-story commercial buildings, parked mid-century automobiles, street lamps, and visible storefront signage including a ""DRUGS"" sign, showing a typical American downtown streetscape from approximately the 1950s-1960s era."
401,75-0369,,,night photograph; downtown street; cains storefront; parked automobiles; mid-century urban scene,"A nighttime aerial view of a downtown Corning street showing the illuminated Cains storefront, parked mid-century automobiles along the street, and various commercial buildings with street lighting."
402,75-0370,,,rural landscape; farmland; water channel; trees; black and white photograph,"A black and white photograph showing a rural farmstead with houses and large trees along a waterway or canal in the foreground, depicting a pastoral countryside scene."
403,75-0371,"Corning, New York",1952,,
404,75-0372,"First Street, Corning, N.Y. ",1972,,
405,75-0374,"Corning, New York",1952,,
406,75-0375,,,dirt road; bare trees; rural landscape; early 20th century; black and white photograph,"A black and white photograph showing a dirt road lined with bare deciduous trees and brush, with figures visible in the distance walking along the path in what appears to be a rural or wooded area during late fall or winter."
407,75-0376,,,baseball game; rural landscape; forested hills; mid-20th century; black and white photograph,"A baseball game in progress on a rural field surrounded by dense forest and hills, with spectators watching from the sidelines in what appears to be a mid-20th century photograph from the Corning, NY area."
408,75-0377,,,two people; forest path; weeping willow trees; black and white photograph; early 20th century,Two people stand on a narrow dirt path surrounded by tall weeping willow trees with drooping branches in this black and white photograph.
409,75-0378,,,workers; industrial building; early 20th century; group portrait; black and white photograph,"A black and white photograph showing seven men in work clothes and caps standing in front of a large industrial or factory building with vertical corrugated metal siding, likely documenting workers at a Corning manufacturing facility in the early 1900s."
410,75-0379,,,industrial factory; workers group portrait; machinery equipment; black and white photograph; early 20th century,"A black and white photograph showing a group of approximately seven workers standing in an industrial factory setting with large cylindrical equipment, metal framework, and machinery visible in the background, likely documenting a workforce at a Corning manufacturing facility."
411,75-0380,,,group portrait; corrugated metal building; early 20th century; community gathering; black and white photograph,"A large group portrait of approximately 60-70 people of various ages, including children, adults, and elderly individuals, posed in front of a corrugated metal industrial or institutional building, likely from the early 1900s."
412,75-0381,,,winter forest; snow; bare trees; black and white photograph; landscape,"A black and white photograph depicting a winter forest scene with tall bare trees standing in snow-covered ground, with fallen branches visible in the foreground."
413,75-0382,,,lumber mill; industrial buildings; log storage; rural landscape; black and white photograph,"A black and white photograph showing a lumber mill operation with wooden structures, stacked logs, and industrial buildings set against a backdrop of rolling hills and a river valley in what appears to be early-to-mid 20th century Corning, New York."
414,75-0383,,,horse-drawn wagon; logging; timber transport; rural labor; black and white photograph,"A black and white photograph showing workers with a horse-drawn wagon loaded with large logs in a rural, forested setting, likely depicting early 20th-century logging operations in the Corning, NY area."
415,75-0384,,,horse-drawn wagon; draft horses; man with cap; rural scene; black and white photograph,"A man in work clothes and a cap stands between two harnessed draft horses pulling a wagon, with bare trees and rural buildings visible in the background of this black and white photograph."
416,75-0385,,,horse-drawn wagon; rural landscape; early 20th century; black and white photograph; teamster,"A black and white photograph showing a man in a wide-brimmed hat seated on a horse-drawn wagon pulled by two harnessed horses, traveling along a rural dirt road with forested hills visible in the background."
417,75-0386,"Caton, N.Y.",1958,snow-covered street; route 225 junction sign; 1950s automobiles; bare trees; rural intersection,"A winter scene from Caton, N.Y. in 1958 showing a snow-covered intersection with a Route 225 junction sign, parked vehicles from the 1950s era, bare deciduous trees, and white buildings lining the street in black and white photograph."
418,75-0387,,,horse-drawn carriage; children; early 20th century; black and white photograph; residential setting,"A black and white photograph showing two children seated in a horse-drawn carriage or wagon with large spoked wheels positioned in front of a residential building with latticed doors, marked with the archive number ""54"" on a reference card."
419,75-0388,,,creek; wooden fence; stone wall; bare trees; black and white photograph,"A black and white photograph showing a narrow creek or streambed lined with debris and rocks, flanked by a stone wall on the left and wooden fence on the right, with bare trees and residential buildings visible in the background."
420,75-0389,Floods,,,
421,75-0390,,,official document; state of ohio; adjutant generals office; handwritten letter; 1862,"An official letter from the State of Ohio Adjutant General's Office dated August 21st, 1862, addressed to someone regarding military service, with handwritten cursive text and an ornate header featuring a cannon and the phrase ""To All Whom It May Concern."""
422,75-0391,"Fire Department, Corning, N.Y. ",1917,fire department; corning new york; 1917; firefighters; fire station; early automobiles; brick building,This 1917 photograph shows the Corning Fire Department posed in front of their brick fire station with early motorized fire trucks and firefighters in uniform standing in formation.
423,75-0392,Fires,1953,fire; building; firefighting; smoke; black and white photograph,"A black and white photograph from 1953 showing firefighters on an extended ladder battling a major fire in a brick building in Corning, NY, with heavy smoke billowing from the structure."
424,75-0393,"Fire Department, Corning, N.Y. ",1936,fire department; firefighters; vintage fire truck; 1936; corning new york; brick building; uniforms; american flags,"This 1936 black and white photograph shows three Corning Fire Department firefighters in uniform standing in front of a vintage fire truck equipped with a hose reel, positioned outside a brick firehouse with ivy-covered walls and American flags visible on the vehicle."
425,75-0394,,,brick building; arched windows; architectural detail; black and white photograph; historic structure,"A black and white photograph showing the facade of a historic brick building with two prominent arched windows and classical architectural details, with what appears to be archival contact sheet markings visible at the bottom of the image."
426,75-0395,,,architectural detail; storefront; ornamental cornice; black and white photograph; historic building,A close-up black and white photograph showing the upper facade of a historic commercial building with decorative cornice work and storefront windows with white trim.
427,75-0396,,,storefront sign; vintage neon; furniture store; downtown corning; black and white photograph,"A vertical neon sign reading ""ALLEN"" with ""FURNITURE & RUGS"" visible on the storefront of a downtown Corning building, featuring large display windows and decorative architectural details typical of mid-20th century commercial architecture."
428,75-0397,,,architectural detail; ornamental medallion; stone carving; black and white photograph; historic building,"A close-up black and white photograph of an ornamental stone medallion featuring a four-petaled flower or clover design carved in relief, set within a decorative circular frame on what appears to be the facade of a historic masonry building in Corning, NY."
429,75-0398,,,two men; american flag; drum; formal attire; outdoor portrait; black and white photograph,"A black and white photograph showing two men in formal early 20th-century clothing standing outdoors beneath leafy trees, with one man holding an American flag on the left and the other man on the right holding what appears to be a drum."
430,75-0399,,,brick building; arched windows; architectural detail; ornamental cornice; black and white photograph,"A black and white photograph showing the upper facade of a brick building with large arched windows, decorative geometric brickwork patterns, a crenellated parapet, and an ornamental pediment with a finial at the roofline."
431,75-0400,,,u.s. post office; classical architecture; brick building; columned facade; black and white photograph,"A black and white photograph of the Corning, NY U.S. Post Office building, featuring classical Beaux-Arts architecture with prominent columns, a pediment with circular ornament, and brick construction typical of early 20th-century federal buildings."
432,75-0401,,,brick storefront; cook's tv sales service; mid-century signage; black and white photograph; downtown corning,"A black and white photograph showing the storefront of Cook's T.V. Sales & Service, a brick building with large display windows and signage visible on the lower facade, likely from the mid-20th century in Corning, NY."
433,75-0402,,,compass rose; brick building; architectural detail; corning ny; black and white photograph,"A close-up black and white photograph of a decorative compass rose mounted on a brick building, with a tall tower or steeple visible through the center opening of the compass design."
434,75-0403,Isabel Walker Drake Family Photo,c. 1900,horses; farm; rural property; circa 1900; black and white photograph,"A circa 1900 black and white photograph showing harnessed horses at work on the Isabel Walker Drake family property in Corning, NY, with farm buildings, wooden fencing, and cultivated gardens visible in the background."
435,75-0404,Isabel Walker Drake Family Photo,c. 1900,family photograph; street scene; early 1900s; circular vignette; black and white photograph,"A circular vignette photograph showing the Isabel Walker Drake family on a residential street in Corning, NY circa 1900, with adults and children posed on a sidewalk lined with period buildings and utility poles."
436,75-0405,Construction,,construction site; excavation; wooden framework; black and white photograph; industrial landscape,"A black and white photograph showing an active construction or excavation site with wooden structural elements in the foreground, piles of earth and debris, forested hills in the background, and what appears to be industrial or manufacturing infrastructure visible in the distance."
437,75-0406,Floods,1972,flooded street; corning ny; 1972 flood; black and white photograph; tree-lined road,"A black and white photograph documenting the 1972 flood in Corning, New York, showing a tree-lined street completely submerged in floodwater with utility poles and buildings visible in the distance."
438,75-0407,Floods,1972,flooded landscape; metal bridge structure; debris; 1972 flood; black and white photograph,"This black and white photograph documents the 1972 flood in Corning, NY, showing a metal bridge structure partially submerged in floodwaters with debris and uprooted vegetation scattered in the foreground and surrounding landscape."
439,75-0408,Floods,1972,flood damage; debris; utility poles; commercial buildings; black and white photograph,"A 1972 flood scene in Corning, NY showing debris-strewn streets with damaged utility poles, residential and commercial buildings including a ""Bridge Street Service"" establishment, and widespread destruction from floodwaters."
440,75-0409,Floods,1972,flood damage; debris; residential building; 1972 disaster; black and white photograph,"This black and white photograph from the 1972 Corning flood shows a small residential house surrounded by extensive flood debris and fallen logs, documenting the destructive impact of the flooding event on local properties."
441,75-0410,Floods,1972,flood damage; industrial facility; mud and debris; 1972 disaster; black and white photograph,"This black and white photograph documents severe flood damage to an industrial facility in Corning, NY from the 1972 flood, showing mud-covered equipment, displaced machinery, storage tanks, and debris scattered throughout the factory floor."
442,75-0411,Floods,1972,flood damage; debris; wooden structures; alleyway; black and white photograph,"A black and white photograph showing flood debris and damaged wooden structures in an alleyway in Corning, NY, documenting damage from the 1972 flood event."
443,75-0412,Corning Glass Works Floods,1972,flood damage; interior damage; glass vessels; mud and debris; black and white photograph,"A person surveys flood damage inside what appears to be a Corning Glass Works facility or related building in 1972, with mud and debris covering the floor, damaged glassware and vessels visible on surfaces, and shelving with glass items affected by floodwaters."
444,75-0412,Floods,1972,flood damage; interior damage; glass vessels; mud and debris; black and white photograph,"A person surveys flood damage inside what appears to be a Corning Glass Works facility or related building in 1972, with mud and debris covering the floor, damaged glassware and vessels visible on surfaces, and shelving with glass items affected by floodwaters."
445,75-0413,Corning Glass Works Floods,1972,flood damage; industrial interior; debris; corning glass works; black and white photograph,"This black and white photograph documents the interior of a Corning Glass Works facility heavily damaged by the 1972 flood, showing mud and sediment covering the floor, overturned equipment, twisted metal pipes, and scattered debris throughout the industrial space."
446,75-0413,Floods,1972,flood damage; industrial interior; debris; corning glass works; black and white photograph,"This black and white photograph documents the interior of a Corning Glass Works facility heavily damaged by the 1972 flood, showing mud and sediment covering the floor, overturned equipment, twisted metal pipes, and scattered debris throughout the industrial space."
447,75-0414,Floods,1972,flooded house; 1972 flood; submerged structures; rural landscape; color photograph,"A house surrounded by floodwaters from the 1972 Corning, NY flood, with the structure partially submerged and utility poles visible against a backdrop of trees and inundated fields."
448,75-0415,Floods,1972,flooded commercial building; 1972 flood; black and white photograph; water damage; Corning NY,"A black and white photograph showing a commercial building with ""CUSTOM"" signage on its roof surrounded by floodwaters during the 1972 Corning flood, with the structure partially submerged and vegetation visible in the foreground."
449,75-0416,Corning Glass Works Floods,1972,flood damage; destroyed documents; water damage; interior debris; black and white photograph,"This black and white photograph documents the interior destruction caused by the 1972 Corning flood, showing scattered and water-damaged papers, files, and office materials piled on the floor of what appears to be a Corning Glass Works facility, with damaged furniture and structural elements visible in the background."
450,75-0416,Floods,1972,flood damage; destroyed documents; water damage; interior debris; black and white photograph,"This black and white photograph documents the interior destruction caused by the 1972 Corning flood, showing scattered and water-damaged papers, files, and office materials piled on the floor of what appears to be a Corning Glass Works facility, with damaged furniture and structural elements visible in the background."
451,75-0417,Floods,1972,flooded residential area; wooden houses; 1972 flood; black and white photograph; disaster damage,"A black and white photograph documenting the 1972 flood in Corning, NY, showing residential wooden structures partially submerged in floodwaters with debris visible around the buildings."
452,75-0418,Corning Glass Works Floods,1972,flood damage; interior destruction; debris; 1972; black and white photograph,"This black and white photograph documents interior flood damage from the 1972 Corning flood, showing a destroyed office or commercial space with scattered debris, overturned furniture, mud-covered floors, and damaged partitions and equipment."
453,75-0418,Floods,1972,flood damage; interior destruction; debris; 1972; black and white photograph,"This black and white photograph documents interior flood damage from the 1972 Corning flood, showing a destroyed office or commercial space with scattered debris, overturned furniture, mud-covered floors, and damaged partitions and equipment."
454,75-0419,Floods,1972,flooded downtown; corning ny; 1972 flood; mid-century buildings; black and white photograph,"A black and white photograph documenting the 1972 flood in Corning, NY, showing downtown buildings partially submerged in floodwaters with forested hills visible in the background."
455,75-0420,Floods,1972,flood damage; residential house; 1972 disaster; black and white photograph; debris,"A black and white photograph showing a residential house in Corning, NY damaged during the 1972 flood, with debris and a large pipe visible in the foreground and surrounding vegetation partially submerged or displaced by floodwaters."
456,75-0421,Corning Glass Works Floods,1972,flood damage; industrial buildings; debris cleanup; corning glass works; black and white photograph,"This 1972 photograph documents flood damage in Corning, NY, showing debris and cleanup efforts in a downtown area surrounded by multi-story brick industrial buildings, with a visible ""Parking Lot Violations One Dollar"" sign and workers surveying the destruction."
457,75-0421,Floods,1972,flood damage; industrial buildings; debris cleanup; corning glass works; black and white photograph,"This 1972 photograph documents flood damage in Corning, NY, showing debris and cleanup efforts in a downtown area surrounded by multi-story brick industrial buildings, with a visible ""Parking Lot Violations One Dollar"" sign and workers surveying the destruction."
458,75-0422,Floods,1972,flooded buildings; 1972 flood; black and white photograph; residential area; water damage,"A black and white photograph showing a residential building partially submerged in floodwaters during the 1972 Corning flood, with a utility pole in the foreground and surrounding structures visible in the background."
459,75-0423,Floods,1972,flooded street; submerged automobile; residential neighborhood; 1972 flood; black and white photograph,"A black and white photograph documenting the 1972 flood in Corning, NY, showing a residential street completely inundated with floodwater, with a partially submerged car visible in the center and houses and utility poles surrounding the flooded area."
460,75-0424,Floods,1972,flooded damage; destroyed buildings; debris; 1972 flood; black and white photograph,"This black and white photograph documents flood damage in Corning, NY from 1972, showing destroyed and overturned structures, scattered debris and lumber, and people surveying the devastation among residential buildings."
461,75-0425,Floods,1972,flood damage; debris; bare trees; residential area; black and white photograph,"A black and white photograph showing flood damage in Corning, NY from 1972, with debris and uprooted trees scattered across a residential yard, a person standing among the destruction, and damaged buildings visible in the background."
462,75-0426,Corning Fibre Box Corp.,1972,flood damage; industrial building; broken windows; debris; black and white photograph,"This black and white photograph from 1972 shows the Corning Fibre Box Corp. facility in Corning, NY with extensive flood damage, including shattered windows, structural damage to the facade, and debris scattered at the base of the building."
463,75-0426,Floods,1972,flood damage; industrial building; broken windows; debris; black and white photograph,"This black and white photograph from 1972 shows the Corning Fibre Box Corp. facility in Corning, NY with extensive flood damage, including shattered windows, structural damage to the facade, and debris scattered at the base of the building."
464,75-0427,Floods,1972,flooded street; food mart sign; utility poles; hillside; black and white photograph,"A 1972 flood in Corning, NY submerges a commercial area with a visible ""Food Mart"" sign, utility poles, and buildings against a forested hillside backdrop."
465,75-0428,Floods,1972,flood relief; emergency shelter; tent; 1972 disaster; black and white photograph,"This black and white photograph shows flood victims and relief workers gathered outside emergency tent shelters during the 1972 Corning flood, with people wearing winter clothing and holding cups, likely receiving aid and refreshments at a disaster relief station."
466,75-0429,Floods,1972,flooded farmland; rural buildings; 1972 flood; power lines; black and white photograph,"A black and white photograph documenting the 1972 flood in Corning, NY, showing extensive flooding of agricultural land with submerged buildings, utility poles, and a rural landscape inundated with water."
467,75-0430,Floods,1972,,
468,75-0431,Floods,1972,flood damage; tilted building; structural collapse; 1972 disaster; black and white photograph,"A black and white photograph documenting flood damage in Corning, NY from 1972, showing a severely tilted and damaged white-sided building with a collapsed section, illustrating the destructive impact of the flooding event on local structures."
469,75-0432,Floods,1972,flooded street; gas station; 1972 flood; black and white photograph; submerged building,"A gas station with a distinctive ship-shaped roof structure is partially submerged in floodwaters during the 1972 Corning flood, with visible signage for regular and unleaded gas and surrounding hills in the background."
470,75-0433,Corning Fibre Box Corp.,1972,flooded industrial area; submerged equipment; 1972 flood; black and white photograph; corning ny,"This black and white photograph documents the 1972 flood in Corning, NY, showing the Corning Fibre Box Corp. facility with industrial equipment and buildings partially submerged under floodwaters."
471,75-0433,Floods,1972,flooded industrial area; submerged equipment; 1972 flood; black and white photograph; corning ny,"This black and white photograph documents the 1972 flood in Corning, NY, showing the Corning Fibre Box Corp. facility with industrial equipment and buildings partially submerged under floodwaters."
472,75-0434,Floods,1972,flooded residential area; 1972 flood; submerged buildings; debris; black and white photograph,"This black and white photograph documents the 1972 flood in Corning, NY, showing residential buildings partially submerged in floodwater with debris and damaged materials visible in the foreground."
473,75-0435,Floods,1972,flooded street; utility poles; industrial buildings; 1972 flood; black and white photograph,"A black and white photograph documenting the 1972 flood in Corning, NY, showing a flooded industrial or commercial area with utility poles, multi-story buildings partially submerged in water, and surrounding structures visible in the background."
474,75-0436,"Northside, Corning, New York",1972,flooded residential area; submerged houses; 1972 flood; northside corning; black and white photograph,"A black and white photograph documenting the 1972 flood in Corning, New York's Northside neighborhood, showing residential houses completely submerged in floodwater with evergreen trees visible in the background."
475,75-0436,Floods,1972,flooded residential area; submerged houses; 1972 flood; northside corning; black and white photograph,"A black and white photograph documenting the 1972 flood in Corning, New York's Northside neighborhood, showing residential houses completely submerged in floodwater with evergreen trees visible in the background."
476,75-0437,"Northside, Corning, New York",1972,flooded street; residential neighborhood; 1972 flood; black and white photograph; northside corning,"A black and white photograph documenting the 1972 flood in the Northside neighborhood of Corning, New York, showing residential houses and trees partially submerged in floodwater along a street."
477,75-0437,Floods,1972,flooded street; residential neighborhood; 1972 flood; black and white photograph; northside corning,"A black and white photograph documenting the 1972 flood in the Northside neighborhood of Corning, New York, showing residential houses and trees partially submerged in floodwater along a street."
478,75-0438,"Northside, Corning, New York",1972,flooded neighborhood; submerged vehicles; residential buildings; 1972 flood; black and white photograph,"This black and white photograph documents the devastating 1972 flood in the Northside area of Corning, New York, showing multiple automobiles partially submerged in floodwaters with residential houses and trees visible in the background."
479,75-0438,Floods,1972,flooded neighborhood; submerged vehicles; residential buildings; 1972 flood; black and white photograph,"This black and white photograph documents the devastating 1972 flood in the Northside area of Corning, New York, showing multiple automobiles partially submerged in floodwaters with residential houses and trees visible in the background."
480,75-0439,Floods,1972,flooded residential area; wooden house; utility poles; black and white photograph; 1972 flood,"A black and white photograph documenting the 1972 flood in Corning, NY, showing a wooden residential structure completely surrounded by floodwaters with utility poles partially submerged in the foreground and dense vegetation visible in the background."
481,75-0440,Floods,1972,flooded residential area; white house; power lines; trees; black and white photograph,"A 1972 flood in Corning, NY showing a white residential house partially submerged in floodwaters, surrounded by trees and utility power lines, captured in black and white photography."
482,75-0441,Floods,1972,flood damage; residential property; debris; black and white photograph; 1972,"This black and white photograph documents flood damage to a residential property in Corning, NY, showing a house with debris scattered around it, including overturned furniture and structural materials, with handwritten notes visible on the lower right indicating the property address at 56 Wilson Street and contact information for Francis Quattrene."
483,75-0442,Floods,1972,flooded street; 1972 flood; corning ny; black and white photograph; disaster damage,"A black and white photograph documenting the 1972 flood in Corning, NY, showing a downtown street completely submerged in floodwater with partially submerged structures, utility poles, and debris visible throughout the inundated area."
484,75-0443,Floods,1972,flood damage; debris; stop sign; residential area; black and white photograph,"A black and white photograph showing flood damage in Corning, NY from 1972, with debris scattered across a residential street, damaged structures, and a stop sign visible among the destruction."
485,75-0444,Floods,1972,,
486,75-0445,Floods,1972,flooded street; stop sign; one way sign; people in water; black and white photograph,"Three people stand in floodwaters next to a STOP sign and ONE WAY directional sign during the 1972 flood in Corning, NY, documenting the severity of the inundation in the downtown area."
487,75-0446,Floods,1972,flooded landscape; destroyed buildings; 1972 flood damage; rural area; black and white photograph,"This black and white photograph documents the devastating aftermath of the 1972 flood in Corning, NY, showing completely submerged and destroyed structures, debris scattered across the landscape, and bare trees in a rural area affected by the disaster."
488,75-0447,Floods,1972,flooded street; jones pontiac co.; damaged automobiles; 1972 flood; black and white photograph,"This black and white photograph shows a flooded Corning, NY street in 1972 with submerged vehicles in front of Jones Pontiac Co., Inc. and a Goodwill store, documenting the devastating flood damage to local businesses and automobiles."
489,75-0448,Floods,1972,,
490,75-0449,Floods,1972,flooded street; commercial buildings; route 328; 1972 flood; black and white photograph,"A severely flooded street in Corning, NY shows submerged commercial buildings including a ""Super Duper"" market and an ""Alpharma"" building, with Route 328 marker visible, documenting the devastating 1972 flood event."
491,75-0450,Floods,1972,flood damage; debris and rubble; corning ny; 1972; black and white photograph,"A black and white photograph documenting flood damage in Corning, NY from 1972, showing scattered debris, large drainage pipes, damaged buildings, and a man standing among the destruction with hills visible in the background."
492,75-0451,Floods,1972,residential building; black and white photograph; 1970s architecture; rural structure; mid-century modern,"A black and white photograph of a single-story residential building with horizontal siding, two front doors with white frames, and a pitched roof, surrounded by shrubs and trees in what appears to be a rural or suburban setting from the 1970s era."
493,75-0452,Floods,1972,flooded house; white wooden structure; flood damage; 1972 disaster; black and white photograph,"A white wooden house in Corning, NY is shown elevated on blocks during the 1972 flood, with debris and flood damage visible around its foundation and surrounding landscape."
494,75-0453,Floods,1972,flooded street; utility poles; 1972 flood; submerged vehicles; black and white photograph,"A black and white photograph documenting the 1972 flood in Corning, NY, showing a residential or commercial area completely inundated with floodwater, with utility poles, partially submerged buildings, and a vehicle visible amid the rising water."
495,75-0454,Floods,1972,flood damage; destroyed buildings; 1972 disaster; corning ny; black and white photograph,"This black and white photograph documents severe structural damage to buildings in Corning, NY from the 1972 flood, showing collapsed roofs and walls with debris scattered on the ground and forested hills visible in the background."
496,75-0455,,,corning conservatory of music; concert program; 1912; opera house; classical music,"A program cover for the Corning Conservatory of Music's Annual Closing Concert held at the Opera House in Corning, New York on Friday evening, June 14, 1912 at 8:15, directed by Louis J. Bostelmann, listing assisting soloists, graduates, and accompanists."
497,75-0456,,,theater program; vintage advertisement; early 20th century; corning new york; black and white print,"A theater program page from Corning, NY featuring a play cast list with characters including James Pensenbly Makesyfte as Lord Bishop and other local actors, surrounded by period advertisements including Carmen Complexion Powder from Cole's Drug Store and The J.M. Greig Co. ladies' apparel."
498,75-0457,,,theater program; vintage advertisements; early 1900s; corning new york; printed ephemera,"A theater program page from Corning, NY featuring advertisements for American Brokerage Co. and Holmes' Pharmacy (Painatone pain reliever), an executive staff listing for Mr. Norton, and announcements for upcoming attractions including the Ben Toy Musical Comedy Co. performance scheduled for October 1-4, along with literary content about an elephant's trunk and autumn reflections."
499,75-0458,,,decorative clock; porcelain; ornamental design; black and white photograph; tabletop object,"A black and white photograph of an ornate porcelain mantel clock with elaborate baroque-style decoration, featuring a cherub finial at the top, floral motifs on the sides, and a round clock face showing approximately 11 o'clock."
500,75-0459,,,artifact; metal object; archaeological specimen; close-up photograph; black and white,"A close-up photograph of an elongated dark metal artifact with surface markings and patina, displayed on a white background with a measurement scale visible at the top, likely an archaeological or historical specimen from the Corning local history collection."
501,75-0460,,,wooden object; geometric design; close-up photograph; black and white; craftsmanship,"A close-up black and white photograph of a wooden object featuring geometric cutouts and angular surfaces, possibly a decorative box, architectural model, or woodworking sample displaying skilled craftsmanship."
502,75-0461,,,wooden box; dark wood; closed container; black and white photograph; interior setting,"A close-up black and white photograph of a dark wooden box or chest with a hinged lid, shown from an angled perspective on what appears to be an indoor surface."
503,75-0462,,,bottle; cap; close-up; black and white photograph; product documentation,"A close-up black and white photograph of a bottle with a metal cap or lid being held in someone's hands, showing detailed text embossed on the cap surface."
504,75-0463,,,glass jar; specimen; black and white photograph; laboratory; close-up,A black and white close-up photograph of a glass jar with a metal lid containing what appears to be a preserved specimen or sample against a dark background.
505,75-0464,,,glass jar; preserved fruit; canning; black and white photograph; still life,"A black and white photograph showing a glass jar filled with what appears to be preserved grapes or similar round fruit, with a metal lid, positioned against a plain background with windows visible."
506,75-0465,,,umbrella; lawn; trees; black and white photograph; vintage parasol,A black and white photograph showing a decorative parasol with ornate paneling standing upright on a grassy lawn with evergreen trees in the background and what appears to be a hat or fabric item on the ground beside it.
507,75-0466,Corning Glass Works Floods,1972,flooded industrial facility; water damage; corning glass works; 1972 flood; black and white photograph,"This black and white photograph documents flood damage at the Corning Glass Works facility in 1972, showing water-logged sandbags and protective barriers surrounding an industrial building with large windows and metal framework."
508,75-0466,Floods,1972,flooded industrial facility; water damage; corning glass works; 1972 flood; black and white photograph,"This black and white photograph documents flood damage at the Corning Glass Works facility in 1972, showing water-logged sandbags and protective barriers surrounding an industrial building with large windows and metal framework."
509,75-0467,Floods,1972,modernist architecture; mid-century building; black and white photograph; corning ny; 1972,"A black and white photograph showing a modernist building with distinctive geometric window patterns and clean lines, featuring a checkerboard-like facade of alternating dark and light rectangular panels, with debris visible in the foreground suggesting flood damage from the 1972 flood event in Corning, New York."
510,75-0468,Floods,1972,flooded street; mcdonald's sign; utility poles; 1972 flood; black and white photograph,"A black and white photograph documenting the 1972 flood in Corning, NY, showing a completely submerged commercial area with a McDonald's sign visible on the left and utility poles protruding from the floodwaters, with buildings and mountains visible in the background."
511,75-0469,Floods,1972,,
512,75-0470,Floods,1972,flood damage; industrial machinery; debris; black and white photograph; 1972,"This black and white photograph documents flood damage in what appears to be an industrial facility in Corning, NY, showing heavily damaged machinery, scattered debris, and destruction from the 1972 flood event."
513,75-0471,Floods,1972,flood damage; residential structures; 1972 disaster; submerged vehicles; black and white photograph,"This 1972 photograph documents flood damage in Corning, NY, showing a residential house with a collapsed roof and a partially submerged vehicle crushed beneath flood waters, with trees visible in the background."
514,75-0472,Floods,1972,flood damage; residential property; destroyed structure; black and white photograph; 1972 disaster,"A black and white photograph showing severe flood damage to a residential house in Corning, NY, with a large boat or debris lodged against the damaged structure and surrounding trees visible in the background, documenting the destruction from the 1972 flood event."
515,75-0473,Floods,1972,flooded street; brick buildings; downtown corning; flood damage; black and white photograph,"This 1972 black and white photograph shows flood damage to downtown Corning buildings, with water-logged streets and debris surrounding multi-story brick and stone structures along what appears to be a main commercial street."
516,75-0474,Floods,1972,flooded area; residential buildings; debris; 1972 flood damage; black and white photograph,"This black and white photograph documents flood damage in Corning, NY from 1972, showing flooded residential properties with white buildings, scattered debris, fallen trees, and standing water in what appears to be a valley community surrounded by forested hills."
517,75-0475,Floods,1972,flooded street; commercial buildings; 1972 flood; black and white photograph; corning ny,"A black and white photograph documenting the 1972 flood in Corning, NY, showing commercial buildings and storefronts submerged in floodwater with a person wading through the inundated street."
518,75-0476,Floods,1972,flood damage; railroad tracks; debris; rural area; black and white photograph,"This 1972 photograph documents flood damage in Corning, NY, showing displaced railroad tracks, scattered debris, and destroyed infrastructure amid floodwaters, with residential buildings visible in the background."
519,75-0477,Corning Glass Works Floods,1972,flooded factory interior; industrial equipment submerged; 1972 flood damage; corning glass works; black and white photograph,"This black and white photograph documents the interior of the Corning Glass Works facility severely flooded during the 1972 flood event, showing industrial machinery and equipment partially submerged in water throughout the factory floor."
520,75-0477,Floods,1972,flooded factory interior; industrial equipment submerged; 1972 flood damage; corning glass works; black and white photograph,"This black and white photograph documents the interior of the Corning Glass Works facility severely flooded during the 1972 flood event, showing industrial machinery and equipment partially submerged in water throughout the factory floor."
521,75-0478,Floods,1972,,
522,75-0479,Baseball,,baseball stadium; crowded bleachers; mid-century; black and white photograph; forested hillside,"A black and white photograph showing a baseball stadium filled with spectators in the bleachers, with a modern press box structure visible on the roof and forested hills in the background under a cloudy sky."
523,75-0480,Floods,1972,flooded street; submerged automobiles; residential neighborhood; 1972 flood; black and white photograph,"This black and white photograph documents a devastating flood in Corning, NY in 1972, showing a residential street completely inundated with water, multiple automobiles partially submerged, utility poles and power lines, and houses lining both sides of the street amid the flood damage."
524,75-0481,Floods,1972,flooded area; power lines; residential buildings; 1972 flood; black and white photograph,"This black and white photograph documents the 1972 Corning flood, showing an expansive flooded landscape with submerged power lines, displaced industrial equipment and debris floating in floodwaters, residential structures visible in the background, and a utility vehicle in the foreground on higher ground."
525,75-0482,Floods,1972,flooded street; submerged vehicles; bridge; 1972 flood; black and white photograph,"A black and white photograph documenting the 1972 flood in Corning, NY, showing a bridge partially submerged in floodwaters with several automobiles underwater and trees visible in the background."
526,75-0483,Floods,1972,flooded residential area; overturned truck; 1972 flood damage; corning ny; black and white photograph,"This black and white photograph documents the devastating 1972 flood in Corning, NY, showing an overturned truck submerged in floodwaters with residential houses and utility poles visible in the background amid the flood damage."
527,75-0484,Corning Glass Works Floods,1972,flooded factory; corning glass works; 1972 flood; industrial damage; black and white photograph,"This black and white photograph documents the interior of a Corning Glass Works facility severely flooded in 1972, showing a worker wading through floodwaters amid scattered industrial equipment, chairs, and debris, with large gridded windows visible in the background of the industrial building."
528,75-0484,Floods,1972,flooded factory; corning glass works; 1972 flood; industrial damage; black and white photograph,"This black and white photograph documents the interior of a Corning Glass Works facility severely flooded in 1972, showing a worker wading through floodwaters amid scattered industrial equipment, chairs, and debris, with large gridded windows visible in the background of the industrial building."
529,75-0485,Corning Glass Works Floods,1972,flood damage; industrial building; debris; 1972 flood; black and white photograph,"This black and white photograph documents severe flood damage to an industrial facility in Corning, NY in 1972, showing a destroyed interior with scattered debris, damaged metal structures, and destroyed equipment amid mud and wreckage from the Corning Glass Works flood."
530,75-0485,Floods,1972,flood damage; industrial building; debris; 1972 flood; black and white photograph,"This black and white photograph documents severe flood damage to an industrial facility in Corning, NY in 1972, showing a destroyed interior with scattered debris, damaged metal structures, and destroyed equipment amid mud and wreckage from the Corning Glass Works flood."
531,75-0486,Floods,1972,flood damage; residential street; 1972 disaster; corning ny; black and white photograph,"This black and white photograph documents flood damage in a Corning, New York residential neighborhood in 1972, showing debris-strewn yards, damaged vegetation, and displaced materials along a street lined with houses and utility poles."
532,75-0487,,,portrait; woman; profile; early 20th century; black and white photograph,"A black and white portrait photograph showing a woman in profile wearing glasses and a white blouse with lace detailing at the neckline and shoulders, photographed against a dark background in what appears to be an early 20th-century studio portrait style."
533,75-0488,,,young child; indoor portrait; black and white photograph; early 20th century; patterned rug,"A black and white photograph of a young child standing indoors wearing light-colored clothing, positioned on a patterned rug with decorative geometric designs."
534,75-0489,,,brick building; arched windows; architectural detail; gothic revival; black and white photograph,"A black and white photograph showing the upper facade of a brick building featuring two arched windows with latticed panes, decorative stone corbels, and ornamental architectural detailing typical of Gothic Revival or late 19th-century institutional architecture."
535,75-0490,Floods,,flooded landscape; utility poles; wooden structure; forested hillside; black and white photograph,"A black and white photograph showing a flooded area in Corning, NY with a small wooden structure partially submerged in water, utility poles visible across the landscape, and densely forested hills in the background."
536,75-0491,Floods,,flooded landscape; bare trees; rural area; black and white photograph; water damage,"A black and white photograph showing extensive flooding in a rural area near Corning, NY, with bare trees partially submerged in floodwaters, utility poles visible in the distance, and hills in the background."
537,75-0492,,,portrait; man; book; black and white photograph; early 20th century,A black and white portrait photograph of an elderly man in formal attire examining or reading from an open book or document.
538,75-0493,"Addison, N.Y.",,historic building; brick architecture; tree-lined approach; black and white photograph; early 20th century,"A black and white photograph showing a substantial brick institutional building with Victorian architecture, framed by mature trees along a central pathway, located in Addison, New York."
539,75-0494,"Addison, N.Y.",,addison high school; neoclassical architecture; brick building; black and white photograph; mid-20th century,"A black and white photograph of Addison High School in Addison, N.Y., showing a symmetrical neoclassical brick building with a central portico, cupola, and columned entrance, flanked by mature trees along a straight driveway approach."
540,75-0495,"Addison, N.Y.",,sanitarium; addison new york; historic building; wooden structure; black and white photograph,"A black and white photograph labeled ""Sanitarium Addison, N.Y."" shows a two-story wooden building with wraparound porches, multiple windows, and a chimney, situated on snowy ground with bare trees nearby."
541,75-0496,"Addison, N.Y.",,railroad depot; wooden building; addison new york; black and white photograph; historic architecture,"This black and white photograph shows the B. & S. Depot in Addison, New York, a wooden railroad station building with multiple chimneys, large windows, and a covered platform area."
542,75-0497,"Addison, N.Y.",,brick building; city hall; american house; addison new york; black and white photograph,"A black and white photograph labeled ""American House and City Hall, Addison, N.Y."" showing a large brick building with a distinctive cupola and multiple stories, alongside utility poles and a smaller structure, representing early 20th-century civic architecture in Addison, New York."
543,75-0498,"Addison, N.Y.",,railroad depot; addison new york; baggage room; water tower; black and white photograph,"This black and white photograph shows the railroad depot in Addison, N.Y., featuring a baggage room building with a wooden water tower, utility poles, and forested hillside in the background, with railroad tracks visible in the foreground."
544,75-0499,"Addison, N.Y.",,sash blind factory; addison new york; industrial building; black and white photograph; early 20th century,"This black and white photograph shows the Sash Blind Factory in Addison, N.Y., featuring industrial steel-frame structures with corrugated metal siding, tall support poles, and manufacturing equipment typical of early 20th-century industrial architecture."
545,75-0500,"Addison, N.Y.",,main street; addison new york; early automobile; brick buildings; historic downtown,"A street scene looking north on an unnamed street in Addison, N.Y., showing early 20th-century commercial buildings including a farmers' shoe store on the left, with period automobiles and pedestrians on an unpaved road lined with brick structures and hills in the background."
546,75-0501,,,stereoscopic photograph; man at desk; early 20th century; black and white; office interior,"A stereoscopic card showing a mustachioed man in formal business attire seated at a desk with papers and office materials, photographed twice side-by-side for three-dimensional viewing."
547,75-0502,,,military ribbon; grand army of the republic; general h.l. thomas; cincinnati ohio; black and white photograph,"A black and white photograph of a commemorative ribbon for General H.L. Thomas Post No. 43, G.A.R. (Grand Army of the Republic) located in Cincinnati, Ohio, featuring military insignia and a dangling fringe."
548,75-0503,"Branchport, N.Y. ",,seneca lake; branchport; agricultural landscape; rural new york; black and white photograph,"A black and white photograph labeled ""Seneca Lake at Branchport, N.Y"" showing a scenic view of Seneca Lake surrounded by forested hills, with agricultural fields in the foreground and scattered buildings visible along the shoreline."
549,75-0504,,,portrait; religious figure; clergy; formal dress; black and white photograph,"A formal black and white portrait photograph of a man wearing religious vestments including a cross-topped hat, formal black coat with a white sash or stole, and holding what appears to be a ceremonial staff or crosier, suggesting he is a high-ranking member of the clergy."
550,75-0505,,,portrait photograph; bearded man; 19th century; oval vignette; black and white photograph,"A black and white oval-framed portrait photograph of a bearded middle-aged man wearing a jacket and bow tie, typical of mid-to-late 19th century photographic portraiture style."
551,75-0506,,,portrait photograph; black and white; woman; 19th century; formal dress,"A black and white portrait photograph of a woman in profile wearing dark clothing with a white collar and decorative brooch, typical of 19th-century formal portraiture."
552,75-0507,Samuel Curlyeye Erwin Sr. ,,portrait photograph; man; formal attire; ornate frame; black and white photograph,"A formal black and white portrait photograph of Samuel Curlyeye Erwin Sr., a man wearing a dark suit jacket and bow tie, presented within an ornate decorative oval frame with detailed border patterns."
553,75-0508,,,portrait; elderly man; formal attire; bow tie; 19th century photograph,"A black and white portrait photograph of an elderly man with white hair wearing formal 19th-century attire including a dark jacket and bow tie, shown in three-quarter view against a plain background."
554,75-0509,Sarah Clark Erwin,,portrait photograph; woman; bonnet; oval frame; black and white photograph,"A black and white portrait photograph of Sarah Clark Erwin wearing a dark dress with a white collar and a white bonnet, presented in an oval frame mat."
555,75-0510,"Avoca, N.Y.",,presbyterian church; avoca ny; brick building; church tower; early 20th century; black and white photograph,"A black and white photograph labeled ""Presbyterian Church, Avoca, N.Y."" showing a brick church building with a distinctive square tower and steeple, adjacent residential structures, and bare trees, typical of early 20th-century rural New York architecture."
556,75-0511,Julia Fox,,portrait photograph; child; 19th century clothing; studio photograph; black and white,"A studio portrait photograph of a young child identified as Julia Fox, wearing a dark dress with white collar and sleeves, holding what appears to be a small object in one hand while standing against a plain backdrop."
557,75-0512,"Avoca, N.Y.",,avoca new york; main street; historic buildings; 19th century architecture; black and white photograph,"A black and white photograph showing the corner of East Avenue and Main Street in Avoca, N.Y., featuring a prominent two-story brick house with Gothic Revival architectural details and bare trees, with additional buildings visible in the background."
558,75-0513,,,industrial facility; railroad tracks; rural landscape; early 20th century; black and white photograph,"An aerial view of an industrial complex with factory buildings, smokestacks, and railroad infrastructure nestled in a forested, hilly landscape with a winding river or waterway, typical of early industrial development in the Corning, NY region."
559,75-0514,,,waterfront building; industrial architecture; river; black and white photograph; mid-20th century,"A black and white photograph showing a waterfront industrial or commercial building with distinctive arched windows situated along a river, surrounded by dense trees and vegetation, with a small outbuilding visible on the right side."
560,75-0515,,,portrait; child; early 20th century; black and white photograph; lace collar,"A black and white portrait photograph of a young girl wearing a light-colored dress with an ornate lace collar, looking toward the camera with a serious expression, with partial figures of other people visible in the background."
561,75-0516,,,portrait photograph; man; formal suit; black and white; early 20th century,"A formal black and white portrait photograph of a middle-aged man wearing a dark suit and white dress shirt, with the archive reference number 48 visible in the upper left corner."
562,75-0517,,,portrait photograph; seated man; formal attire; early 20th century; black and white photograph,"A formal black and white portrait photograph of a bald man wearing a dark suit and tie, seated on a stool against a plain backdrop, dating to the early 20th century."
563,75-0518,,,portrait photograph; woman; early 20th century; formal dress; beaded headband,"A black and white portrait photograph of a smiling woman wearing a beaded headband, pearl necklace, and light-colored formal dress with decorative details, typical of early 1900s studio portraiture."
564,75-0519,Class Pictures ,,class picture; formal group portrait; brick building; mid-20th century; black and white photograph,"A formal class photograph showing approximately 60-70 students and faculty posed in rows in front of a large arched brick doorway or tunnel entrance, with the women wearing white dresses and holding bouquets and the men in dark suits."
565,75-0520,Construction,,construction site; excavation; wooden framework; earth moving; black and white photograph,"A black and white photograph showing an active construction or excavation site with large earthen embankments, wooden structural framing, and workers visible in the distance amid the disturbed soil and construction materials."
566,75-0521,Construction,,construction site; corning ny; mid-20th century; black and white photograph; urban development,"A black and white photograph showing an active construction site in Corning, NY with workers, wooden framework, brick buildings, utility poles, and construction materials visible in what appears to be a downtown urban development project from the mid-20th century."
567,75-0522,Construction,,construction site; wooden scaffolding; concrete pillars; black and white photograph; mid-20th century,"A black and white photograph showing an active construction site with concrete support columns, wooden scaffolding, ladders, and various building materials, with residential structures visible in the background."
568,75-0523,Construction,,construction site; wooden pilings; foundation work; hillside landscape; black and white photograph,"A black and white photograph showing an active construction site with wooden pilings and foundation work in progress, set against a hillside landscape with trees and buildings visible in the background, likely from mid-20th century Corning, NY."
569,75-0524,,,drainage pipe; industrial infrastructure; overgrown vegetation; water flow; black and white photograph,"A black and white photograph showing a large drainage or sewage pipe discharging water into a stream, surrounded by overgrown vegetation and industrial structures in the background, documenting infrastructure conditions in Corning, NY."
570,75-0525,Airplanes,,early aviation; biplane; beach; men in period clothing; black and white photograph,"A group of men pose beside a large early biplane aircraft on a sandy beach, likely from the 1910s-1920s era of aviation history."
571,75-0526,Fireman's Convention,,firehouse; patriotic bunting; brick building; early 20th century; black and white photograph,"A brick firehouse in Corning, NY is elaborately decorated with patriotic bunting and flags for a Fireman's Convention, featuring multiple arched windows and ornamental swags across its facade."
572,75-0527,Airplanes,,airplane cockpit; men; vintage aircraft; black and white photograph; early aviation,"Three men are visible in the cockpit of a vintage aircraft, with one man positioned at the controls and two others seated nearby, showing early aviation personnel in what appears to be a mid-20th century aircraft interior."
573,75-0528,Erwin Museum,,museum display; taxidermied deer; Native American figure; black and white photograph; interior exhibition,"A black and white photograph of a museum display at the Erwin Museum showing a Native American figure with a taxidermied deer head mount above, surrounded by various artifacts and exhibition materials in glass cases."
574,75-0529,,,dome structure; architectural model; historic buildings; black and white photograph; miniature display,"A photograph of an architectural model or miniature display featuring a geodesic dome labeled ""ORIGINAL 200"" DISC"" in the foreground, with replica buildings including a church with a steeple and Victorian-style structures visible in the background."
575,75-0530,,,steam locomotive; railroad; number 1555; black and white photograph; early 20th century,"A black and white photograph of steam locomotive number 1555 with attached tender car, showing the engine's side profile with its distinctive smokestack, boiler, and driving wheels on railroad tracks."
576,75-0531,,,brick building; arched windows; architectural detail; black and white photograph; downtown corning,"A black and white photograph of a historic brick building facade featuring three large arched windows with decorative garland swags above them and ornamental details typical of late 19th or early 20th century architecture in Corning, NY."
577,75-0532,Construction,,construction equipment; mobile crane; workers; bare trees; black and white photograph,"A black and white photograph showing a mobile crane with workers gathered around it on a construction site in Corning, NY, with bare trees and temporary structures visible in the background."
578,75-0533,Construction,,construction site; bridge construction; river; excavation equipment; black and white photograph,"A black and white photograph showing a construction site along a river with wooden bridge framework, excavation equipment, piles of earth and gravel, workers, and a vehicle, with dense trees lining the riverbank in the background."
579,75-0534,Construction,,construction; brick wall; workers; scaffolding; black and white photograph,"A black and white photograph showing construction workers on a scaffolded structure next to a partially built brick wall, with residential buildings and vegetation visible in the background."
580,75-0535,Construction,,construction site; wooden scaffolding; brick buildings; downtown corning; black and white photograph,"A black and white photograph showing an active construction site in downtown Corning, NY with wooden scaffolding, workers, and multi-story brick buildings in the background, likely from the early-to-mid 20th century."
581,75-0536,General Dwight D. Eisenhower at World War Memorial Stadium dedication ,1948,,
582,75-0537,General Dwight D. Eisenhower at World War Memorial Stadium dedication ,1948,military uniform; general dwight eisenhower; 1948; world war memorial stadium; black and white photograph; public ceremony,"General Dwight D. Eisenhower in military dress uniform and cap smiles while gesturing at the World War Memorial Stadium dedication ceremony in Corning, NY in 1948, with crowds visible in the background."
583,75-0538,General Dwight D. Eisenhower at World War Memorial Stadium dedication ,1948,general dwight eisenhower; military uniform; microphone; 1948; outdoor ceremony; black and white photograph,"General Dwight D. Eisenhower stands at a microphone during an outdoor dedication ceremony in 1948, wearing his military uniform with visible medals and insignia, appearing to address an audience at what is identified as the World War Memorial Stadium dedication in Corning, NY."
584,75-0539,General Dwight D. Eisenhower at World War Memorial Stadium dedication ,1948,general dwight eisenhower; military uniform; 1948; black and white photograph; world war memorial stadium dedication,"A profile photograph of General Dwight D. Eisenhower in military uniform with First Army insignia visible on his shoulder, taken during the 1948 World War Memorial Stadium dedication ceremony in Corning, NY."
585,75-0540,,,group portrait; men in suits; formal gathering; institutional building; black and white photograph,"A formal black and white group photograph of approximately forty men in business suits posed in front of a white building with horizontal siding and a large dark doorway, likely from the early-to-mid 20th century."
586,75-0541,Construction,,construction site; gravel pile; excavation; bare trees; black and white photograph,"A black and white photograph showing a large mound of gravel or crushed stone at a construction site surrounded by bare deciduous trees and evergreens, with disturbed earth and sparse vegetation visible in the foreground."
587,75-0542,Construction,,construction site; wooden scaffolding; workers; industrial equipment; black and white photograph,"A construction or industrial site in a forested valley showing workers on wooden scaffolding and platforms with machinery, including what appears to be a steam engine or pump on the left, circa early 20th century."
588,75-0543,Construction,,construction; brick building; wooden beams; interior framing; black and white photograph,"A black and white photograph showing the interior structural framework of a building under construction in Corning, NY, with exposed brick walls, wooden support beams and joists, and a wet floor surface visible throughout the space."
589,75-0544,,,architectural detail; brick building; ornamental carving; black and white photograph; corning ny,"A close-up black and white photograph of an ornamental stone plaque mounted on a brick building facade, featuring two carved shell or scallop motifs stacked vertically within a rectangular frame."
590,75-0545,,,ornamental stonework; architectural detail; decorative relief; black and white photograph; building facade,"A close-up black and white photograph of ornamental stone relief panels featuring symmetrical scrollwork and acanthus leaf designs arranged in a grid pattern on what appears to be a historic building facade in Corning, NY."
591,75-0546,Construction,,,
592,75-0547,,,portrait; military uniform; wide-brimmed hat; world war i era; black and white photograph,"A black and white portrait photograph of a man in World War I military uniform wearing a wide-brimmed campaign hat, seated and facing the camera."
593,75-0548,,,industrial accident; concrete mixer truck; brick factory building; mid-20th century; black and white photograph,"A concrete mixer truck has tipped over against a large brick industrial building marked with the number ""39"" in Corning, NY, with onlookers gathered around the scene and utility poles visible in the background."
594,75-0549,Corning Glass Center Buildings,,corning glass works; industrial facility; arch bridge; river; black and white photograph; early 20th century,"This black and white photograph labeled ""Corning Glass Works, Corning, New York"" shows the industrial glass manufacturing facility situated along a river crossed by a multi-arch bridge, with factory buildings, smokestacks, and surrounding hills visible in the background."
595,75-0550,,,corning glass works; industrial factory; brick buildings; smokestacks; railroad tracks; black and white photograph,"A black and white photograph labeled ""The Corning Glass Works, Corning, N.Y."" showing a large multi-story brick industrial facility with numerous tall smokestacks, railroad tracks in the foreground, and various factory buildings characteristic of early 20th-century manufacturing infrastructure."
596,75-0551,,,residential street; tree-lined avenue; early 20th century; brick houses; black and white photograph,"A quiet residential street in Corning, NY lined with mature trees and Victorian-era brick houses with porches, photographed in black and white during the early 1900s."
597,75-0552,,,tree-lined street; residential neighborhood; early 1900s; corning ny; black and white photograph,"A tree-lined residential street in Corning, NY identified as West Iron Park Avenue, showing Victorian-era houses visible on the right side, with mature trees lining both sides of the unpaved road in what appears to be an early 20th-century photograph."
598,75-0553,,,corning ny; downtown street; brick buildings; early automobiles; black and white photograph,"A black and white photograph labeled ""CORNING, N.Y."" showing a downtown street scene with a prominent ornate stone corner building in the foreground, lined with early 20th-century automobiles, pedestrians, and storefronts along the street."
599,75-0554,"First Street, Corning, N.Y. ",,tree-lined street; first street corning; residential buildings; black and white photograph; early 20th century,"A tree-canopied First Street in Corning, New York, showing a quiet residential street lined with mature trees and houses on both sides, photographed in black and white during the early 20th century."
600,75-0555,"First Street, Corning, N.Y. ",,first street corning; tree-lined street; early 20th century; residential architecture; black and white photograph,"This historical photograph shows First Street in Corning, NY, looking west from Chemung, featuring tree-lined residential buildings with classical porches, a person with a bicycle, and pedestrians on a quiet street from the early 1900s."
601,75-0556,"Couthouse Park, Corning, New York",,courthouse park; corning new york; historic park; ivy-covered building; black and white photograph,"A black and white photograph labeled ""Court House Park, Corning, N.Y."" showing a tree-lined park pathway with an ivy-covered building on the right, a wooden fence along the left, and hills visible in the distant background."
602,75-0557,,,third street; corning new york; victorian architecture; residential street; early 20th century,"A black and white photograph labeled ""Third St., looking East, Corning, N.D."" showing a tree-lined residential street with Victorian-era mansions, including a prominent three-story house with mansard roof and wraparound porch on the right side."
603,75-0558,,,downtown street; brick buildings; vintage automobiles; drugstore; mid-20th century,"A black and white photograph of a downtown Corning street lined with multi-story brick commercial buildings, featuring vintage automobiles, pedestrians, and visible signage including ""DRUGS"" and what appears to be a ""REXALL"" pharmacy on the left side, with streetcar tracks visible in the road."
604,75-0559,,,wing & bostwick department store; corning new york; historic commercial building; early 20th century architecture; black and white photograph,"The Wing & Bostwick Department Store in Corning, N.Y., a three-story brick corner building with large storefront windows on the ground level and multiple rows of windows on the upper floors, photographed in black and white."
605,75-0560,,,corning ny; historic mansion; brick architecture; bare trees; black and white photograph,"A black and white photograph of a substantial brick mansion in Corning, New York, featuring mansard roofs with dormer windows, a columned front porch, and bare deciduous trees in the foreground, with the location identified in the upper left corner of the image."
606,75-0561,,,cemetery; chapel; 1892; headstones; black and white photograph,"This black and white photograph shows Hope Cemetery in Corning, NY, featuring a chapel building dated 1852 on the left, numerous white headstones throughout the grounds, and mature trees providing shade over the burial site."
607,75-0563,"City Club, Corning, N.Y. ",,city club; corning new york; ivy-covered building; historic architecture; black and white photograph,"This black and white photograph shows the City Club building in Corning, N.Y., a substantial ivy-covered structure with classical architectural features including columns, balustrades, and a mansard roof, photographed from the front entrance with mature trees framing the facade."
608,75-0564,Country Club,,,
609,75-0565,,,stone building; towers; convent; corning new york; black and white photograph,"A black and white photograph of St. Mary's Convent in Corning, N.Y., showing a stone building with distinctive crenellated towers surrounded by trees, with the archive number A 25643 visible at the bottom."
610,75-0566,,,presbyterian church; corning new york; stone building; steeple; early 20th century,"A black and white photograph of the Presbyterian Church in Corning, N.Y., showing a stone church building with a tall pointed steeple, arched entrance, and bare trees in spring, as identified by the text caption at the top of the image."
611,75-0567,,,presbyterian church; corning new york; stone architecture; steeple; black and white photograph,"A black and white photograph of the Presbyterian Church in Corning, N.Y., showing a stone church building with a tall pointed steeple, Gothic-style windows, and surrounding trees lining the street."
612,75-0568,"Denison Park, Corning, N.Y. ",,denison park; wooden bridge; bare trees; water; black and white photograph,"A black and white photograph of Denison Park in Corning, NY showing a wooden footbridge spanning a body of water, surrounded by bare deciduous trees in what appears to be late fall or winter."
613,75-0569,"Couthouse Park, Corning, New York",,court house park; corning new york; group gathering; vintage photograph; black and white,"A black and white photograph labeled ""Court House Park, Corning, N.Y."" showing a group of people gathered in a park setting with trees in the background, including adults and children, some seated and others standing along a path."
614,75-0570,,,construction site; industrial building; bare trees; early 20th century; black and white photograph,"A black and white photograph showing an active construction site with wooden foundation frameworks, excavated earth, a truck, and industrial buildings with tall smokestacks in the background, surrounded by bare deciduous trees and residential structures typical of early industrial-era Corning, New York."
615,75-0571,,,historic building; neoclassical architecture; brick mansion; corning ny; black and white photograph,"A black and white photograph of a prominent neoclassical brick building in Corning, NY, featuring white columns, a mansard roof with dormers, multiple chimneys, and a front portico with steps, identified as the World War Memorial Library."
616,75-0572,,,wooden pilings; waterfront; river; black and white photograph; hillside landscape,"A black and white photograph showing wooden pilings and dock structures along a waterfront, with a river, sandy beach area, and hillside residential landscape visible in the background."
617,75-0573,"Denison Park, Corning, N.Y. ",,denison park; poplar trees; park entrance; vintage street lamp; black and white photograph,"A black and white photograph of Denison Park in Corning, NY showing a park entrance with tall poplar trees lining a pathway, a white fence gate, brick pillars, and a vintage street lamp, with hills visible in the background."
618,75-0574,,,flood damage; wooden pilings; debris; industrial site; black and white photograph,"A black and white photograph showing flood damage along what appears to be a waterway or industrial area in Corning, NY, with wooden support pilings, scattered debris and logs, damaged structures, and bare trees visible in the background."
619,75-0575,"Courthouse, Corning, New York",,courthouse; neoclassical architecture; brick building; columned facade; black and white photograph,"A black and white photograph of the Corning, New York courthouse, a neoclassical brick building featuring prominent columns, a pediment roof, and a central entrance with steps, surrounded by landscaping and evergreen trees."
620,75-0576,"City Incinerator, Corning, N.Y.",,city incinerator; industrial equipment; chains; metal machinery; black and white photograph,"This black and white photograph shows the interior of the Corning, N.Y. City Incinerator, featuring large cylindrical metal vessels with chains and heart-shaped hooks used for industrial waste processing operations."
621,75-0577,"City Incinerator, Corning, N.Y.",,city incinerator; industrial interior; brick construction; mid-20th century; black and white photograph,"This black and white photograph shows the interior of the Corning, N.Y. City Incinerator, featuring a loading chamber with metal feed mechanisms, brick walls, large windows, and industrial architectural elements typical of mid-20th century municipal waste processing facilities."
622,75-0578,"City Incinerator, Corning, N.Y.",,city incinerator; brick building; corning new york; mid-century; black and white photograph,"A black and white photograph of the City of Corning Department of Public Works incinerator facility, a brick industrial building with a tall chimney, showing a vehicle marked ""CITY OF CORNING DEPT. OF PUBLIC WORKS No12"" parked in front."
623,75-0579,"City Incinerator, Corning, N.Y.",,brick building; industrial architecture; chimney; city incinerator; black and white photograph,"This black and white photograph shows the Corning, N.Y. City Incinerator building, a three-story brick structure with a prominent cylindrical chimney, multiple windows, and industrial architectural design typical of early-to-mid 20th century municipal waste management facilities."
624,75-0580,"City Incinerator, Corning, N.Y.",,industrial machinery; incinerator equipment; black and white photograph; interior; mid-20th century,"A black and white photograph showing the interior of the Corning, N.Y. City Incinerator with a large cylindrical combustion chamber suspended by metal framework above a collection bin, demonstrating the waste disposal equipment used in mid-20th century Corning."
625,75-0580,Corning Glass Center Buildings,,industrial machinery; incinerator equipment; black and white photograph; interior; mid-20th century,"A black and white photograph showing the interior of the Corning, N.Y. City Incinerator with a large cylindrical combustion chamber suspended by metal framework above a collection bin, demonstrating the waste disposal equipment used in mid-20th century Corning."
626,75-0581,"City Incinerator, Corning, N.Y.",,city incinerator; industrial machinery; brick building; waste disposal; black and white photograph,"An overhead view of industrial incinerator equipment with mechanical components and cables positioned against brick walls, showing the internal machinery and waste material of Corning, N.Y.'s city incinerator facility."
627,75-0582,"Couthouse Park, Corning, New York",,,
628,75-0583,,,industrial interior; stone walls; loading dock; vintage machinery; black and white photograph,"A black and white photograph showing an industrial loading dock or basement area with stone walls on either side, a concrete floor with debris and gravel, and what appears to be a truck or industrial vehicle with metal railings visible at the top of the image."
629,75-0584,Flint Glass Workers Monument,,monument; statue; memorial arch; flint glass workers; ravenna ohio,"The Flint Glass Workers Monument, erected in 1892 by the American Flint Glass Workers Union in Ravenna, Ohio, features a standing figure atop an arched stone base with commemorative plaques listing names of workers killed in industrial accidents."
630,75-0585,"Denison Park, Corning, N.Y. ",,stone bridge; water; denison park; corning ny; black and white photograph,"A black and white photograph showing a curved stone bridge spanning water in Denison Park, Corning, New York, with forested hills visible in the background and a boat moored beneath the bridge."
631,75-0586,"Denison Park, Corning, N.Y. ",,denison park; brick gateway; columned entrance; cypress trees; black and white photograph,"This black and white photograph shows the ""Denison Park"" entrance gateway in Corning, N.Y., featuring a brick structure with classical columns, decorative urns, and tall cypress trees flanking the formal entrance."
632,75-0587,"Denison Park, Corning, N.Y. ",,driveway; dennison park; corning new york; lighthouse; black and white photograph,"A black and white photograph labeled ""Driveway in Dennison Park, Corning, N.Y."" showing a gravel driveway with wooden railings leading toward a distinctive white lighthouse with a pagoda-style top, surrounded by wooded hills and landscaped grounds."
633,75-0588,"Denison Park, Corning, N.Y. ",,wooden bridge; water; denison park; forested hillside; black and white photograph,"A wooden footbridge spans across water in Denison Park, Corning, NY, with a densely forested hillside visible in the background in this black and white historical photograph."
634,75-0589,"Couthouse Park, Corning, New York",,courthouse park; corning new york; black and white photograph; historic building; tree-lined grounds,"This black and white photograph shows Court House Park in Corning, N.Y., featuring a manicured park landscape with mature trees, a building with a metal roof and chimney visible in the background, and several people walking along a pathway through the grounds."
635,75-0590,Corning Glass Center Buildings,,corning glass center; aerial view; modernist architecture; black and white photograph; mid-century buildings,"An aerial photograph of the Corning Glass Center in Corning, New York, showing modernist buildings with flat roofs, manicured landscaping with evergreen trees, and surrounding rural countryside in this black and white archival image."
636,75-0592,,,industrial cargo; honeycomb pattern; workers; railroad car; black and white photograph,"A black and white photograph showing workers loading or unloading a railroad car with a distinctive honeycomb-patterned surface, likely containing glass products or industrial materials typical of Corning's manufacturing heritage."
637,75-0594,Chemung River ,,,
638,75-0594,Floods,,,
639,75-0595,Corning Glass Center Buildings,,,
640,75-0595,"Corning, New York",,,
641,75-0596,,,busy market street; corning new york; downtown street; 1940s automobiles; black and white photograph,"A street view of Busy Market Street in Corning, New York, showing a downtown commercial district with multi-story brick buildings, storefronts including visible signage for Coca-Cola and other businesses, parked and moving 1940s-era automobiles, and pedestrians along the sidewalks."
642,75-0597,Corning Glass Center Buildings,,corning glass works; industrial complex; river bridge; manufacturing facility; black and white photograph,"This black and white photograph shows the Corning Glass Works facility in Corning, New York, featuring industrial buildings with multiple smokestacks situated along a river crossed by an arched bridge, with hills visible in the background."
643,75-0598,,,stream; wooden bridge; forest; black and white photograph; rural landscape,A black and white photograph showing a wooden footbridge spanning a small stream or creek surrounded by dense deciduous forest and vegetation.
644,75-0599,Corning Glass Center Buildings,,industrial facility; glass production; mid-20th century; brick building; black and white photograph,"A black and white photograph showing a large glass vessel or tank being transported or positioned at an industrial facility in Corning, with workers gathered around, brick buildings numbered 39 visible, utility poles and power lines overhead, and additional industrial structures in the background."
645,75-0600,,,third street; walnut street; corning new york; tree-lined street; historic buildings; black and white photograph,"A black and white photograph showing Third Street East from Walnut Street in Corning, N.Y., featuring a tree-lined residential street with brick buildings and houses visible on both sides."
646,75-0601,,,portrait photograph; man with glasses; black and white; early 20th century; formal headshot,"A formal black and white portrait photograph of a man wearing round-framed glasses, a dark suit, and white shirt collar, photographed against a dark background in the style typical of early 20th century portraiture."
647,75-0604,Fred Bynne,,portrait engravings; men; early 20th century; black and white; historical illustration,"A black and white engraved illustration showing three portrait head studies of men in formal attire, with the center portrait labeled ""WM. NEWCOMB,"" representing early 20th-century male portraiture from the Corning local history archive."
648,75-0605,,,ioof building; corning ny; brick facade; early 20th century; black and white photograph,"A two-story brick building with ""I.O.O.F."" (Independent Order of Odd Fellows) signage on the roofline, featuring a white storefront on the ground level and ornamental architectural details typical of early 20th-century Corning, New York commercial architecture."
649,75-0606,"Corning, New York",,,
650,75-0607,,,residential building; overgrown vegetation; black and white photograph; rural structure; deteriorated condition,"A black and white photograph showing a wooden residential structure partially obscured by overgrown trees and vegetation, appearing to be in a state of disrepair or abandonment."
651,75-0608,,,bettygrove school house; historic building; wooden structure; black and white photograph; rural architecture,"A black and white photograph labeled ""Bettygrove School house"" showing a wooden-sided building with a peaked roof and front porch, with three people visible on the porch and evergreen trees in the background."
652,75-0610,Class Pictures ,1956,class picture; choir; academic robes; brick building; black and white photograph,"A 1956 class photograph showing a large group of students in academic robes posed in front of a brick building with an arched entrance, with a floral arrangement visible in the foreground and the archive reference number 52 visible on a label above."
653,75-0611,Class Pictures ,,,
654,75-0612,"Erie Railroad, Corning, N.Y. ",,,
655,75-0613,"Corning, New York",,,
656,75-0614,Mr. Caton,,,
657,75-0615,Mr. Caton,,,
658,75-0616,Bullet Mold,,bullet mold; metal tool; cast iron; historical artifact; black and white photograph,"A close-up photograph of a cast iron bullet mold, a historical tool used for ammunition production, shown against a light background with visible wear and patina on its dark metal surface."
659,75-0617,Bullet Mold,,bullet mold; metal tool; historical artifact; black and white photograph; ammunition manufacturing,"A black and white photograph of a historical bullet mold, a metal tool used for casting ammunition, shown against a light background in what appears to be a museum or archival documentation photograph."
660,75-0618,,,historical map; erwin; corning; new york; black and white photograph,"A black and white photograph of a historical map showing the Erwin and Corning area of New York, with visible place names including ""ERWIN,"" ""CORNING,"" and ""ERWIN CENTRE,"" along with various roads, townships, and geographical features marked throughout the region."
661,75-0619,,,group portrait; library interior; mid-century; business meeting; black and white photograph,"A formal black and white photograph showing a group of approximately thirteen men and women posed in a library setting with bookshelves visible behind them, some seated at a table in the foreground and others standing, dressed in business attire typical of the 1950s-1960s era."
662,75-0621,Coopers,,,
663,75-0622,,,decorative glass vase; ornamental vessel; floral pattern; black and white photograph; studio lighting,"A black and white photograph of an ornate glass vase with elaborate acanthus leaf decoration on the body and a scalloped, fan-like rim, likely a product from Corning Glass Works."
664,75-0623,,,map; corning ny; street layout; churches; landmarks; black and white,"A black and white map of downtown Corning, New York showing street names (Water Street, Steuben Street, Hamilton Street), notable buildings and landmarks including Baptist Church, Methodist Church, High School, and various civic institutions along the Cohocton River."
665,75-0624,Airplanes,,early aircraft; biplane; vintage aviation; black and white photograph; ground view,"A black and white photograph showing a vintage biplane with visible struts, wings, and propeller, photographed from ground level with several people visible in the cockpit area and landscape visible in the background."
666,75-0625,Airplanes,,,
667,75-0627,,,firearm; revolver; mechanical detail; black and white photograph; close-up,"A close-up black and white photograph showing the detailed mechanical components of a revolver, including the hammer, trigger guard, and cylinder mechanism in sharp focus."
668,75-0628,,,rifle; vintage automobile; rural landscape; black and white photograph; mid-20th century,"A black and white photograph showing a rifle in the foreground with a vintage automobile and forested hillside visible in the background, suggesting a hunting or outdoor recreational scene from the mid-20th century."
669,75-0630,,,antique firearm; rifle mechanism; black and white photograph; close-up detail; historical artifact,"A close-up black and white photograph of an antique rifle's firing mechanism and hammer, showing detailed metalwork against a blurred textured background."
670,75-0631,,,antique firearm; rifle; close-up detail; black and white photograph; historical weapon,"A close-up black and white photograph of an antique rifle showing the hammer, trigger mechanism, and wooden stock against a blurred textured background."
671,75-0632,Coopers,,wooden fence; rural landscape; trees; industrial building; black and white photograph,"A black and white photograph showing a wooden fence line along a rural path with trees and vegetation, with an industrial or manufacturing building visible in the distance, likely related to cooper or barrel-making operations in Corning, NY."
672,75-0634,"Bridge Street Bridge, Corning, N.Y. ",,,
673,75-0635,,,historical map; corning new york; centerville; land survey; black and white photograph,"A historical land survey map showing the Corning, New York area and surrounding regions including Centerville and Knoxville, with district numbers, property owner names, and geographical features marked throughout, presented at a scale of 1/4 inches to the mile."
674,75-0636,Buses,,,
675,75-0637,,,diploma; latin text; carmine henry burnap; allegorical figures; 19th century document,"A formal diploma or certificate for Carmine Henry Burnap from an academic institution, featuring allegorical female figures at the top and Latin text throughout, including the phrase ""Omnibus et Singulis quorum interest Salutem"" and references to the Republic's Constitution."
676,75-0638,,,white brick building; residential architecture; ivy-covered structure; mid-century; black and white photograph,"A white brick residential building with large multi-pane windows and a central entrance portico, surrounded by overgrown vegetation and an ivy-covered tree or vine on the right side, photographed in black and white with handwritten notation visible on the right margin."
677,75-0639,Crystal City Clothing Merchant,,brick building; storefront; early 20th century; downtown corning; black and white photograph,"A historic photograph of a multi-story brick commercial building in Corning, NY with ""Crystal City Market"" signage visible on the storefront, featuring a group of people standing outside the ground-level shop with awnings, and upper-floor windows with residents visible."
678,75-0640,,,corning ny; downtown street; historic buildings; black and white photograph; early 20th century,"A black and white historical photograph showing a downtown Corning, New York street scene with multi-story brick buildings, storefronts at street level, and the caption ""Look Into The Past..."" visible at the top of the image."
679,75-0642,,,glass object; decorative pattern; geometric design; black and white photograph; close-up view,"A close-up black and white photograph of an ornate glass object featuring an octagonal shape with geometric patterns, a central sunburst or star motif, and decorative diamond-shaped elements arranged around the border."
680,75-0643,"Bridge Street Bridge, Corning, N.Y. ",,bridge street bridge; corning new york; steel bridge; river crossing; black and white photograph,"A black and white photograph of the Bridge Street Bridge spanning a river in Corning, New York, with steel truss construction, utility poles and power lines, hillsides in the background, and buildings visible on the left bank."
681,75-0646,,,drum; musical instrument; black and white photograph; close-up; vintage,"A close-up black and white photograph of a drum with a white drumhead and dark wooden or metal barrel, featuring a drumstick resting on top of the head."
682,75-0647,,,alarm clock; black and white photograph; vintage timepiece; close-up; mechanical object,"A black and white close-up photograph of a vintage alarm clock with Roman numerals on its face, twin bells on top, and a winding key visible on the right side."
683,75-0648,,,pocket watch; roman numerals; black and white photograph; timepiece; vintage,"A black and white photograph of a vintage pocket watch with roman numeral markers and a subsidiary seconds dial, suspended by a chain against a dark background."
684,75-0649,,,pocket watch; mechanical movement; black and white photograph; timepiece; detailed close-up,"A black and white close-up photograph of an open pocket watch showing its internal mechanical movement and decorative metal plates, with the watch case and chain visible against a dark background."
685,75-0650,,,ceramic vessel; decorative pottery; floral patterns; black and white photograph; museum display,"A black and white photograph showing a white ceramic pitcher or vessel with a ruffled rim displayed among hanging floral textiles or wallpapers, likely documenting a decorative arts collection or museum exhibit."
686,75-0652,Floods,,flooded area; bridge; rushing water; black and white photograph; disaster documentation,"A black and white photograph showing a wooden-railed bridge spanning over turbulent, flood waters in Corning, NY, with the swollen river or stream visible beneath the structure during what appears to be a significant flooding event."
687,75-0654,"Corning, New York",,wooden buildings; flooded area; willow tree; black and white photograph; rural architecture,"A black and white photograph showing a dark wooden house with a cross on its roof and an adjacent white building surrounded by floodwaters, with a large willow tree on the left and a metal fence visible in the foreground."
688,75-0655,Isabel Walker Drake Family Photo,c. 1900,,
689,75-0656,,,astronomy monument; corning ny; observatory dome; crystal city; black and white photograph,"This archival photograph shows two views of ""A Monument to Astronomy and to Glass"" in Corning, N.Y., ""The Crystal City""—featuring a detailed close-up of the dome's geometric lattice structure on the left and a full view of the domed observatory building with visitors standing at its entrance on the right."
690,75-0657,,,st. mary's catholic church; corning new york; stone church building; tall steeple; black and white photograph,"A black and white photograph of St. Mary's Catholic Church in Corning, N.Y., showing a stone church building with a tall pointed steeple, Gothic-style arched windows and doors, and surrounding vegetation against a cloudy sky."
691,75-0658,"Addison, N.Y.",,church building; twin steeples; gothic architecture; black and white photograph; addison new york,"A black and white photograph of a church in Addison, New York, featuring distinctive twin spires with pointed cupolas, arched windows and doorways, and classical architectural detailing typical of 19th-century religious architecture."
692,75-0659,Lucy Bryant,,interior portrait; woman seated; fireplace mantel; framed photograph; early 20th century; black and white photograph,"A black and white photograph showing Lucy Bryant seated at a table in an interior room with a fireplace mantel behind her displaying a framed portrait, bookshelves, decorative items, and period furnishings typical of early 20th century domestic spaces."
693,75-0660,,,portrait; woman; profile; early 20th century; black and white photograph,"A black and white profile portrait photograph of a woman wearing a pearl necklace and lace-trimmed garment, with her hair styled in an upswept early 1900s fashion, gazing to the right."
694,75-0661,,,"portrait photograph; man in formal attire; decorative frame; ""our choice"" text; black and white photograph","A black and white portrait photograph of a man wearing a dark suit and bow tie, framed within an ornate decorative border with text reading ""OUR CHOIC"" (partially visible), likely from a historical document or publication related to Corning, NY."
695,75-0662,,,church building; brick architecture; stained glass window; bell tower; black and white photograph,"A black and white photograph showing the architectural details of a brick church with a prominent bell tower, arched stained glass window, and Gothic Revival design elements typical of late 19th or early 20th century ecclesiastical architecture."
696,75-0663,,,war monument; soldier statue; erwin; cavalry; black and white photograph,"A Civil War monument erected in Erwin, NY in 1913 featuring a statue of a soldier standing atop a pedestal with inscriptions honoring soldiers who died, with bare trees and wooden buildings visible in the background."
697,75-0664,"Caton, N.Y.",,winter landscape; snow-covered farmland; rural buildings; bare trees; black and white photograph,"A winter scene of Caton, N.Y. showing a snow-covered rural landscape with scattered farm buildings, bare trees, utility poles, and what appears to be agricultural structures typical of early-to-mid 20th century upstate New York."
698,75-0665,"First National Bank & Trust Co., Corning, N.Y. ",,first national bank building; corning new york; historic architecture; downtown streetfront; early 20th century,"This photograph shows the First National Bank Building in Corning, N.Y., a multi-story stone and brick structure with ornate architectural details, arched windows on the ground floor, and striped awnings over the storefronts, as identified by the caption ""8047. First National Bank Building, Corning, N.Y."" visible in the upper left corner."
699,75-0666,"Corning, New York",,,
700,75-0667,,,industrial equipment; large circular component; glass manufacturing; men examining machinery; black and white photograph,"Two men in suits examine a large perforated circular industrial component, likely related to glass manufacturing at Corning Glass Works, in this black and white archival photograph."
701,75-0668,Corning Glass Works Engraver,,corning glass works; engraving; steuben bowl; craftsman; black and white photograph,"A Corning Glass Works engraver uses specialized engraving tools with multiple rotating heads to engrave decorative patterns into a Steuben Bowl, demonstrating the precision glasswork manufacturing process."
702,75-0669,,,glass art; large-scale sculpture; museum display; two visitors; black and white photograph,"Two visitors stand before a massive circular glass artwork with honeycomb-like perforations and a central circular opening, likely displayed at the Corning Museum of Glass in Corning, NY."
703,75-0670,Corning Glass Center Buildings,,corning glass works; industrial buildings; factory smokestacks; black and white photograph; early 20th century,"This black and white photograph shows the Corning Glass Works industrial complex in Corning, New York, featuring multiple brick factory buildings with tall smokestacks, a fenced compound area, and surrounding hills in the background."
704,75-0671,Corning Glass Center Buildings,,industrial facility; river view; smokestacks; black and white photograph; mid-20th century,"A black and white photograph showing an industrial glass manufacturing facility with multiple smokestacks emitting smoke, situated along a river with a bridge visible in the foreground, likely depicting the Corning Glass Works in Corning, New York."
705,75-0672,"Centerway Square, Corning, N.Y. ",,,
706,75-0673,Corning Glass Center Buildings,,industrial buildings; factory smokestacks; black and white photograph; mid-20th century; corning glass works,"A black and white photograph showing industrial factory buildings with multiple tall smokestacks characteristic of early-to-mid 20th century glass manufacturing facilities in Corning, NY, with brick structures and metal framework visible in the composition."
707,75-0674,"Erie Railroad, Corning, N.Y. ",,,
708,75-0676,"Centerway Square, Corning, N.Y. ",,,
709,75-0676,"Clocktower, Corning, N.Y. ",,,
710,75-0676,"First National Bank & Trust Co., Corning, N.Y. ",,,
711,75-0678,Dickinson House,,dickinson house; corning ny; historic building; brick architecture; black and white photograph,"A black and white photograph of the Dickinson House in Corning, NY, showing a multi-story brick building with regularly spaced windows, ground-level storefronts, utility poles, and period street infrastructure."
712,75-0679,Baron Steuben Hotel,,,
713,75-0681,Chemung River ,,bird's-eye view; chemung river; railroad; corning ny; black and white photograph,"A bird's-eye view photograph showing the Chemung River with railroad tracks and freight cars in the foreground, the town of Corning, NY spread across the middle distance, and rolling hills in the background."
714,75-0682,"Corning, New York",,corning new york; landscape view; trees; valley; black and white photograph,"A black and white photograph showing a distant view of Corning, New York nestled in a valley, framed by tree foliage in the foreground, with hills visible in the background."
715,75-0683,"Corning, New York",,corning valley; river landscape; hillside view; black and white photograph; historic aerial view,"A black and white photograph showing an elevated view of the Corning, New York valley with the Chemung River winding through the landscape, surrounded by forested hills, residential buildings, and the Northside area nestled in the valley below."
716,75-0683,"Northside, Corning, New York",,corning valley; river landscape; hillside view; black and white photograph; historic aerial view,"A black and white photograph showing an elevated view of the Corning, New York valley with the Chemung River winding through the landscape, surrounded by forested hills, residential buildings, and the Northside area nestled in the valley below."
717,75-0684,Chemung River ,,chemung river; landscape; bare trees; hills; black and white photograph,"A black and white landscape photograph showing the Chemung River valley with bare and leafy trees in the foreground, rolling hills in the background, and what appears to be a small settlement or farm buildings visible in the middle distance along the river."
718,75-0685,Chemung River ,,chemung river; landscape; bare trees; hills; black and white photograph,"A black and white photograph showing the Chemung River winding through a valley with bare trees in the foreground, rolling hills in the background, and what appears to be a bridge or structure crossing the water in the middle distance."
719,75-0686,,,downtown corning; street scene; early automobiles; historic buildings; black and white photograph,"A black and white photograph of downtown Corning, NY showing a street lined with multi-story commercial buildings, streetcar tracks, period automobiles, and storefronts, with hills visible in the background."
720,75-0687,,,stone arch; utility poles; dirt road; early 20th century; black and white photograph,"A historical photograph labeled ""The Old Stone Arch, Corning N.Y."" showing a large stone arch bridge or tunnel with two people and a bicycle standing beneath it, flanked by wooden utility poles along a rural dirt road."
721,75-0688,,,monument; susquehanna trail; native american statue; public square; black and white photograph,"A black and white photograph showing a tall stone monument topped with a Native American figure holding a staff, with a ""Susquehanna Trail"" sign at its base, surrounded by trees and period automobiles on a town street, with a handwritten note at the bottom reading ""Moved in front? Hardware."""
722,75-0689,,,pine street; erie avenue; corning ny; downtown street; early 1900s; black and white photograph,"A historical photograph labeled ""Pine Street and Erie Avenue looking South, Corning, N.Y."" showing a downtown street lined with multi-story brick buildings, bare trees, and handwritten notation reading ""This belonged to Uncle Frank's office."""
723,75-0692,Demonico Hotel,c. 1900,,
724,75-0692,Isabel Walker Drake Family Photo,c. 1900,,
725,75-0693,Isabel Walker Drake Family Photo,1889,,
726,75-0694,Isabel Walker Drake Family Photo,c. 1900,family portrait; turn-of-the-century; forest setting; hand cart; women and children,"A black and white photograph from circa 1900 showing members of the Isabel Walker Drake family posed on a wooded path with a hand-drawn cart, featuring three women and a child in period dress among tall trees."
727,75-0695,Isabel Walker Drake Family Photo,c. 1900,,
728,75-0696,Isabel Walker Drake Family Photo,c.1900,,
729,75-0697,Isabel Walker Drake Family Photo,c.1900,,
730,75-0698,Isabel Walker Drake Family Photo,c.1900,family portrait; women; early 1900s; garden setting; black and white photograph,"A formal group portrait of nine women from the Isabel Walker Drake family posed on a garden balustrade with ivy and foliage, circa 1900, wearing white blouses and dark skirts typical of the Edwardian era."
731,75-0699,Isabel Walker Drake Family Photo,c.1900,,
732,75-0700,Isabel Walker Drake Family Photo,1904,,
733,75-0701,Isabel Walker Drake Family Photo,c.1900,family gathering; early 1900s; street scene; formal dress; black and white photograph,"A circa 1900 photograph of the Isabel Walker Drake family gathered on a street in Corning, NY, showing well-dressed adults and children in period clothing including hats and formal attire, with buildings and trees visible in the background."
734,75-0702,Isabel Walker Drake Family Photo,c.1900,interior room; cluttered space; hanging laundry; black and white photograph; early 1900s,"A black and white photograph showing the interior of a crowded room filled with hanging laundry, textiles, and various household items, likely documenting the living conditions of the Isabel Walker Drake family in Corning, NY around 1900."
735,75-0703,Isabel Walker Drake Family Photo,c.1900,five women; striped hats; dark uniforms; evergreen trees; black and white photograph,"A formal portrait of five women wearing matching dark uniforms with white belts and distinctive striped boater hats, standing in a line against a backdrop of evergreen trees, circa 1900, identified as the Isabel Walker Drake Family Photo from Corning, NY."
736,75-0704,Isabel Walker Drake Family Photo,c.1900,stereoscopic view; turn-of-the-century street scene; crowds; brick buildings; black and white photograph,"A stereoscopic card showing two views of what appears to be a Corning, NY street scene circa 1900, depicting crowds of people gathered in town squares with brick buildings and storefronts visible in the background."
737,75-0705,Isabel Walker Drake Family Photo,c.1900,landscape; forested hillside; distant buildings; black and white photograph; circa 1900,"A black and white photograph showing a distant forested hillside with scattered buildings visible among the trees, likely depicting the Corning, NY area landscape from around 1900 associated with the Isabel Walker Drake family."
738,75-0706,Isabel Walker Drake Family Photo,c.1900,,
739,75-0707,Isabel Walker Drake Family Photo,c.1900,family group; early 1900s; women; formal dress; estate grounds; black and white photograph,"A black and white photograph from circa 1900 showing the Isabel Walker Drake family, featuring several women in long Edwardian-era dresses and white blouses posed on the grounds of what appears to be a substantial estate with manicured lawns, trees, and a large house visible in the background."
740,75-0708,Isabel Walker Drake Family Photo,c.1900,family group; horse-drawn wagon; rural landscape; early 1900s; black and white photograph,"A circa 1900 photograph of the Isabel Walker Drake family showing multiple people seated on a horse-drawn wagon in an open field, with handwritten archival notations including ""Oct. 24"" visible on the mounting."
741,75-0709,Isabel Walker Drake Family Photo,c.1900,family group; early 1900s clothing; residential street; corning ny; black and white photograph,"A black and white photograph from circa 1900 showing the Isabel Walker Drake family posed together on a residential street in Corning, NY, with period clothing, houses, and a church visible in the background."
742,75-0710,Isabel Walker Drake Family Photo,1898,,
743,75-0711,Isabel Walker Drake Family Photo,c.1900,,
744,75-0712,Isabel Walker Drake Family Photo,c.1900,tree-lined street; horse and rider; pedestrians; early 1900s; black and white photograph,"A circa 1900 photograph showing a tree-lined street scene with a person on horseback and several pedestrians walking along a dirt road, likely from Corning, NY, associated with the Isabel Walker Drake Family collection."
745,75-0713,Isabel Walker Drake Family Photo,c.1900,horse-drawn carriages; tree-lined street; early 1900s; black and white photograph; corning ny,"A circa 1900 photograph showing the Isabel Walker Drake family area in Corning, NY, featuring horse-drawn carriages on a tree-shaded dirt road with utility poles and period buildings visible in the background."
746,75-0714,Isabel Walker Drake Family Photo,1898,,
747,75-0715,Isabel Walker Drake Family Photo,c.1900,horse-drawn carriage; rural homestead; tree-lined driveway; early 1900s; black and white photograph,"A circa 1900 photograph showing a horse-drawn carriage on a dirt driveway leading to a residential property, framed by large mature trees and featuring a wooden house visible in the background, from the Isabel Walker Drake Family collection."
748,75-0716,Isabel Walker Drake Family Photo,c.1900,family gathering; turn-of-century; outdoor scene; horse-drawn carriages; circular vignette photograph,"A circa 1900 black and white circular vignette photograph showing the Isabel Walker Drake family gathered outdoors beneath large shade trees with horse-drawn carriages visible in the background, taken in Corning, NY."
749,75-0717,Isabel Walker Drake Family Photo,c.1900,group portrait; women; wide-brimmed hats; early 1900s; black and white photograph,"A formal group portrait of approximately thirty women wearing matching dark dresses and wide-brimmed hats arranged in rows, with a tall white obelisk or monument visible in the center background, identified as the Isabel Walker Drake Family Photo from circa 1900 in Corning, NY."
750,75-0718,Isabel Walker Drake Family Photo,c.1900,group portrait; wooden bridge; women; early 1900s; forest setting; white dresses,"A black and white photograph from circa 1900 showing approximately twelve women of the Isabel Walker Drake family posed in a line on a wooden bridge surrounded by dense forest vegetation in Corning, NY."
751,75-0719,,,large group gathering; outdoor assembly; forested background; black and white photograph; historical event,"A black and white photograph showing a large organized group of people assembled in formation on an open field with dense evergreen forest in the background, appearing to be a formal gathering or institutional event from the mid-20th century."
752,75-0720,Isabel Walker Drake Family Photo,c.1900,family portrait; children; early 1900s; wooden deck; black and white photograph,"A circular vignette photograph showing two children in dark winter coats and hats standing on a wooden deck or boardwalk, with bare trees and rural buildings visible in the background, circa 1900."
753,75-0721,Isabel Walker Drake Family Photo,1896,silent film posters; theater advertisements; 1896; black and white photograph; Harrison J. Wolfe,"A photograph from the Isabel Walker Drake Family archive showing vintage theater posters and advertisements featuring silent films including titles with Harrison J. Wolfe and ""The American Brothers,"" with visible pricing of 20¢, 30¢, and 50¢ for admission."
754,75-0722,Isabel Walker Drake Family Photo,1896,newspaper clippings; theater advertisements; 1890s entertainment; monte cristo; corsican brothers,"A collage of late 19th-century theatrical advertisements and newspaper clippings featuring productions including ""The Corsican Brothers,"" ""David Garrick,"" and ""Monte Cristo,"" with visible pricing of 20¢, 30¢, and 50¢, representing entertainment offerings from the 1896 era in Corning, NY."
755,75-0723,Isabel Walker Drake Family Photo,1903,steam locomotive; railroad; early 1900s; Corning New York; black and white photograph,"A composite historical photograph from 1903 showing railroad scenes in Corning, NY, including steam locomotives numbered 1084, railway cars, a horse-drawn cart, and figures posed near the tracks, with a creamery and dairy supply company building visible in the upper frame."
756,75-0724,Isabel Walker Drake Family Photo,c.1900,,
757,75-0725,Isabel Walker Drake Family Photo,1904,,
758,75-0726,Isabel Walker Drake Family Photo,c.1900,family photograph; early 1900s; children; outdoor scene; black and white photograph,"A stereoscopic card photograph from circa 1900 showing the Isabel Walker Drake family, with a young child on the left side and multiple figures in period dress on the right side, set in what appears to be a residential area with bare trees and buildings visible in the background."
759,75-0727,Isabel Walker Drake Family Photo,c.1900,winter recreation; sledding; snow; early 1900s; black and white photograph,"This circa 1900 photograph from the Isabel Walker Drake Family collection shows multiple people sledding down a snowy slope near bare trees and a frozen landscape in what appears to be the Corning, New York area."
760,75-0728,Isabel Walker Drake Family Photo,c.1900,,
761,75-0729,Isabel Walker Drake Family Photo,1897,late 19th century; black and white photograph; church building; street scene; corning ny,"A black and white photograph from 1897 showing a street view in Corning, NY with a church featuring a distinctive spire on the right side, utility poles, and several pedestrians, part of the Isabel Walker Drake Family Photo collection."
762,75-0730,Isabel Walker Drake Family Photo,1897,horse-drawn carriage; family portrait; late 19th century; Penn Yan; black and white photograph,"A photograph dated July 26, 1897, showing the Isabel Walker Drake family with a horse-drawn carriage at Penn Yan, New York, featuring people in period clothing posed with a harnessed horse and wooden-wheeled carriage."
763,75-0731,Isabel Walker Drake Family Photo,c.1900,family group; outdoor field; early 1900s; black and white photograph; casual gathering,"A black and white photograph from circa 1900 showing the Isabel Walker Drake family gathered in an open field, with multiple adults and children posed together in casual dress against a rural landscape with hills in the background."
764,75-0732,Isabel Walker Drake Family Photo,c.1900,horse-drawn carriage; residential street; turn-of-the-century architecture; black and white photograph; corning ny,"A black and white photograph from circa 1900 showing a horse-drawn carriage on a residential street in Corning, NY, with period homes featuring columned porches and chimneys visible in the background, identified as the Isabel Walker Drake Family Photo (archive ID 75-0732)."
765,75-0733,Isabel Walker Drake Family Photo,c.1900,family portrait; rural setting; wooden fence; early 1900s; black and white photograph,"A circa 1900 black and white photograph showing members of the Isabel Walker Drake family posed in a pastoral landscape with a wooden rail fence, featuring two women and a child in period dress standing in a grassy field."
766,75-0734,Isabel Walker Drake Family Photo,c.1900,family portrait; wooden house; early 1900s; outdoor setting; black and white photograph,"A woman wearing a wide-brimmed hat sits on a wooden deck with two children in front of a horizontal-sided house with shuttered windows, circa 1900, representing the Isabel Walker Drake family."
767,75-0735,Baseball,,,
768,75-0735,Isabel Walker Drake Family Photo,1897,,
769,75-0736,Isabel Walker Drake Family Photo,c.1900,victorian mansion; horse-drawn carriage; turn-of-century architecture; hand-colored photograph; corning new york,"A hand-colored photograph from circa 1900 showing a prominent Victorian-era mansion with distinctive turrets and towers in Corning, New York, with a horse-drawn carriage on the road in front, surrounded by period fencing and landscaping, with smaller residential buildings visible to the left."
770,75-0737,Fireman's Convention,1905,,
771,75-0738,,,religious procession; white robes; downtown street; utility poles; early 20th century,"A black and white photograph showing a religious procession with participants wearing white robes marching down a downtown street in Corning, NY, flanked by brick buildings and utility poles with mountains visible in the background."
772,75-0739,,,brick building; institutional architecture; mid-20th century; black and white photograph; corning ny,"A black and white photograph showing a large brick institutional building complex with classical architectural features, including a central pediment and columned entrance, with a church steeple visible on the right side and an early automobile parked in front on an open grounds area."
773,75-0741,,,north side grammar school; corning new york; brick building; ivy-covered facade; early 20th century architecture,"A black and white photograph of the North Side Grammar School in Corning, New York, showing a substantial brick institutional building with ivy-covered walls, multiple chimneys, and large windows, surrounded by mature trees and a manicured lawn."
774,75-0742,,,victorian architecture; institutional building; early 20th century; corning ny; black and white photograph,"A black and white photograph showing a large Victorian-era institutional building with distinctive architectural features including a central cupola, multiple stories, arched windows, and a flagpole, located in Corning, New York."
775,75-0743,,,north side high school; corning new york; brick building; victorian architecture; black and white photograph,"This black and white photograph shows the North Side High School in Corning, N.Y., a substantial Victorian-era brick building with distinctive architectural features including a central tower with a pointed spire, multiple turrets, and ornate windows, surrounded by a fenced lawn."
776,75-0744,,,brick building; school architecture; early 20th century; black and white photograph; institutional building,"A three-story brick institutional building, likely a school, featuring symmetrical design with multiple windows, decorative cupolas on the roof, and a central entrance, photographed in black and white."
777,75-0745,,,brick building; institutional architecture; early 20th century; steeple; black and white photograph,"A three-story brick institutional building with a prominent steeple, featuring symmetrical windows, white stone columns, and classical architectural details typical of early 20th-century Corning, New York construction."
778,75-0746,,,corning schools; educational buildings; early 20th century; black and white photograph; composite montage,"A composite photograph showing five different school buildings in Corning, New York, including Northside Grammar School, Northside High School (featured prominently in the center), Corning Free Academy, St. Patrick's School and Parochial School, and St. Mary's, arranged around a central title reading ""Corning Schools, Corning, N.Y."""
779,75-0747,"Carder School, Corning, N.Y.",1955,formal gathering; men in suits; 1950s; indoor event; black and white photograph,"A 1955 black and white photograph showing a formal indoor gathering of approximately twenty men and women in business attire seated and standing in what appears to be an auditorium or meeting hall at Carder School in Corning, NY, with a curtained backdrop visible behind them."
780,75-0748,"Carder School, Corning, N.Y.",1954,brick building; man in suit; cornerstone; 1950s; black and white photograph,"A man in a dark suit and tie points to or examines a cornerstone plaque set into a brick wall, likely documenting a dedication or inspection at the Carder School in Corning, NY in 1954."
781,75-0749,Armory,1953,armory building; brick architecture; 1950s bus; children; black and white photograph,"A group of children exits an Express bus (numbered 944) at the entrance of a brick armory building with ornate stone detailing and arched doorway in Corning, NY, circa 1953."
782,75-0750,,,brick building; church; steeple; mid-century automobiles; black and white photograph,"A black and white photograph of a brick church building with a tall steeple, featuring large windows and a street-level entrance with a sign, surrounded by parked mid-century automobiles on a Corning, NY street."
783,75-0751,,,brick church; twin towers; bare trees; corning ny; black and white photograph,"A brick church building with distinctive twin towers and a central cupola in Corning, NY, photographed in winter or early spring with bare trees in the foreground and a few figures visible on the front steps."
784,75-0752,,,brick church; steeple; arched windows; black and white photograph; historic architecture,"A black and white photograph of a brick church building with a tall steeple, featuring arched windows on two levels and handwritten notation ""cleaned and pointed"" in the upper right corner."
785,75-0753,,,residential house; white clapboard; front porch; bare trees; black and white photograph,"A black and white photograph showing a white clapboard house with a front porch and shuttered windows, surrounded by bare trees and bare ground, with a utility pole visible on the left side of the frame."
786,75-0754,Elmira College,1911,elmira college; campus buildings; early 1900s; black and white photograph; architectural landmarks,"This 1911 photograph shows the Elmira College campus in Elmira, New York, featuring multiple brick institutional buildings with distinctive architecture surrounded by mature trees and landscaped grounds."
787,75-0756,,,children; torches; procession; early 20th century; black and white photograph,"A black and white photograph showing a group of young children holding lit torches in what appears to be an organized procession or ceremony, likely from the early 20th century."
788,75-0757,,,children; playground; school building; 1940s-1950s; black and white photograph,"A group of children in white and dark clothing play outdoors in what appears to be a schoolyard or recreational area next to brick buildings, captured in this black and white photograph from the mid-20th century."
789,75-0758,Baseball,1901,,
790,75-0759,Football,1922,football team; 1922; vintage sports; black and white photograph; stadium crowd,"A 1922 football team lines up on the field holding a banner that reads ""WATCH US GO SMILIN THROUGH"" with spectators visible in the crowded stadium behind them."
791,75-0760,,,institutional building; brick structure; early 20th century; unpaved road; black and white photograph,"A three-story brick institutional building with multiple windows and chimneys photographed from an unpaved road in what appears to be early 20th century Corning, NY, with bare tree branches visible in the upper right corner."
792,75-0763,Football,1946,football team; 1946; group portrait; uniforms; black and white photograph,"A 1946 football team from Corning, NY poses for a formal group photograph outdoors, with players wearing numbered uniforms arranged in three rows, including coaches or staff members in the center."
793,75-0764,,,group portrait; bare trees; rural landscape; picnic gathering; black and white photograph,"A black and white photograph showing a group of approximately 15-20 people gathered outdoors beneath bare trees in a rural valley setting, appearing to be a picnic or social gathering from the mid-20th century."
794,75-0765,Frederick Carder,1961,,
795,75-0765,"Carder School, Corning, N.Y.",1961,,
796,75-0765,Mary Faucett,1961,,
797,75-0766,"Addison, N.Y.",,addison school; brick building; historic architecture; black and white photograph; tree-lined entrance,"A black and white photograph of the Addison School, a brick institutional building with a gabled roof and arched entrance, framed by large trees on either side of its front walkway."
798,75-0767,,,brick building; classical architecture; institutional building; bare tree; black and white photograph,"A black and white photograph showing a large brick institutional building with multiple stories and regularly spaced windows, alongside a smaller classical-style building with columns, likely educational or civic structures in Corning, NY."
799,75-0769,,,downtown street; horse-drawn carriages; patriotic bunting; early 20th century; black and white photograph,"A decorated downtown street in Corning, NY lined with patriotic bunting and flags, featuring horse-drawn carriages and pedestrians, with a visible ""42nd"" sign on a storefront, likely documenting a civic celebration or parade from the early 1900s."
800,75-0771,,,parade float; corning's most modern dairy; downtown corning; mid-century; black and white photograph,"A parade float advertising ""Corning's Most Modern Dairy"" passes through downtown Corning, NY, featuring large milk bottles and people on the float, with brick commercial buildings visible in the background."
801,75-0772,,,public gathering; large crowd; residential buildings; open field; black and white photograph,"A black and white photograph showing a large crowd of people gathered in an open field near residential buildings with distinctive chimneys, with utility poles visible in the background, suggesting a community event or assembly in Corning, NY."
802,75-0773,,,downtown corning; brick building; storefront; parade or public event; black and white photograph,"A black and white photograph showing a brick building with ""F. W. WOOL"" signage on its storefront awning, with spectators gathered below what appears to be a parade or public event display in downtown Corning, NY."
803,75-0774,,,vintage automobiles; street scene; 1920s-1930s; parade or procession; black and white photograph,"A black and white photograph showing a street scene with several parked vintage automobiles from the 1920s-1930s era, lined trees, and figures in the street, possibly documenting a parade or community event in Corning, NY."
804,75-0775,,,parade; downtown corning; vintage vehicles; western union; mid-20th century; black and white photograph,"A black and white photograph showing a parade scene on a downtown Corning street with a Western Union vehicle (numbered 382) and other parade floats passing in front of multi-story commercial buildings with classical architecture, circa mid-20th century."
805,75-0776,,,religious procession; white robes; downtown corning; utility poles; early 20th century,"A black and white photograph showing a large group of people wearing white robes gathered in a downtown street in Corning, NY, with brick buildings, utility poles, and hills visible in the background, numbered ""24"" in the lower right corner."
806,75-0777,,,parade; military uniforms; downtown street; early 20th century; black and white photograph,"A parade procession moves down a downtown Corning street lined with brick buildings and spectators, featuring uniformed military or civic personnel marching in formation with banners and flags overhead."
807,75-0778,,,metal bell; hand bell; artifact; black and white photograph; studio photography,"A black and white photograph of a metal hand bell with a wooden handle, shown against a plain background in what appears to be a museum or archival documentation photograph."
808,75-0779,,,classroom instruction; blackboard; educational; teacher and student; black and white photograph,"A bearded male teacher instructs a female student at a blackboard with mathematical or scientific equations written on it, while framed illustrations are displayed on the wall above, in what appears to be a mid-20th century classroom setting."
809,75-0781,Activites ,1910,theatrical performance; costumed actors; stage lighting; indoor theater; black and white photograph,"A 1910 theatrical production photograph showing a group of costumed performers on an indoor stage with period costumes and elaborate stage lighting, likely documenting a community or professional theater performance in Corning, NY."
810,75-0783,,,street scene; horse-drawn wagon; brick buildings; early 20th century; black and white photograph,"A black and white photograph showing a street scene in what appears to be early 20th century Corning, NY, with several people gathered around a horse-drawn wagon or cart on a brick-paved street, flanked by multi-story brick buildings with windows."
811,75-0784,Football,1952,football team; 1952; black and white photograph; brick building; numbered jerseys,"A 1952 football team from Corning, NY poses for a formal group photograph against a brick wall, with players wearing numbered jerseys and holding footballs, arranged in three rows on a grass field."
812,75-0785,Corning Free Academy,1912,portrait photograph; four people; early 1900s clothing; black and white; studio photograph,"A formal studio portrait from 1912 showing four young people in early 20th-century attire posed against a circular backdrop, likely related to Corning Free Academy based on the archive subject keywords."
813,75-0786,,,women; garden; residential; 1930s-1940s; black and white photograph,"Three women wearing hats and period dresses stand among tall flowering plants or vines in a residential garden, with a house featuring a porch and railing visible in the background."
814,75-0787,,,utility poles; industrial building; street scene; crowd of people; black and white photograph,"A black and white photograph showing a crowd of people gathered on a street lined with utility poles and power lines, with a large industrial or institutional building visible on the left and hills in the background, likely documenting a public event or gathering in Corning, NY."
815,75-0788,,,parade; brass band; downtown street; early 20th century; black and white photograph,"A marching band parade proceeds down a downtown street in Corning, NY, with musicians carrying brass instruments, flanked by brick buildings and wooden utility poles, with hills visible in the background and a ""Gale Mfg Co"" sign visible on a storefront."
816,75-0789,,,parade; downtown street; utility poles; brick buildings; black and white photograph,"A large parade or procession moves down a downtown street in Corning, NY, lined with brick buildings and wooden utility poles, with hills visible in the background and spectators gathered along the sides."
817,75-0790,,,corning ny; street scene; utility poles; crowd; black and white photograph,"A black and white photograph showing a large crowd of people gathered on a street in Corning, NY, with wooden utility poles, brick buildings on either side, and hills visible in the background."
818,75-0791,,,parade; american flags; tree-lined street; early 20th century; black and white photograph,"A patriotic parade or public gathering on a tree-lined street in Corning, NY, with crowds of people wearing period clothing and straw hats, American flags displayed on buildings, and what appears to be a formal procession or civic event from the early 1900s."
819,75-0792,,,military formation; institutional building; early 20th century; outdoor gathering; black and white photograph,"A black and white photograph showing a large military or institutional formation of uniformed personnel lined up on a grassy field with a distinctive Victorian-era building featuring a cupola visible in the background, with spectators gathered around the perimeter."
820,75-0793,Airplanes,1940,airplane; 1940s aircraft; passengers; airfield; black and white photograph,"Three people in dark coats stand on an airfield in front of a large commercial aircraft with ""AMERICAN"" visible on its fuselage, dated 1940."
821,75-0794,,,corning ny; downtown street; utility poles; brick buildings; black and white photograph; mid-20th century,"A black and white photograph showing a downtown Corning, New York street scene with utility poles, brick commercial buildings, pedestrians, and mountains visible in the background, likely from the mid-20th century."
822,75-0795,,,parade; downtown street; flags; early 20th century; black and white photograph,"A large crowd gathers on a downtown street lined with brick buildings and decorated with flags for what appears to be a civic parade or public celebration in Corning, NY."
823,75-0796,,,parade; military uniforms; downtown street; brick buildings; early 20th century; black and white photograph,A military parade marches down a downtown Corning street lined with brick commercial buildings and crowds of spectators in early 20th century attire.
824,75-0798,,,outdoor religious ceremony; church building; crowd gathering; black and white photograph; mid-20th century,"A black and white photograph showing a large crowd gathered outdoors in front of a church building for what appears to be a religious ceremony or Easter sunrise service, with the church's cross and architectural features visible in the background."
825,75-0800,,,downtown street; parade or procession; horse-drawn vehicles; brick buildings; black and white photograph,"A black and white photograph showing a street parade or procession in downtown Corning with horse-drawn carriages, crowds of spectators lining both sides of the street, and multi-story brick commercial buildings typical of early 20th-century American downtown architecture."
826,75-0801,,,parade; downtown street; early 20th century; marching band; crowded street; black and white photograph,"A large parade procession moves down a downtown street lined with spectators and decorated buildings, featuring a marching band with brass instruments and crowds of people in early 20th-century attire along both sides of the street."
827,75-0802,,,parade; downtown corning; brick buildings; utility poles; early 20th century; black and white photograph,"A parade procession moves down a Corning, NY street lined with brick industrial buildings and wooden utility poles, with crowds of spectators and marchers carrying banners visible in this early 20th-century black and white photograph."
828,75-0804,,,parade; downtown street; brick buildings; early 20th century; black and white photograph,"A large parade or procession moves down a downtown Corning street lined with brick commercial buildings, featuring participants in white uniforms marching down the center while crowds of spectators gather along both sides of the street."
829,75-0805,,,parade float; brick buildings; downtown street; mid-20th century; black and white photograph,"A black and white photograph showing a decorated parade float with a boat-like structure moving down a downtown street lined with multi-story brick buildings in Corning, NY."
830,75-0807,,,street parade; men with umbrellas; early 20th century; downtown corning; black and white photograph,"A group of men wearing caps and coats walk down a Corning street carrying umbrellas in what appears to be an early 20th-century parade or procession, with brick buildings and utility poles visible in the background."
831,75-0809,,,parade float; early automobile; eagle decoration; brick buildings; black and white photograph,"A decorated automobile with a large eagle sculpture and American flags passes down a street lined with brick buildings in what appears to be an early 20th-century parade or civic procession in Corning, NY."
832,75-0810,,,vintage automobile; early 1900s; parade or public event; american flags; corning ny,"A black and white photograph showing an early 1900s automobile decorated with American flags displayed at what appears to be a public gathering or parade in Corning, NY, with spectators in period clothing standing nearby and industrial buildings visible in the background."
833,75-0811,,,brick building; early 20th century; street scene; people; black and white photograph,"A black and white photograph showing a group of people standing in front of a large brick industrial or civic building in what appears to be early 20th century Corning, NY, with a horse-drawn wagon visible on the right side of the street."
834,75-0812,,,parade; american flag; downtown corning; brick buildings; black and white photograph,"A parade or public procession moves down a downtown Corning street lined with brick buildings, with participants carrying American flags and what appears to be a striped flag in the upper left corner."
835,75-0813,,,theater program; operatic production; McKnight Choir; early 20th century; Elmira New York,"A theater program for the McKnight Choir's seventh annual production of ""The Yeomen of the Guard"" at the Lyceum Theatre in Elmira, N.Y., scheduled for February 2nd, 3rd, and 4th with a matinee on Wednesday, featuring dramatic direction by Mrs. Harry F. Dixie and musical direction by George Morgan McKnight."
836,75-0814,,,outdoor gathering; flags; striped awnings; stone building; black and white photograph,"An overhead view of a public gathering or event in what appears to be a courtyard or plaza in Corning, NY, with crowds of people beneath striped awnings, American flags visible, and stone buildings in the background."
837,75-0815,,,institutional building; uniformed group; formal gathering; black and white photograph; early 20th century,"A large group of uniformed individuals stands in formation on a lawn in front of a distinctive Victorian-era building with a prominent tower and cupola, with palm trees visible in the background."
838,75-0816,,,group portrait; brick building; school or organization; 1930s-1940s; black and white photograph,"A black and white photograph showing a large group of approximately 40 young women and girls posed in front of a brick building with windows, likely a school class or youth organization from the 1930s-1940s era."
839,75-0817,Class Pictures ,1914,class picture; school children; brick building; 1914; black and white photograph,"A 1914 class photograph of approximately 30 students of mixed ages posed in front of a brick school building in Corning, NY, wearing period clothing typical of the early 20th century."
840,75-0818,"Caton, N.Y.",1946,rural farmland; barn; rolling hills; 1946; black and white photograph,"A 1946 black and white photograph of a rural farm in Caton, N.Y., showing a large barn with outbuildings nestled among trees in a rolling agricultural landscape with mature trees lining the foreground."
841,75-0819,Class Pictures ,1916,school class picture; children; brick building; 1916; black and white photograph,"A 1916 class photograph of approximately 25 students of mixed ages posed in front of a brick school building with large windows in Corning, NY, showing children dressed in period clothing typical of the early 20th century."
842,75-0820,,,high school building; painted post new york; brick architecture; early 20th century; black and white photograph,"A vintage postcard photograph labeled ""High School, Painted Post, N.Y."" showing a substantial brick educational building with decorative cornicing, multiple windows, and bare trees in front, with utility lines visible overhead."
843,75-0821,,,downtown parade; horse-drawn wagon; western union building; 1930s-1940s; black and white photograph,"A black and white photograph of a downtown parade in Corning, NY featuring a horse-drawn wagon passing by a Western Union storefront and multi-story brick buildings, with spectators lining the wet street."
844,75-0822,,,parade; corning offices; large sphere float; downtown street; mid-20th century; black and white photograph,"A parade float featuring a large white sphere passes through a crowded downtown Corning street lined with spectators, with the Hotel Baron Steuben and patriotic bunting visible in the background, and a ""Corning Offices"" sign visible on the float's base."
845,75-0823,,,parade float; corning offices; lincoln rochester trust company; downtown street; black and white photograph,"A parade float for Corning Offices of Lincoln Rochester Trust Company moves down a crowded downtown Corning street lined with spectators, featuring a large spherical object on top and storefronts visible in the background."
846,75-0824,,,downtown street; brick buildings; F.W. Woolworth Co.; crowd; black and white photograph,"A black and white photograph showing a downtown street scene with a multi-story brick building housing an F.W. Woolworth Co. store on the ground floor, with a crowd of people gathered on the sidewalk below."
847,75-0825,Activites ,,group gathering; forest setting; early 1900s clothing; outdoor event; black and white photograph,"A large group of men and women dressed in early 1900s attire gather in a wooded area, appearing to participate in an organized outdoor social activity or event in Corning, NY."
848,75-0826,,,parade; flags; brick building; early 20th century; black and white photograph,"A parade procession marches past a multi-story brick building in Corning, NY, with participants carrying flags and banners in what appears to be an early 20th-century civic or patriotic celebration."
849,75-0827,Corning Free Academy,1923,corning free academy football team; 1923; group portrait; brick building; black and white photograph,"A 1923 Corning Free Academy (CFA) football team poses for a formal group photograph in front of a brick building, with players in dark uniforms arranged in rows and a banner displaying ""CFA"" held across the front."
850,75-0827,Football,1923,corning free academy football team; 1923; group portrait; brick building; black and white photograph,"A 1923 Corning Free Academy (CFA) football team poses for a formal group photograph in front of a brick building, with players in dark uniforms arranged in rows and a banner displaying ""CFA"" held across the front."
851,75-0828,"Caton, N.Y.",1927,school class picture; caton ny; 1927; wooden schoolhouse; children group portrait,"A 1927 class photograph of students from Caton, New York, posed in front of a wooden schoolhouse, with handwritten text reading ""Caton [school] 1927"" visible at the top of the black and white image."
852,75-0828,"Caton, N.Y., Schools",1927,school class picture; caton ny; 1927; wooden schoolhouse; children group portrait,"A 1927 class photograph of students from Caton, New York, posed in front of a wooden schoolhouse, with handwritten text reading ""Caton [school] 1927"" visible at the top of the black and white image."
853,75-0828,Class Pictures ,1927,school class picture; caton ny; 1927; wooden schoolhouse; children group portrait,"A 1927 class photograph of students from Caton, New York, posed in front of a wooden schoolhouse, with handwritten text reading ""Caton [school] 1927"" visible at the top of the black and white image."
854,75-0829,Corning Free Academy,,corning free academy; victorian architecture; school building; open field; black and white photograph,"A Victorian-era institutional building with distinctive towers and cupolas, identified as Corning Free Academy, is shown across an open field with groups of people gathered on the grounds, surrounded by mature trees."
855,75-0830,Class Pictures ,1940,school class picture; children; 1940s; classroom; black and white photograph,"A 1940 classroom group photograph showing approximately twenty elementary school children posed around a table with toys and models, with educational displays and paper cutouts visible on the wall behind them."
856,75-0831,,,book cover; ivan c. purple; schoolcraft; 1876; black and white photograph,"A black and white photograph of a book cover showing the title ""State of Ivan C. Purple used in Schoolcraft N.Y. 1876,"" with visible wear and damage to the surface."
857,75-0832,Class Pictures ,1920,class picture; school students; 1920s; brick building; black and white photograph,"A formal 1920 class photograph showing approximately thirty students of mixed genders arranged in rows in front of a brick building with a doorway, wearing period clothing typical of the early 1920s era."
858,75-0833,Class Pictures ,,class picture; school children; brick building; black and white photograph; vintage clothing,"A black and white class photograph showing approximately thirty students of mixed ages posed in front of a brick building with windows and doors, likely taken in early-to-mid 20th century Corning, NY."
859,75-0834,Baseball,1912,,
860,75-0834,Corning Free Academy,1912,,
861,75-0835,Class Pictures ,1892,,
862,75-0835,Corning Free Academy,1892,,
863,75-0836,Baseball,1911,baseball team; corning free academy; 1911; group portrait; black and white photograph,"A 1911 baseball team photograph from Corning Free Academy showing approximately 13 young men in uniforms marked with ""C.F.A."" and ""A."" arranged in three rows, with two adult men in formal attire (one in a bow tie) standing in the back row."
864,75-0836,Corning Free Academy,1911,baseball team; corning free academy; 1911; group portrait; black and white photograph,"A 1911 baseball team photograph from Corning Free Academy showing approximately 13 young men in uniforms marked with ""C.F.A."" and ""A."" arranged in three rows, with two adult men in formal attire (one in a bow tie) standing in the back row."
865,75-0837,Baseball,1911,baseball team; corning free academy; 1911; uniforms; black and white photograph,"A formal team portrait of the Corning Free Academy (C.F.A.) baseball team from 1911, showing approximately twelve young male players in uniform standing in a line indoors, holding baseball bats and gloves."
866,75-0837,Corning Free Academy,1911,baseball team; corning free academy; 1911; uniforms; black and white photograph,"A formal team portrait of the Corning Free Academy (C.F.A.) baseball team from 1911, showing approximately twelve young male players in uniform standing in a line indoors, holding baseball bats and gloves."
867,75-0838,Baseball,1910,baseball team; group portrait; 1910s; early 20th century; black and white photograph,"A 1910 baseball team photograph from Corning, NY showing approximately 15 players posed in three rows on a grass field, with handwritten identification labels above the image indicating player names including Cecil Scott, Smith, Earling Morse, Ida Stelly, and others."
868,75-0839,,,group portrait; women; early 20th century; formal photograph; black and white,"A formal black and white group portrait of approximately twenty-five women arranged in three rows, wearing light-colored blouses and dark skirts typical of early 20th century fashion, with a handwritten number ""3"" visible on the photograph mount."
869,75-0840,Baseball,1916,baseball team; corning free academy; 1916; black and white photograph; athletic uniforms,"A 1916 Corning Free Academy baseball team portrait showing nine young male athletes wearing ""CA"" lettered uniforms, with one adult male in a dark suit, posed formally for a studio photograph."
870,75-0840,Corning Free Academy,1916,baseball team; corning free academy; 1916; black and white photograph; athletic uniforms,"A 1916 Corning Free Academy baseball team portrait showing nine young male athletes wearing ""CA"" lettered uniforms, with one adult male in a dark suit, posed formally for a studio photograph."
871,75-0841,Corning Free Academy,1895,group portrait; corning free academy; 1890s clothing; formal photograph; black and white,"A formal group portrait from 1895 showing approximately 14 students and faculty members of the Corning Free Academy posed together, wearing period-appropriate late Victorian clothing including high-collared shirts and long dresses typical of the era."
872,75-0842,,,rural landscape; bare trees; farm buildings; dirt road; black and white photograph,"A black and white photograph dated March 26, 1941 showing a rural farm scene with wooden buildings and bare trees along what appears to be Painted Post Creek in the Corning, NY area."
873,75-0843,"Delaware, Lackawanna and Western Railroad",1921,railroad tracks; rural landscape; bare trees; utility poles; black and white photograph,"A 1921 photograph of Delaware, Lackawanna and Western Railroad tracks taken on March 26, 1921, showing a view looking westerly across railroad infrastructure with bare trees, utility poles, rural buildings, and fencing along the right-of-way in what appears to be the Corning, NY area."
874,75-0844,,,steuben street; corning ny; bare trees; residential street; 1921; black and white photograph,"A view of Steuben Street in Corning, NY taken on March 26, 1921, showing a tree-lined residential street with early 20th-century houses on both sides and bare deciduous trees lining the unpaved road."
875,75-0845,,,rural road; bare trees; utility poles; dirt road; black and white photograph; 1931,"A view looking northerly along Hamilton Street from the D.L.&W. railroad tracks in Painted Post, New York, taken on March 26, 1931, showing a muddy rural road lined with bare trees, utility poles, and distant hills."
876,75-0846,Cutler Creek,1921,,
877,75-0847,,,residential street; white houses; utility poles; dirt road; black and white photograph; 1921,"A black and white photograph dated March 26, 1921 (No. 3226, R.O.H.) showing a view looking easterly along a residential street with rows of white houses on both sides, utility poles, and an unpaved dirt road, identified as being near Water Street in Painted Post, N.Y."
878,75-0849,,,industrial site; steam locomotive; quarry; early 20th century; black and white photograph,"A steam locomotive with workers and industrial equipment at what appears to be a quarry or mining operation, likely related to Corning's glass or stone industry, with excavated earth walls visible in the background."
879,75-0850,,,flooded landscape; fallen logs; people wading; trees; black and white photograph,"A black and white photograph showing a flooded area with scattered logs and debris in the foreground, several people wading through floodwaters, dense trees lining the banks, and a large plume of smoke or steam rising in the background against a hazy sky."
880,75-0851,,,wooden buildings; stream; rural settlement; bare trees; black and white photograph,"A black and white photograph showing a rural settlement with wooden structures including a brick building on the left and wooden buildings on the right, separated by a small stream with a metal railing, bare trees visible in the background suggesting late fall or winter."
881,75-0852,,,walnut street; corning ny; 1921; rural road; wooden houses; utility poles; black and white photograph,"A black and white photograph from March 26, 1921 showing Walnut Street in Corning, NY looking toward Imperial Avenue from First Street, featuring white wooden houses, bare trees, utility poles, and an unpaved dirt road in a rural setting."
882,75-0853,"Fenderson St., Painted Post, N.Y. ",1921,fenderson street; painted post; unpaved road; residential buildings; 1921 photograph,"A black and white photograph from March 26, 1921, showing Fenderson Street in Painted Post, New York, with residential houses, utility poles, bare trees, and an unpaved dirt road lined with early 20th-century architecture."
883,75-0854,"First Street, Painted Post, N.Y. ",1921,first street; painted post; railroad crossing; 1921; black and white photograph,"A black and white photograph from March 2, 1921, showing First Street in Painted Post, New York, with a railroad crossing sign visible on the left, bare trees lining the unpaved street, utility poles, and small buildings along the road."
884,75-0855,,,bare trees; rural landscape; black and white photograph; historic building; early 20th century,"A black and white photograph dated March 26, 1921 showing a view from south of Painter Post Creek looking westerly toward Cohocton River area, with a distant house visible among bare trees in a rural landscape near Painter Post, New York."
885,75-0856,,,rural road; unpaved street; bare trees; utility poles; 1921; black and white photograph,"A photograph dated March 26, 1921 showing Steuben Street in Corning, NY, featuring an unpaved dirt road lined with utility poles, bare deciduous trees, and hills in the background during early spring."
886,75-0857,,,steuben street; painted post; unpaved road; bare trees; early 1920s; residential street,"A black and white photograph from March 26, 1921, showing Steuben Street in Painted Post, NY, looking southerly toward Water Street from Painted Post Creek, with unpaved road, utility poles, bare trees, and residential buildings lining both sides of the street."
887,75-0858,,,river; bare trees; black and white photograph; landscape; early spring,"A black and white photograph showing a river winding through bare deciduous trees and vegetation, taken from what appears to be a bridge or elevated vantage point, with partially legible archival text at the bottom referencing a location and date."
888,75-0859,,,hamilton street; painted post; 1921; dirt road; bare trees; residential street; early 20th century; black and white photograph,"A photograph dated March 30, 1921 showing Hamilton Street in Painted Post, New York, looking northerly from Painted Post Creek to the D.L.&W. railroad tracks, featuring a tree-lined dirt road with residential buildings on both sides and bare winter trees."
889,75-0860,"Charles Street, Painted Post, N.Y. ",1921,rural road; hillside landscape; early 20th century; black and white photograph; wooden structures,"A black and white photograph dated March 26, 1921, showing Charles Street in Painted Post, New York, looking northerly from Pine Street across Painted Post Creek, with scattered buildings nestled in a forested, hilly landscape."
890,75-0861,"Chemung Street, Painted Post, N.Y. ",1921,chemung street; painted post; 1921; railroad tracks; early 20th century street scene,"A black and white photograph from March 26, 1921, showing Chemung Street in Painted Post, N.Y., with railroad tracks running alongside residential buildings, utility poles, and bare trees characteristic of early spring in upstate New York."
891,75-0862,,,dirt road; residential street; bare trees; hillside; early 20th century; black and white photograph,"A black and white photograph dated March 26, 1921, showing Rand Avenue north in Corning, NY, with unpaved road, residential buildings on either side, bare deciduous trees, utility poles, and forested hills in the background."
892,75-0863,,,norwood street; residential neighborhood; unpaved road; bare trees; early 20th century; black and white photograph; utility poles,"A black and white photograph dated March 26, 1931 showing Norwood Street in Corning, NY, looking from Imperial Avenue to Delaware Avenue, featuring residential houses along an unpaved dirt road with utility poles and bare trees characteristic of early spring."
893,75-0864,,,bare trees; residential street; early 20th century; black and white photograph; corning ny,"A bare tree-lined residential street in Corning, NY showing period houses and unpaved or partially developed road conditions, likely from the early 1900s based on the architectural style and photographic quality."
894,75-0865,,,oak street; corning ny; 1921; unpaved road; residential neighborhood; utility poles; black and white photograph,"A photograph dated March 28, 1921, showing Oak Street in Corning, NY looking easterly from Delaware Avenue, featuring an unpaved dirt road lined with wooden utility poles, residential houses, bare trees, and several pedestrians on the street."
895,75-0866,Cohocton River,1921,cohocton river; bare trees; riverbank; black and white photograph; 1921,"This black and white photograph from March 26, 1921, shows the north bank of the Cohocton River looking upstream from Steuben Street at the Painted Post in Corning, NY, with bare winter trees lining both banks and eroded soil visible on the right bank."
896,75-0867,,,industrial buildings; bare trees; winter scene; black and white photograph; early 20th century,"A black and white photograph dated March 26, 1921 showing Imperial Avenue in Corning, NY with industrial factory buildings, bare winter trees, and snow on the ground, labeled as No. 3187 in the archive."
897,75-0868,"Brewer Street, Painted Post, N.Y. ",1921,brewer street; painted post; unpaved road; residential buildings; 1921 photograph,"A black and white photograph from 1921 showing Brewer Street in Painted Post, NY, with wooden residential houses lining an unpaved dirt road, bare trees, utility poles, and early 20th-century architecture typical of a rural New York community."
898,75-0869,,,bare trees; winter landscape; hillside; stream; black and white photograph,"A winter landscape photograph showing bare deciduous trees along a stream or creek with snow-covered ground and rolling hills in the background, with partially legible archival text at the bottom indicating this is a historical documentation photograph from the Corning area."
899,75-0870,,,painted post creek; historic buildings; rural landscape; black and white photograph; 1931,"A black and white photograph from March 2, 1931 showing the Painted Post Creek area near Rochester, with several white buildings including structures with distinctive chimneys viewed from the north-westerly direction over a culvert, surrounded by bare trees and hillside terrain."
900,75-0872,,,rural landscape; wooden bridge; flooded water; bare trees; black and white photograph,"A black and white photograph dated March 26, 1921 showing a wooden bridge spanning flooded water with bare trees lining the banks and rural fencing visible in the foreground, labeled as looking down Hodgman's (location identifier No. 3231)."
901,75-0873,,,bridge; erie railroad; rural landscape; bare trees; black and white photograph,"A black and white photograph dated March 26, 1921, showing the Bridge of Erie R.R. spanning a rocky riverbed with bare trees lining the banks and wooden fencing visible in the background."
902,75-0874,,,rural landscape; forested hillside; white fence; black and white photograph; 1921,"A black and white photograph dated March 26, 1921 (No. 3229) showing a pastoral landscape with a white fence in the foreground, agricultural fields, forested hills in the background, and a caption indicating the view is across flats from Hogman's Creek towards a pumping station and reservoir."
903,75-0875,,,rural landscape; white fence; railroad tracks; agricultural fields; black and white photograph,"A black and white photograph showing a white wooden fence in the foreground overlooking rural farmland with fenced pastures, a stream, railroad tracks, and industrial buildings along the right side, with forested hills in the background."
904,75-0876,,,railroad infrastructure; wooden fencing; utility poles; rural landscape; 1921 photograph,"A black and white photograph from March 26, 1921 showing a view looking easterly along the south right-of-way of the D.L.&W. railroad from Hodgman's Creek near Painted Post, New York, featuring wooden fencing, utility poles, and railroad infrastructure along a hillside."
905,75-0877,,,rural road; bare trees; early 20th century; wooden buildings; black and white photograph,"A black and white photograph from March 4, 1881, showing Kain Street in Painted Post, New York, looking southerly towards the Cohocton Post, featuring a dirt road lined with bare trees and simple wooden structures on either side."
906,75-0878,,,rural street; bare trees; wooden buildings; utility poles; black and white photograph,"A black and white photograph showing a rural village street lined with wooden houses and utility poles, with bare trees and hills visible in the background, appearing to be from the early-to-mid 20th century."
907,75-0879,,,utility poles; residential buildings; hillside; black and white photograph; early 20th century,"A black and white photograph dated March 30, 1921 showing a view along the south right-of-way of a railroad from Culvert, with utility poles, wooden houses on a slope, and bare terrain characteristic of early industrial-era Corning, NY."
908,75-0880,"Chemung Street, Painted Post, N.Y. ",1921,chemung street; painted post; railroad tracks; wooden utility poles; 1921 street view,"A black and white photograph from March 26, 1921, showing Chemung Street in Painted Post, NY, with railroad tracks running alongside the street, utility poles, residential buildings, and hills in the background."
909,75-0881,,,painted post creek; corning ny; march 1921; black and white photograph; rural landscape; mountains; wooden utility pole,"A black and white photograph dated March 28, 1921 (No. 3205) showing Painted Post Creek in Corning, NY, taken looking westerly from Steuben Street toward a culvert, with bare trees, distant hills, scattered buildings, and muddy terrain visible in the early spring landscape."
910,75-0882,,,culvert construction; post creek; painted post ny; 1931; black and white photograph,"A black and white photograph from March 26, 1931 showing a culvert being constructed under Steuben Street at Post Creek in Painted Post, New York, with a wooden structure and excavation work visible in the foreground."
911,75-0883,,,rural landscape; bridge; forested hills; farm buildings; black and white photograph,"A black and white photograph showing a rural landscape with a bridge crossing over water, forested hills in the background, farm buildings including a distinctive multi-story structure on the right, and open fields with fencing typical of early-to-mid 20th century upstate New York countryside."
912,75-0884,Bill Smith Creek ,1921,bill smith creek; rural landscape; bare trees; stream; black and white photograph,"A 1921 black and white photograph showing Bill Smith Creek winding through a rural, open landscape with bare trees and forested hills in the background near Corning, NY."
913,75-0885,,,railroad tracks; rural landscape; flooded fields; bare trees; black and white photograph,"A black and white photograph showing railroad tracks running through a rural valley landscape with flooded fields, bare trees, distant hills, and farm buildings visible on the left side."
914,75-0886,,,rural landscape; agricultural fields; bare trees; hillside; black and white photograph,"A black and white photograph showing a rural valley landscape with plowed fields, a small stream or drainage ditch in the foreground, scattered farm buildings and houses nestled among bare trees, and rolling hills in the background, characteristic of early-to-mid 20th century upstate New York countryside."
915,75-0887,,,rural village; residential houses; unpaved road; utility pole; forested hills; black and white photograph,"A black and white photograph showing a rural village street lined with early 20th-century residential houses along an unpaved dirt road, with forested hills visible in the background and a utility pole standing prominently on the right side."
916,75-0888,"Brainard Place, Painted Post",1921,residential development; unpaved road; 1921; brainard place; early 20th century housing,"A black and white photograph from 1921 showing Brainard Place in Painted Post, NY, with newly constructed residential houses lining an unpaved dirt road, bare trees, and undeveloped land in the foreground suggesting early suburban development."
917,75-0889,,,residential street; early 20th century; wooden houses; utility poles; black and white photograph,"A view looking easterly along Park Place and Pine Streets from Maple Avenue in Painted Post, N.Y., taken on March 26, 1921, showing residential buildings, bare trees, utility poles, and an unpaved street with gravel."
918,75-0890,,,unpaved road; bare trees; utility poles; residential street; early 20th century,"A black and white photograph of an unpaved dirt road lined with bare deciduous trees and utility poles, flanked by residential buildings including a white house on the right, depicting an early 20th-century rural or small-town street scene in Corning, NY."
919,75-0891,,,railroad tracks; white fence; rural landscape; early 20th century; black and white photograph,"A black and white photograph showing railroad tracks with gravel ballast running through a rural area near Corning, NY, with a white wooden fence in the foreground, farmland to the left, and residential and industrial buildings visible along the right side of the tracks."
920,75-0892,Bill Smith Creek ,1921,bill smith creek; culvert; stone masonry; infrastructure; black and white photograph,"A black and white photograph from March 28, 1921, showing the Bill Smith Creek culvert constructed under Hamilton Street in Painted Post, New York, featuring stone masonry construction visible beneath a wooden structure."
921,75-0893,Bill Smith Creek ,1921,,
922,75-0894,,,rural landscape; wooden fence; hillside; black and white photograph; 1931,"A black and white photograph dated March 20, 1931 showing a rural hillside landscape with wooden fence posts, scattered trees, and rolling terrain, taken from near Painted Post, New York at the village line."
923,75-0895,,,rural landscape; bare tree; stream; hillside; black and white photograph; 1921,"A black and white photograph dated March 26, 1921, showing a rural valley landscape with a bare deciduous tree, a small stream, rolling hills, and what appears to be a fence in the foreground, labeled as ""Looking up Hodman's"" in the Corning, NY area."
924,75-0896,,,rural landscape; wooden bridge; railroad car; forested hills; black and white photograph,"A black and white photograph dated March 26, 1921 showing a wooden-railed bridge crossing water with a dark railroad freight car positioned on or near the bridge, set against a backdrop of forested hills in a rural area."
925,75-0897,"Centerville Road, Painted Post, N.Y. ",1921,,
926,75-0898,Chemung River ,1921,chemung river; steel bridge; industrial construction; 1921; corning ny,"This 1921 photograph shows a steel truss bridge spanning the Chemung River in Corning, NY, with industrial buildings and smokestacks visible in the background and hillsides beyond, capturing the region's industrial infrastructure during the early twentieth century."
927,75-0899,"Charles Street, Painted Post, N.Y. ",1921,,
928,75-0900,,,industrial building; bare trees; painted post creek; railroad; early 20th century photograph,"A historical photograph showing an industrial building with a smokestack situated along Painted Post Creek, with bare trees and railroad infrastructure visible, taken from the Erie Railway, Rochester Division near Corning, New York."
929,75-0901,,,rural landscape; bare trees; river valley; early spring; color photograph,"A view looking westerly along a river valley near Corning, NY on March 26, 1961, showing bare trees lining the banks and an overflow channel from the mouth of Painted Post, captured in early color photography."
930,75-0902,,,downtown corning; brick buildings; mid-20th century; street scene; vintage automobiles,"A mid-20th century street scene in downtown Corning, NY showing multi-story brick buildings, parked automobiles, pedestrians, and storefronts along what appears to be a main commercial street."
931,75-0903,,,overflow channel; north bank; bare trees; rural landscape; sepia photograph,"A sepia-toned photograph dated March 26, 1921 showing a westerly view of the long north bank of an overflow channel from the mouth of Painted Post Creek, with bare winter vegetation lining the waterway and open fields visible in the distance."
932,75-0904,,,historic buildings; bare trees; hillside landscape; sepia photograph; early 20th century,"A sepia-toned photograph showing a hillside residential area with bare deciduous trees, a prominent house with distinctive architecture in the middle distance, and what appears to be early 20th century buildings along a sloped terrain, with handwritten archival notation visible at the bottom of the print."
933,75-0905,"Centerville Road, Painted Post, N.Y. ",1921,centerville road; painted post; rural road; wooden houses; 1921 photograph,"This March 2, 1921 photograph shows Centerville Road in Painted Post, New York, looking northerly from Water Street, featuring wooden residential buildings lining an unpaved dirt road with bare trees and hills in the background."
934,75-0906,Floods,,flooded street; downtown corning; brick buildings; bare trees; black and white photograph,"A black and white photograph showing a flooded downtown street in Corning, NY with water covering the roadway and surrounding multi-story brick buildings, bare winter trees, utility poles, and reflections of structures in the floodwaters."
935,75-0907,,,streetcar tracks; bare trees; residential street; early 20th century; black and white photograph,"A black and white photograph showing a tree-lined residential street in Corning, NY with visible streetcar or trolley tracks running down the center of an unpaved road, flanked by Victorian-era houses on both sides during late fall or early spring."
936,75-0908,"Bronson Street, Painted Post, N.Y. ",1921,bronson street; painted post; unpaved road; residential buildings; 1921 photograph,"A black and white photograph from March 26, 1921, showing Bronson Street in Painted Post, NY, looking northerly from High Street to Brewster Street, featuring an unpaved dirt road lined with bare trees and early 20th-century residential houses on both sides."
937,75-0909,"Bronson Street, Painted Post, N.Y. ",,,
938,75-0910,"Delaware Ave., Painted Post, N.Y. ",1921,delaware avenue; painted post; 1921; residential street; early 20th century architecture,"A black and white photograph of Delaware Avenue in Painted Post, New York from 1921, showing a tree-lined residential street with wooden houses, a prominent cross, bare trees, and hills in the background."
939,75-0911,,,pine street; corning ny; bare trees; utility pole; 1931; black and white photograph,"A black and white photograph dated March 26, 1931, showing Pine Street in Corning, NY viewed from Handi, featuring bare deciduous trees lining an unpaved road with brick buildings on the left and a wooden utility pole visible in the distance."
940,75-0912,,,unpaved road; bare trees; residential street; early 20th century; black and white photograph,"A black and white photograph dated March 26, 1921, showing Hamilton Street in Corning, NY looking southerly from Painted Post Creek to Water Street, with an unpaved muddy road lined by bare trees and residential buildings on either side."
941,75-0913,,,residential street; unpaved road; wooden houses; bare trees; early 20th century; black and white photograph,"A black and white photograph of an unpaved residential street in Corning, NY lined with wooden houses and bare trees, with utility poles visible in the distance and what appears to be a church or civic building in the background."
942,75-0914,,,bare trees; industrial buildings; muddy street; early spring; black and white photograph,"A black and white photograph showing a muddy unpaved street lined with bare trees and industrial or factory buildings on either side, with patches of snow visible along the edges and utility poles overhead, depicting an early spring scene in what appears to be an industrial area of Corning, NY."
943,75-0915,,,rural landscape; creek; bare trees; fenced pasture; black and white photograph,"A black and white photograph dated March 26, 1921, showing a view looking northwesterly along Painted Post Creek from Culvert, featuring a winding waterway bordered by fencing, bare deciduous trees, and rolling hills in the background."
944,75-0916,,,railroad tracks; high street; bare trees; early 20th century; black and white photograph,"A black and white photograph dated March 26, 1921 showing High Street in Corning, NY with railroad tracks running down the center of an unpaved road, flanked by utility poles, bare trees, and residential and industrial buildings on either side."
945,75-0917,,,water street; corning ny; bare trees; early spring; black and white photograph; wooden sidewalk; utility poles; 1931,"A black and white photograph dated March 26, 1931 showing Water Street in Corning, NY, with bare trees lining both sides of the street, wooden sidewalks, utility poles, and buildings visible in the distance during early spring."
946,75-0918,,,residential street; bare trees; wooden houses; utility poles; black and white photograph,"A black and white photograph of a tree-lined residential street in Corning, NY showing wooden houses on both sides, bare deciduous trees, utility poles, and an unpaved or partially paved road, likely from the early-to-mid 20th century."
947,75-0919,,,industrial buildings; utility poles; rural landscape; bare trees; black and white photograph; early 20th century,"A black and white photograph dated March 26, 1921 showing an industrial or manufacturing complex with large wooden structures, utility poles, and bare trees in a rural valley setting with mountains visible in the background."
948,75-0920,,,rural road; utility poles; farmland; 1921; black and white photograph,"A rural road in Corning, NY photographed on March 26, 1921, looking easterly, showing utility poles, farm buildings on the left, railroad tracks on the right, and rolling hills in the background."
949,75-0921,,,rural landscape; wooden fence; bare trees; agricultural field; black and white photograph,"A black and white photograph showing a rural landscape with wooden rail fencing in the foreground, bare deciduous and evergreen trees lining the horizon, and an open field or pasture area, typical of upstate New York countryside."
950,75-0922,,,residential street; bare trees; early 20th century; white houses; brick sidewalk,"A quiet residential street in Corning, NY lined with bare deciduous trees, brick sidewalks, and white wooden houses with porches, photographed during late fall or early spring in what appears to be the early 1900s."
951,75-0923,"Chemung Street, Painted Post, N.Y. ",1921,chemung street; painted post; railroad tracks; utility poles; 1921 photograph; rural street scene; black and white,"A black and white photograph of Chemung Street in Painted Post, New York, taken on March 26, 1921, showing a rural street lined with utility poles, railroad tracks, scattered buildings including a white house, bare trees, and hills in the background."
952,75-0924,"Chemung Street, Painted Post, N.Y. ",1921,chemung street; painted post; railroad tracks; bare trees; 1921; early 20th century street; black and white photograph,"A black and white photograph of Chemung Street in Painted Post, NY taken on March 26, 1921, showing railroad tracks running down the center of the street lined with bare trees and wooden buildings on either side, with hills visible in the background."
953,75-0926,,,streetcar tracks; residential street; bare trees; early 20th century; black and white photograph,"A street view in Corning, NY showing trolley or streetcar tracks running down an unpaved residential street lined with Victorian-era houses, bare trees, utility poles, and hills visible in the background, likely dating from the early 1900s."
954,75-0927,,,rural landscape; bare trees; early spring; black and white photograph; 1921,"A rural landscape photograph taken on March 26, 1921, showing bare trees, scattered buildings, and fields with sparse vegetation in what appears to be early spring conditions in the Corning, NY area."
955,75-0928,,,painted post creek; rural landscape; 1921; bare trees; hillside settlement,"A black and white photograph dated March 28, 1921, showing a view looking northwest along Painted Post Creek to Culvert under the D.L., depicting a rural valley settlement with bare trees, wooden fencing, farm buildings, and hills in the background."
956,75-0929,,,painted post creek; corning ny; rural landscape; bare trees; black and white photograph,"A black and white photograph dated March 26, 1921 showing a view looking southeast along Painted Post Creek toward Imperial Avenue in Painted Post, New York, with bare trees, wooden structures, and hills visible in the background."
957,75-0930,,,industrial debris; excavation site; metal pipes; bare ground; black and white photograph,"A black and white photograph dated March 26, 1921 showing an excavation or construction site with scattered metal pipes, industrial debris, and white markers in disturbed earth, with bare trees and buildings visible in the background."
958,75-0931,,,unpaved road; bare trees; residential street; early 1920s; corning ny,"A black and white photograph from March 26, 1921, showing Hamilton Street in Corning, NY, looking southerly from Painted Post Creek to Water Street, with an unpaved muddy road lined by bare trees and residential buildings on either side."
959,75-0932,,,painted post; main street; early 20th century; bare trees; rural village; black and white photograph,"A black and white photograph from March 2, 1921 showing Kain Street at the Painted Post, N.Y., looking southerly towards the Cohocton river from Water Street, featuring bare trees lining an unpaved road with white wooden buildings on the right side and hills in the background."
960,75-0933,,,dirt road; wooden houses; bare trees; hillside; early 20th century; black and white photograph,"A black and white photograph from March 28, 1921, showing Rand Avenue north in Corning, NY, with wooden residential buildings lining an unpaved dirt road, bare trees, and forested hills in the background."
961,75-0934,"Charles Street, Painted Post, N.Y. ",1921,charles street; painted post; rural road; 1921; black and white photograph,"A 1921 black and white photograph of Charles Street in Painted Post, New York, showing a curved dirt road lined with utility poles, scattered buildings, and forested hills in the background."
962,75-0935,,,rural landscape; wooden utility poles; residential buildings; bare hillside; black and white photograph,"A black and white photograph showing a rural hillside with wooden utility poles and power lines running along a dirt road, with residential buildings visible on the left side and bare, sloped terrain dominating the composition."
963,75-0936,Cohocton River,1921,cohocton river; bare trees; winter landscape; north bank; black and white photograph,"A 1921 photograph dated March 26 showing the north bank of the Cohocton River with bare deciduous trees along the shoreline, a distant bridge spanning the river, and rolling hills in the background during early spring."
964,75-0937,,,rural village street; bare trees; wooden buildings; utility poles; black and white photograph; early 20th century,"A black and white photograph dated March 26, 1921 showing a rural village street in Corning, NY with wooden structures, bare trees, utility poles, and hills in the background, labeled as No. 3185 in the archive."
965,75-0939,,,industrial mill; tall chimney; wooden fence; flooded grounds; black and white photograph,"A black and white photograph showing an industrial mill complex with a prominent tall chimney, wooden buildings, and wooden fencing, situated in a flooded or wet area with hills visible in the background."
966,75-0941,,,industrial interior; pipe; brick walls; basement; black and white photograph,"A black and white photograph showing the interior of an industrial or utility space with exposed brick walls, a large pipe running diagonally through the center, and deteriorated structural elements typical of early-to-mid 20th century industrial infrastructure."
967,75-0942,Floods,1935,,
968,75-0943,"Delaware, Lackawanna and Western Railroad Trainwreck, Gibson, N.Y. ",1912,train wreck; derailment; railroad cars; wooded area; black and white photograph,"This black and white photograph documents the Delaware, Lackawanna and Western Railroad trainwreck near Gibson, N.Y. in 1912, showing derailed and damaged railroad cars twisted among trees and vegetation along the tracks."
969,75-0944,,,industrial machinery; glass manufacturing equipment; black and white photograph; factory equipment; silhouette,"A black and white photograph showing an industrial glass furnace or kiln with distinctive tall chimneys and a rectangular body mounted on a rail car, likely from Corning's glass manufacturing industry."
970,75-0945,"Erie Railroad, Corning, N.Y. ",,erie railroad station; brick building; pine street; corning ny; historic architecture,"A black and white photograph showing the Erie Station and Pine Street looking north in Corning, New York, featuring a substantial brick railroad station building with multiple chimneys and a distinctive roofline, adjacent to taller commercial structures."
971,75-0948,Corning Free Academy,1913,,
972,75-0948,Football,1913,,
973,75-0949,Baseball,1923,women's baseball team; corning free academy; 1923; sailor uniforms; black and white photograph,"A formal black and white team portrait from 1923 showing the Corning Free Academy (CFA) women's baseball team with eight young women wearing sailor-style uniforms, with one player's jersey clearly marked ""CFA '23""."
974,75-0949,Corning Free Academy,1923,women's baseball team; corning free academy; 1923; sailor uniforms; black and white photograph,"A formal black and white team portrait from 1923 showing the Corning Free Academy (CFA) women's baseball team with eight young women wearing sailor-style uniforms, with one player's jersey clearly marked ""CFA '23""."
975,75-0950,Baseball,,basketball team; corning free academy; vintage uniforms; gymnasium; black and white photograph; 1940s-1950s,"A black and white photograph of the Corning Free Academy basketball team posing in their uniforms numbered 26, 42, 60, 20, 62, and 24, with a coach and additional team members, taken in a gymnasium with ""Infantry"" and ""Air Corps"" signs visible on the brick wall behind them."
976,75-0950,Corning Free Academy,,basketball team; corning free academy; vintage uniforms; gymnasium; black and white photograph; 1940s-1950s,"A black and white photograph of the Corning Free Academy basketball team posing in their uniforms numbered 26, 42, 60, 20, 62, and 24, with a coach and additional team members, taken in a gymnasium with ""Infantry"" and ""Air Corps"" signs visible on the brick wall behind them."
977,75-0951,Isabel Walker Drake Family Photo,c.1900,,
978,75-0952,Isabel Walker Drake Family Photo,c.1900,,
979,75-0953,Isabel Walker Drake Family Photo,c.1900,bear; man; wildlife; early 1900s photograph; black and white,"A man in period clothing stands facing a large bear in an open field with utility poles visible in the background, circa 1900."
980,75-0954,Isabel Walker Drake Family Photo,c.1900,,
981,75-0955,Isabel Walker Drake Family Photo,c.1900,steamship; water; early 1900s; black and white photograph; waterfront,"A black and white photograph from circa 1900 showing a steamship on water, likely taken from a shoreline or dock in the Corning, NY area, associated with the Isabel Walker Drake Family collection."
982,75-0956,Isabel Walker Drake Family Photo,c.1900,family portrait; indoor scene; early 1900s; black and white photograph; domestic interior,"A black and white photograph from circa 1900 showing members of the Isabel Walker Drake family in an interior domestic setting, with figures positioned around furniture and wallpapered walls visible in the background."
983,75-0957,Isabel Walker Drake Family Photo,c.1900,family portrait; riverside landscape; early 1900s; child figure; rural settlement,"A circa 1900 photograph from the Isabel Walker Drake Family collection showing a child standing on a rocky riverbank with logs and water visible, with a hillside settlement and forested landscape in the background."
984,75-0958,Isabel Walker Drake Family Photo,c.1900,family portrait; park setting; early 1900s; bare trees; black and white photograph,"A circa 1900 photograph of the Isabel Walker Drake family seated in a park with bare trees, showing three figures in period clothing on a bench with a picket fence visible in the background."
985,75-0959,Isabel Walker Drake Family Photo,c.1900,portrait; woman; stone building; early 1900s; black and white photograph,"A portrait of a woman from the Isabel Walker Drake family, circa 1900, standing in front of a stone building wearing a dark dress, white collar, and wide-brimmed hat, photographed in Corning, NY."
986,75-0960,Isabel Walker Drake Family Photo,c.1900,family gathering; early 1900s; outdoor social event; formal dress; circular photograph,"A circular black and white photograph from circa 1900 showing the Isabel Walker Drake family and guests gathered outdoors under a decorative awning or canopy, with adults in formal attire and children present at what appears to be a social occasion in Corning, NY."
987,75-0961,Isabel Walker Drake Family Photo,c.1900,three women; early 1900s clothing; outdoor street scene; black and white photograph; turn-of-the-century fashion,"A black and white photograph from circa 1900 showing three women wearing long dark coats and hats standing on a street in what appears to be Corning, NY, with bare trees and buildings visible in the background, identified as members of the Isabel Walker Drake family."
988,75-0962,Isabel Walker Drake Family Photo,c.1900,family portrait; early 1900s; residential setting; bare trees; black and white photograph,A black and white photograph from circa 1900 showing members of the Isabel Walker Drake family standing in front of a house with bare trees and wooden structures visible in the residential yard.
989,75-0963,Isabel Walker Drake Family Photo,c.1900,horse-drawn wagon; family portrait; turn-of-century; outdoor garden; black and white photograph,"A turn-of-the-century photograph showing the Isabel Walker Drake family posed on a horse-drawn wagon in a lush garden setting surrounded by dense foliage and trees, with a white picket fence visible in the foreground."
990,75-0964,Isabel Walker Drake Family Photo,c.1900,,
991,75-0965,Isabel Walker Drake Family Photo,c.1900,horse-drawn carriage; turn-of-the-century; family photograph; rural property; black and white photograph,"A circa 1900 photograph from the Isabel Walker Drake Family archive showing two harnessed horses with a carriage on a tree-lined property in Corning, NY, with period buildings visible in the background."
992,75-0966,Isabel Walker Drake Family Photo,c.1900,family portrait; early 1900s; outdoor scene; bare trees; black and white photograph,"A black and white photograph from circa 1900 showing two people in period clothing standing outdoors near a utility pole with bare trees in the background, identified as the Isabel Walker Drake Family Photo from the Corning, NY local history archive."
993,75-0967,Isabel Walker Drake Family Photo,c.1900,,
994,75-0968,Isabel Walker Drake Family Photo,c.1900,family photograph; indoor scene; early 1900s; chalkboard; framed pictures on wall,"A bearded man in dark formal attire stands beside a young girl in a white dress who is writing or drawing on a chalkboard, with framed pictures visible on the wall behind them in this circa 1900 photograph of the Isabel Walker Drake family."
995,75-0969,Isabel Walker Drake Family Photo,c.1900,horse-drawn carriage; family portrait; early 1900s; downtown street; black and white photograph,"A circa 1900 photograph of the Isabel Walker Drake family posing with a horse-drawn carriage on a downtown street in Corning, NY, with multi-story commercial buildings visible in the background."
996,75-0970,Isabel Walker Drake Family Photo,c.1900,victorian mansion; horse-drawn carriage; early 1900s; black and white photograph; rural landscape,"A circa 1900 photograph showing two views of the Isabel Walker Drake family property in Corning, NY, featuring a prominent Victorian mansion with distinctive turrets, horse-drawn carriages, fenced grounds, and surrounding rural landscape with hills in the background."
997,75-0971,Isabel Walker Drake Family Photo,c.1900,family photograph; early 1900s; handwritten captions; domestic scenes; black and white,"A circa 1900 photograph from the Isabel Walker Drake Family collection showing two circular vignette images with handwritten labels—the left image labeled ""Cosing"" depicts a person near a building entrance, and the right image labeled ""Palmyra Thurs June"" shows figures in a garden setting."
998,75-0972,Isabel Walker Drake Family Photo,c.1900,family group; white dresses; early 1900s fashion; outdoor portrait; black and white photograph,"A black and white photograph from circa 1900 showing the Isabel Walker Drake family gathered outdoors in white Edwardian-era dresses and hats, posed in front of evergreen trees and foliage."
999,75-0973,Isabel Walker Drake Family Photo,c.1900,family gathering; turn-of-century; outdoor scene; horse-drawn carriage; trees,"A circa 1900 photograph from the Isabel Walker Drake Family collection showing multiple people gathered outdoors beneath large trees with a horse-drawn carriage visible in the foreground, documenting a family outing or social gathering from the Corning, NY area."
1000,75-0974,Isabel Walker Drake Family Photo,c.1900,family portrait; turn-of-the-century clothing; brick building; urban street; black and white photograph,"A circa 1900 photograph of the Isabel Walker Drake family showing two people in period dress standing on a brick-lined urban street in Corning, NY, with a storefront visible in the background."
1001,75-0975,Isabel Walker Drake Family Photo,c.1900,,
1002,75-0976,Isabel Walker Drake Family Photo,c.1900,winter landscape; snow; woman; early 1900s; black and white photograph,"A woman in a dark coat stands in a snowy landscape with a small town and forested hills visible in the background, circa 1900, likely depicting a member of the Isabel Walker Drake family in Corning, NY."
1003,75-0977,Isabel Walker Drake Family Photo,c.1900,black and white photograph; outdoor gathering; early 1900s; waterfront; group of people,"A circa 1900 black and white photograph showing a group of people gathered on a beach or sandy area near a body of water with forested shoreline in the background, likely documenting a social gathering or recreational activity of the Isabel Walker Drake family."
1004,75-0978,Corning Glass Center Buildings,1906,corning glass works; industrial factory; multiple smokestacks; brick buildings; early 1900s,"This 1906 black and white photograph shows the Corning Glass Works facility in Corning, New York, featuring multiple tall industrial smokestacks, brick factory buildings, and surrounding structures with handwritten caption identifying it as ""Corning Glass Works, Corning, N.Y."""
1005,75-0979,"Delaware, Lackawanna and Western Railroad Trainwreck, Gibson, N.Y. ",1912,railroad wreck; steam locomotive; derailment; 1912; black and white photograph,"This black and white photograph documents the 1912 Delaware, Lackawanna and Western Railroad trainwreck near Gibson, N.Y., showing a severely damaged steam locomotive with its boiler and mechanical components destroyed, surrounded by onlookers and debris in a wooded area."
1006,75-0980,,,steam locomotive; passenger train; railroad; black and white photograph; rural landscape,"A steam locomotive pulling a passenger train travels along railroad tracks through a forested, mountainous landscape in this black and white photograph, likely from the early-to-mid 20th century."
1007,75-0981,"Delaware, Lackawanna and Western Railroad Trainwreck, Gibson, N.Y. ",1912,,
1008,75-0982,"Delaware, Lackawanna and Western Railroad Trainwreck, Gibson, N.Y. ",1912,train wreck; railroad disaster; 1912; crowd; debris,"This black and white photograph documents the Delaware, Lackawanna and Western Railroad trainwreck in Gibson, N.Y. in 1912, showing a derailed passenger car surrounded by wreckage, onlookers, and debris scattered across the tracks."
1009,75-0983,,,teacher's certificate; 1860s document; handwritten; Steuben County; educational credential,"A teacher's certificate issued by William M. Sherwood, School Commissioner for the 2d Commissioner District in Steuben County, New York, certifying an individual's qualifications to teach common school, dated in 1860."
1010,75-0984,,,group portrait; women; porch; early 20th century; black and white photograph,"A black and white photograph showing a group of eleven women posed together on a residential porch, wearing early 20th-century clothing including white blouses and dark skirts, arranged in two rows with some seated and others standing."
1011,75-0985,,,hornby cheese factory; dividend statement; 1914; handwritten document; hornby new york,"A handwritten dividend statement from the Hornby Cheese Factory in Hornby, N.Y., dated 1914, documenting milk and cheese sales, amounts, and financial details for the period from May 17 to July 20, 1914, signed by E.B. Stephens."
1012,75-0987,,,white wooden building; cupola; historic church; bare trees; black and white photograph,"A small white wooden church or meetinghouse with a distinctive cupola and front portico, photographed in winter or early spring with bare trees visible in the foreground and background."
1013,75-0988,,,hay wagon; horse-drawn cart; rural agriculture; early 20th century; black and white photograph,"A black and white photograph showing workers loading or unloading hay onto a horse-drawn wagon in a rural agricultural setting, with forested hills visible in the background."
1014,75-0991,,,formal group portrait; early 1900s; women and men; white blouses; black and white photograph,"A formal black and white group portrait from the early 1900s showing approximately 15 people arranged in three rows, with women predominantly wearing white blouses with bows and men in dark suits, posed against a plain studio backdrop."
1015,75-0994,Mr. & Mrs. Buck,,,
1016,75-0995,Duraid Home,,,
1017,75-0997,"Delaware, Lackawanna and Western Railroad Trainwreck, Gibson, N.Y. ",1912,,
1018,75-0998,,,wooden house; two people; rural setting; early 20th century; black and white photograph,"A black and white photograph showing a two-story wooden house with a front porch surrounded by large trees, with two people standing in the yard in front of the structure."
1019,75-0999,,,post office; brick building; corning ny; early 20th century; black and white photograph,"A brick post office building in Corning, New York, featuring classical architectural details including a pediment with ornamental design, large windows, and entrance steps, partially obscured by tall trees in the foreground."
1020,75-1000,Barn-Raising,,,
1021,75-1002,,,holy matrimony; wedding ceremony; nineteenth century; formal dress; ornamental border,"A formal wedding ceremony scene from the 1800s showing a bride in white dress surrounded by formally dressed guests and clergy, with decorative floral borders framing the image and text reading ""This is to Certify"" and ""HOLY MATRIMONY"" visible at the bottom of the document."
1022,75-1003,,,marriage certificate; 19th century document; ornamental border; handwritten text; black and white photograph,"A 19th-century marriage certificate titled ""This is to Certify"" documenting the union of Joe A. Gifford of Hornby, New York and Alice B. Boye of Hornby, New York, dated February 22, 1870, with an oval portrait photograph of a man in the upper left corner and decorative floral borders throughout."
1023,75-1006,"Delaware, Lackawanna and Western Railroad Trainwreck, Gibson, N.Y. ",1912,railroad wreck; derailed train cars; 1912; wooded area; black and white photograph,"This photograph documents the 1912 Delaware, Lackawanna and Western Railroad trainwreck near Gibson, N.Y., showing severely damaged and derailed passenger cars twisted among debris in a forested setting."
1024,75-1007,Christmas Scene,,,
1025,75-1008,Crystal City Corps,,,
1026,75-1009,Electric Company,1911,,
1027,75-1010,Electric Company,1911,,
1028,75-1011,Judson Badgley,1911,early 1900s; work crew; horse-drawn equipment; utility workers; black and white photograph,"A 1911 photograph showing a group of utility workers with horses and equipment on a tree-lined street in Corning, NY, likely documenting work by the Electric Company under the direction of Judson Badgley."
1029,75-1011,Electric Company,1911,early 1900s; work crew; horse-drawn equipment; utility workers; black and white photograph,"A 1911 photograph showing a group of utility workers with horses and equipment on a tree-lined street in Corning, NY, likely documenting work by the Electric Company under the direction of Judson Badgley."
1030,75-1013,Beegan Store,,,
1031,75-1014,,,corning ny; downtown street; historic buildings; unpaved road; black and white photograph,"A wide unpaved street in downtown Corning, New York lined with two-story commercial buildings featuring classical architecture, with horse-drawn carriages and pedestrians visible along the street, likely dating to the late 19th or early 20th century."
1032,75-1015,,,historical document; military commission; 1863; governor of ohio; handwritten text,"An official military commission document from the Governor of Ohio dated September 9, 1863, appointing Samuel Lydman as Captain in the Cavalry, signed by the Adjutant General's Office in Columbus, Ohio."
1033,75-1016,Baseball,1914,,
1034,75-1016,Corning Free Academy,1914,,
1035,75-1017,,,classroom; students; wooden desks; early 20th century; black and white photograph,"A black and white photograph showing a classroom full of students seated at individual wooden desks in rows, with framed pictures on the walls and tall windows visible in the background, appearing to be from the early 1900s."
1036,75-1018,,,military document; civil war era; regiment commission; handwritten text; historical certificate,"A formal military commission document from the Commanding Officer of the 111th Regiment of Ohio Volunteers, dated in the year one thousand eight hundred and sixty-four, appointing an officer and granting authority over soldiers and military duties, signed at Ringgold Barracks."
1037,75-1019,,,group portrait; brick building; children and adults; mid-20th century; black and white photograph,"A black and white group photograph showing approximately 25-30 people of mixed ages, including children and adults, posed in front of a brick building with large windows, likely taken in the mid-20th century in Corning, NY."
1038,75-1020,"Camp Brough, Virginia",1863,military camp; canvas tents; civil war era; bare trees; winter encampment,"This 1863 photograph shows Camp Brough in Virginia with multiple canvas military tents arranged in rows among bare winter trees, depicting a Civil War era military encampment."
1039,75-1021,Construction,,construction site; wooden framework; workers; quarry or excavation; black and white photograph,"This black and white photograph shows a construction or quarry site in Corning, NY with multiple workers engaged in building activities, featuring wooden structural framing in the foreground, a small wooden building on an earthen slope, and various construction equipment and materials scattered throughout the work area."
1040,75-1022,Construction,,construction work; brick masonry; worker; black and white photograph; interior construction,"A black and white photograph showing a construction worker performing masonry or brickwork in an interior space with brick walls, wooden framing overhead, and construction materials including bagged supplies visible on upper shelving."
1041,75-1023,Construction,,construction site; steel beams; workers; industrial; black and white photograph,"A black and white photograph showing construction workers beneath large steel beams and structural elements at an industrial construction site in Corning, NY."
1042,75-1024,Construction,,excavation; stone walls; construction site; underground; sepia photograph,"This sepia-toned photograph shows an underground excavation or construction site in Corning, NY, featuring deep stone-lined walls with wooden support beams and debris scattered at the bottom of the pit."
1043,75-1025,Construction,,construction site; reinforced concrete; workers; mid-20th century; black and white photograph,"A black and white photograph showing a construction site with workers laying reinforced concrete foundation or floor, with various construction equipment, machinery, and materials visible in the background near a body of water."
1044,75-1026,,,bridge; river; mountains; early automobiles; black and white photograph,"A black and white photograph showing a long bridge with ornamental railings spanning a river, with mountains in the background, rural buildings and forested areas visible along the valley, and early 20th-century automobiles on the roadway."
1045,75-1027,"Caton, N.Y.",,,
1046,75-1028,"Caton, N.Y.",,cemetery; church; bare trees; rural landscape; black and white photograph,"A winter or early spring scene of a cemetery in Caton, N.Y., featuring a white church with a steeple on the right, bare deciduous trees, gravestones and monuments, and evergreen trees in the background, with several figures visible among the graves."
1047,75-1029,"Caton, N.Y.",,group portrait; church building; gothic window; early 20th century; black and white photograph,"A large group of men, women, and children dressed in formal attire and hats pose together in front of a white wooden church building with a distinctive pointed arch gothic window in Caton, N.Y."
1048,75-1030,"Caton, N.Y.",1967,aerial view; rural farmstead; agricultural buildings; 1967; black and white photograph,"An aerial photograph from 1967 showing a rural farmstead in Caton, N.Y., with multiple farm buildings including barns with white roofs, smaller outbuildings, surrounding trees, and cultivated fields visible in the landscape."
1049,75-1031,,,denison park entrance; brick building; cupolas; historic architecture; black and white photograph,"This black and white photograph shows the entrance to Denison Park in Corning, NY, featuring a distinctive brick building with two cupolas, multiple windows, and architectural details typical of early-to-mid 20th century institutional design."
1050,75-1032,Corning Glass Center Buildings,,,
1051,75-1032,"Erie Railroad, Corning, N.Y. ",,"Listed on the record card as missing LR, SSCL 4.3.2024",
1052,75-1033,"Bridge Street, Corning, N.Y. (Duplicate photo to photo 75-1561)",,,
1053,75-1034,"Fire Department, Corning, N.Y. ",,fire department; vintage fire trucks; early 20th century vehicles; corning new york; black and white photograph,"This black and white photograph shows two early fire department vehicles parked outside a brick fire station building in Corning, NY, with the front vehicle displaying the number ""2"" and featuring prominent headlights and mechanical equipment typical of early 1900s fire apparatus."
1054,75-1035,Corning Free Academy,1907,group portrait; women; early 1900s; indoor; black and white photograph,"A black and white photograph from 1907 showing a group of approximately thirteen women posed together indoors against a curtained backdrop, likely a class or organizational group from Corning Free Academy."
1055,75-1036,Erie Avenue,,,
1056,75-1037,Corning Free Academy,1916,formal group portrait; early 20th century clothing; black and white photograph; studio setting; 1916,"A formal black and white studio portrait from 1916 showing approximately 25 people in early 20th-century attire, with women in white dresses and men in dark suits arranged in multiple rows, likely representing the Corning Free Academy faculty, staff, or graduating class."
1057,75-1038,,,group portrait; children; brick building; black and white photograph; early 20th century,"A black and white photograph showing a large group of children and young people posed in front of a brick building with large windows, likely a school class or institutional group photo from the early 20th century."
1058,75-1039,Baseball,1909,baseball; 1909; corning ny; baseball field; black and white photograph,"A 1909 baseball game in progress at a field in Corning, New York, showing players on the field with spectators and buildings visible in the background against a hillside landscape."
1059,75-1040,,,rural landscape; split-rail fence; agricultural field; black and white photograph; trees,A black and white photograph showing a split-rail fence line running through an overgrown field with trees visible in the background and a figure standing near the fence.
1060,75-1041,French's Saw Mill,,,
1061,75-1042,,,abandoned wooden house; rural landscape; deteriorated structure; black and white photograph; early 20th century,"A black and white photograph showing a dilapidated wooden log cabin with a central chimney standing alone in an open rural field, with trees visible along the horizon in the distance."
1062,75-1043,,,spring brook dairy and stock farm; rural agricultural buildings; hillside landscape; black and white photograph; early 20th century,"A black and white photograph showing the Spring Brook Dairy and Stock Farm with its main barn and associated farm buildings nestled in a hillside landscape, featuring wooden structures with characteristic rural architecture typical of early 20th-century New York dairy operations."
1063,75-1045,Crooker Farm,1975,fallen logs; forest; woodland debris; black and white photograph; rural landscape,"A black and white photograph showing a wooded area at the Crooker Farm in Corning, NY with fallen logs scattered among trees and undergrowth, documenting the natural or cleared landscape condition in 1975."
1064,75-1046,Crooker Farm,1975,wooden fence; forest; rural landscape; black and white photograph; 1975,"A black and white photograph from 1975 showing a wooden rail fence in a wooded area at the Crooker Farm in Corning, NY, with tall trees and dappled sunlight filtering through the canopy."
1065,75-1047,Crooker Farm,1975,stone wall; evergreen trees; rural landscape; black and white photograph; 1975,"A black and white photograph from 1975 showing a stacked stone wall bordered by evergreen trees and overgrown vegetation at the Crooker Farm in Corning, NY."
1066,75-1048,,,vintage automobile; residential house; 1930s-1940s; family portrait; black and white photograph,"A black and white photograph showing a group of people posing with a vintage automobile in front of a two-story white house with a front porch and awning in what appears to be Corning, NY during the 1930s-1940s era."
1067,75-1049,Automobiles,1913,early automobile; 1913; women passengers; formal attire; black and white photograph,"A black and white photograph from 1913 showing two women in formal dark clothing and hats seated in an open-air automobile in Caton, N.Y., with American flags mounted on the vehicle and a rural, forested landscape visible in the background."
1068,75-1049,"Caton, N.Y.",1913,early automobile; 1913; women passengers; formal attire; black and white photograph,"A black and white photograph from 1913 showing two women in formal dark clothing and hats seated in an open-air automobile in Caton, N.Y., with American flags mounted on the vehicle and a rural, forested landscape visible in the background."
1069,75-1051,,,industrial workers; factory interior; early 20th century; group portrait; black and white photograph,"A black and white photograph showing a group of approximately ten male workers posed in front of industrial buildings and wooden structures, wearing period caps and work clothes typical of early 1900s factory labor."
1070,75-1052,,,parade; early automobiles; american flag; downtown corning; black and white photograph,"A patriotic parade procession in downtown Corning, NY featuring early 1900s automobiles decorated with American flags and bunting, with brick industrial buildings visible in the background."
1071,75-1055,"Caton, N.Y.",1930s,rural farm; hay wagon; 1930s agricultural work; group of workers; black and white photograph,"A black and white photograph from the 1930s showing a group of farm workers gathered around a hay wagon loaded with dried hay near a wooden barn structure in Caton, New York, documenting rural agricultural labor practices of the era."
1072,75-1056,"Caton, N.Y.",1930s,work crew; overalls; 1930s; rural building; black and white photograph,"A group of men in work clothes and hats pose outside a dark wooden building in Caton, N.Y. during the 1930s, with several holding wide-brimmed hats in their hands."
1073,75-1057,Automobiles,1920's,1920s automobile; rural setting; black and white photograph; vintage car; farmhouse,"A 1920s-era automobile with license plate 4972 is parked in front of a rural farmhouse with a pitched roof in Caton, New York, showcasing early automotive design and rural American life during this period."
1074,75-1057,"Caton, N.Y.",1920s,1920s automobile; rural setting; black and white photograph; vintage car; farmhouse,"A 1920s-era automobile with license plate 4972 is parked in front of a rural farmhouse with a pitched roof in Caton, New York, showcasing early automotive design and rural American life during this period."
1075,75-1058,Elcor Dairy,c. 1930s,,
1076,75-1059,"Caton, N.Y.",1920s,horse-drawn wagon; rural agriculture; 1920s; farming; black and white photograph,"A man in a hat operates a horse-drawn wagon with agricultural equipment in a rural landscape near Caton, N.Y. during the 1920s."
1077,75-1060,"Caton, N.Y.",1920s,1920s automobile; men in suits; caton ny; black and white photograph; vintage vehicle,"A black and white photograph from the 1920s showing three men in suits and hats standing beside a period automobile in Caton, N.Y., with bare trees visible in the background."
1078,75-1062,"Caton, N.Y.",1920s,horse-drawn wagon; rural road; 1920s; agricultural transport; black and white photograph,"A black and white photograph from the 1920s showing a horse-drawn wagon loaded with hay on a rural road in Caton, N.Y., with trees and open fields visible in the background."
1079,75-1063,,,horse-drawn carriage; evergreen trees; rural landscape; early 20th century; black and white photograph,"A black and white photograph showing two people seated in a horse-drawn carriage on a tree-lined rural road, likely from the early 1900s in the Corning, New York area."
1080,75-1064,"Caton, N.Y.",1940s,group portrait; wooden building; 1940s; caton ny; formal gathering,"A large formal group photograph from the 1940s showing approximately 50 people of various ages posed in front of a wooden-sided building with two chimneys in Caton, New York, with an American flag visible on the left side."
1081,75-1065,Isabel Walker Drake Family Photo,1896,winter scene; snow; three women; period clothing; 1890s photograph,"A black and white photograph from 1896 showing three women of the Isabel Walker Drake family standing together on a snowy wooden boardwalk or bridge, wearing late Victorian-era clothing with long skirts, coats, and hats typical of the 1890s."
1082,75-1066,Isabel Walker Drake Family Photo,1891,winter scene; woman in dark coat; snowy landscape; 1891; sepia photograph,"A woman from the Isabel Walker Drake family stands in a snowy winter landscape wearing a dark coat and hat, with rural buildings visible in the background, photographed in 1891."
1083,75-1067,Isabel Walker Drake Family Photo,c.1900,horses; saddles; early 1900s; sepia photograph; outdoor portrait,"A sepia-toned photograph from circa 1900 showing three saddled horses standing in an open field, likely documenting the Isabel Walker Drake family's equestrian activities in the Corning, New York area."
1084,75-1068,"Caton, N.Y.",1903 & 1928,hay wagon; horse-drawn cart; barn; rural agriculture; black and white photograph; caton ny; early 1900s,"A composite archival photograph showing two images from Caton, N.Y. - the top image dated 1928 depicts workers loading hay onto a horse-drawn wagon, while the bottom image dated 1903 shows a large wooden barn structure, both documenting rural agricultural practices in early 20th-century upstate New York."
1085,75-1069,"Caton, N.Y.",,rural road; rocky hillside; dirt road; black and white photograph; caton ny,"A black and white photograph showing a dirt road in Caton, N.Y. with a steep rocky hillside or quarry face on the left side and vegetation visible on the right, depicting a rural landscape typical of the Corning area."
1086,75-1070,Amil Bonsoph,,black and white photograph; group of men; rifle; outdoor setting; mid-20th century,"A black and white photograph showing a group of men outdoors, with one man in the foreground crouching and holding a rifle while others stand behind him in what appears to be a rural or construction setting."
1087,75-1071,,,vintage automobile; group of people; 1930s-1940s; outdoor scene; black and white photograph,"A black and white photograph showing three people standing beside a vintage automobile from the 1930s-1940s era, with trees visible in the background in what appears to be a rural or semi-rural setting."
1088,75-1072,Floods,1937,flood damage; debris field; 1937 flood; corning ny; black and white photograph,"This black and white photograph documents flood damage at Jamney Creek in Corning, NY, showing extensive debris and wreckage scattered across the landscape following the 1937 flood, with handwritten captions identifying the location and date."
1089,75-1073,"Caton, N.Y.",,horse-drawn wagon; rural landscape; hay wagon; black and white photograph; early 20th century,"A black and white photograph showing a horse-drawn hay wagon loaded with hay in a rural field near Caton, N.Y., with horses and farm equipment visible against an open landscape."
1090,75-1074,Automobiles,,,
1091,75-1074,"Caton, N.Y.",,,
1092,75-1075,"Caton, N.Y.",1942,,
1093,75-1076,"Caton, N.Y.",,,
1094,75-1077,"Elm Street, South Corning, N.Y. ",,flood damage; debris field; residential building; black and white photograph; disaster aftermath,"This black and white photograph documents severe flood damage on Elm Street in South Corning, NY, showing a residential structure surrounded by extensive debris and rubble scattered across the landscape, with trees visible in the background."
1095,75-1078,,,train wreck; railroad disaster; damaged locomotive; industrial debris; black and white photograph,"A severely damaged steam locomotive and railcar lie amid scattered wreckage and debris at what appears to be a railroad yard or industrial site in Corning, NY, documenting a catastrophic train accident or derailment."
1096,75-1079,,,woeppels storefront; mid-century commercial building; vintage automobile; black and white photograph; corning ny,"A black and white photograph showing the Woeppels storefront, a mid-century commercial building with distinctive arched windows and signage, with a vintage automobile parked nearby and residential structures visible in the background."
1097,75-1080,,,aerial view; industrial site; river; vintage machinery; black and white photograph,"An aerial black and white photograph showing an industrial facility along a river in Corning, NY, with visible machinery, structures, and workers on the grounds below."
1098,75-1081,Corning Homes,,victorian house; patriotic bunting; black and white photograph; historic home; ivy-covered exterior,"A Victorian-era residential home in Corning, NY decorated with patriotic bunting and American flags, featuring distinctive architectural details including a turret, wraparound porch, and ivy-covered walls."
1099,75-1082,Lydia E. Ensworth,,portrait photograph; two men; formal attire; nineteenth century; black and white photograph,"A formal black and white portrait photograph of two men in nineteenth-century dress, with the man on the left wearing a bow tie and jacket, and the man on the right wearing a dark coat with decorative brooch, from the Corning local history archive."
1100,75-1083,Baseball,1911,,
1101,75-1083,"Caton, N.Y.",1911,,
1102,75-1083,Hiram Coles,1911,,
1103,75-1083,Roscoe Cram,1911,,
1104,75-1084,Baseball,1911,baseball team; caton ny; early 1900s; group portrait; black and white photograph,"A 1911 baseball team photograph from Caton, New York showing seven men posing outdoors, with six standing in back wearing suits and fedoras holding a baseball bat, and two seated in front wearing baseball uniforms, with trees visible in the background."
1105,75-1084,"Caton, N.Y.",1911,baseball team; caton ny; early 1900s; group portrait; black and white photograph,"A 1911 baseball team photograph from Caton, New York showing seven men posing outdoors, with six standing in back wearing suits and fedoras holding a baseball bat, and two seated in front wearing baseball uniforms, with trees visible in the background."
1106,75-1084,Hiram Coles,1911,baseball team; caton ny; early 1900s; group portrait; black and white photograph,"A 1911 baseball team photograph from Caton, New York showing seven men posing outdoors, with six standing in back wearing suits and fedoras holding a baseball bat, and two seated in front wearing baseball uniforms, with trees visible in the background."
1107,75-1084,Roscoe Cram,1911,baseball team; caton ny; early 1900s; group portrait; black and white photograph,"A 1911 baseball team photograph from Caton, New York showing seven men posing outdoors, with six standing in back wearing suits and fedoras holding a baseball bat, and two seated in front wearing baseball uniforms, with trees visible in the background."
1108,75-1085,Baseball,1911,black bear; wildlife; caton new york; 1911; vintage photograph,"A black bear with cubs in a grassy enclosure with a wooden fence, photographed in Caton, N.Y. in 1911, with text visible at the bottom of the image reading ""BEAR KIDS IN CATON N.Y. 1911."""
1109,75-1085,"Caton, N.Y.",1911,black bear; wildlife; caton new york; 1911; vintage photograph,"A black bear with cubs in a grassy enclosure with a wooden fence, photographed in Caton, N.Y. in 1911, with text visible at the bottom of the image reading ""BEAR KIDS IN CATON N.Y. 1911."""
1110,75-1086,"Carlton Hotel, Corning, N.Y.",,carlton hotel; corning new york; historic downtown; black and white photograph; early 20th century architecture,"This black and white photograph shows the Carlton Hotel in Corning, NY, a distinctive Tudor-style building with white walls and dark timber framing, surrounded by pedestrians and industrial brick buildings with chimneys in the background."
1111,75-1087,"Charles Street, Painted Post, N.Y. ",,,
1112,75-1089,Corning Free Academy,,corning free academy; historic building; clock tower; victorian architecture; black and white photograph,"This black and white photograph shows the Corning Free Academy building in Corning, NY, a Victorian-era structure featuring distinctive architectural elements including multiple cupolas, a prominent clock tower, and ornate detailing, photographed during winter with bare trees visible in the foreground."
1113,75-1090,Corning Free Academy,,corning free academy; indoor event; group portrait; mid-20th century; black and white photograph,"A black and white photograph showing a group of adults and children standing together indoors at what appears to be a Corning Free Academy event, with framed artwork and educational displays visible on the walls behind them."
1114,75-1091,Dickinson House,,market street; dickinson house; corning new york; early 20th century; black and white photograph; historic downtown; streetcar; brick building,"A black and white photograph labeled ""Market Street, Showing Dickinson House, Corning, N.Y."" depicts a prominent four-story brick building with regular window patterns on Market Street, with a streetcar and pedestrians visible on the street level in what appears to be the early 20th century."
1115,75-1092,Corning Leader Building,,corning leader building; brick building; early 20th century architecture; downtown corning; black and white photograph,"The Evening Leader Building in Corning, New York, a three-story brick structure with classical architectural details, large multi-pane windows, and prominent signage reading ""EVENING LEADER"" and ""CORNING PRESS"" on its corner facade."
1116,75-1093,Country Club,,country club; neoclassical architecture; white columns; rural landscape; black and white photograph,"This black and white photograph shows the Corning Country Club in Corning, N.Y., ""The Crystal City,"" featuring a neoclassical white building with prominent columns, a triangular pediment, and wraparound porches set against a forested hillside backdrop."
1117,75-1094,Country Club,,country club; neoclassical architecture; columned building; landscaped grounds; black and white photograph,"A neoclassical-style country club building with prominent white columns, a triangular pediment, and manicured landscaping with white stones lining the grounds, photographed in black and white with forested hills visible in the background."
1118,75-1095,Corning Glass Center Buildings,,corning glass works; industrial complex; factory buildings; black and white photograph; mid-20th century,"A black and white photograph showing the Corning Glass Works industrial complex with multiple factory buildings, smokestacks, and manufacturing facilities set against rolling hills in the background."
1119,75-1096,Corning Glass Center Buildings,,corning glass works; industrial factory; railroad tracks; black and white photograph; early 20th century,"This black and white photograph shows the Corning Glass Works facility in Corning, New York, featuring a large multi-story industrial building with numerous smokestacks, railroad tracks in the foreground, and various factory structures, as identified by the visible caption ""Corning Glass Works, largest in the Country, Corning, N.Y."""
1120,75-1097,,,scenic view; penn van; wooded road; curved path; black and white photograph,"A black and white photograph labeled ""Scenic View near Penn Van, N.Y."" showing a curved dirt road lined with dense trees and vegetation on both sides, with what appears to be water visible through the trees on the left."
1121,75-1098,"Denison Park, Corning, N.Y. ",,denison park; pagoda; park pathway; landscaped grounds; black and white photograph,"A black and white photograph of Denison Park in Corning, NY, showing a curved pathway leading toward an ornamental pagoda structure with a distinctive umbrella-like roof, surrounded by manicured landscaping and trees."
1122,75-1099,"Denison Park, Corning, N.Y. ",,denison park; gazebo; pavilion; landscaped grounds; black and white photograph,"This historical photograph shows Denison Park in Corning, N.Y., featuring manicured lawns, multiple gazebos and pavilions, mature trees, and a white tower structure, with hills visible in the background."
1123,75-1101,Corning Glass Center Buildings,,corning glass works; industrial buildings; smokestacks; american flag; black and white photograph,"A black and white photograph showing the Corning Glass Works industrial complex with distinctive tall smokestacks, brick factory buildings, and an American flag prominently displayed in the foreground, representing early 20th-century industrial Corning, New York."
1124,75-1102,,,industrial chimney; utility poles; power lines; black and white photograph; early 20th century infrastructure,"A black and white photograph showing a tall industrial chimney or smokestack with visible text markings alongside utility poles and multiple electrical power lines, documenting early industrial infrastructure in Corning, NY."
1125,75-1104,,,pyrex telescope disc; corning glass works; railroad car; industrial product; black and white photograph,"A railroad flatcar displays a large Pyrex 200"" telescope disc made by Corning Glass Works in Corning, NY, with brick industrial buildings visible in the background."
1126,75-1105,"Denison Park, Corning, N.Y. ",,denison park; corning new york; black and white photograph; mid-20th century; street view,"A black and white photograph of Denison Park in Corning, NY showing a street view with an ""Ellis Estate"" storefront on the left, mature trees, period buildings, and vintage automobiles typical of the mid-20th century."
1127,75-1106,"Northside, Corning, New York",,,
1128,75-1107,,,brick building; institutional architecture; early 20th century; bare trees; black and white photograph,"A black and white photograph of a substantial brick institutional building in Corning, NY, featuring multiple stories with regularly spaced windows, two prominent chimneys on the roof, and bare trees in front, likely dating from the early 1900s."
1129,75-1109,,,theater program; vintage advertisements; early 20th century; East Market Street; Corning NY businesses,"A theater program page from Corning, NY featuring advertisements for local businesses (T.W. Green Plumbing, F.M. Webster Cigar Store, and Phin Gould Cafe and Grill) and a synopsis for a five-act play called ""The Servant in the House"" with a speech by Charles Rann Kennedy, including dialogue from what appears to be a courtroom scene."
1130,75-1110,,,concert program; music conservatory; classical compositions; black and white document; vintage performance,"A concert program page titled ""THE PROGRAM"" listing a Haydn Symphony in D major performed by the Conservatory Orchestra, solo pieces by Mr. Lattin and Mr. Fassett, an overture by von Suppe, and a cantata ""Fair Ellen"" by Max Bruch, with various composers including Vieuxtemps, Whelpley, Sidney Homer, Karganoff, and Paganini-Liszt represented."
1131,75-1111,,,concert program; classical music; conservatory orchestra; vintage document; black and white text,"A concert program titled ""THE PROGRAM"" featuring Haydn's Symphonie in D major No. 4, performances by the Conservatory Orchestra and soloists Mr. Lattin and Mr. Fassett, with works by composers including Vieuxtemps, Whelpley, Sidney Homer, von Suppe, Karganoff, and Paganini-Liszt, concluding with a presentation of certificates and prizes by Rev. Harold Stanley Stewart."
1132,75-1112,,,poem; fair ellen; lord edward; scottish ballad; black and white text,"A printed page from a literary work displaying the poem ""Fair Ellen"" featuring dialogue between Lord Edward and Fair Ellen, with chorus sections, depicting a Scottish Highland narrative of military conflict and farewell."
1133,75-1113,,,printed text; literary excerpt; corning conservatory of music; black and white photograph; archival document,"A black and white photograph of a printed page containing poetic text about ""The Campbells"" and a character named ""Fair Ellen,"" along with an announcement that the Corning Conservatory of Music will be open for a Summer Session in July."
1134,75-1114,"Centerway Bridge, Corning, N.Y. ",1972,centerway bridge; flooded river; corning new york; black and white photograph; 1972 flood,"This black and white photograph shows the Centerway Bridge in Corning, New York spanning a dramatically swollen river during the 1972 flood, with the bridge's multiple arches visible above the high water level and surrounding landscape visible in the background."
1135,75-1114,Floods,1972,centerway bridge; flooded river; corning new york; black and white photograph; 1972 flood,"This black and white photograph shows the Centerway Bridge in Corning, New York spanning a dramatically swollen river during the 1972 flood, with the bridge's multiple arches visible above the high water level and surrounding landscape visible in the background."
1136,75-1115,Corning Glass Works Floods,1972,flooded interior; chain-link fencing; mud and debris; industrial facility; black and white photograph,"This black and white photograph documents flood damage inside what appears to be an industrial facility, showing mud and sediment covering the floor, chain-link fencing, metal gates, and various equipment partially submerged or covered in flood debris from the 1972 Corning, NY floods."
1137,75-1115,Floods,1972,flooded interior; chain-link fencing; mud and debris; industrial facility; black and white photograph,"This black and white photograph documents flood damage inside what appears to be an industrial facility, showing mud and sediment covering the floor, chain-link fencing, metal gates, and various equipment partially submerged or covered in flood debris from the 1972 Corning, NY floods."
1138,75-1116,Corning Glass Works Floods,1972,flood damage; industrial facility; debris; water damage; black and white photograph,"This black and white photograph documents severe flood damage at the Corning Glass Works facility in 1972, showing destroyed equipment, scattered debris, and standing water throughout the industrial plant with damaged machinery and structural elements visible in the background."
1139,75-1116,Floods,1972,flood damage; industrial facility; debris; water damage; black and white photograph,"This black and white photograph documents severe flood damage at the Corning Glass Works facility in 1972, showing destroyed equipment, scattered debris, and standing water throughout the industrial plant with damaged machinery and structural elements visible in the background."
1140,75-1117,Corning Glass Works Floods,1972,flood damage; corning glass works; debris cleanup; industrial facility; black and white photograph,"This black and white photograph shows the aftermath of the 1972 Corning flood at the Corning Glass Works facility, with workers clearing mud and debris from the grounds in front of a large industrial building with extensive window panels."
1141,75-1117,Floods,1972,flood damage; corning glass works; debris cleanup; industrial facility; black and white photograph,"This black and white photograph shows the aftermath of the 1972 Corning flood at the Corning Glass Works facility, with workers clearing mud and debris from the grounds in front of a large industrial building with extensive window panels."
1142,75-1118,Floods,1972,aerial view; flooded landscape; 1972 flood; submerged buildings; black and white photograph,"An aerial black and white photograph showing extensive flooding in Corning, NY during the 1972 flood event, with submerged buildings, trees, utility poles, and a partially visible vehicle amid the floodwaters, taken from above the inundated area."
1143,75-1119,Floods,,flooded factory interior; industrial machinery; water damage; black and white photograph; mid-20th century,"A black and white photograph showing the interior of an industrial factory in Corning, NY completely flooded with water, with machinery, electrical equipment, and various industrial equipment partially submerged throughout the workspace."
1144,75-1120,Corning Glass Works Floods,1972,flood damage; industrial facility; debris; corning glass works; black and white photograph,"This black and white photograph documents the interior of the Corning Glass Works facility following the 1972 flood, showing extensive debris, damaged machinery, twisted metal, and scattered equipment throughout the factory floor."
1145,75-1120,Floods,1972,flood damage; industrial facility; debris; corning glass works; black and white photograph,"This black and white photograph documents the interior of the Corning Glass Works facility following the 1972 flood, showing extensive debris, damaged machinery, twisted metal, and scattered equipment throughout the factory floor."
1146,75-1121,Bonady's Market,1972,bonady's produce market; flood damage; 1972; corning ny; black and white photograph,"This black and white photograph shows Bonady's Produce Market in Corning, NY after flood damage in 1972, with the storefront displaying signage for ""Fruits and Vegetables Wholesale and Retail"" and visible structural damage to the building's exterior."
1147,75-1121,Floods,1972,bonady's produce market; flood damage; 1972; corning ny; black and white photograph,"This black and white photograph shows Bonady's Produce Market in Corning, NY after flood damage in 1972, with the storefront displaying signage for ""Fruits and Vegetables Wholesale and Retail"" and visible structural damage to the building's exterior."
1148,75-1122,Floods,1972,flooded street; 1972 flood damage; abandoned vehicles; commercial district; black and white photograph,"This black and white photograph documents flood damage in Corning, NY from 1972, showing a flooded street with abandoned and damaged automobiles, overturned debris, residential and commercial buildings, and a visible sign reading ""CARS TRUCKS OPEN"" amid the disaster scene."
1149,75-1123,Floods,1972,flooded landscape; trees submerged; 1972 flood; black and white photograph; aerial view,"An aerial view of the 1972 Corning flood showing trees and vegetation partially submerged in floodwaters, with a forested shoreline visible in the upper right corner."
1150,75-1124,Floods,1972,flooded street; submerged vehicles; 1972 flood; corning ny; black and white photograph,"An aerial view of a flooded Corning, New York street from 1972 showing multiple automobiles partially submerged in floodwaters, with buildings visible in the background during what appears to be the devastating flood event that affected the area."
1151,75-1125,Floods,1972,flooded residential neighborhood; submerged houses; 1970s automobile; black and white photograph; flood damage,"A black and white photograph documenting the 1972 flood in Corning, NY, showing residential houses with water reaching basement and first-floor windows, a partially submerged 1970s station wagon in the foreground, and utility poles amid the floodwaters."
1152,75-1126,Floods,1972,flood damage; residential building; debris; black and white photograph; 1972,"A black and white photograph showing a white-sided residential structure with visible flood damage, debris scattered at its foundation, and downed power lines, documenting the aftermath of the 1972 flood in Corning, NY."
1153,75-1127,Floods,1972,flood damage; tastee-freez restaurant; debris; 1972 disaster; black and white photograph,"A damaged Tastee-Freez restaurant in Corning, NY surrounded by flood debris and wreckage, with a person standing in the foreground, documenting the destruction from the 1972 flood."
1154,75-1128,Floods,1972,flooded street; utility poles; debris; bare trees; black and white photograph,"A black and white photograph documenting severe flooding in Corning, NY during 1972, showing a completely submerged street with utility poles, scattered debris and logs in the floodwaters, bare trees lining the road, and buildings partially visible in the background."
1155,75-1129,Floods,1972,flooded river; steel bridge; 1972 flood; corning ny; black and white photograph,"A steel truss bridge spans a swollen river during the 1972 flood in Corning, New York, with floodwaters surrounding the bridge supports and hills visible in the misty background."
1156,75-1130,Floods,1972,flooded river; metal bridge; 1972 flood; trees; black and white photograph,"A black and white photograph showing a metal truss bridge partially submerged in floodwaters during the 1972 Corning, NY flood, with trees visible along the riverbank and in the background."
1157,75-1131,Floods,1972,flood damage; destroyed building; debris; forest; black and white photograph,"A severely damaged structure lies collapsed among scattered debris and rocks in a forested area, documenting destruction from the 1972 flood that affected Corning, NY."
1158,75-1132,Floods,1972,flooded residential area; brick buildings; 1972 flood; black and white photograph; corning ny,"This black and white photograph documents severe flooding in Corning, NY during the 1972 flood event, showing brick residential buildings partially submerged in floodwater with reflections visible on the water's surface."
1159,75-1133,Floods,1972,flood damage; destroyed building; debris; black and white photograph; 1972,"A black and white photograph showing a severely damaged structure with its roof partially collapsed and surrounded by scattered debris and wreckage, documenting flood damage from 1972 in Corning, NY."
1160,75-1134,Floods,1972,flood damage; residential structure; mud and debris; 1972 disaster; black and white photograph,"A 1972 flood-damaged residential building in Corning, NY shows mud and debris surrounding the structure, with a door hanging open and various materials scattered about, documenting the aftermath of the flooding event."
1161,75-1135,Floods,1972,flood damage; destroyed building; 1972 disaster; corning ny; black and white photograph,"This black and white photograph documents severe flood damage to a two-story white building in Corning, NY, showing structural destruction with collapsed sections and debris scattered around the foundation, likely from the devastating 1972 flood event."
1162,75-1136,Floods,1972,flood damage; debris; residential area; 1972 flood; black and white photograph,"This black and white photograph documents flood damage in Corning, NY from 1972, showing destroyed residential buildings, scattered logs and debris, and a two-story house in the background amid the devastation left by floodwaters."
1163,75-1137,Floods,1972,flooded area; industrial buildings; 1972 flood; black and white photograph; debris and water damage,"A black and white photograph documenting flood damage in Corning, NY from 1972, showing industrial structures partially submerged in floodwater with debris-covered ground in the foreground and damaged buildings visible in the background."
1164,75-1138,Floods,1972,flooded buildings; 1972 flood; residential structures; black and white photograph; water damage,"A black and white photograph showing residential buildings partially submerged in floodwaters during the 1972 Corning, NY flood, with trees and utility poles visible in the background."
1165,75-1139,Floods,1972,flooded building; milkshakes bar-b-os; 1972 flood damage; corning ny; black and white photograph,"A damaged milkshake and barbecue restaurant building with debris scattered around it and a person standing in front, documenting flood damage from the 1972 Corning, New York flood."
1166,75-1140,Floods,1972,flooded street; debris; 1970s automobiles; downtown corning; black and white photograph,"This black and white photograph from 1972 shows a flooded downtown Corning street lined with commercial buildings and debris scattered across the foreground, with parked vehicles partially submerged in floodwater, documenting the aftermath of the devastating flood that affected the area."
1167,75-1141,Floods,1972,flooded valley; aerial view; 1972 flood; rural landscape; black and white photograph,"An aerial black and white photograph showing extensive flooding in a rural valley near Corning, NY in 1972, with submerged farmland, buildings, and a water tower visible among the floodwaters, surrounded by forested hills."
1168,75-1142,Floods,1972,flooded riverfront; metal bridge; submerged structures; black and white photograph; 1972 flood damage,"A black and white photograph documenting the 1972 flood in Corning, NY, showing a swollen river with submerged buildings and structures, a metal truss bridge in the background, and a warning sign in the foreground marking the flood-affected area."
1169,75-1143,Floods,1972,flooded street; rescue boat; 1972 flood; corning ny; black and white photograph,"This black and white photograph documents the 1972 flood in Corning, NY, showing rescue personnel in a boat navigating a completely submerged street lined with trees and utility poles, with a water depth marker reading ""30"" visible on the right side."
1170,75-1144,Floods,1972,flood damage; corrugated metal building; debris; 1972 flood; black and white photograph,"This black and white photograph documents flood damage to a corrugated metal industrial or commercial building in Corning, NY, showing debris piled against an open doorway and window, with vegetation visible on either side, from the 1972 flood event."
1171,75-1145,Floods,,flooded landscape; industrial building; debris; mountains; black and white photograph,"A black and white photograph showing a long industrial or warehouse building surrounded by floodwaters with debris scattered in the foreground, mountains visible in the background, and a large tree on the right side of the structure."
1172,75-1146,Floods,,flooded farmyard; livestock in water; rural buildings; black and white photograph; flood damage,"A black and white photograph showing a flooded rural farmyard in Corning, NY with cattle wading through standing water, wooden fences partially submerged, farm buildings and trees visible in the background during flood conditions."
1173,75-1147,Floods,,flooded street; large trees; residential buildings; debris; black and white photograph,"A black and white photograph showing a flooded street in Corning, NY with large trees, residential structures including a white house, scattered debris and logs in the water, and a street sign visible on the left side during what appears to be a significant flood event."
1174,75-1148,Floods,,flooded street; utility poles; debris; black and white photograph; corning ny,"A black and white photograph showing a flooded street in Corning, NY with utility poles partially submerged in water, debris floating on the surface, and buildings visible in the background along a tree-lined avenue during a flood event."
1175,75-1149,Floods,,flooded residential area; railroad tracks; rural buildings; hillside landscape; black and white photograph,"A black and white photograph showing a flooded rural area in Corning, NY with residential buildings partially submerged in water, railroad tracks in the foreground, and a large hill in the background, with several people visible standing in the floodwaters."
1176,75-1150,Floods,,,
1177,75-1151,Floods,,flood damage; riverside structures; debris; black and white photograph; rural buildings,"A black and white photograph showing flood damage along a riverbank in Corning, NY, with debris and overturned structures visible in the water, a damaged building on elevated ground, and rural outbuildings in the background."
1178,75-1152,Floods,,flood damage; collapsed bridge; wooden structure; rural property; black and white photograph,"A black and white photograph showing a wooden bridge that has collapsed into a stream during flooding, with a brick foundation visible on the left and a wooden house with a porch visible in the background among trees."
1179,75-1153,Floods,,flooded street; bare trees; vintage automobile; utility poles; black and white photograph,"A black and white photograph showing a flooded street in Corning, NY with a vintage truck navigating through standing water, lined by bare trees and utility poles along the roadside."
1180,75-1154,Floods,,flooded street; 1930s-1940s automobiles; brick buildings; downtown corning; black and white photograph,"A black and white photograph showing a flooded downtown street in Corning, NY with vintage automobiles navigating through standing water, brick commercial buildings lining the street, and pedestrians visible along the storefronts during what appears to be a significant flood event."
1181,75-1155,Floods,,flood damage; rural street; wooden utility poles; debris; black and white photograph,"A black and white photograph showing a flood-damaged rural road in Corning, NY with debris scattered across the street, wooden buildings on either side, utility poles, and visible water damage along the roadside."
1182,75-1156,Floods,,flooded street; vintage automobile; brick buildings; downtown corning; black and white photograph,"A black and white photograph showing a flooded downtown Corning street with a 1930s-era automobile parked near brick commercial buildings, including a visible ""Used Cars"" sign, with utility poles and a traffic light visible in the scene."
1183,75-1157,Floods,,flooded street; vintage automobiles; utility poles; 1930s; black and white photograph,"A black and white photograph showing a flooded rural road in Corning, NY with vintage 1930s automobiles stranded in deep floodwaters, utility poles visible in the background, and people standing near the vehicles during what appears to be a major flood event."
1184,75-1158,Floods,,flooded street; residential buildings; trees; black and white photograph; early 20th century,"A black and white photograph showing a flooded residential street in Corning, NY with water covering the road, Victorian-era houses on the right side, bare trees lining the street, and utility poles visible in the distance."
1185,75-1159,,,penn yan; nineteenth century street scene; horse-drawn carriages; brick commercial buildings; black and white photograph,"A historical street scene in Penn Yan, New York showing a dirt road lined with brick commercial buildings including storefronts for hardware, stoves, and coal and wood, with horse-drawn wagons and pedestrians gathered in the street during the nineteenth century."
1186,75-1160,,,hotel casale; corning ny; historic building; railroad tracks; black and white photograph,"A black and white photograph showing the Hotel Casale in Corning, New York, a multi-story brick building with ornate architectural details situated along railroad tracks, with trees visible in the background."
1187,75-1161,Chemung River ,,chemung river; gibson bridge; corning new york; river valley; forested hillside; black and white photograph,"A black and white photograph labeled ""Chemung River from Gibson Bridge, Corning, N.Y."" showing the river viewed from the bridge with steep forested hillsides, exposed rock outcroppings, utility poles, and early 20th-century infrastructure along the riverbank."
1188,75-1162,,,german church; corning new york; stone architecture; bare trees; black and white photograph,"A black and white photograph of the German Church in Corning, New York, showing a stone church building with a tall steeple featuring Gothic-style windows, surrounded by bare trees, published by The J. M. Greig Co., Corning, N.Y."
1189,75-1163,,,painted post monument; statue; public square; early 20th century; black and white photograph,"This black and white photograph shows the ""Painted Post"" Monument located in Painted Post, New York, featuring a Native American figure standing atop a stone pedestal in a town square surrounded by bare trees and period buildings."
1190,75-1164,"Business Square, Painted Post, N.Y. ",,business square; painted post; downtown street; brick buildings; early 20th century; black and white photograph,"This historical photograph shows the Business Square and Indian Monument in Painted Post, New York, featuring multi-story brick commercial buildings lining a wide unpaved street with utility poles, horse-drawn wagons, and pedestrians visible in this early 20th-century downtown scene."
1191,75-1165,Conservatory of Music,,corning opera house; conservatory of music; brick building; victorian architecture; black and white photograph,"This black and white photograph shows the Corning Opera House and Conservatory of Music in Corning, New York, a Victorian-era brick building with ornate architectural details, crenellated towers, and ground-floor commercial storefronts, as identified by the caption at the bottom of the image."
1192,75-1166,,,presbyterian church; painted post; new york; bare trees; black and white photograph,"A black and white photograph showing the Presbyterian Church and Manse in Painted Post, New York, with a prominent steeple, bare trees lining the street, and utility poles visible in the foreground."
1193,75-1167,"Erie Railroad, Corning, N.Y. ",,erie railroad station; st. james hotel; corning new york; early 20th century; black and white photograph,"This historical photograph shows the Erie Railroad Station and St. James Hotel in Corning, New York, featuring a single-story station building with a cupola adjacent to a multi-story brick hotel building, with pedestrians gathered outside and utility poles visible along the street."
1194,75-1168,"Corning, New York",,bird's eye view; corning new york; river landscape; historic town; black and white photograph,"A bird's eye view of Corning, New York taken from Gibson showing the town nestled in a river valley with mountains in the background, residential and industrial buildings scattered across the landscape, and a wooden bridge or structure visible in the foreground."
1195,75-1169,,,steamboat; river dock; penn van ny; early 20th century; black and white photograph,"A steamboat labeled ""Steamer Penn Van"" enters a dock at Penn Van, New York, with a fruit house visible on the left pier and forested hills in the background."
1196,75-1170,,,downtown corning; brick building; dry goods store; early 20th century; black and white photograph,"This black and white photograph shows the Greig Dry Goods Co. Building in Corning, New York, a multi-story brick commercial structure with large storefront windows on the ground level and a vertical ""THE GREIG CO."" sign on its facade."
1197,75-1171,,,industrial building; water tower; brick architecture; early 20th century; black and white photograph,"A black and white photograph showing an industrial complex with a prominent water tower, multi-story brick buildings with large windows, manicured grounds with landscaping, and residential structures visible in the background, typical of early 20th-century industrial Corning, New York."
1198,75-1172,,,portrait photograph; E.D. Mills; president; black and white; early 20th century,"A black and white portrait photograph of E. D. Mills, identified as President, showing a middle-aged man with glasses and a distinctive mustache wearing formal attire with a patterned tie."
1199,75-1173,"City Club, Corning, N.Y., Officers & Board",c. 1900,,
1200,75-1174,Rev. P. R. Allen,1900,portrait; church building; clergy; corning new york; early 1900s,"A circa 1900 photograph showing Rev. P. R. Allen, Pastor of the First Congregational Church in Corning, NY, depicted as a formal portrait alongside an illustration of the church building with its distinctive steeple."
1201,75-1174,First Congregational Church,c. 1900,portrait; church building; clergy; corning new york; early 1900s,"A circa 1900 photograph showing Rev. P. R. Allen, Pastor of the First Congregational Church in Corning, NY, depicted as a formal portrait alongside an illustration of the church building with its distinctive steeple."
1202,75-1175,Corning Free Academy,c. 1900,corning free academy; football team; group portrait; early 1900s; black and white photograph,"The Corning Free Academy Foot Ball Team, circa 1900, shows a formal team portrait with approximately 25 players and staff members arranged in three rows, with visible names including Drake, Newson, O'Connell, Tuthill, Hillman, Harris, Saxton, Winchester, Parr, Bernard, Haselbauer, Clark, S.B. Maltby, and Tobias."
1203,75-1175,Football,c. 1900,corning free academy; football team; group portrait; early 1900s; black and white photograph,"The Corning Free Academy Foot Ball Team, circa 1900, shows a formal team portrait with approximately 25 players and staff members arranged in three rows, with visible names including Drake, Newson, O'Connell, Tuthill, Hillman, Harris, Saxton, Winchester, Parr, Bernard, Haselbauer, Clark, S.B. Maltby, and Tobias."
1204,75-1176,Baseball,1900,baseball team; corning base ball club; 1895; group portrait; vintage uniforms,"A formal team photograph of the Corning Base Ball Club from 1895 showing eleven players in uniforms labeled ""CORNING,"" with identified players including Murtaugh, Whitehead, Boyle, Cobb, Friel, Crossley, Mahoney, Goodall, Harmon, and Clark arranged in two rows."
1205,75-1176,Corning Baseball Club,1895,baseball team; corning base ball club; 1895; group portrait; vintage uniforms,"A formal team photograph of the Corning Base Ball Club from 1895 showing eleven players in uniforms labeled ""CORNING,"" with identified players including Murtaugh, Whitehead, Boyle, Cobb, Friel, Crossley, Mahoney, Goodall, Harmon, and Clark arranged in two rows."
1206,75-1177,Alliance Hook & Ladder Co.,1900,,
1207,75-1179,Samuel S. Denton,c. 1900,,
1208,75-1181,J. A. Drake,c.1900,,
1209,75-1184,C. G. Cole,c. 1900,,
1210,75-1186,Arthur C. Arthur,1900,portrait photograph; elmira telegrams; prominent people; early 1900s; black and white,"A portrait from ""The Elmira Telegrams Picture Gallery of Prominent People"" featuring Arthur C. Arthur of Corning, N.Y., identified as the popular manager of the ""Crystal City"" Opera House, circa 1900."
1211,75-1187,George W. Drake,c.1900,portrait photograph; picture gallery; prominent people; corning new york; early 1900s,"A formal portrait of George W. Drake, nominated for postmaster of Corning, N.Y., presented as part of a ""Picture Gallery of Prominent People"" feature, circa 1900."
1212,75-1188,Franklin Drake,c.1900,portrait; engraving; memorial; corning new york; circa 1900,"An engraved memorial portrait of Franklin N. Drake of Corning, N.Y., presented in an oval frame with decorative floral elements and ornamental scrollwork, showing a bearded man in formal attire with a bow tie."
1213,75-1189,,,portrait photograph; man; formal attire; bow tie; late 19th century,"A formal black and white portrait photograph of Major E. P. Graves of Corning, N.Y., showing a distinguished gentleman with a mustache wearing a dark suit jacket and polka-dotted bow tie."
1214,75-1190,Samuel S. Denton,c. 1900,portrait photograph; samuel s. denton; formal attire; mustache; oval frame; black and white photograph,"A formal black and white portrait photograph from circa 1900 showing Samuel S. Denton in profile, wearing a dark suit jacket and white dress shirt with bow tie, with a distinctive mustache, set within an ornate oval frame with decorative floral border and caption reading ""THE LATE SAMUEL S. DENTON"" at the bottom."
1215,75-1191,,,portrait photograph; black and white; late 19th century; corning new york; honorable c.e. walker,"A formal black and white portrait photograph of ""The Late Hon. C. E. Walker of Corning, N.Y."" shown in profile within an ornate oval frame with decorative floral border, depicting a distinguished gentleman in late 19th-century attire with a suit jacket and white collar."
1216,75-1192,,,portrait photograph; man; early 1900s; corning new york; formal attire,"A formal black and white portrait photograph of a man identified in the caption as ""The Late Lester Logan Kendall, of Corning, N.Y."" showing him wearing a suit and bow tie with a distinctive mustache, typical of early 20th-century portraiture."
1217,75-1194,Clark Edwin English,c. 1900,portrait photograph; man with beard; formal attire; bow tie; black and white photograph,"A formal portrait of Edwin Clark English, identified as a Corning Attorney at Law and Civil War veteran who died in Corning on Sunday night at age 73 years, wearing a dark suit jacket and bow tie."
1218,75-1195,Alliance Hook & Ladder Co.,1900,,
1219,75-1196,Alliance Hook & Ladder Co.,1900,fire department; brass band; stone building; group portrait; 1900s,"A formal group photograph of the Alliance Hook & Ladder Co. fire department band posed with their instruments in front of a stone firehouse with a large arched entrance in Corning, NY, circa 1900."
1220,75-1197,Crystal City Lodge,c. 1900,group portrait; interior; men in formal attire; early 1900s; black and white photograph,"A formal group photograph of approximately 25 men in dark suits posed inside Crystal City Lodge, identified as Knights of Pythias members from Corning, New York, circa 1900."
1221,75-1199,,,portrait photograph; john hoare jr; corning new york; formal attire; early 20th century,"A formal black and white portrait photograph of John Hoare, Jr. of Corning, N.Y., shown in an oval frame with decorative floral border, wearing a dark suit and white shirt collar."
1222,75-1200,,,portrait photograph; joseph j. tully; corning; early 20th century; black and white,"A black and white portrait photograph labeled ""THE LATE JOSEPH J. TULLY"" showing a middle-aged man in formal attire, with accompanying text indicating he was married May 1 and held a position in Corning."
1223,75-1201,,,brick building; cupola tower; institutional architecture; early 20th century; black and white photograph,"A black and white photograph of a substantial brick institutional building with a distinctive cupola tower, decorative architectural details, and surrounding trees, likely from the early 1900s in Corning, NY."
1224,75-1202,Isabel Walker Drake Family Photo,c.1900,family photograph; children playing; swing; early 1900s; black and white photograph,"A black and white photograph from circa 1900 showing three children on a swing suspended from a wooden frame structure, with a body of water visible in the background, identified as part of the Isabel Walker Drake Family Photo collection from Corning, NY."
1225,75-1203,Isabel Walker Drake Family Photo,c.1900,family portrait; children; beach scene; early 1900s; black and white photograph,"A black and white photograph from circa 1900 showing three children of the Isabel Walker Drake family posed on a beach with a metal bucket, wearing light-colored clothing typical of the Edwardian era."
1226,75-1204,Isabel Walker Drake Family Photo,c.1900,family portrait; porch; early 1900s; black and white photograph; domestic scene,"A circa 1900 black and white photograph showing a woman in a white dress seated on a porch with ivy-covered lattice work and decorative railings, flanked by partial views of two other figures, from the Isabel Walker Drake Family collection."
1227,75-1205,,,black and white photograph; three people; military uniforms; early 20th century; outdoor setting,"A black and white photograph showing two men in military uniforms and caps with a small child between them in an outdoor rural setting, with hills visible in the background."
1228,75-1206,Isabel Walker Drake Family Photo,c.1900,child; outdoor setting; early 1900s; black and white photograph; family portrait,"A young child from the Isabel Walker Drake family stands outdoors among rocks and fallen logs in a natural wooded setting, circa 1900."
1229,75-1207,Isabel Walker Drake Family Photo,c.1900,family portrait; horseback riding; early 1900s; outdoor scene; black and white photograph,"A turn-of-the-century photograph showing members of the Isabel Walker Drake family posed with a horse in an open field with trees in the background, circa 1900."
1230,75-1208,Isabel Walker Drake Family Photo,c.1900,family group; turn-of-the-century clothing; rural settlement; dirt road; black and white photograph,"A circa 1900 photograph showing the Isabel Walker Drake family posed in a dirt road in front of a building marked ""Cortell & Stever"" with rural structures and trees visible in the background."
1231,75-1209,Isabel Walker Drake Family Photo,c.1900,steamship; waterfront; early 1900s; black and white photograph; foggy conditions,"A black and white photograph showing a steamship on water in foggy conditions, circa 1900, with a brick structure visible on the right side and archival reference number ""10"" visible on the photograph."
1232,75-1210,Isabel Walker Drake Family Photo,c.1900,sailboat; waterfront; early 1900s; dock; black and white photograph,"A black and white photograph from circa 1900 showing the Isabel Walker Drake family aboard a sailboat docked at a waterfront pier in Corning, NY, with wooden buildings and structures visible along the shoreline."
1233,75-1211,Isabel Walker Drake Family Photo,c.1900,family swimming; waterfront; early 1900s; black and white photograph; recreational bathing,"A circa 1900 black and white photograph showing members of the Isabel Walker Drake family swimming and wading in a river or waterway, with wooded banks, residential buildings, and docked boats visible in the background."
1234,75-1212,Isabel Walker Drake Family Photo,c.1900,swimming; water; family; turn-of-century; black and white photograph,"A faded black and white photograph from circa 1900 showing several people swimming in a body of water with forested shoreline visible in the background, likely documenting a recreational outing by the Isabel Walker Drake family in the Corning, NY area."
1235,75-1213,Isabel Walker Drake Family Photo,c.1900,swimming; lake; early 1900s; family group; black and white photograph,"A black and white photograph from circa 1900 showing the Isabel Walker Drake family swimming in a lake with forested shoreline in the background, with an archive reference number ""14"" visible at the bottom of the image."
1236,75-1214,Isabel Walker Drake Family Photo,c.1900,family bathing; lakeside; early 1900s; bathing house; black and white photograph,"A black and white photograph from circa 1900 showing members of the Isabel Walker Drake family wading in a lake near a white wooden bathing house structure, with rolling hills visible in the background."
1237,75-1215,Isabel Walker Drake Family Photo,c.1900,swimming; waterfront; early 1900s; family recreation; black and white photograph,"A black and white photograph from circa 1900 showing members of the Isabel Walker Drake family swimming in water near a white wooden boathouse with a latticed door, with hills visible in the background and an archival reference number ""16"" visible at the bottom of the image."
1238,75-1216,Isabel Walker Drake Family Photo,c.1900,family gathering; outdoor park; early 1900s; black and white photograph; archival document,"A composite archival photograph showing multiple scenes from circa 1900, including people gathered in a wooded park setting with large trees, smaller vignettes of people by water at the top, and an archival reference number ""17"" visible on the mount, identified as part of the Isabel Walker Drake Family Photo collection from Corning, NY."
1239,75-1217,Isabel Walker Drake Family Photo,c.1900,horse-drawn carriage; early 1900s; rural scene; black and white photograph; family portrait,"This circa 1900 photograph shows two scenes from the Isabel Walker Drake family: the upper image depicts a horse-drawn wagon on a rural road lined with trees, while the lower image shows family members with a horse on the grounds of an ivy-covered estate or property."
1240,75-1218,Isabel Walker Drake Family Photo,c.1900,family portrait; horse; Victorian estate; ivy-covered buildings; black and white photograph,"This circa 1900 composite photograph shows the Isabel Walker Drake family with a saddled horse on the grounds of their estate, with a Victorian mansion featuring distinctive turrets and ivy-covered walls visible in the lower panel, representing a prominent Corning, NY family residence."
1241,75-1219,Isabel Walker Drake Family Photo,c.1900,horse-drawn carriage; rural road; early 1900s; black and white photograph; turn-of-the-century transportation,"A black and white photograph from circa 1900 showing a horse-drawn carriage with passengers on a rural road lined with trees, with a building visible on the right side and open fields to the left, part of the Isabel Walker Drake Family Photo collection from Corning, NY."
1242,75-1220,Isabel Walker Drake Family Photo,c.1900,family photograph; rural landscape; wooded area; early 1900s; black and white photograph,"A circa 1900 photograph from the Isabel Walker Drake Family collection showing a wooded rural landscape with a dirt road, tall pine trees, and what appears to be a figure or structure in the distance, with archival notation ""D. Kea Compton"" visible in the upper right corner."
1243,75-1221,Isabel Walker Drake Family Photo,c.1900,family portrait; lakeside; wooden dock; early 1900s; black and white photograph,"Two figures, likely members of the Isabel Walker Drake family, stand on a wooden dock overlooking a calm lake with forested shoreline in the background, circa 1900."
1244,75-1222,Isabel Walker Drake Family Photo,c.1900,family portrait; waterfront; early 1900s; black and white photograph; outdoor leisure,"A black and white photograph from circa 1900 showing two figures on a waterfront deck or pier with a railing, with water visible in the background, labeled as part of the Isabel Walker Drake Family Photo collection from Corning, NY."
1245,75-1223,Isabel Walker Drake Family Photo,c.1900,family group; waterfront; early 1900s; black and white photograph; steamboat,"The Isabel Walker Drake family is photographed on a boat or dock overlooking a waterway, with a steamboat visible in the distance emitting smoke, circa 1900."
1246,75-1224,Isabel Walker Drake Family Photo,c.1900,family portrait; child; early 1900s; waterfront; black and white photograph,"A young child from the Isabel Walker Drake family stands on a wooden dock or pier wearing a white dress and wide-brimmed hat, circa 1900, with a waterfront landscape visible in the background on the left panel."
1247,75-1225,Isabel Walker Drake Family Photo,c.1900,horse-drawn carriage; family portrait; turn-of-century; outdoor scene; black and white photograph,"A black and white photograph from circa 1900 showing members of the Isabel Walker Drake family posed in a horse-drawn carriage on a tree-lined path, with a woman in white standing beside the horse and two figures seated in the carriage."
1248,75-1226,Isabel Walker Drake Family Photo,c.1900,horse-drawn cart; rural landscape; early 1900s; family photograph; black and white photograph,A black and white photograph from circa 1900 showing members of the Isabel Walker Drake family with a horse-drawn cart in a rural setting with trees and open fields.
1249,75-1227,Isabel Walker Drake Family Photo,c.1900,equestrian; horse and rider; outdoor portrait; early 1900s; black and white photograph,"A person mounted on a saddled horse stands in an open field with trees in the background, circa 1900, from the Isabel Walker Drake Family Photo collection (Corning, NY archive ID: 75-1227)."
1250,75-1228,Isabel Walker Drake Family Photo,c.1900,horse-drawn cart; rural scene; early 1900s; black and white photograph; wooden wagon,"A black and white photograph showing a horse-drawn cart with a large wooden wheel in a rural setting with trees in the background, circa 1900, from the Isabel Walker Drake Family collection."
1251,75-1229,Isabel Walker Drake Family Photo,c.1900,family portrait; wicker chair; early 1900s; outdoor setting; black and white photograph,"A woman and child sit together on a wicker chair in an outdoor setting circa 1900, likely depicting members of the Isabel Walker Drake family from Corning, NY."
1252,75-1230,Isabel Walker Drake Family Photo,c.1900,black and white photograph; person; water; wooden posts; early 1900s,"A black and white photograph showing a person in dark clothing standing in shallow water near wooden pilings, with hills visible in the background and archive reference number 32 visible at the bottom of the frame."
1253,75-1231,Isabel Walker Drake Family Photo,c.1900,family photograph; winter scene; snow; wooden posts; early 1900s; black and white photograph,"A circa 1900 black and white photograph showing a person standing in a snowy outdoor setting with wooden posts and a chair visible, likely depicting a member of the Isabel Walker Drake family in Corning, NY."
1254,75-1232,Isabel Walker Drake Family Photo,c.1900,family portrait; early 1900s; outdoor setting; white clothing; tree foliage; black and white photograph,"A formal family group portrait from circa 1900 showing six members of the Isabel Walker Drake family posed outdoors among trees, wearing white Edwardian-era clothing, with an archive reference number 34 visible on the right edge."
1255,75-1233,Isabel Walker Drake Family Photo,c.1900,family portrait; indoor setting; turn of century; black and white photograph; circa 1900,A black and white photograph from circa 1900 showing the Isabel Walker Drake family in an interior domestic setting with period furniture and architectural details visible in the background.
1256,75-1234,Isabel Walker Drake Family Photo,c.1900,family portrait; early 1900s; black and white photograph; indoor setting; children,"A circa 1900 black and white photograph from the Isabel Walker Drake Family collection showing figures in light-colored clothing in an interior domestic setting, viewed through what appears to be a window or frame within the composition."
1257,75-1235,Elmira-Corning-Waverly Railroad,,railroad timetable; elmira corning waverly railway; employee schedule; corning division; black and white photograph,"An employee time table for the Elmira Corning & Waverly Railway's Corning Division showing westbound and eastbound train schedules with multiple stations including Elmira, Clarks Glen, Barnetts, Sing Sing, Big Flats, West Corning, Browel, and Corning, with numerous time entries in a grid format."
1258,75-1236,Elmira-Corning-Waverly Railroad,,railroad map; elmira corning waverly railway; signal diagram; 1916; black and white photograph,"A historical railroad map from the Office of Vice-President of the Elmira, Corning & Waverly Railway and Connecting Lines dated September 22, 1916, showing the rail route through New York with signal locations marked for east-bound and west-bound traffic, including stations at Wellsburg, Chemung, and Waverly."
1259,75-1237,Elmira-Corning-Waverly Railroad,,map; railroad; elmira; black and white; historical cartography,"A historical map showing the Elmira-Corning-Waverly Railroad route with labeled locations including Horseheads, Elmira, Islano, Bowman, and Wellsburg, featuring railroad lines, roads, and geographical features in black and white."
1260,75-1238,Elmira-Corning-Waverly Railroad,,railroad map; elmira-corning-waverly railroad; painted post; big flats; horseheads; black and white photograph,"A historical railroad route map showing the Elmira-Corning-Waverly Railroad line with labeled stations including Corning, Painted Post, Big Flats, and Horseheads, depicted with railroad ties and connecting lines on a dark background."
1261,75-1239,Canal Revenue Certificate,1867,canal revenue certificate; state of new york; 1867; financial document; engraved certificate,"A Canal Revenue Certificate from the New York State Canal Department dated January 5th, 1867, issued as a loan certificate for one hundred dollars bearing interest at six percent per annum, with ornamental engravings, portraits, and official seals, and signed by N.S. Benton."
1262,75-1240,,,historical letter; painted post; election dispute; whig party; 19th century document,"A historical letter titled ""Look at This!"" addressed to the board of inspectors of lection in Painted Post, signed by Wm. Bonham, John C. Hayt, Oliver Duitse, J. B. Pratt, Henry B. Noyes, and Thos. Johnson, concerning allegations of voting irregularities and election fraud related to the Whig party during a State Ticket election."
1263,75-1241,Advertisements,1892,vintage advertisement; santa claus; holiday merchandise; 1892; corning new york,"An 1892 holiday advertisement for J. B. Collins & Co. in Corning, N.Y. features a large illustration of Santa Claus's face with the text ""Wake up, Santa Claus, or there will be nothing left for you to do,"" promoting their elegant and appropriate holiday gift stock at their East Market Street location."
1264,75-1242,Advertisements,,vintage advertisement; C.S. Hood & Co.; Cheerful Home furnace; Corning New York; black and white photograph,"A vintage advertisement for C.S. Hood & Co., manufacturers of the ""Cheerful Home"" plate steel warm air furnace, located in Corning, New York."
1265,75-1243,Advertisements,,steel dome stove; heating equipment; vintage advertisement; engraving illustration; corning new york,"A vintage advertisement for a ""Steel Dome"" heating stove manufactured by I. A. Starn, a Practical Heating & Ventilating Engineer in Corning, N.Y., showing a detailed engraving of the cylindrical stove with labeled features including smoke pipe, hot air vent, water pan, and cold air intake."
1266,75-1244,,,group portrait; early 20th century; outdoor gathering; formal dress; multi-generational family,"A large formal group photograph showing approximately 50-60 people of various ages arranged in rows outside a wooden building with coniferous trees in the background, likely depicting a family reunion or community gathering from the early 1900s."
1267,75-1246,"Denison Park, Corning, N.Y. ",,denison park; winter landscape; snow; bare trees; gazebo; bridge; black and white photograph,"A winter scene of Denison Park in Corning, New York, showing snow-covered grounds with bare trees, a gazebo structure, a bridge crossing what appears to be a frozen stream or pond, and a tall tower or observation structure in the background."
1268,75-1247,"Denison Park, Corning, N.Y. ",,denison park; pond; poplar trees; gazebo; black and white photograph,"A serene view of Denison Park in Corning, NY showing a calm pond lined with tall poplar trees and a gazebo structure visible in the background, captured in this black and white historical photograph."
1269,75-1248,,,railroad; steam locomotive; water tower; utility pole; black and white photograph; mountainous landscape; industrial infrastructure,"A steam locomotive with visible smoke billows past a wooden water tower and utility pole in a mountainous, forested region, likely documenting railroad operations in the Corning, NY area during the early-to-mid 20th century."
1270,75-1250,,,reward poster; stolen horse; 1886; horseheads new york; black and white photograph,"A $50 reward poster dated September 6, 1886, from Horseheads, Chemung County, New York, offering $25 for the thief and $25 for the return of a stolen Sorrel Roan Mare with detailed physical descriptions and harness details, posted by Charles F. Taber."
1271,75-1251,,,family tree; genealogy; handwritten chart; peleg gorton; 19th century genealogy,"A handwritten genealogical chart documenting the descendants of Peleg Gorton II (1769-1851) and M. Lydia Wilkey, showing multiple generations of family members with birth and death dates, including children Polly, Nancy, Dorcas, William Thomas, Tared M., and Abigail, extending down through grandchildren and great-grandchildren with their respective spouses' names."
1272,75-1252,"Caton, N.Y.",1861,handwritten document; 1861; financial record; cursive script; historical letter,"A handwritten document from October 6, 1861, detailing town of Caton expenses to be paid to Rhodes D., including clerk of board of registry fees and election clerk fees totaling $6.00, with a note from Silas B. Rhodes regarding seven days of services rendered that remain unpaid or unsatisfied."
1273,75-1253,"Caton, N.Y.",,church building; bare trees; winter landscape; black and white photograph; caton ny,"A black and white photograph showing a white wooden church building in Caton, N.Y., framed by bare deciduous trees in winter, with a fenced yard visible in the foreground."
1274,75-1254,"Caton, N.Y.",,historic house; caton ny; two-story residence; wraparound porch; black and white photograph,"A two-story white wooden house with a distinctive wraparound porch and curved roofline in Caton, New York, with three people standing on the front porch, surrounded by landscaping shrubs."
1275,75-1255,"Caton, N.Y.",,aerial view; rural landscape; forested hills; farmland; black and white photograph,"An aerial black and white photograph showing the Caton, N.Y. area with scattered farmhouses and buildings nestled among dense forests and rolling hills, with cultivated fields visible in the foreground and a reference number ""56"" marked on the left edge."
1276,75-1256,Bowers Creamery,1945,rural agricultural building; chimney; rolling hills; wooden fence; black and white photograph; 1945,"This black and white photograph dated May 8, 1945, shows the Bowers Creamery in Caton, N.Y., featuring a small industrial building with a tall chimney set in a rural landscape with rolling hills, bare trees, and wooden fencing in the foreground."
1277,75-1256,"Caton, N.Y.",,rural agricultural building; chimney; rolling hills; wooden fence; black and white photograph; 1945,"This black and white photograph dated May 8, 1945, shows the Bowers Creamery in Caton, N.Y., featuring a small industrial building with a tall chimney set in a rural landscape with rolling hills, bare trees, and wooden fencing in the foreground."
1278,75-1257,"Caton, N.Y.",,group portrait; children; early 20th century; building exterior; black and white photograph,"A black and white photograph showing a group of approximately fifteen children and young people posed outside a building with shuttered windows in Caton, N.Y., wearing period clothing typical of the early 1900s."
1279,75-1258,"Caton, N.Y.",,handwritten list; names; archival document; black and white photograph; vintage paper,"A handwritten list of names on lined notebook paper, including Clarence Stanton, Harry Maley, George Eldred, Liston Larrison, Ruth Larrison, Kitty Dickey, Floyd Richardson, Ray Eldred, Jessie Bow, Archie Goodrich, Laura Littlefield, Rena Gramps, Nettie Harvey, Edith Giles, Howard Grunks, Ruth Barnard, Mattie Barnard, Rachel Stanton, and Minnie Dodge Teacher, with the number 59 marked at the bottom."
1280,75-1259,"Caton, N.Y.",1954,residential house; caton ny; 1954; black and white photograph; ivy-covered walls,"A black and white photograph from 1954 showing a two-story residential house in Caton, New York, with ivy-covered walls in the foreground, multiple windows, a chimney, and surrounding vegetation, with an archival reference number ""60"" visible on the right edge."
1281,75-1260,"Caton, N.Y.",1973,rural house; winter snow; black and white photograph; 1970s; caton new york,"A black and white photograph from 1973 showing a dark-colored rural house in Caton, N.Y., surrounded by snow with utility poles and lines visible in the background, with an archival reference number ""61"" visible on the right edge."
1282,75-1261,"Caton, N.Y.",1885,wooden house; front porch; 1885; caton new york; black and white photograph,"A two-story wooden house with a front porch in Caton, New York, photographed in 1885, showing period architecture with shuttered windows and surrounding vegetation."
1283,75-1262,"Caton, N.Y.",1955,small house; rural architecture; bare trees; dirt road; black and white photograph; 1950s,"A black and white photograph from 1955 showing a modest single-story house in Caton, N.Y., with a front porch, chimney, and bare deciduous trees surrounding it, situated along a dirt road."
1284,75-1263,"Caton, N.Y.",,winter landscape; bare trees; rural buildings; snow; black and white photograph,"A winter scene in Caton, N.Y. showing a snow-covered landscape with bare trees, a two-story house, outbuildings, and what appears to be a covered structure on the right side of the composition."
1285,75-1264,"Caton, N.Y.",,pole climbing; rural setting; wooden fence; bare trees; black and white photograph,"A black and white photograph showing several people gathered around a tall wooden pole in a rural Caton, N.Y. setting, with one person climbing the pole while others observe, bare trees and wooden fencing visible in the background."
1286,75-1265,"Caton, N.Y.",,aerial view; winter snow; residential buildings; mid-20th century; black and white photograph,"An aerial black and white photograph showing a snow-covered residential area in Caton, N.Y. with various houses, outbuildings, a quonset hut, parked vehicles, and bare trees during winter."
1287,75-1266,"Caton, N.Y.",,plank house; caton new york; historic structure; 1825 building; archival documentation,"A historical archive page documenting the George and Eleneta Betzer plank house built in 1825 in Caton, N.Y., one of the first board houses in the area, with a photograph taken in 1946 showing the structure nestled in a hillside landscape, accompanied by detailed provenance information about the property's ownership history dating back to 1852."
1288,75-1267,"Caton, N.Y.",1975,lewis farm; caton ny; rural farmstead; historical documentation; black and white photographs,"A historical document about the Lewis Farm in Caton, New York, featuring three black and white photographs from different seasons (1870, Fall 1974, and Spring 1975) showing the farmhouse and surrounding landscape, accompanied by detailed text describing the farm's history from its purchase by Amos Lewis in 1835 through its operation as a dairy farm by the Crooker family in 1975."
1289,75-1268,"Caton, N.Y.",,early motor truck; west caton; 1900s automobile; group portrait; newspaper archive,"A ""Mirror of the Past"" newspaper clipping from the Elmira Sunday Telegram featuring a historical photograph titled ""First Motor Truck at West Caton,"" showing members of the Barnard family posed on an early motorized truck in Caton, New York, circa the early 1900s."
1290,75-1269,"Caton, N.Y.",,white church building; bare trees; winter snow; rural road; black and white photograph,"A white wooden church with a steeple and Gothic-style windows stands in a snowy winter landscape in Caton, N.Y., with a large bare tree in the foreground and a curved dirt road leading to the building."
1291,75-1270,"Caton, N.Y.",,winter landscape; rural road; bare trees; snow; black and white photograph,"A winter scene of a snow-covered rural road in Caton, N.Y., lined with bare trees and utility poles, leading toward scattered houses and farm buildings in a hilly landscape."
1292,75-1271,"Caton, N.Y.",,group portrait; children; wooden building; early 20th century; black and white photograph,"A black and white photograph showing a group of approximately twelve children of varying ages posed in front of a wooden-sided building with horizontal siding, likely from the early 1900s in the Caton, New York area."
1293,75-1272,"Bridge Street Viaduct, Corning, N.Y.",1933,bridge street viaduct; corning new york; brick buildings; 1933; black and white photograph,"A black and white photograph from 1933 showing Bridge Street in Corning, NY, with brick industrial buildings lining both sides of an unpaved street, utility poles with power lines, and hills visible in the background, with partial signage visible on the left building."
1294,75-1273,"Bridge Street Viaduct, Corning, N.Y.",1933,bridge street viaduct; corning new york; 1930s automobiles; brick buildings; streetcar tracks; black and white photograph,"This 1933 photograph shows Bridge Street Viaduct in Corning, New York, featuring a tree-lined street with period automobiles parked along brick commercial buildings, visible streetcar tracks running down the center, and a ""Standard Cleaning"" storefront sign visible on the right side."
1295,75-1274,"Bridge Street Viaduct, Corning, N.Y.",1933,bridge street viaduct; corning new york; downtown street; 1933; black and white photograph,"A 1933 black and white photograph of Bridge Street in Corning, New York, showing a row of brick commercial buildings including a Standard Cleaning Co. storefront, street lamps, and period automobiles, taken from the viaduct looking down at the downtown streetscape."
1296,75-1275,"Bridge Street Viaduct, Corning, N.Y.",1933,bridge street viaduct; corning new york; 1933; brick building; elevated bridge structure,"A 1933 black and white photograph of the Bridge Street Viaduct in Corning, New York, showing an elevated bridge structure with railings, utility poles, a brick commercial building with ""Old Gold"" signage, and surrounding landscape with hills in the background."
1297,75-1276,"Bridge Street Viaduct, Corning, N.Y.",1933,bridge street viaduct; corning new york; 1933; black and white photograph; downtown street view,"A 1933 black and white photograph of Bridge Street in Corning, New York, showing the viaduct crossing over the street with period buildings, utility poles, and hills in the background."
1298,75-1277,"Bridge Street Viaduct, Corning, N.Y.",1933,bridge street viaduct; corning new york; wooden buildings; 1933; black and white photograph,"A 1933 black and white photograph of Bridge Street in Corning, New York, showing a row of wooden commercial buildings including the Kelley House, with various storefronts and signage visible along the street."
1299,75-1278,"Bridge Street Viaduct, Corning, N.Y.",1933,brick building; Angelo Bessone groceries; Pillsbury's Best advertisement; streetcar tracks; 1933 Corning,"A black and white photograph from 1933 showing Angelo Bessone's imported and domestic groceries store on Bridge Street in Corning, NY, with a large Pillsbury's Best flour advertisement on the brick building facade, streetcar tracks visible in the foreground, and the Bridge Street Viaduct visible in the background."
1300,75-1279,"Bridge Street Viaduct, Corning, N.Y.",1933,bridge street viaduct; corning new york; 1933; downtown street; black and white photograph,"A 1933 black and white photograph of Bridge Street in Corning, New York, showing a wet street lined with early 20th-century commercial and residential buildings, utility poles, and trees, with storefronts visible along the right side of the street."
1301,75-1280,"Bridge Street Viaduct, Corning, N.Y.",1933,,
1302,75-1281,"Bridge Street Viaduct, Corning, N.Y.",1933,bridge street viaduct; corning new york; 1933; storefronts; black and white photograph,"A 1933 black and white photograph of Bridge Street in Corning, NY showing wooden-sided commercial buildings with storefronts advertising ""Old Gold"" cigarettes and a grocery store, with utility poles and residential structures visible along the street."
1303,75-1282,"Bridge Street Viaduct, Corning, N.Y.",1933,bridge viaduct; construction; 1933; corning new york; black and white photograph,"This 1933 black and white photograph shows construction work on the Bridge Street Viaduct in Corning, NY, featuring workers on scaffolding and construction equipment positioned along the concrete structure above a river valley."
1304,75-1283,"Bridge Street Viaduct, Corning, N.Y.",1933,,
1305,75-1284,"Bridge Street Viaduct, Corning, N.Y.",1933,,
1306,75-1285,"Bridge Street Viaduct, Corning, N.Y.",1934,bridge street viaduct; corning new york; 1934; black and white photograph; architectural infrastructure,"This 1934 black and white photograph shows the Bridge Street Viaduct in Corning, New York, a wide concrete bridge with decorative railings spanning across the frame, with the town's skyline including a prominent church steeple visible in the background against rolling hills."
1307,75-1286,"Bridge Street Viaduct, Corning, N.Y.",1934,,
1308,75-1287,"Bridge Street Viaduct, Corning, N.Y.",1934,bridge street viaduct; corning new york; 1934; black and white photograph; vintage automobile; hillside landscape,"This 1934 black and white photograph shows the Bridge Street Viaduct in Corning, New York, featuring a brick-paved street with white bollards, a period automobile, utility poles, and buildings nestled against a forested hillside."
1309,75-1288,"Bridge Street Viaduct, Corning, N.Y.",1934,bridge street viaduct; corning new york; 1934; black and white photograph; hillside landscape,"A 1934 black and white photograph of the Bridge Street Viaduct in Corning, New York, showing the elevated structure with railings and utility poles spanning across a valley, with hills, buildings, and a church steeple visible in the background."
1310,75-1289,"Bridge Street Viaduct, Corning, N.Y.",1934,,
1311,75-1290,"Bridge Street Viaduct, Corning, N.Y.",1934,bridge street viaduct; corning new york; 1934; vintage automobile; street signage; brick buildings; black and white photograph,"A 1934 black and white photograph of Bridge Street Viaduct in Corning, New York, showing a period automobile parked along a brick building with visible signage for ""Louie's"" dry cleaning service, mountains visible in the background, and street lamps lining the pedestrian walkway."
1312,75-1291,"Bridge Street Viaduct, Corning, N.Y.",1934,bridge street viaduct; corning new york; 1934; vintage automobile; black and white photograph,"A 1934 black and white photograph of the Bridge Street Viaduct in Corning, New York, showing a wide elevated roadway lined with railings, flanked by industrial and commercial buildings, with a period automobile visible on the right side and hills visible in the background."
1313,75-1292,,,downtown street; brick buildings; vintage automobiles; street lamps; black and white photograph,"A black and white photograph of a downtown Corning street lined with multi-story brick buildings, vintage automobiles parked along the street, and period street lamps, with a church steeple visible in the distance."
1314,75-1293,,,portrait photograph; black and white; woman; early 20th century; studio portrait,"A black and white studio portrait photograph of a woman with dark hair parted in the middle, wearing a dark jacket or dress with a white collar, posed against a painted backdrop."
1315,75-1294,"Cedar Street, Corning, N.Y.",1870,cedar street; corning new york; 1870s residential architecture; wooden house; white picket fence; bare trees; black and white photograph,"This 1870 photograph shows a wooden residential building on Cedar Street in Corning, New York, featuring white picket fencing, a front porch with columns, and bare trees in the yard, documenting 19th-century domestic architecture in the region."
1316,75-1295,"Cedar Street, Corning, N.Y.",1870,cedar street; corning new york; property deed; 1870s land records; historical document,"A historical property abstract and deed document for 189 Cedar Street in Corning, New York, dated 1870, detailing land ownership records for the Williams Estate and subsequent property transfers, including tax assessments and legal descriptions of lots 15 and 16 in Block 57."
1317,75-1296,,,downtown street; mid-century automobiles; brick buildings; black and white photograph; corning ny,"A black and white photograph of a downtown Corning, New York street lined with multi-story brick commercial buildings and parked mid-century automobiles, with visible storefront signage including ""Corning Trust"" on the right side."
1318,75-1297,,,downtown street; brick buildings; mid-century automobiles; street clock; black and white photograph,"A black and white photograph of a downtown Corning street showing multi-story brick commercial buildings, parked mid-century automobiles, a street-mounted clock, and a visible sign for ""Corning Trust"" and ""Lincoln Rochester Trust Company,"" depicting a typical American downtown streetscape from approximately the 1950s-1960s."
1319,75-1298,Elsie Clute,,two women; brick interior; mid-20th century; black and white photograph; indoor hallway,"A black and white photograph showing two women in a brick-walled interior hallway or corridor, with one woman wearing glasses and a coat on the left and another woman in lighter clothing on the right, with framed pictures visible on the walls."
1320,75-1298,Corning Free Academy,,two women; brick interior; mid-20th century; black and white photograph; indoor hallway,"A black and white photograph showing two women in a brick-walled interior hallway or corridor, with one woman wearing glasses and a coat on the left and another woman in lighter clothing on the right, with framed pictures visible on the walls."
1321,75-1299,Corning Free Academy,1933,corning free academy; faculty; brick building; 1933; black and white photograph,"A black and white photograph from 1933 showing six faculty members of the Corning Free Academy posed in front of a brick building with large windows, representing the school's staff during the early Depression era."
1322,75-1300,Corning Free Academy,1930,group portrait; brick building; 1930s clothing; faculty photograph; black and white photograph,"A formal group photograph from 1930 showing approximately 40 faculty and staff members of Corning Free Academy posed on the steps of a brick building with an arched entrance, with men in suits in the back rows and women in 1930s dresses in the front rows."
1323,75-1301,Corning Free Academy,,nativity scene; religious exhibit; diorama; black and white photograph; indoor display,"A black and white photograph of a nativity scene diorama display featuring figures around a manger with a thatched shelter, accompanied by a sign reading ""As long as I am in the world, I am the light of the world"" and labeled ""EXHIBIT of CORNING FREE ACADEMY."""
1324,75-1302,Corning Free Academy,1928,group portrait; brick building; 1920s clothing; formal photograph; arched entrance,"A formal black and white group photograph from 1928 showing approximately thirty people dressed in 1920s attire posed on the steps of a brick building with an arched entrance, identified as the Corning Free Academy, with the archive reference number 1928-29 visible at the bottom of the image."
1325,75-1303,Corning Free Academy,1944,classroom; students; teacher; 1944; black and white photograph; art class; chalkboard,"A 1944 black and white photograph showing a teacher and approximately nine female students in a classroom at Corning Free Academy, with students seated and standing around a work table with art supplies, while chalkboards with geometric drawings are visible in the background."
1326,75-1304,Corning Free Academy,,ice skating; church building; winter scene; mountainous landscape; black and white photograph,"A black and white photograph showing a group of people ice skating on a frozen pond or lake in front of a white church with a steeple, set against a backdrop of forested hills and mountains during winter."
1327,75-1305,Corning Free Academy,,stage set; theatrical production; winter landscape; city gas co.; black and white photograph,"A theatrical stage set depicts a snowy winter landscape with a white house and bare trees, featuring actors positioned on stage with painted backdrops, a ""City Gas Co."" sign visible on the left, and text reading ""Good of Peace, Our times are in thy hands"" on a banner."
1328,75-1306,,,portrait photograph; formal attire; late 19th century; studio setting; couple,"A black and white studio portrait photograph showing a young woman and man in formal Victorian-era clothing standing against an ornate patterned backdrop, with the woman wearing a dark dress with white front panel and the man in a dark double-breasted suit."
1329,75-1307,Corning Free Academy,,group portrait; students; classroom; 1940s; black and white photograph,"A black and white photograph showing approximately 18 students and what appears to be a teacher or adult supervisor posed together in a classroom at Corning Free Academy, with framed pictures visible on the wall behind them and the archive reference number 109 visible at the bottom of the image."
1330,75-1308,Corning Free Academy,,classroom; students; school interior; black and white photograph; mid-20th century,"A black and white photograph showing a group of female students and what appears to be an instructor gathered around desks in a classroom at Corning Free Academy, likely from the 1940s-1950s, with educational materials visible on the walls and period-appropriate furnishings."
1331,75-1309,"Denison Park, Corning, N.Y. ",1913,denison park; gazebo; early 1900s gathering; formal dress; black and white photograph,"A 1913 photograph of Denison Park in Corning, New York showing a formal outdoor gathering with well-dressed men and women in period attire assembled around a distinctive octagonal gazebo with an American flag, large shade trees, and park benches visible in the background."
1332,75-1310,"Denison Park, Corning, N.Y. ",1913,,
1333,75-1311,,,graduation class; north side high school; 1923; formal group portrait; black and white photograph,"A formal black and white group portrait of the 1923 graduating class from North Side High School, showing approximately 30 students arranged in rows, with young women in light-colored dresses holding flowers and young men in dark suits."
1334,75-1312,,,handwritten document; class roster; north side high school; 1920s-1950s; graduation records,"A handwritten document listing graduates from North Side High School in 1929 and a class reunion from 1957, organized by rows with student names including Russell Case, Margaret Paul, Peter Rogers, Esther Hammon, Robert Reynolds, and others from Corning, NY."
1335,75-1313,,,group portrait; indoor; formal gathering; mid-20th century; black and white photograph,"A formal black and white group photograph showing eleven people arranged in two rows posed in front of an ornate window with patterned valance, likely taken at an indoor event or meeting in mid-20th century Corning, NY."
1336,75-1314,Cullets ,1919,glass product catalog; hand-drawn sketches; glassware designs; pricing list; spiral binding,"A 1919 catalog page from Corning, NY showing hand-drawn sketches of various glass cullet products including goblets, champagne saucers, handled parfaits, bowls, and ice tea glasses, each labeled with item numbers (1044) and handwritten prices in dozens."
1337,75-1315,Cullets ,1919,glass product designs; cullet; technical drawings; handwritten documentation; 1919 inventory,"This archival document from 1919 shows hand-drawn sketches of various glass vessels and tableware items with handwritten labels including ""Goblet,"" ""Saucer Champagne plate,"" ""Handled parfait,"" ""Forget me not plate,"" and ""Handled Ice Tea,"" each annotated with product numbers and weights in ounces, representing cullet or glass product designs from Corning, NY."
1338,75-1316,"Denison Park, Corning, N.Y. ",,park band stand; american flag; early 20th century; denison park corning; black and white photograph,"This black and white photograph shows a park band stand with an American flag at Denison Park in Corning, N.Y., with numerous visitors gathered around the gazebo and throughout the park grounds during what appears to be an early 20th-century community event or gathering."
1339,75-1317,Ellsworth Cowles Collection,1920-1950,archaeological artifacts; stone tools; lamoka variants; black and white photograph; museum documentation,"A museum documentation photograph displaying multiple rows of stone projectile points and tools labeled ""Lamoka Variants. F. Wood Farm. 1920-1950,"" with marked blow gun points (indicated by X) and bases showing pebble surface characteristics from the Corning, NY local history archive."
1340,75-1318,Ellsworth Cowles Collection,1953,,
1341,75-1319,Ellsworth Cowles Collection,,arrowheads; archaeological artifacts; stone tools; collection display; black and white photograph,"This black and white photograph displays a collection of Native American arrowheads and stone tools arranged on a light background, labeled as being from the Alvreda Park Farm and Litchfield Station area, documenting archaeological findings from the region."
1342,75-1320,Ellsworth Cowles Collection,1943-1945,archaeological artifacts; stone tools; prehistoric implements; black and white photograph; museum display,"A black and white photograph displaying an organized collection of stone tools and artifacts labeled by type, including drills, reamers, scrapers, hafted scrapers, end scrapers, gun flint, and strike-a-light tools, with handwritten annotations indicating ""Frankwood Farm, Lamoka Lake, 4-9-45"" and attributed to the Cowles collection."
1343,75-1321,Ellsworth Cowles Collection,1949-1958,archaeological artifacts; stone tools; black and white photograph; artifact classification; indigenous artifacts,"This black and white archaeological documentation photograph displays classified stone tools and artifacts from fields near the north end of Waneta Lake's west side (1949-58), including labeled categories for reamers, pipe bowls, and rejects, with hand-drawn outlines indicating unidentified specimens marked with question marks."
1344,75-1322,Ellsworth Cowles Collection,1932-1951,arrowheads; archaeological artifacts; stone tools; black and white photograph; museum documentation,"A black and white photograph displaying 23 arrowheads or projectile points arranged in three rows, labeled ""Mouth of Cutler Creek, Riverside"" with the archive reference ""1932-51"" and ""75A"" visible at the bottom of the image."
1345,75-1323,Ellsworth Cowles Collection,,arrowheads; archaeological artifacts; lamoka flat; susquehanna broad; black and white photograph,"A black and white photograph displaying a collection of Native American arrowheads and projectile points arranged in rows, with handwritten labels identifying types including ""Lamoka Flat Unworked Base,"" ""Susquehanna Broad,"" ""Side Notched Triangular,"" and ""Side & Corner Notched Expanding Shank"" with various notching variations."
1346,75-1324,Ellsworth Cowles Collection,1908-1916,arrowheads; stone tools; archaeological artifacts; black and white photograph; collection display,"A black and white photograph displaying an arranged collection of approximately 50 stone arrowheads and projectile points of varying sizes and shapes, likely from the Ellsworth Cowles Collection documenting Native American artifacts from the Corning, New York area during the early 20th century."
1347,75-1325,Ellsworth Cowles Collection,,archaeological artifacts; tioga point farm; athens pennsylvania; stone tools; base types,"A black and white photograph displaying a collection of stone tool base types from the Tioga Point Farm archaeological site in Athens, Pennsylvania, with specimens arranged in rows and labeled ""strike & light"" at the bottom."
1348,75-1326,Ellsworth Cowles Collection,1912-1917,geological specimens; rock samples; black and white photograph; scientific documentation; athens pennsylvania,"A scientific specimen photograph showing approximately 50 rock or mineral samples arranged on a white background, labeled ""ATHENS, PA. QUEEN ESTHERS FLATS"" with the archive reference number 1912-17 visible in the lower right corner."
1349,75-1327,Ellsworth Cowles Collection,,archaeological artifacts; stone tools; arrowheads; catalog display; black and white photograph,"A museum catalog photograph displaying a collection of stone arrowheads and drill tools arranged in rows on a white background with handwritten identification numbers, labeled ""DRILLS"" and appearing to be from an archaeological collection related to Big Island."
1350,75-1328,Ellsworth Cowles Collection,1910-1916,archaeological artifacts; pottery sherds; chemung; wyncoop creek; black and white photograph,"This archaeological documentation photograph shows pottery fragments and ceramic sherds collected from the mouth of Wyncoop Creek, dated 1910-16, arranged on a white background for cataloging purposes."
1351,75-1329,Ellsworth Cowles Collection,1910-1912,archaeological artifacts; flint tools; broken points; black and white photograph; artifact documentation,"A documentary photograph showing a collection of rejected nodular flint artifacts with broken point tips made from Carolina and Coxsacky quartz, found in the flats between Spanish Hill and River in Waverly, N.Y., dated 1910-12."
1352,75-1330,Ellsworth Cowles Collection,1935,pottery sherds; archaeological artifacts; waite farm; algonquin potsherds; black and white photograph,"A black and white photograph from 1935 displaying arranged pottery sherds and fragments labeled as ""Algonquin Potsherds from Refuse Pit"" collected from the Waite Farm, with a painted post visible on the right side of the specimen board."
1353,75-1331,Ellsworth Cowles Collection,,archaeological artifacts; pipe stems; pipe bowls; clay pipes; black and white photograph,"A black and white photograph displaying archaeological specimens of clay tobacco pipes arranged in three rows, with labeled sections identifying ""pipe stems"" and ""pipe bowls,"" each artifact marked with catalog numbers from the Ellsworth Cowles Collection."
1354,75-1332,Ellsworth Cowles Collection,1901,stone tools; archaeological artifacts; black and white photograph; numbered specimens; prehistoric implements,"A black and white photograph displaying six numbered stone tools or artifacts arranged on a light background, with handwritten annotations at the bottom indicating locations including Kinsella Farm Garden, E. Lake Road Waneta, and dates from 1936-1948, from the Ellsworth Cowles Collection."
1355,75-1333,Ellsworth Cowles Collection,,stone tools; flint artifacts; archaeological specimens; black and white photograph; site documentation,"A black and white photograph displaying an arranged collection of flint stone tools and artifacts from an archaeological site, labeled as ""Site 43"" and related to ""Flint of Pebble Industry,"" part of the Ellsworth Cowles Collection from Corning, NY local history archives."
1356,75-1334,Ellsworth Cowles Collection,1927,archaeological artifacts; pottery fragments; black and white photograph; museum documentation; ceramic samples,"A black and white photograph showing three ceramic or pottery fragments labeled as being from Elmira, NY - Big Island, with one fragment marked ""B15,"" displaying varying textures and colors from light to dark surfaces typical of archaeological documentation."
1357,75-1335,Ellsworth Cowles Collection,,archaeological artifacts; pottery shards; rim shards; museum documentation; black and white photograph,"A museum documentation photograph displaying arranged pottery fragments and rim shards with catalog numbers (604, 605, 610 visible), likely from an archaeological collection in the Ellsworth Cowles Collection at Corning, NY."
1358,75-1336,Ellsworth Cowles Collection,,archaeological artifacts; pottery fragments; carantouan; 1934; black and white photograph,"This black and white photograph displays archaeological pottery sherds and artifacts from an excavation just under sod at Carantouan in 1934, including a labeled pot cover, various ceramic fragments with textured surfaces, and smaller stone or bone implements arranged for documentation purposes."
1359,75-1337,Ellsworth Cowles Collection,,,
1360,75-1338,Ellsworth Cowles Collection,,archaeological artifacts; stone tools; flaked stone; black and white photograph; artifact collection display,"A black and white photograph displaying an arranged collection of stone tools and flaked stone artifacts labeled ""West of Creek, Between Road & River"" from Site 4, dated 1932-33, likely from an archaeological excavation in the Corning, NY area."
1361,75-1339,Ellsworth Cowles Collection,,archaeological artifacts; stone tools; knives and arrowheads; smithboro new york; black and white photograph,"A black and white photograph displaying a collection of stone tool rejects, knives, and arrowblanks from Smithboro, N.Y., arranged in four rows on a light background, from the Ellsworth Cowles Collection."
1362,75-1340,Ellsworth Cowles Collection,,archaeological artifacts; stone tools; flake knives; scrapers; black and white photograph,"A black and white photograph displaying archaeological specimens labeled ""REJECTS & FLAKE KNIVES, SCRAPERS, SITE 75"" showing various worked stone tools and flakes arranged on a white background, part of the Ellsworth Cowles Collection from Corning, NY local history archive."
1363,75-1341,Ellsworth Cowles Collection,,archaeological artifacts; arrow shank types; tioga point farm; athens pennsylvania; black and white photograph,"A black and white photograph displaying a collection of arrow shank types from Tioga Point Farm in Athens, PA, with specimens organized in rows and labeled as ""rejects"" and ""lamoka,"" representing archaeological findings from the Ellsworth Cowles Collection."
1364,75-1342,Ellsworth Cowles Collection,1933,archaeological artifacts; stone tools; flake knives; arrow points; black and white photograph,"A 1933 archaeological documentation photograph from the Erwin, N.Y. Stone Pile Site (Site 82) displaying various stone artifacts including flake knives, arrow points, fleshers, and clay pot shards arranged on a light background with handwritten labels identifying the artifact types and site information."
1365,75-1343,Ellsworth Cowles Collection,1914-1915,arrowheads; stone tools; archaeological artifacts; black and white photograph; artifact collection display,"A black and white photograph displaying an arranged collection of Native American stone arrowheads and tools from the Burt Edgecombe Farm at Lockwood and Talmadge Hill Intersection in N. Waverly, NY, with specimens labeled ""Lamora"" and dated 1914-15 from the Ellsworth Cowles Collection."
1366,75-1344,Ellsworth Cowles Collection,1912-1916,archaeological artifacts; stone tools; native american; chemung river; black and white photograph,"A black and white photograph displaying a collection of stone tools and artifacts from Chemung, N.Y., River Flats west of R.R. Station, dated 1912-1916, showing various arrowheads, blades, and worked stone implements arranged on a light background."
1367,75-1345,Ellsworth Cowles Collection,1967,archaeological artifacts; test holes; stone fragments; black and white photograph; 1967,"A black and white photograph from June 26 to July 3, 1967 showing archaeological test hole artifacts collected from South Waverly, PA near the North Palisade Line, displaying various stone fragments and pottery sherds arranged on a white surface with reference number BR-43."
1368,75-1346,Ellsworth Cowles Collection,1910-1917,archaeological artifacts; stone tools; litch field station; black and white photograph; 1910-1917,"A museum display photograph showing a collection of stone tools and artifacts from the Litch Field Station north of Corning, NY near the D.L.W. Railroad Bridge, dated 1910-17, including scrapers, points, and other worked stone implements arranged on a white background with a ""strike a light"" specimen labeled."
1369,75-1347,Ellsworth Cowles Collection,1920-1940,stone tools; archaeological artifacts; percussion flaking; black and white photograph; museum documentation,"A black and white photograph displaying approximately 30 stone tools and flaked artifacts arranged in rows on a light background, labeled ""Some Pebble Items. Primary Percussion"" from the W. Smith Farm site, dated 1920-1940, showing chipped stone implements and scrapers from an archaeological collection."
1370,75-1348,Ellsworth Cowles Collection,,archaeological artifacts; stone tools; arrowheads; black and white photograph; museum documentation,"A black and white photograph displaying eight numbered stone artifacts including arrowheads and tools from various archaeological sites in New York, with visible labels indicating locations such as Spanish Hill Flats, Celia Hanna Farm, and Dorothy White Farm, dated between 1910-1921."
1371,75-1349,Ellsworth Cowles Collection,1930-1951,archaeological artifacts; stone tools; flake tools; artifact documentation; black and white photograph,"A black and white photograph displaying an arranged collection of stone arrowheads and flake tools from archaeological Site 75, dated 1930-51, with some specimens labeled ""FLAKE"" and organized in three rows for documentation purposes."
1372,75-1350,Ellsworth Cowles Collection,1915-1925,stone tools; arrowheads; archaeological artifacts; chemung valley; black and white photograph,"A black and white photograph displaying a collection of stone tools and arrowheads arranged in rows on a light background, labeled ""Chemung Valley"" and ""Jacobus-1915-25,"" documenting archaeological artifacts from the Corning, NY region."
1373,75-1351,Ellsworth Cowles Collection,1945,archaeological artifacts; trade discs; painted post ny; burial cache; black and white photograph,"This archival photograph documents eight stone trade discs discovered in a burial cache at the Perispino Basement site near the Painted Post in New York, with handwritten labels identifying the artifacts and their provenance from the 1945 excavation."
1374,75-1352,Ellsworth Cowles Collection,1900-1910,arrowheads; stone tools; archaeological artifacts; black and white photograph; museum display,"A museum display photograph showing a collection of Native American arrowheads and stone tools arranged in rows, labeled ""Dredged Tucker-Waverly, N.Y. 1900-1910"" at the bottom, documenting artifacts from the Ellsworth Cowles Collection."
1375,75-1353,Ellsworth Cowles Collection,1920-1925,archaeological artifacts; stone tools; bare island types; black and white photograph; artifact collection display,"A black and white photograph displaying Native American stone tools and artifacts arranged in three rows, labeled as ""Big Flats to Erwin. Some Bare Island types"" with categories identified as ""Reamers"" and ""Flake Knife,"" dated 1920-1925 and attributed to Parrick-Jacobus."
1376,75-1354,Ellsworth Cowles Collection,1950,archaeological artifacts; stone tools; burial site; black and white photograph; artifact documentation,"A black and white photograph from May 21, 1950 (dated 5-21-50) documenting archaeological artifacts from Elmira, Big Island, showing various stone tools and projectile points arranged for cataloging, with notation indicating ""REJECT INTRUSIVE?"" and site identification ""SITE 29"" visible on the image."
1377,75-1355,Ellsworth Cowles Collection,1910-1916,archaeological artifacts; stone tools; native american; black and white photograph; museum specimen,"This black and white photograph displays six stone artifacts from Spanish Hill in South Waverly, NY, dated 1910-1916, showing various worked stone pieces including tools with drilled holes and carved implements from the Storms Farm site between the Chemung and Susquehanna Rivers."
1378,75-1356,Ellsworth Cowles Collection,,archaeological artifacts; stone tools; artifact catalog; black and white photograph; museum documentation,"A museum catalog photograph displaying Native American stone tools and artifacts from three archaeological sites (Susquehannock, Brewerton, and Levanna) excavated from the north side Palisade Line trench in South Waverly, PA, dated 6-26 to 7-3, 1967, with specimen reference BR-43."
1379,75-1357,Ellsworth Cowles Collection,,stone tools; arrow points; archaeological artifacts; black and white photograph; pebble industry,"A black and white photograph displaying a collection of unfinished arrow points and rejects from the pebble industry, labeled as being from Site 5 Big Flats, with some specimens marked as possible scribers, part of the Ellsworth Cowles Collection from Corning, NY local history archives."
1380,75-1358,Ellsworth Cowles Collection,1945,archaeological artifacts; arrowheads; stone tools; tioga canisteio conhocton river sites; black and white photograph,"A 1945 archaeological documentation photograph displaying classified stone projectile points and tools from the Tioga, Canisteo, and Conhocton River sites, with specimens labeled as ""Offset,"" ""Flake,"" ""Reworked,"" and ""Lamoka Type."""
1381,75-1359,Ellsworth Cowles Collection,,archaeological artifacts; stone tools; black and white photograph; numbered specimens; lithic collection,"A black and white photograph displaying nine numbered prehistoric stone artifacts from A. Park Farm, Litchfield Station, N.Y., including a reworked knife, trade discs, a Tomahauk head, net sinks, and a rhyolite blank, arranged on a light background with handwritten labels and annotations."
1382,75-1360,Ellsworth Cowles Collection,,archaeological artifacts; arrowheads; stone tools; big island elmira; black and white photograph,"A museum catalog photograph displaying 39 numbered stone arrowheads and tools from Big Island, south of Elmira, NY, with handwritten annotations indicating unimetrical lamoka-type scrapers and strike-a-lights, including a net sinker specimen."
1383,75-1361,Ellsworth Cowles Collection,1920s,archaeological artifacts; stone tools; black and white photograph; museum display; 1920s documentation,"A museum display photograph showing a collection of stone tools and artifacts from the W. Merrill Site in Wildwood, Sayre, PA, attributed to Isaac Woodruff Farm, with various flaked and worked stone pieces arranged on a light background and labeled with identification number 19205."
1384,75-1362,Ellsworth Cowles Collection,1910,pottery fragments; archaeological artifacts; ceramic sherds; black and white photograph; museum documentation,"Two ceramic pottery sherds from Queen Esther's Flats in Athens, PA, dated 1910, showing a smooth buff interior rim (approximately 14"" diameter) and a horizontal twig brushed buff interior surface, documented as archaeological specimens in the Ellsworth Cowles Collection."
1385,75-1363,Ellsworth Cowles Collection,1930-1931,archaeological artifacts; stone tools; big island elmira; black and white photograph; museum collection,"A black and white photograph from the Ellsworth Cowles Collection (1930-31) displays an arranged collection of stone artifacts and tools from Big Island, Elmira, N.Y., with handwritten catalog numbers and identification markers on each specimen."
1386,75-1364,Ellsworth Cowles Collection,,pottery sherds; archaeological artifacts; huron type; elmira big island; black and white photograph,"A black and white photograph displaying arranged pottery fragments and rim sherds labeled as ""Elmira, N.Y. Big Island"" and ""Rim Huron Type Rim Corner,"" likely from an archaeological collection documenting Native American ceramic artifacts from the Corning area."
1387,75-1365,Ellsworth Cowles Collection,1930-1940,stone tools; archaeological artifacts; pebble industry; flaked knives; scrapers,"A black and white photograph displaying a collection of stone tools labeled ""Pebble Industry Rejects, Scrapers & Flake Knives"" from Dann, Waite, Scudder & Kincella Farms in Painted Post, NY, dated 1930-1940, arranged in five rows showing various worked stone implements."
1388,75-1366,Ellsworth Cowles Collection,1921-1936,archaeological artifacts; stone tools; numbered specimens; artifact catalog; black and white photograph,"A numbered catalog photograph of 43 stone artifacts from the Frank Wood Farm (fields 1, 2, 8, 9, 10 and adjacent areas), dated E.C.C. 1921-36, displaying various worked stone implements and fragments arranged in rows for archaeological documentation."
1389,75-1367,Ellsworth Cowles Collection,1910-1917,archaeological artifacts; stone tools; lamoka types; chemung river; black and white photograph,"A black and white photograph displaying a collection of stone projectile points and tools labeled ""Lamoka Types"" from Chemung, N.Y., west side of Chemung River opposite Spanish Hill area, dated 1910-17 and credited to E.C."
1390,75-1368,Ellsworth Cowles Collection,,archaeological artifacts; stone tools; prehistoric; black and white photograph; artifact catalog,"A museum catalog photograph displaying various stone tools and artifacts labeled A through F, including scrapers, blades, knives, and projectile points dated 3000-2000 B.C., with specimens identified as coming from Levana Broad, Brewerton, and other archaeological sites."
1391,75-1369,Ellsworth Cowles Collection,,archaeological artifacts; stone tools; lithfield station; black and white photograph; prehistoric implements,"A black and white photograph displaying a collection of stone tools and artifacts from Litchfield Station, N.Y., including trade discs, rejects, scrapers, knives, and reamers, dated 1911-14, arranged on a light background for documentation purposes."
1392,75-1370,Ellsworth Cowles Collection,,archaeological artifacts; stone tools; numbered specimens; black and white photograph; artifact catalog,"A black and white photograph displaying a numbered collection of stone tools and artifacts arranged in three rows, with specimens numbered 1 through 38, appearing to be an archaeological documentation or catalog plate from the Ellsworth Cowles Collection."
1393,75-1371,Ellsworth Cowles Collection,,archaeological artifacts; stone tools; iroquois; waverly new york; black and white photograph,"A black and white photograph displaying arranged stone artifacts including Iroquois shards and Algonquin shards collected from Sheppard Flats west of Chemung River in Waverly, New York, with handwritten identification notes at the bottom of the image."
1394,75-1372,Ellsworth Cowles Collection,1910-1915,archaeological artifacts; stone tools; flint; tioga point farm; athens pa,"A black and white photograph displaying four rows of scraped and cut flint tools from the Tioga Point Farm in Athens, Pennsylvania, dated 1910-15, arranged on a light background for archaeological documentation."
1395,75-1373,Ellsworth Cowles Collection,1910-1916,archaeological artifacts; stone tools; black and white photograph; artifact collection; pennsylvania archaeology,"A black and white photograph displaying an arranged collection of stone artifacts and tools recovered from the top of Spanish Hill in Swaverly, Pennsylvania, dated 1910-1916, with specimens outlined and labeled on a white background."
1396,75-1374,Ellsworth Cowles Collection,1910-1916,archaeological artifacts; stone tools; numbered specimens; black and white photograph; artifact catalog,"This archaeological documentation photograph displays numbered stone tool specimens (1-25 plus a knife) from the Genesee site near Spanish Hill in South Waverly, NY, dated 1901-1916, showing contracting-parallel expanding shanks with convex, straight, and concave bases, as noted in the handwritten caption."
1397,75-1375,Ellsworth Cowles Collection,1933,archaeological artifacts; pottery sherds; refuse pit; carantouan; 1933 excavation,"A black and white photograph displaying catalogued ceramic fragments and stone artifacts from a 1933 archaeological excavation at Carantouan refuse pit number 6 in South Waverly, New York, with specimens labeled ""RIMS"" and organized by type on a light background."
1398,75-1376,,,arrowheads; lamoka; flake knife; archaeological artifacts; lownsbury farm,"A black and white photograph displaying a collection of Native American stone tools and projectile points from the Lownsbury Farm in Lownsbury, New York, including labeled specimens such as Lamoka points and a flake knife, dated 1909-16."
1399,75-1377,Ellsworth Cowles Collection,1911-1912,archaeological artifacts; stone tools; native american; lownsbury farm; black and white photograph,"A museum documentation photograph displaying a collection of stone tools and artifacts from the A. Lownsbury Farm in Lownsbury, N.Y., dated 1911-12, with labeled categories including drill and reamers, strike-a-lights, rejects, fleshers, scrapers, perforators, and arrow points."
1400,75-1378,Ellsworth Cowles Collection,,archaeological artifacts; stone tools; flint; rhyolite; jasper,"A black and white photograph displaying a collection of prehistoric stone tools labeled ""Chemung Flats. Flint & Rhyolite & Jasper Flake Knives,"" showing various knapped stone implements arranged in rows on a neutral background."
1401,75-1379,Ellsworth Cowles Collection,1959-1961,archaeological artifacts; stone tools; arrowheads; black and white photograph; museum display,"A black and white photograph displaying an arranged collection of stone arrowheads and tools labeled with handwritten text identifying them as ""straight shanks, contracting, side notched, straight base, expanding, convex"" types from R. Dann & Waite Farms in P. Post, N.Y., dated 1959-61."
1402,75-1380,Ellsworth Cowles Collection,1910-1915,archaeological artifacts; stone tools; arrowheads; black and white photograph; museum display,"A museum display photograph showing a collection of stone artifacts and tools from the Burt Edgecomb Farm in Waverly Springs, dated 1910-1915, with various arrowheads, blades, and implements arranged on a light background and labeled with markings indicating ""reject"" and ""pipe"" specimens."
1403,75-1381,Ellsworth Cowles Collection,1913-1916,archaeological artifacts; stone tools; numbered specimens; black and white photograph; artifact catalog,"A numbered catalog photograph of 38 stone artifacts (specimens 1-38) from Spanish Hill Flats between Hill and River, dated 1913-1916, showing various worked stone tools and flakes arranged on a white background with handwritten labels and archaeological notations."
1404,75-1382,Ellsworth Cowles Collection,1908-1916,arrowheads; stone tools; archaeological artifacts; black and white photograph; artifact collection,"A black and white photograph displaying an arranged collection of stone arrowheads and projectile points from various archaeological periods, including specimens labeled ""Kettle Point 1630 A.D.,"" ""Lamoka-3800 B.C.,"" and ""Strike-a-Light,"" representing different Native American cultures and time periods."
1405,75-1383,Ellsworth Cowles Collection,1932-1945,archaeological artifacts; stone tools; prehistoric; black and white photograph; museum documentation,"A black and white photograph documenting archaeological artifacts from the Robert Dann Farm in Painted Post, New York (1932-45), displaying a gouge, various projectile points and blades numbered 2-10, a broken amulet tally, and a drill, arranged for archival cataloging purposes."
1406,75-1384,Ellsworth Cowles Collection,,archaeological artifacts; stone tools; adena forms; black and white photograph; museum documentation,"A black and white photograph displaying 33 numbered stone artifacts arranged in three rows, labeled as Adena forms from Sidking Farm in Erwin, with notations indicating specimens from A.E. Scudder Farm and reworked pieces, likely from an archaeological collection documentation."
1407,75-1385,Ellsworth Cowles Collection,,archaeological artifacts; stone tools; arrowheads; black and white photograph; museum display,"A black and white photograph displaying an arranged collection of stone arrowheads and tools from various archaeological sites including Bare Island (1000 BC-200 AD), Brewerton Side Notched (3000-2000 BC), Steubenville Stemmed, Madison Points (700-1350 AD), and Levana (700-1350 AD), all from the Lowman, N.Y. area."
1408,75-1386,Ellsworth Cowles Collection,1912-1913,archaeological artifacts; stone tools; lithic collection; black and white photograph; numbered specimens,"A museum catalog photograph displaying 27 numbered stone tools and artifacts from A. Park Farm Litchfield Station, N.Y., dated 1912-13, including scrapers, a knife, and a reworked scraper, with handwritten labels identifying the artifact types and site information."
1409,75-1387,Ellsworth Cowles Collection,1912-1913,archaeological artifacts; stone tools; knives; drills; lithfield station,"A numbered catalog photograph of 45 stone artifacts including scrapers, knives, and drills from A. Park Farm, Litchfield Station, N.Y., dated 1912-13, Site 57.1, showing various prehistoric stone tools arranged and labeled for archaeological documentation."
1410,75-1388,Ellsworth Cowles Collection,,arrowheads; stone tools; archaeological artifacts; black and white photograph; frank wood farm,"A black and white photograph displaying a collection of stone arrowheads and projectile points arranged in rows, labeled ""Frank Wood Farm - Waneta Lake"" at the bottom, documenting archaeological artifacts from the region."
1411,75-1389,Ellsworth Cowles Collection,,archaeological artifacts; stone tools; adena types; dustin site; black and white photograph,"A black and white photograph displaying 43 numbered stone artifacts labeled as ""Adena Types 1-3-4-5-6 and Adac Group"" from the Dustin site (specimens 17-22, 39, 42), with additional later intrusive types from the Lamoka site shown below."
1412,75-1390,Ellsworth Cowles Collection,,stone artifacts; archaeological specimens; net sinkers; fishing tools; black and white photograph,"A black and white photograph displaying various stone artifacts including side-notched net sinkers, broken bits, skinning stones, and decorators, with handwritten labels identifying their archaeological purposes related to fishing and tool use."
1413,75-1391,Ellsworth Cowles Collection,,arrowheads; stone tools; archaeological artifacts; lamoka lake site; black and white photograph,"A black and white photograph displaying approximately 70 stone arrowheads and projectile points arranged in five rows, labeled as being from the Lamoka Lake Site with unfinished original flake surface bases and Archaic types dating to 3500 B.C."
1414,75-1392,Ellsworth Cowles Collection,1910-1917,archaeological artifacts; stone tools; bare island types; late archaic; black and white photograph,"A museum display photograph showing 27 numbered stone tools and artifacts from archaeological sites including Oldchemung and Lowman, New York, dated 1910-1917, with categories labeled as ""rejects & scrapers,"" ""bare island types, late archaic,"" and a drill, comparing specimens from different locations."
1415,75-1393,Ellsworth Cowles Collection,,archaeological artifacts; stone tools; arrowheads; scrapers; black and white photograph,"A numbered catalog of prehistoric stone tools and artifacts from the Chas. Davenport Farm near Garden south of Spring, Big Flats, including scrapers, arrowheads, jasper knives, turtle backs, and other implements with detailed typological classifications noted at the bottom of the image."
1416,75-1394,Ellsworth Cowles Collection,1921-1932,arrowheads; archaeological artifacts; stone tools; black and white photograph; museum collection display,"A black and white photograph displaying an organized collection of triangular stone arrowheads arranged in six rows, labeled ""FORT HILL, ELMIRA, N.Y."" and dated ""1921-32 SITE 15,"" representing archaeological artifacts from the Ellsworth Cowles Collection."
1417,75-1395,Ellsworth Cowles Collection,,arrowheads; triangular points; archaeological artifacts; flaked stone tools; black and white photograph,"A museum display photograph showing approximately 50 triangular arrowheads and flaked stone points arranged in rows, with handwritten labels identifying them as ""triangular arrowpoints mostly iroquois"" and noting they are ""crudely chipped"" examples made of local flint and chert, from the Ellsworth Cowles Collection."
1418,75-1396,Ellsworth Cowles Collection,,stone tools; arrowheads; archaeological artifacts; black and white photograph; numbered specimens,"A black and white photograph displaying a numbered collection of stone arrowheads and tools arranged in rows, with handwritten notes at the bottom identifying various artifact types including ""Algonquin point,"" ""arrow,"" ""notched,"" and other archaeological classifications from the Ellsworth Cowles Collection."
1419,75-1397,Ellsworth Cowles Collection,1931-1948,archaeological artifacts; stone tools; numbered specimens; artifact catalog; black and white photograph,"A numbered archaeological specimen catalog photograph from Robert Dann Farm, P. Post, N.Y. (1931-48) showing 32 stone tools and artifacts including arrowheads, scrapers, and pottery fragments, with handwritten annotations identifying classifications such as ""Archaic,"" ""Plano,"" ""Exotic,"" ""Amoka,"" and ""Southern"" types."
1420,75-1398,Ellsworth Cowles Collection,1933-1941,stone tools; archaeological artifacts; arrowheads; black and white photograph; erwin new york,"A black and white photograph displaying a collection of stone tools and arrowheads from the Stone Pile Site in Erwin, N.Y., labeled as Site 82, showing various flaked stone implements of different sizes and shapes arranged on a light background."
1421,75-1399,Ellsworth Cowles Collection,,arrowheads; stone tools; archaeological artifacts; black and white photograph; indigenous artifacts,"A black and white photograph displaying a collection of stone arrowheads and projectile points arranged on a white background, labeled ""Mouth of Winecoop Creek, Chemung"" at the bottom, from the Ellsworth Cowles Collection."
1422,75-1400,Ellsworth Cowles Collection,,archaeological artifacts; metal tools; axes; museum documentation; black and white photograph,"A black and white archival photograph displaying three ancient metal axes or axe heads of varying sizes arranged vertically against a white background, showing detailed surface patina and wear consistent with archaeological specimens from the Ellsworth Cowles Collection."
1423,75-1401,Ellsworth Cowles Collection,1933,rural landscape; bare tree; agricultural fields; 1930s; black and white photograph,"A black and white photograph from 1933 showing a rural landscape with a prominent bare tree in the foreground, plowed agricultural fields, and scattered trees in the distance, labeled as item 121 in the Ellsworth Cowles Collection."
1424,75-1402,Ellsworth Cowles Collection,1933,archaeological excavation; bare trees; workers; earthwork; 1930s black and white photograph,"A 1933 black and white photograph showing workers engaged in an archaeological excavation on a hillside with bare trees in the background, with visible trenches and soil work marked by stakes."
1425,75-1403,Ellsworth Cowles Collection,,archaeological artifact; ceramic vessel; multiple views; black and white photograph; museum documentation,"Three views of an ancient ceramic vessel head or figurine showing different angles of the artifact, documented in black and white as part of the Ellsworth Cowles Collection at the Corning Museum."
1426,75-1404,Ellsworth Cowles Collection,,excavation site; wooden stakes; rocky terrain; trees; black and white photograph,"A black and white photograph showing an archaeological or construction excavation site with wooden stakes marking the ground, rocky debris in the foreground, and trees visible in the background, labeled with reference number 126."
1427,75-1405,Ellsworth Cowles Collection,1933,skeletal remains; archaeological excavation; burial; black and white photograph; 1933,"A black and white photograph from 1933 showing an archaeological excavation of human skeletal remains laid out in situ within an earthen grave or burial pit, part of the Ellsworth Cowles Collection from Corning, NY local history archives."
1428,75-1406,Ellsworth Cowles Collection,,archaeological artifacts; stone tools; black and white photograph; museum documentation; artifact catalog,"A black and white photograph showing three stone artifacts or tools displayed on a white card with a reference label ""128,"" documenting what appears to be archaeological specimens from the Ellsworth Cowles Collection."
1429,75-1407,Ellsworth Cowles Collection,1933,archaeological excavation; skeletal remains; 1933; black and white photograph; archival documentation,"A black and white photograph from 1933 showing an archaeological excavation with human skeletal remains exposed in sandy soil, with a person's hands visible examining the bones and handwritten reference numbers ""No 8"" and ""No 9"" marked on the archival print."
1430,75-1408,Ellsworth Cowles Collection,,archaeological excavation; skeletal remains; black and white photograph; documentation; burial site,"This black and white archaeological photograph documents an excavated skeletal remain in soil with a reference marker card visible, labeled ""M L GORE"" at the bottom, from the Ellsworth Cowles Collection."
1431,75-1409,Ellsworth Cowles Collection,,skeletal remains; archaeological excavation; black and white photograph; burial; archival documentation,"A black and white archival photograph showing excavated skeletal remains in sandy soil, with visible skull, ribs, and long bones arranged in anatomical position, labeled with reference number 133 from the Ellsworth Cowles Collection."
1432,75-1410,Ellsworth Cowles Collection,,skeletal remains; archaeological excavation; burial site; black and white photograph; historical documentation,"A black and white archaeological photograph showing multiple human skeletal remains exposed in soil during an excavation, with reference markers visible and archive number 134 noted on the image."
1433,75-1411,Ellsworth Cowles Collection,,skeletal remains; archaeological excavation; black and white photograph; burial site; numbered documentation,"A black and white archaeological photograph labeled ""No. 6"" showing human skeletal remains in an excavation pit with a ""KEEP OUT"" sign, earth walls, and documentation markers, credited to M.L. Gore."
1434,75-1412,Ellsworth Cowles Collection,1931,five men; construction or excavation work; 1931; black and white photograph; work crew,"A black and white photograph dated July 1931 shows five men posing together at what appears to be a construction or excavation site, with shovels visible and earthwork in the background, labeled as ""GATE"" and ""BV. No. 20"" on the image."
1435,75-1413,Ellsworth Cowles Collection,,skeletal remains; archaeological excavation; burial; black and white photograph; archival documentation,"This black and white archival photograph documents an archaeological excavation showing human skeletal remains partially exposed in soil, with bones arranged in anatomical position and labeled with reference marker ""20"" visible in the frame."
1436,75-1414,Ellsworth Cowles Collection,,archaeological artifact; pottery; ceramic vessel; black and white photograph; museum documentation,"A black and white photograph of a rounded ceramic vessel or pottery bowl shown from above, displaying wear patterns, surface markings, and what appears to be burn or use marks on its interior surface."
1437,75-1415,Ellsworth Cowles Collection,,archaeological artifacts; stone tools; lamoka; elmira new york; black and white photograph,"A black and white photograph displaying an arranged collection of stone artifacts and tools from Elmira, N.Y. Big Island, with ""Lamoka"" labeled on one specimen, appearing to be an archaeological documentation of prehistoric implements from the Ellsworth Cowles Collection."
1438,75-1416,Ellsworth Cowles Collection,,archaeological artifacts; rim shards; ceramic fragments; black and white photograph; museum documentation,"A black and white photograph displaying a collection of pottery rim shards arranged in rows on a light background, labeled as ""Elmira, Big Island & Adjacent Sites. Rim Shards"" and identified as a ""Large Jar,"" documenting archaeological findings from the Ellsworth Cowles Collection."
1439,75-1417,Ellsworth Cowles Collection,,archaeological artifacts; stone tools; native american; waneta lake; black and white photograph,"A black and white photograph from 1962 showing archaeological artifacts from Waneta Lake, 648 Stocum Road, dated to the Owasco period (900 A.D.), including large stone tools on the left and smaller projectile points, scrapers, and worked stone fragments arranged on the right side of the display."
1440,75-1418,Ellsworth Cowles Collection,,stone tools; artifacts; archaeological specimens; black and white photograph; museum display,"A black and white photograph displaying seven stone tools or artifacts arranged on a gray background, showing various shaped implements including blades, scrapers, and points that appear to be prehistoric or archaeological specimens from the Ellsworth Cowles Collection."
1441,75-1419,Ellsworth Cowles Collection,,archaeological artifact; ceramic vessels; pottery fragments; black and white photograph; museum documentation,A black and white photograph showing three white ceramic or pottery objects arranged on a neutral background—two circular disc-shaped pieces at the top and one elongated cylindrical piece below—likely archaeological artifacts from the Ellsworth Cowles Collection documented for the Corning local history archive.
1442,75-1420,Ellsworth Cowles Collection,,,
1443,75-1421,Ellsworth Cowles Collection,,stone tools; archaeological artifacts; black and white photograph; museum documentation; prehistoric implements,"A black and white photograph displaying three stone tools or artifacts arranged against a neutral background, including two pointed implements and one oval-shaped flaked stone tool, likely from an archaeological collection documenting prehistoric or Native American artifacts from the Corning area."
1444,75-1422,Ellsworth Cowles Collection,,fossil; specimen; paleontology; black and white photograph; museum artifact,"A black and white photograph of a fossilized specimen labeled ""93,"" showing a segmented, rounded form with bilateral symmetry, likely a trilobite or similar paleozoic organism from the Ellsworth Cowles Collection at the Corning Museum of Glass or local history archive."
1445,75-1423,Ellsworth Cowles Collection,,archaeological artifact; bone fragment; museum specimen; black and white photograph; close-up documentation,"A black and white photograph showing two bone fragments or archaeological specimens against a neutral background, with the larger piece displaying a curved shape and central crack, and a smaller rounded piece positioned to the lower right."
1446,75-1424,Ellsworth Cowles Collection,,ceramic vessel; archaeological artifact; black and white photograph; pottery; museum documentation,"A black and white photograph of an ancient ceramic vessel with a flared rim and decorated surface showing geometric patterns and repairs, documented as part of the Ellsworth Cowles Collection at the Corning Museum of Glass archives."
1447,75-1425,Ellsworth Cowles Collection,,ceramic fragments; pottery sherds; archaeological artifacts; black and white photograph; museum documentation,"This black and white photograph shows five ceramic pottery sherds or fragments arranged on a gray background with a scale reference, documenting archaeological artifacts from the Ellsworth Cowles Collection at the Corning Museum of Glass."
1448,75-1426,Ellsworth Cowles Collection,,archaeological artifact; ceramic vessel; pottery fragments; black and white photograph; museum documentation,"A black and white photograph showing two ceramic vessel fragments or pottery sherds displayed against a neutral background with a scale reference cube, likely from an archaeological or museum collection documentation."
1449,75-1427,Ellsworth Cowles Collection,,archaeological artifacts; stone tools; tioga point; black and white photograph; museum documentation,"A black and white photograph documenting three stone artifacts labeled ""Q&F TIOGA POINT,"" including a large rounded stone, a smaller rectangular stone tool, and a flat oval stone, arranged for archival documentation purposes."
1450,75-1428,Ellsworth Cowles Collection,,archaeological artifact; stone tools; museum documentation; black and white photograph; artifact collection,"A black and white photograph showing two elongated stone tools or artifacts with visible wear patterns, with text reading ""GENATS"" visible on the upper specimen, documented as part of the Ellsworth Cowles Collection at the Corning Museum of Glass local history archive."
1451,75-1429,Ellsworth Cowles Collection,,spherical objects; textured surface; close-up photograph; black and white; industrial artifact,"A black and white close-up photograph showing two spherical objects with granular, textured surfaces against a plain background, likely archaeological or industrial specimens from the Ellsworth Cowles Collection."
1452,75-1430,Ellsworth Cowles Collection,,stone tools; archaeological artifacts; ground stone; black and white photograph; museum documentation,"A black and white photograph documenting two ground stone artifacts from the Ellsworth Cowles Collection, showing an elongated grinding stone or pestle above a smaller rounded stone tool against a neutral background."
1453,75-1431,Ellsworth Cowles Collection,,,
1454,75-1432,Ellsworth Cowles Collection,,archaeological artifacts; stone tools; black and white photograph; museum documentation; scale reference,"A black and white photograph showing four stone artifacts arranged on a dark surface with scale markers, including elongated cylindrical stones and a white specimen, likely from an archaeological collection documented by the Ellsworth Cowles Collection at the Corning local history archive."
1455,75-1433,Ellsworth Cowles Collection,,archaeological artifacts; stone tools; museum collection; black and white photograph; artifact documentation,"A museum documentation photograph displaying eight stone artifacts arranged in two rows against a gray background with white identification labels, likely representing prehistoric tools or implements from an archaeological collection."
1456,75-1434,Ellsworth Cowles Collection,,archaeological artifacts; stone tools; museum documentation; black and white photograph; artifact collection,"A black and white photograph displaying seven stone artifacts arranged on a gray background with small identification labels, likely from an archaeological or museum collection documenting prehistoric tools or implements."
1457,75-1435,Ellsworth Cowles Collection,,archaeological artifacts; stone tools; museum documentation; black and white photograph; artifact collection,"A black and white photograph displaying six archaeological artifacts arranged on a neutral background with white scale markers, including stone tools, bone implements, and ceramic or stone vessels from the Ellsworth Cowles Collection."
1458,75-1436,Ellsworth Cowles Collection,,archaeological artifacts; stone tools; black and white photograph; museum documentation; prehistoric objects,"A black and white photograph displaying three stone artifacts arranged on a neutral background with small white scale markers, likely from an archaeological collection or museum documentation."
1459,75-1437,Ellsworth Cowles Collection,,stone tools; archaeological artifacts; black and white photograph; museum documentation; prehistoric implements,"A black and white photograph displaying five stone tools or artifacts arranged on a neutral background with small identification labels, appearing to be archaeological specimens from the Ellsworth Cowles Collection documenting prehistoric implements."
1460,75-1438,Ellsworth Cowles Collection,,archaeological artifacts; stone tools; museum documentation; black and white photograph; artifact collection,"A black and white archival photograph displaying five stone artifacts arranged on a gray background with white identification labels, including what appear to be prehistoric or Native American tools such as axes, scrapers, and grinding stones from the Ellsworth Cowles Collection."
1461,75-1439,Ellsworth Cowles Collection,,,
1462,75-1440,Ellsworth Cowles Collection,,ceramic vessel; archaeological artifact; pottery fragment; black and white photograph; museum documentation,"A black and white photograph of a fragmentary ceramic vessel or pottery piece with a rolled rim and weathered surface, displayed against a neutral background with an identification label visible on the artifact."
1463,75-1441,Ellsworth Cowles Collection,,stone tools; archaeological artifacts; black and white photograph; museum documentation; prehistoric implements,"A black and white photograph displaying four stone tools or artifacts arranged in a row against a dark background, likely from an archaeological collection or museum documentation, with a small scale reference marker visible between the specimens."
1464,75-1442,Ellsworth Cowles Collection,,stone tools; archaeological artifacts; elongated implements; black and white photograph; museum documentation,"This black and white photograph displays three elongated stone tools or artifacts arranged horizontally, likely from an archaeological collection, with the top specimen appearing darker than the two lighter-colored specimens below it."
1465,75-1443,Ellsworth Cowles Collection,,bread loaves; baking; product documentation; black and white photograph; corning ny,"A black and white photograph showing four elongated bread loaves arranged horizontally, with one loaf marked ""ELLSWORTH"" visible on its surface, documenting what appears to be a bakery product from the Ellsworth Cowles Collection."
1466,75-1443,Ellsworth Cowles Collection,,bread loaves; baking; product documentation; black and white photograph; corning ny,"A black and white photograph showing four elongated bread loaves arranged horizontally, with one loaf marked ""ELLSWORTH"" visible on its surface, documenting what appears to be a bakery product from the Ellsworth Cowles Collection."
1467,75-1444,Ellsworth Cowles Collection,,archaeological artifact; stone tool; projectile point; black and white photograph; museum documentation,"A black and white photograph of a white stone projectile point or arrowhead artifact displayed against a dark background with a small scale reference card, typical of archaeological documentation photography from the Ellsworth Cowles Collection."
1468,75-1445,Ellsworth Cowles Collection,,archaeological artifacts; museum collection; black and white photograph; pottery; carved objects,"A black and white photograph displaying five archaeological artifacts arranged on a neutral background with small identification labels, including what appears to be pottery fragments, carved bone or stone objects, and a sculptural head, likely from the Ellsworth Cowles Collection at the Corning Museum of Glass or local history archive."
1469,75-1446,Ellsworth Cowles Collection,1933,skeletal remains; archaeological excavation; burial; black and white photograph; 1933,"A black and white photograph from 1933 showing an archaeological excavation of human skeletal remains in soil, with two skulls visible flanking a ribcage and spine, documented as part of the Ellsworth Cowles Collection from Corning, NY."
1470,75-1447,Ellsworth Cowles Collection,1933,archaeological excavation; skeletal remains; burial site; black and white photograph; 1933,"A black and white archaeological photograph from 1933 showing human skeletal remains excavated from soil with a reference marker and trowel visible, labeled ""MLGORE"" at the bottom of the frame."
1471,75-1448,Ellsworth Cowles Collection,1933,skeletal remains; archaeological excavation; burial site; black and white photograph; 1933,"A black and white archaeological photograph from 1933 showing human skeletal remains excavated from soil with identification markers, labeled ""ML Gore"" at the bottom left corner."
1472,75-1449,Ellsworth Cowles Collection,1933,skeletal remains; archaeological excavation; burial site; black and white photograph; 1933,"A 1933 archaeological excavation photograph (No. 10-12) from the Ellsworth Cowles Collection showing multiple human skeletal remains with bones and skulls arranged in soil, with identification markers and reference cards visible at the excavation site."
1473,75-1450,Ellsworth Cowles Collection,,tree trunk; birch tree; textured bark; black and white photograph; close-up nature,"A close-up black and white photograph showing the detailed texture of a birch tree trunk with characteristic peeling bark, flanked by darker tree trunks on either side, from the Ellsworth Cowles Collection."
1474,75-1451,Ellsworth Cowles Collection,,gravestone; cemetery; carved stone; grass; black and white photograph,"A close-up black and white photograph of an old gravestone with carved inscriptions set in a grassy cemetery plot, with a tree trunk visible behind it and what appears to be additional cemetery markers in the background."
1475,75-1452,Ellsworth Cowles Collection,1933,rural landscape; agricultural field; forested hillside; black and white photograph; 1933,"A black and white photograph showing a cultivated field in the foreground with a tree-lined hillside in the background, typical of the rural Corning, NY area during the Great Depression era of 1933."
1476,75-1453,,,glass object; spherical form; white coating; laboratory specimen; black and white photograph,"A close-up black and white photograph of a spherical glass object with a white powdery or frosted coating on its surface, displayed against a gray background, likely a scientific or museum specimen from the Corning archives."
1477,75-1454,,,fossil; trilobite; specimen; black and white photograph; museum archive,"A black and white photograph of a fossilized trilobite specimen mounted on a white label with a scale reference object, likely from a natural history or geological collection at the Corning Museum."
1478,75-1455,,,telephone equipment; vintage technology; man; black and white photograph; mid-20th century,"Telephone Co-op President Raymond Wheeler uses an early telephone instrument described as close to being a museum piece, as shown in this black and white photograph from the Corning local history archive."
1479,75-1456,,,electrical outlets; vintage advertisement; cooperative power; mid-century; black and white photograph,"A ""Good Power"" advertisement from March 19 (year partially visible) shows a woman seated at a desk examining an electrical outlet panel mounted on a wall, promoting cooperative electrical power distribution."
1480,75-1457,Baseball,,baseball team; corning; early 1900s; black and white photograph; group portrait,"A formal black and white team portrait of a Corning baseball team from the early 1900s, showing approximately 13 young men and boys arranged in three rows, with several wearing uniforms marked with ""C"" for Corning and one player wearing a ""GENINGS"" jersey."
1481,75-1458,Baseball,1900,baseball team; 1900s; uniforms; group portrait; black and white photograph,"A formal team portrait of a Corning baseball team from 1900, showing approximately 16 men arranged in three rows, with players wearing uniforms with visible letters including ""W"" and what appears to be ""1907,"" along with several men in street clothes, posed on outdoor steps."
1482,75-1459,Baseball,,baseball player; notre dame uniform; vintage baseball; early 1900s; black and white photograph,"A baseball player wearing a Notre Dame uniform stands on a baseball field in front of a dugout structure in this early 20th-century black and white photograph from the Corning, NY local history archive."
1483,75-1460,Baseball,,baseball player; vintage uniform; baseball glove; baseball field; black and white photograph,"A baseball player wearing a striped uniform and cap stands on a baseball field holding a glove, photographed in black and white, likely from the early-to-mid 20th century."
1484,75-1461,Baseball,,baseball player; vintage uniform; black and white photograph; early 20th century; baseball field,"A black and white photograph showing a baseball player in vintage uniform holding a bat, with handwritten caption at bottom reading ""Centliver RF"" (right fielder), taken at what appears to be a baseball field in early 1900s Corning, NY."
1485,75-1462,Baseball,,baseball player; notre dame uniform; portrait photograph; black and white; early 1900s,"A black and white portrait photograph of a baseball player wearing a Notre Dame uniform with visible text on the chest, posed standing against a plain background with what appears to be a handwritten signature or notation at the bottom of the image."
1486,75-1463,Baseball,,,
1487,75-1463,Corning Free Academy,,,
1488,75-1464,Airplanes,,early aircraft; biplane; struts and rigging; black and white photograph; vintage aviation,"A close-up view of an early biplane showing its internal strut and wire bracing structure, with visible fabric wings and mechanical components typical of early 20th-century aircraft design."
1489,75-1469,,,railroad cars; freight cars; industrial building; black and white photograph; early 20th century,"A black and white photograph showing railroad freight and passenger cars on tracks beside an industrial brick building with a rooftop sign, likely from the early 20th century in Corning, NY."
1490,75-1470,,,steam locomotive; railroad; snow; winter; black and white photograph,"A black and white photograph showing a steam locomotive with visible smoke and steam billowing from its smokestack, positioned on snowy ground with industrial railroad infrastructure visible in the background."
1491,75-1471,,,steam locomotive; railroad; black and white photograph; bare trees; industrial landscape,A steam locomotive with a tall smokestack emitting smoke is photographed on railroad tracks with bare winter trees visible on the left and industrial buildings in the background.
1492,75-1474,,,tree-lined street; rural road; early 20th century; black and white photograph; unpaved road,"A tree-lined rural road in what appears to be early 20th century Corning, NY, with mature trees creating a canopy over an unpaved dirt street, buildings visible on the right side, and a figure visible in the distance along the roadway."
1493,75-1475,,,park; bare trees; utility poles; brick pavement; black and white photograph,"A black and white photograph of a public park or plaza in Corning, NY, featuring bare deciduous trees, utility poles with street lamps, brick or paved ground, and what appears to be park structures or buildings in the background during winter or late fall."
1494,75-1476,,,rural landscape; bare trees; dirt road; stone building; black and white photograph,"A black and white photograph showing a rural property with a stone building on the left, a dirt road lined with bare poplar trees, and rolling hills in the background under an overcast sky."
1495,75-1477,,,tree-lined street; unpaved road; early 20th century; black and white photograph; rural landscape,"A black and white photograph showing a tree-lined unpaved road or lane with mature trees creating a canopy overhead, appearing to be from the early 20th century, with what may be a structure or water visible in the distance."
1496,75-1478,"Erie Railroad, Corning, N.Y. ",,,
1497,75-1479,Corning Glass Center Buildings,,corning glass works; industrial factory; railroad tracks; brick buildings; black and white photograph,"This historical photograph shows the Corning Glass Works facility in Corning, New York, identified in the caption as ""largest in the world,"" featuring large multi-story brick industrial buildings with multiple smokestacks, railroad tracks in the foreground, and various support structures typical of early 20th-century manufacturing operations."
1498,75-1480,"First Street, Corning, N.Y. ",,tree-lined street; early 20th century; residential buildings; black and white photograph; corning new york,"A black and white photograph labeled ""East First Str., Corning, N.Y."" showing a tree-canopied residential street with Victorian-era houses on both sides and a horse-drawn carriage visible in the distance."
1499,75-1481,Corning Free Academy,,,
1500,75-1482,"Clocktower, Corning, N.Y. ",,,
1501,75-1483,,,church steeple; brick architecture; gothic windows; black and white photograph; religious building,"A black and white photograph showing a tall brick church with a distinctive pointed steeple, Gothic-style arched windows, and architectural details typical of 19th-century ecclesiastical design."
1502,75-1484,,,institutional buildings; stone architecture; church steeple; early 20th century; black and white photograph,"A black and white photograph showing a large Victorian-era stone institutional building on the left with a church featuring a tall steeple on the right, likely depicting a religious or educational complex in Corning, NY from the early 1900s."
1503,75-1485,,,railroad tracks; horse-drawn wagons; industrial buildings; early 20th century; black and white photograph,"A historical photograph showing a railroad yard or industrial area in Corning, NY with horse-drawn wagons, wooden structures, utility poles, and multi-story industrial buildings in the background, likely from the early 1900s."
1504,75-1486,,,downtown street; parade; crowds; historic buildings; black and white photograph,A black and white photograph showing a parade or public gathering on a downtown Corning street with crowds of spectators lining the sidewalk in front of multi-story commercial buildings with distinctive architectural features including arched windows.
1505,75-1487,,,outdoor gathering; large crowd; white uniforms; trees; black and white photograph,"A black and white photograph showing a large outdoor gathering or parade in Corning, NY, with numerous people wearing white uniforms or clothing lined up in formation while spectators watch from the foreground, with mature trees and buildings visible in the background."
1506,75-1488,,,victorian building; clock tower; public gathering; black and white photograph; historic architecture,"A black and white photograph showing a large Victorian-era institutional building with distinctive clock towers and cupolas, surrounded by crowds of people gathered on the lawn in front of it, likely depicting a public event or celebration in Corning, NY."
1507,75-1489,,,vintage automobiles; parade float; residential street; 1930s-1940s; black and white photograph,"A street scene showing a decorated parade float or carnival wagon pulled by an early automobile, with vintage cars parked along a residential street lined with white houses and trees."
1508,75-1490,,,parade; downtown street; utility poles; early 20th century; black and white photograph,"A black and white photograph showing a large crowd gathered for a parade or public procession on a downtown street in Corning, NY, with utility poles, brick buildings, and hills visible in the background."
1509,75-1491,,,parade; children; bicycles; military uniforms; mid-20th century; black and white photograph,"A street parade in Corning, NY featuring children riding bicycles and pushing baby carriages, with uniformed military or civic personnel marching in the background along a tree-lined street."
1510,75-1492,,,parade float; vintage truck; decorative display; black and white photograph; mid-20th century,"A black and white photograph showing a parade float or decorated truck with ""EVANS"" visible on its side, featuring what appears to be large decorative elements, with spectators and buildings visible in the background on a street in Corning, NY."
1511,75-1493,,,parade float; vintage automobiles; 1930s-1940s; downtown corning; black and white photograph,"A black and white photograph showing a decorated parade float mounted on a vintage automobile driving through a downtown street lined with parked cars and brick buildings, likely from a Corning, NY community celebration or parade from the 1930s-1940s era."
1512,75-1495,,,public gathering; parade or procession; downtown corning; mid-20th century; black and white photograph,"A large crowd of people gathered in what appears to be a downtown Corning street or public square, with many individuals holding flags or banners during what looks like a civic parade or public celebration, photographed in black and white."
1513,75-1496,,,parade float; painted post; 1936; vintage automobiles; black and white photograph,"A parade float labeled ""PAINTED POST 1736, — 1936"" travels down a street in Corning, NY, featuring decorative elements and swastika symbols, with 1930s-era automobiles visible alongside residential buildings in the background."
1514,75-1497,Construction,,construction site; stone foundation; rural landscape; waterfront; black and white photograph,"A black and white photograph showing a construction site with partially built stone and concrete structures along a waterfront, surrounded by mature trees and cleared ground, likely from the mid-20th century in the Corning, NY area."
1515,75-1498,Construction,,construction site; wooden scaffolding; brick buildings; early 20th century; hand-colored photograph,"A hand-colored photograph showing construction workers on a wooden scaffolding system in front of brick buildings in what appears to be early 1900s Corning, NY, with several men visible among the construction materials and framework."
1516,75-1499,Construction,,industrial machinery; glass manufacturing equipment; black and white photograph; mid-20th century; factory interior,"A black and white photograph showing industrial machinery and equipment used in glass manufacturing at what appears to be a Corning factory, with wooden beams, metal components, and various mechanical parts visible in the construction or assembly area."
1517,75-1500,Construction,,construction site; concrete walls; wooden scaffolding; worker; mid-20th century,"A construction worker operates on wooden scaffolding at a building site in Corning, NY, surrounded by concrete walls and structural framework, captured in a color photograph showing active construction work."
1518,75-1501,Construction,,construction site; quarry; industrial landscape; wooden structures; vintage photograph,"A historical photograph showing an active quarry or mining operation with excavated earth, wooden support structures, and industrial equipment along a waterway, with forested hills visible in the background."
1519,75-1502,Construction,,construction site; steel framework; rural landscape; utility poles; black and white photograph,"A black and white photograph showing an active construction site with extensive steel framework and wooden forms in the foreground, a large tree in the center, utility poles, hills in the background, and a pile of construction materials visible on the right side."
1520,75-1503,Construction,,industrial glassworks; brick building; factory chimneys; railroad tracks; black and white photograph,"A black and white photograph showing a stone industrial building with multiple tall chimneys in the background, characteristic of a glass manufacturing facility in Corning, NY, with railroad tracks visible in the foreground."
1521,75-1504,Construction,,construction site; concrete foundations; industrial building; rural valley; black and white photograph,"A construction site in a rural valley setting shows concrete foundation pads with white railings, a brick industrial building with a chimney, and forested hills in the background, documenting mid-20th century development in the Corning, NY area."
1522,75-1505,Construction,,,
1523,75-1506,,,downtown street; 1930s automobiles; holiday decoration; pedestrians; black and white photograph,"An aerial view of Market Street in Corning, NY on December 21, 1939, showing multiple 1930s-era automobiles parked and moving through the street with pedestrians shopping, holiday wreaths visible on storefronts."
1524,75-1508,"Corning, New York",,,
1525,75-1509,Coopers,,white wooden church; steeple; rural architecture; black and white photograph; early 20th century,"A black and white photograph showing a white wooden church building with a distinctive pointed steeple, tall windows, and front entrance steps, with outbuildings visible to the left side."
1526,75-1511,Dickinson House,,,
1527,75-1512,"First National Bank & Trust Co., Corning, N.Y. ",,first national bank; market street; corning new york; historic building; early 20th century streetscape,"This black and white photograph shows the First National Bank and Market Street corner in Corning, N.Y., featuring a prominent multi-story brick building with arched windows on the ground floor and regular windows above, with period storefronts and pedestrians visible along the street."
1528,75-1513,,,railroad yard; freight cars; industrial landscape; river valley; black and white photograph,"A view of the Corning railroad yard along the Hudson River Railroad showing multiple tracks with freight cars, industrial buildings nestled against forested hillsides, and a bridge spanning the valley in the distance, dated September 3rd, 1947."
1529,75-1514,,,railroad yards; freight cars; mountainous landscape; industrial infrastructure; black and white photograph,"An aerial view of an extensive railroad yard with multiple tracks lined with freight cars, situated in a valley surrounded by forested hills, with handwritten text at the top referencing ""yards"" and a location stamp visible on the photograph."
1530,75-1515,"Delaware, Lackawanna and Western Railroad Trainwreck, Gibson, N.Y. ",1912,train wreck; derailment; railroad disaster; 1912; black and white photograph,"This black and white photograph documents the Delaware, Lackawanna and Western Railroad trainwreck in Gibson, N.Y. from 1912, showing derailed and overturned train cars with spectators gathered at the accident scene in a rural, hilly landscape."
1531,75-1516,"Delaware, Lackawanna and Western Railroad Trainwreck, Gibson, N.Y. ",1912,,
1532,75-1517,"Delaware, Lackawanna and Western Railroad Trainwreck, Gibson, N.Y. ",1912,railroad wreck; derailed train cars; 1912; black and white photograph; Delaware Lackawanna Western Railroad,"This black and white photograph documents the 1912 Delaware, Lackawanna and Western Railroad trainwreck near Gibson, N.Y., showing derailed freight cars with visible numbering and workers examining the wreckage on an embankment."
1533,75-1518,"First Presbyterian Chruch, Painted Post, N.Y. ",,first presbyterian church; painted post; winter scene; snow-covered evergreens; black and white photograph,"A black and white photograph showing the First Presbyterian Church of Painted Post, New York framed by snow-laden evergreen trees in winter, with the church's steeple visible in the background through bare deciduous trees."
1534,75-1519,,,stone church; gothic architecture; bare trees; winter; black and white photograph,"A black and white photograph of a stone church with a tall steeple featuring Gothic-style pointed arch windows, surrounded by bare trees during winter in what appears to be Corning, NY."
1535,75-1520,Boy Scouts,,,
1536,75-1521,,,formal group portrait; early 20th century; men in suits; women in white dresses; black and white photograph,"A formal black and white group portrait showing approximately 17 people arranged in three rows, with men wearing dark suits in the back rows and women wearing white dresses in the front row, many holding flowers and what appear to be rolled documents or diplomas, suggesting a graduation or ceremonial event from the early 1900s."
1537,75-1522,,,st. patrick's parochial school; corning ny; diploma; 1903; architectural illustration; black and white,"This is a decorative diploma or certificate from St. Patrick's Parochial School in Corning, New York, founded in 1903, featuring an ornate illustration of the school building and Latin text ""Studium Mores Et Doctrina Remunerantur"" with an official seal."
1538,75-1523,Corning Free Academy,1910,corning free academy; diploma; leo joseph relthan; 1910; educational certificate,"This is a decorative diploma from Corning Free Academy in Corning, New York, certifying that Leo Joseph Relthan completed the prescribed course of study and passed satisfactory examinations, featuring ornate Victorian-era design elements and an official seal."
1539,75-1524,Corning Free Academy,1923,corning free academy; group portrait; brick building; arched entrance; 1923,"A 1923 black and white photograph of students and faculty posed in front of the Corning Free Academy building, featuring a distinctive large arched brick entrance with decorative tilework and multi-paned windows."
1540,75-1525,,,parade; downtown street; bunting; early 20th century; black and white photograph,"A crowded street parade or public gathering in downtown Corning with large crowds lining both sides of the street, decorative bunting hanging overhead, and period buildings visible along the street."
1541,75-1527,Floods,,flooded downtown street; vintage storefronts; 1940s automobiles; black and white photograph; Corning NY,"A black and white photograph showing a flooded downtown Corning street with water covering the roadway and sidewalks, vintage 1940s vehicles partially submerged, storefronts including visible signs for ""Alemite"" service and ""Pontiac,"" and period street lamps and utility poles."
1542,75-1528,Floods,,flooded street; industrial buildings; metal fencing; black and white photograph; corning ny,"A black and white photograph showing a flooded downtown street in Corning, NY with industrial buildings, metal fencing, and utility infrastructure submerged in floodwaters."
1543,75-1529,Floods,,flooded river; rushing water; bridge; trees; black and white photograph,"A black and white photograph showing a swollen river with turbulent, cascading water flowing beneath a bridge structure, with trees lining the banks during what appears to be a flood event in Corning, NY."
1544,75-1530,Floods,,flooded street; wooden houses; debris; rural area; black and white photograph,"A black and white photograph showing a flooded rural area in Corning, NY with wooden houses partially submerged in water, debris scattered across the landscape, and utility poles visible in the background during what appears to be a significant flood event."
1545,75-1531,Floods,,flooded buildings; wooden structures; rural flood damage; black and white photograph; agricultural outbuildings,"A black and white photograph showing wooden farm buildings and outbuildings partially submerged in floodwaters, with bare trees visible in the misty background, documenting flood damage in a rural area near Corning, NY."
1546,75-1532,Floods,,flood debris; riverside damage; 1972 flood; corning ny; black and white photograph,"This black and white photograph documents the aftermath of the 1972 flood in Corning, NY, showing extensive debris and wreckage scattered along a riverbank with a cross visible among the destruction and buildings in the background."
1547,75-1532,Floods,1972,flood debris; riverside damage; 1972 flood; corning ny; black and white photograph,"This black and white photograph documents the aftermath of the 1972 flood in Corning, NY, showing extensive debris and wreckage scattered along a riverbank with a cross visible among the destruction and buildings in the background."
1548,75-1533,Floods,,flooded waterway; bridge; mid-20th century; corning ny; black and white photograph,"A black and white photograph showing a wooden bridge spanning over flood waters in Corning, NY, with several people standing on the bridge observing the swollen waterway, residential and institutional buildings visible in the background among dense trees."
1549,75-1534,Floods,1972,flooded residential area; 1972 flood; black and white photograph; suburban street; water damage,"A black and white photograph documenting the 1972 flood in Corning, NY, showing a residential street inundated with floodwater, with houses and evergreen trees visible along the waterlogged road."
1550,75-1535,,,flooded buildings; white wooden church; rural landscape; flood damage; black and white photograph,"A black and white photograph showing a white wooden-sided church with a peaked roof partially submerged in floodwaters, surrounded by forested hills and additional outbuildings, documenting flood damage in the Corning, NY area."
1551,75-1536,Floods,1972,,
1552,75-1537,Floods,1972,flooded landscape; white buildings; willow trees; industrial structures; 1972 flood,"This 1972 photograph documents flooding in Corning, NY, showing a white-roofed building partially submerged in floodwaters, with industrial smokestacks, a church steeple, and weeping willow trees visible along the flooded riverbank against hillside terrain."
1553,75-1538,Floods,1972,flooded street; people wading; speed limit sign; residential area; black and white photograph,"A black and white photograph from 1972 showing a flooded residential street in Corning, NY with people wading through floodwaters past a ""Speed Limit 30"" sign, trees lining the street, and utility poles visible in the background."
1554,75-1539,Floods,1972,flood damage; residential structure; debris; black and white photograph; 1972,"A black and white photograph showing a damaged residential building surrounded by flood debris and mud, documenting the destruction from the 1972 flood in Corning, NY."
1555,75-1540,Floods,1972,1972 flood damage; flooded street; automobiles submerged; commercial buildings; black and white photograph,"This black and white photograph documents flood damage in Corning, NY from 1972, showing submerged and damaged automobiles in front of commercial buildings with visible signage reading ""CARS TRUCKS OPEN"" and ""PAINTED BODY SHOP BODY SHOP AUTO SERVICE,"" with residential structures and mountains visible in the background."
1556,75-1541,Floods,1972,flooded street; mobil gas station; utility poles; black and white photograph; 1972 flood,"A black and white photograph showing a severely flooded street in Corning, NY during the 1972 flood, with a Mobil gas station and surrounding buildings partially submerged in water, utility poles visible in the background, and the floodwaters viewed from an elevated structure."
1557,75-1542,Floods,1972,flood damage; residential house; collapsed roof; 1972 disaster; black and white photograph,"A black and white photograph documenting flood damage to a residential house in Corning, NY, showing a severely damaged roof that has partially collapsed, with debris visible in the foreground and surrounding vegetation, from the 1972 flood event."
1558,75-1543,Floods,1972,residential architecture; mid-century modern house; black and white photograph; 1970s; landscaping,"A black and white photograph of a mid-century modern residential home with a distinctive peaked roof, horizontal lines, decorative chimney elements, and manicured shrubs, typical of 1970s domestic architecture in Corning, NY."
1559,75-1544,Floods,1972,flooded river; bridge damage; 1972 flood; structural collapse; black and white photograph,"This black and white photograph documents the structural damage to a bridge spanning a swollen river during the 1972 Corning flood, showing collapsed steel framework and debris with flood waters and buildings visible in the background."
1560,75-1545,Floods,1972,flooded river; steel bridges; flood protection sign; 1972 flood; black and white photograph,"This black and white photograph documents the 1972 flood in Corning, NY, showing multiple steel bridges partially submerged in floodwaters with a U.S. Army Corps of Engineers flood protection sign visible in the foreground."
1561,75-1546,Floods,1972,flood damage; corning ny; mcdonald's; 1972; black and white photograph,"This 1972 black and white photograph documents flood damage in Corning, NY, showing a McDonald's restaurant and surrounding buildings buried under sand and debris, with a person standing in the devastated landscape."
1562,75-1547,,,neoclassical building; large crowd; bare trees; early 20th century; black and white photograph,"A large crowd of people gathers in front of a substantial neoclassical building with ornamental chimneys and balustrade detailing, likely a civic or institutional structure in Corning, NY, photographed during winter or early spring when trees are bare."
1563,75-1548,Automobiles,,early automobile; residential street; wooden houses; bare trees; black and white photograph,"A black and white photograph showing an early 1900s open-air automobile parked on a dirt residential street in Corning, NY, with wooden houses and bare trees visible in the background."
1564,75-1549,,,horse-drawn carriages; early 20th century; residential building; black and white photograph; corning ny,"A black and white photograph showing two horse-drawn carriages parked in front of a white wooden residential building with people visible near the entrance doorway, likely from the early 1900s in Corning, New York."
1565,75-1550,,,horse-drawn carriage; two men; formal attire; rural landscape; black and white photograph,"A black and white photograph showing two men in dark suits and hats seated in a horse-drawn carriage pulled by a single dark horse on a rural road, with forested hills visible in the background."
1566,75-1551,,,horse-drawn carriage; Victorian house; early 20th century; black and white photograph; residential architecture,"A black and white photograph showing a horse-drawn cart with passengers stopped in front of a Victorian-era house with white columns, balustrades, and a covered porch in what appears to be early 1900s Corning, New York."
1567,75-1552,,,horse-drawn wagon; winter snow; rural landscape; black and white photograph; early 20th century,"Two composite photographs showing horse-drawn transportation in snowy rural settings, with the upper image depicting a wagon with large wheels and the lower image showing a horse-drawn sleigh, both representing early 20th-century winter travel methods in the Corning, NY area."
1568,75-1553,,,horse-drawn sleigh; winter transportation; early 20th century; black and white photograph; rural scene,"A black and white photograph showing a group of people bundled in winter clothing seated in a horse-drawn sleigh pulled by two dark horses across a snowy landscape, likely documenting winter transportation methods in early 20th century rural New York."
1569,75-1554,,,industrial site; lumber mill; log storage; early 20th century; black and white photograph,"A black and white photograph showing an industrial lumber mill operation with stacked logs in the foreground, workers standing near wooden structures and railings, a mill building with a tall smokestack in the background, and mountains visible in the distance."
1570,75-1555,,,market street; corning new york; downtown street; historic architecture; black and white photograph,"A historical black and white photograph of Market Street in Corning, N.Y., showing a wide downtown street lined with multi-story brick and stone commercial buildings, pedestrians, and a horse-drawn vehicle, with awnings visible on the left storefronts."
1571,75-1556,,,rural road; bare trees; wooden bridge; early 20th century; black and white photograph,"A black and white photograph showing a dirt road lined with bare trees leading to a wooden bridge structure spanning what appears to be a river or stream, with a house visible on the left side of the road in a rural landscape."
1572,75-1557,"Deluxe Dairy Products, Inc. ",c. 1940s,deluxe ice cream shop; 1940s automobiles; downtown storefront; black and white photograph; corning ny,"A black and white photograph from circa 1940s showing the Deluxe ice cream shop storefront in downtown Corning, NY, with period automobiles parked on the street and the Ward Williams store visible adjacent to it."
1573,75-1558,,,amusement park; trolley car; vintage photograph; early 20th century; black and white,"A black and white photograph showing an early amusement park or fairground scene with a trolley car, classical building with arched windows on the left, and various structures and landscaping visible in the background with hills beyond."
1574,75-1559,Airplanes,,early aircraft; biplane; cockpit; pilots; black and white photograph,"A black and white photograph showing an early biplane with two pilots visible in the open cockpit, featuring struts, bracing wires, and canvas wings typical of early 20th-century aircraft design."
1575,75-1560,,,lumber mill; industrial; logging; wooden building; black and white photograph,"A black and white photograph showing a lumber mill operation with stacked logs in the foreground, a wooden mill building with a tall chimney in the center, workers on the grounds, and forested hills in the background."
1576,75-1561,"Bridge Street, Corning, N.Y. (Duplicate photo to photo 75-1033)",,downtown corning; bridge street; pulteney street; historic storefronts; black and white photograph,"This black and white photograph shows the junction of Pulteney and Bridge Streets in Corning, N.Y., featuring multi-story brick commercial buildings with street-level storefronts, a traffic sign reading ""SLOW"" and ""TURN RIGHT,"" and streetcar tracks visible in the street."
1577,75-1562,,,brick mansion; victorian architecture; early 20th century; corning ny; black and white photograph,"A Victorian-era brick mansion with distinctive architectural features including a prominent chimney, gabled roofline, and multiple stories stands alongside what appears to be an institutional or religious building in Corning, New York, with period automobiles visible in the foreground."
1578,75-1563,,,brick church; gothic architecture; cross steeple; residential building; black and white photograph,"A black and white photograph showing a brick church with Gothic architectural features, a prominent cross-topped steeple, and arched windows, adjacent to a residential building with a front porch and white fence in what appears to be early-to-mid 20th century Corning, NY."
1579,75-1564,,,school building; brick architecture; corning new york; early 20th century; black and white photograph,"School No. 3 in Corning, N.Y., a two-story brick educational building with classical architectural features including multiple windows, a front entrance with columns, and a raised foundation, photographed in black and white."
1580,75-1565,"Delaware, Lackawanna and Western Railroad Trainwreck, Gibson, N.Y. ",1912,railroad wreck; derailment; 1912; debris; crowd; black and white photograph,"This black and white photograph documents the 1912 Delaware, Lackawanna and Western Railroad trainwreck in Gibson, N.Y., showing a derailed passenger car surrounded by wreckage and a large crowd of onlookers gathered at the accident scene."
1581,75-1566,"Delaware, Lackawanna and Western Railroad Trainwreck, Gibson, N.Y. ",1912,train wreck; derailment; railroad cars; debris; black and white photograph,"A black and white photograph documenting the 1912 Delaware, Lackawanna and Western Railroad trainwreck in Gibson, N.Y., showing severely damaged and overturned railroad cars with twisted metal wreckage scattered across the tracks."
1582,75-1567,"Delaware, Lackawanna and Western Railroad Trainwreck, Gibson, N.Y. ",1912,railroad wreck; derailed locomotive; 1912; disaster; black and white photograph,"This black and white photograph documents the 1912 Delaware, Lackawanna and Western Railroad trainwreck in Gibson, N.Y., showing a severely damaged and derailed locomotive surrounded by onlookers and wreckage, with residential buildings visible in the background."
1583,75-1568,"Delaware, Lackawanna and Western Railroad Trainwreck, Gibson, N.Y. ",1912,train wreck; delaware lackawanna western railroad; gibson ny; 1912; black and white photograph; derailment; steam locomotive; mountainous terrain,"This black and white photograph documents the Delaware, Lackawanna and Western Railroad trainwreck in Gibson, N.Y. in 1912, showing derailed and overturned railroad cars with a steam locomotive emitting smoke, surrounded by onlookers and utility poles, with mountains and a river visible in the background."
1584,75-1569,,,steam locomotive; engine number 1; downtown corning; crowd; black and white photograph,"A front-facing view of steam locomotive number 1 on display in downtown Corning, NY, with spectators gathered alongside brick buildings in the background."
1585,75-1570,,,lumber mill; river; workers; logs; early 20th century,"A black and white photograph showing workers processing logs along a river bank with stacked timber in the foreground and trees lining both sides of the waterway, likely documenting lumber operations in Corning, NY."
1586,75-1571,,,y.m.c.a. building; corning new york; brick architecture; early 20th century; black and white photograph,"A black and white photograph of the Y.M.C.A. Building in Corning, N.Y., showing a three-story Romanesque Revival brick structure with arched windows, ornamental detailing, and ground-floor storefronts, with pedestrians visible on the street below."
1587,75-1572,,,quarry; excavation; steep cliff face; black and white photograph; industrial site,"A black and white photograph showing a steep quarry wall or excavation site with dramatic vertical striations and exposed rock face, with cloudy sky visible in the background and what appears to be mining or quarrying equipment visible in the lower left."
1588,75-1573,,,nineteenth century illustration; horse-drawn carriage; rural settlement; wooden buildings; landscape with water,"A nineteenth-century engraved or drawn illustration depicting a rural settlement scene with wooden buildings, horse-drawn carriages on a wooden plank road, figures in period dress, trees, and a body of water, with hills visible in the background."
1589,75-1574,,,brick street; bare trees; utility pole; brick building; black and white photograph,"A black and white photograph showing a brick-paved street in Corning, NY with a multi-story brick building on the left, bare winter trees, utility poles, and residential structures visible in the distance."
1590,75-1575,,,tree-lined street; unpaved road; wooden buildings; early 20th century; black and white photograph,"A tree-lined unpaved street in what appears to be early 20th-century Corning, NY, lined with wooden residential and commercial buildings on both sides, with mature trees creating a canopy effect down the thoroughfare."
1591,75-1576,,,snow removal; vintage truck; winter landscape; rural road; black and white photograph,"A black and white photograph showing a vintage snow plow truck clearing a snowy rural road with forested hills visible in the background, likely from the mid-20th century."
1592,75-1577,,,m.b. super-market; storefront; downtown corning; black and white photograph; mid-20th century,"A black and white photograph showing the exterior of M.B. Super-Market, a storefront with large display windows on a downtown Corning street, with pedestrians and vintage automobiles visible in the scene."
1593,75-1578,,,elephant parade; circus; downtown street; early 20th century; black and white photograph,"A circus parade featuring elephants walking down a cobblestone street in downtown Corning, NY, with large crowds of spectators lining both sides of the street and period storefronts visible in the background."
1594,75-1579,"City Pump House, Corning, N.Y. ",,city pump house; corning new york; black and white photograph; industrial infrastructure; early 20th century,"A black and white photograph showing the City Pump House in Corning, NY, with visible utility infrastructure including poles and wires, wooden fencing, bare trees, and hillside landscape in the background."
1595,75-1580,,,residential house; white clapboard; two chimneys; early 20th century; black and white photograph,"A black and white photograph showing a white clapboard house with two brick chimneys, multiple windows, and a front porch, with several people seated in the yard and evergreen trees nearby."
1596,75-1581,,,historic house; white clapboard siding; front porch; chimney; black and white photograph,"A black and white photograph of a historic white clapboard house with a front porch, multiple windows, a tall chimney, and an attached outbuilding, surrounded by evergreen trees and an open yard."
1597,75-1582,"Denison Park, Corning, N.Y. ",,denison park; corning ny; pond; bare trees; black and white photograph,"A black and white photograph of Denison Park in Corning, New York, showing a pond or water feature with bare trees along its banks, rolling hills in the background, and buildings visible on the right side of the composition."
1598,75-1583,"Erie Railroad, Corning, N.Y. ",,,
1599,75-1584,"Bridge Street Bridge, Corning, N.Y. ",,bridge street bridge; corning new york; iron truss bridge; river; black and white photograph,"A black and white photograph of the Bridge Street Bridge in Corning, New York, showing an iron truss bridge spanning a river with concrete supports, taken in foggy or misty conditions with hills visible in the background."
1600,75-1585,"Denison Park, Corning, N.Y. ",,denison park; corning ny; park landscape; mature trees; black and white photograph,"A black and white photograph of Denison Park in Corning, New York, showing a tree-lined park setting with several visitors scattered throughout the grassy area beneath large mature trees."
1601,75-1586,"Erie Railroad, Corning, N.Y. ",,,
1602,75-1587,Corning Glass Works Floods,1972,flooded industrial facility; corning glass works; 1972 flood; factory smokestacks; black and white photograph,"This black and white photograph documents the 1972 Corning Glass Works facility severely flooded, with water submerging the industrial complex's lower structures while tall smokestacks remain visible above the floodwaters."
1603,75-1587,Floods,,flooded industrial facility; corning glass works; 1972 flood; factory smokestacks; black and white photograph,"This black and white photograph documents the 1972 Corning Glass Works facility severely flooded, with water submerging the industrial complex's lower structures while tall smokestacks remain visible above the floodwaters."
1604,75-1588,,,portrait photograph; man; eyeglasses; formal attire; early 20th century,"A black and white portrait photograph of a man wearing round eyeglasses, a dark suit jacket, and white collared shirt, photographed in profile against a dark background in what appears to be the early 1900s."
1605,75-1589,,,two-story house; white picket fence; wooden siding; bare trees; early 20th century architecture,"A black and white photograph of a two-story wooden residential house with white picket fencing, featuring classical architectural details including a front porch with columns, multiple tall windows, and a chimney, with bare trees and pedestrians visible in front."
1606,75-1590,"City Pump House, Corning, N.Y. ",,city pump house; brick building; bare trees; early 20th century; black and white photograph,"This black and white photograph shows the City Pump House in Corning, New York, a brick municipal building with a pyramidal roof and central chimney, surrounded by bare trees and situated in a rural or semi-rural landscape with hills visible in the background."
1607,75-1591,Corning Free Academy,,corning free academy; brick building; bare trees; early 20th century; black and white photograph,"A black and white photograph showing the Corning Free Academy building, a substantial brick structure with a prominent chimney, flanked by bare deciduous trees along a street in Corning, NY."
1608,75-1592,Bulb For Edison Monument,1940's,giant light bulb; edison monument; corning ny; 1940s; black and white photograph,"A massive oversized light bulb structure, likely part of the Edison Monument in Corning, New York, photographed in the 1940s, showing the bulb's distinctive shape with vertical ribbing and a textured base section."
1609,75-1605,,,steam locomotive; railroad; paul; r.b.c.c.; black and white photograph,"A side-profile photograph of an early steam locomotive named ""Paul"" operated by the R.B.C.C. (likely Rensselaer & Saratoga Railroad or similar regional line), shown on railroad tracks with visible smokestacks, wheels, and period railroad infrastructure in the background."
1610,75-1606,,,downtown street; historic architecture; storefronts; black and white photograph; early 20th century,"A black and white photograph of a downtown street in Corning, NY showing ornate Victorian-era commercial buildings with storefronts, awnings, and a horse-drawn carriage, typical of early 1900s American streetscape architecture."
1611,75-1607,,,office interior; man at desk; early 20th century; black and white photograph; wooden furniture,"A black and white photograph showing a man seated at a desk in an early 20th-century office interior, surrounded by wooden furniture, shelving with bottles or supplies, framed portraits on the walls, and period office equipment and papers."
1612,75-1608,,,scenic landscape; rocky cliff; lake or river; people; black and white photograph,A black and white photograph showing several people standing on a sandy beach beneath a dramatic rocky cliff face overlooking a body of water with mountains visible in the distant background.
1613,75-1609,,,parade; decorated storefronts; patriotic bunting; crowded street; black and white photograph,"A festive parade scene on a Corning street shows brick buildings decorated with patriotic bunting and flags, with crowds of spectators lining the street and storefronts displaying striped awnings and signage including ""LOOM"" and what appears to be ""BECKER."""
1614,75-1610,,,rocky cliff; person standing; waterfront; river landscape; black and white photograph,"A black and white photograph showing a solitary figure standing on a rocky, sloped embankment beside a body of water with forested shoreline visible across the water."
1615,75-1611,,,rural dirt road; large trees; natural landscape; black and white photograph; early 20th century,"A black and white photograph showing a dirt road lined with large trees and vegetation, with what appears to be water or a stream visible on the left side, depicting a rural natural area near Corning, NY."
1616,75-1612,,,corning ny; valley landscape; residential neighborhood; industrial smokestacks; black and white photograph,"A black and white photograph showing a panoramic view of Corning, New York nestled in a valley surrounded by hills, with residential houses scattered throughout, industrial smokestacks visible in the middle distance, and overgrown vegetation in the foreground."
1617,75-1613,,,industrial plant; railroad tracks; corning ny; early 20th century; black and white photograph,"A black and white photograph showing an industrial manufacturing plant in Corning, NY with multiple brick buildings, railroad tracks in the foreground, smokestacks, and piles of raw materials, representing the industrial heritage of the region."
1618,75-1616,,,brick building; water tower; historic architecture; black and white photograph; early 20th century,"A black and white photograph showing a multi-story brick institutional or industrial building with a distinctive water tower, surrounded by landscaping and vegetation, likely from the early 1900s."
1619,75-1618,,,industrial factory; smokestacks; riverfront; black and white photograph; early 20th century,"A black and white photograph showing an industrial factory complex with multiple tall smokestacks situated along a river, likely the Chemung River in Corning, NY, with wooded areas visible across the water in the background."
1620,75-1619,,,flood; painted post; july 8th; residential buildings; black and white photograph,"A black and white photograph documenting the July 8th flood at Painted Post, N.Y., showing residential buildings partially submerged in floodwater with utility poles and railroad tracks visible in the foreground."
1621,75-1620,,,flood damage; rural landscape; post road; july 1935; black and white photograph,"A black and white photograph showing flood damage along a rural post road in Corning, New York, dated July 8, 1935, depicting eroded terrain, damaged fencing, and snow-covered trees in the aftermath of flooding."
1622,75-1621,,,court house park; corning new york; public park; fountain; early 20th century; black and white photograph,"This black and white photograph shows Court House Park in Corning, New York, featuring a central ornamental fountain with a planted arrangement surrounded by curved stone benches, with visitors seated in the park and trees visible in the background."
1623,75-1622,,,early aviation; biplane; agricultural field; black and white photograph; early 1900s,"A early biplane aircraft flies low over a cultivated field with trees and farm buildings visible in the background, captured in this black and white historical photograph from the early aviation era."
1624,75-1623,,,industrial factory; glass works; kilns; railroad tracks; black and white photograph,"A black and white photograph showing an industrial glass manufacturing facility with multiple cone-shaped kilns, smokestacks emitting smoke, railroad tracks in the foreground, and associated industrial buildings, representing the glass production industry in Corning, New York."
1625,75-1624,,,ingersoll-rand plant; painted post; new york; industrial complex; black and white photograph,"A painted postcard showing an aerial view of the Ingersoll-Rand Plant in Painted Post, New York, featuring industrial buildings with a water tower, administrative structures, and surrounding landscape with hills in the background."
1626,75-1625,,,overhead bridge; seventh ward; corning ny; industrial landscape; black and white photograph,"A black and white historical photograph showing the Overhead Bridge and Seventh Ward in Corning, NY, with industrial buildings, a factory smokestack, residential structures, and hills in the background."
1627,75-1626,,,highway overpass; curved road; rural landscape; mid-century infrastructure; black and white photograph,"A black and white photograph showing a modern curved highway overpass or elevated roadway spanning across a rural valley landscape with forested hills, utility poles, and scattered buildings visible in the distance."
1628,75-1627,,,historic mansion; tudor revival architecture; corning ny; formal gardens; black and white photograph,"A black and white photograph showing Ambassador Houghton's residence and gardens in Corning, New York, featuring a Tudor Revival-style mansion with distinctive half-timbering, brick construction, manicured grounds, and a stone bridge or archway in the foreground."
1629,75-1629,,,frank b. hower scottish rite cathedral; corning ny; brick building; twin cupolas; black and white photograph,"This black and white photograph shows the Frank B. Hower Scottish Rite Cathedral in Corning, New York, a distinctive brick building featuring twin cupolas, multiple stories with regularly spaced windows, and landscaping with trees flanking the entrance."
1630,75-1630,,,corning glass center; architectural rendering; modernist building; aerial view; black and white photograph,"An aerial architectural rendering of the Corning Glass Center in Corning, New York, showing modernist buildings with flat roofs, extensive glazing, surrounding landscaping with trees, and a curved roadway approach."
1631,75-1631,,,historic building; downtown corning; stone architecture; early 20th century; black and white photograph,"A black and white photograph of a prominent multi-story stone building in downtown Corning, NY, featuring Romanesque Revival architecture with arched windows on the ground floor and regular rectangular windows on upper floors, with street-level storefronts and awnings visible at ground level."
1632,75-1632,,,railroad station; lindley ny; nyc station; vintage photograph; black and white,"A black and white photograph of the N.Y.C. Station at Lindley, N.Y., showing a distinctive octagonal station building with railroad tracks, utility poles, and rural landscape in the background, with handwritten annotations visible on the upper portion of the image."
1633,75-1634,,,victorian architecture; institutional building; late 19th century; black and white photograph; corning ny,"A black and white photograph showing a large Victorian-era institutional building with distinctive architecture including a central tower, multiple chimneys, and ornate stonework, surrounded by a fence on an unpaved street in Corning, New York."
1634,75-1636,Floods,1946,,
1635,75-1637,,,iron bridge; river; industrial architecture; mountains; black and white photograph,"A steel truss bridge spans across a wide river with mountains visible in the background and a town with a church steeple along the riverbank, characteristic of the Chemung River landscape near Corning, New York."
1636,75-1639,,,flooded waterfront; wooden buildings; power transmission tower; crowd of people; black and white photograph,"A black and white photograph showing a flooded waterfront scene with a group of people gathered near white wooden buildings and a utility transmission tower, with mountains visible across the water in the background."
1637,75-1640,,,flooded valley; river overflow; forested hills; black and white photograph; landscape,"A black and white photograph showing an extensive flood across a river valley with forested hills in the background, taken from an elevated vantage point overlooking the inundated landscape."
1638,75-1641,,,river; industrial structures; steel bridges; waterfront; black and white photograph,A black and white photograph showing multiple steel truss bridges spanning across a wide river with industrial buildings and smokestacks visible in the background along the far shore.
1639,75-1642,,,industrial waterfront; steam locomotive; iron bridge; river; early 20th century,"A black and white photograph showing an industrial riverside facility with a steam locomotive, factory buildings with smokestacks, and a steel truss bridge spanning across a river, with forested hills visible in the background."
1640,75-1643,,,flooded river; metal bridge; debris; trees; black and white photograph,"A black and white photograph showing a swollen river with debris and uprooted vegetation caught in the floodwaters, with a metal truss bridge spanning across and industrial buildings visible in the background, documenting flood conditions in Corning, NY."
1641,75-1644,,,industrial factory; river; smokestacks; steel bridge; early 20th century,"A black and white photograph showing an industrial manufacturing facility with multiple tall smokestacks situated along a river, with a steel truss bridge visible on the left and hills in the background, likely depicting a glass or steel production plant in Corning, NY."
1642,75-1645,,,steel bridge; river; industrial architecture; early 20th century; black and white photograph,"A black and white photograph showing a steel truss bridge spanning a river with mountains in the background, featuring distinctive lattice framework and pedestrians visible on the bridge deck, likely documenting early infrastructure in the Corning, NY area."
1643,75-1646,,,industrial waterfront; factory smokestacks; river; black and white photograph; early 20th century,"A black and white photograph showing an industrial complex along a river with multiple tall smokestacks, factory buildings, and residential structures in the background, with mountains visible across the water."
1644,75-1647,,,flooded industrial facility; factory with smokestack; flood damage; black and white photograph; early 20th century,"A black and white photograph showing a flooded industrial factory complex with a prominent tall smokestack, wooden structures, and various buildings partially submerged in water, likely documenting flood damage in Corning, NY."
1645,75-1648,,,large gathering; bare trees; winter; archway; black and white photograph,"A large crowd of people gathered on a snowy street lined with bare trees, with a prominent archway or gate structure visible in the center distance, suggesting a public ceremony or event in early 20th century Corning, New York."
1646,75-1649,,,industrial interior; workers; burlap sacks; factory; black and white photograph,"A black and white photograph showing several workers inside an industrial facility handling large burlap sacks, with wooden crates, metal equipment, and overhead structures visible in the background."
1647,75-1650,,,industrial smokestacks; glass factory; river; black and white photograph; early 20th century,"A black and white photograph showing five tall industrial smokestacks of what appears to be a glass manufacturing facility in Corning, NY, situated along a river with forested hills in the background and factory buildings in the foreground."
1648,75-1651,,,brick building; patriotic bunting; early 20th century; downtown corning; black and white photograph,"A brick commercial building in downtown Corning, NY is decorated with patriotic bunting and flags, featuring a storefront with large windows and signage that appears to reference a local business, likely from the early 1900s."
1649,75-1652,,,winter landscape; snow; bare trees; stone bridge; black and white photograph,"A winter scene showing a snow-covered landscape with bare deciduous and evergreen trees flanking a curved stone bridge or walkway, photographed in black and white."
1650,75-1653,,,corning ny; panoramic cityscape; industrial smokestacks; residential neighborhoods; black and white photograph,"A black and white panoramic photograph showing an elevated view of Corning, New York with residential houses in the foreground, the industrial downtown skyline featuring prominent smokestacks in the middle distance, and rolling hills in the background."
1651,75-1654,,,corning ny; industrial town; river valley; early 20th century; black and white photograph,"A black and white photograph showing an elevated view of Corning, New York with industrial factory buildings featuring prominent smokestacks along the Chemung River, surrounded by residential neighborhoods and forested hills in the background."
1652,75-1655,,,river landscape; dense trees; black and white photograph; pastoral scenery; hillside,"A black and white photograph showing a calm river lined with dense deciduous trees and vegetation, with rolling hills visible in the background and grassy banks in the foreground."
1653,75-1656,"Denison Park, Corning, N.Y. ",,stone bridge; river; dense foliage; denison park; black and white photograph,"A black and white photograph showing a curved stone arch bridge spanning a river in Denison Park, Corning, NY, surrounded by dense trees and vegetation along the water's edge."
1654,75-1657,,,winter landscape; snow; bare trees; park or grounds; black and white photograph,"A winter scene showing a snow-covered landscape with bare deciduous trees and what appears to be a wooden railing or fence in the middle distance, photographed in black and white."
1655,75-1658,"Denison Park, Corning, N.Y. ",,denison park; stone bridge; mature trees; black and white photograph; park landscape,"A black and white photograph of Denison Park in Corning, NY showing a stone arch bridge spanning a small stream or pond, surrounded by mature trees and landscaped grounds."
1656,75-1660,,,waterfront property; victorian house; tree-lined; dock; black and white photograph,"A two-story Victorian house with wraparound porches sits on a waterfront property lined with tall trees, featuring a dock or pier structure in the foreground along the water's edge."
1657,75-1661,,,construction site; large crowd; wooden scaffolding; early 20th century; black and white photograph,"A black and white photograph showing a large gathering of people at a construction site with extensive wooden scaffolding and a steam locomotive or industrial equipment visible on an elevated platform, likely documenting a significant building or infrastructure project in Corning, NY."
1658,75-1662,,,birdseye view; hammondport; lake kenka; vineyard; historic town landscape,"A bird's-eye view of Hammondsport, N.Y. on Lake Kenka showing a hillside vineyard in the foreground, a waterfront town with church steeples and buildings in the middle distance, and mountains rising in the background."
1659,75-1663,,,downtown street; patriotic bunting; horse-drawn carriages; brick buildings; early 1900s,"A black and white photograph of a downtown street decorated with American flags and patriotic bunting strung across multi-story brick buildings, with horse-drawn carriages and pedestrians on a street lined with trolley tracks, likely depicting a civic celebration or holiday in early 20th-century Corning, New York."
1660,75-1665,,,aircraft accident; industrial building; mid-century; crashed plane; black and white photograph,"A black and white photograph showing a crashed or damaged aircraft leaning against an industrial brick building marked with the number 39, with crowds of onlookers gathered around the scene and utility poles visible in the background."
1661,75-1666,,,industrial interior; factory machinery; workers; black and white photograph; mid-20th century,"A black and white photograph showing the interior of an industrial facility with two workers operating or maintaining large machinery, wooden support beams, metal equipment, and what appear to be large cylindrical containers or vessels in the foreground."
1662,75-1667,,,historic mansion; italianate architecture; white stone building; columned portico; black and white photograph,"A grand Italianate-style mansion in Corning, NY features a distinctive two-story white stone facade with ornamental cornicing, tall arched basement windows, classical columns supporting a full-width front porch, and decorative chimneys, surrounded by a metal fence and bare winter landscape."
1663,75-1668,,,victorian mansion; bare tree; white clapboard siding; front porch; black and white photograph,"A black and white photograph of a large Victorian-era house with white clapboard siding, featuring a prominent front porch with columns, decorative railings, and a cupola, with a bare tree in the foreground and adjacent outbuildings visible to the left."
1664,75-1670,,,white church building; bare trees; early 20th century; black and white photograph; architectural landmark,"A white-painted church with a steeple is framed by bare deciduous trees along a street, featuring classical architecture with multiple windows and flanking structures, photographed in black and white during what appears to be late fall or early spring."
1665,75-1671,,,victorian mansion; snow; winter; residential architecture; black and white photograph,"A snow-covered Victorian-era residential street in Corning, NY showing a prominent house with a distinctive turret, wraparound porch, and decorative details, flanked by bare trees and neighboring period homes during winter."
1666,75-1672,,,brick church; twin steeples; bare trees; early 20th century; black and white photograph,"A black and white photograph showing a substantial brick church building with distinctive twin steeples and a central cupola, surrounded by bare trees, with a few figures visible on the front steps and adjacent buildings visible in the background."
1667,75-1673,,,clock tower; stone architecture; downtown corning; early 20th century; black and white photograph,"A historic black and white photograph showing a prominent stone clock tower with a conical roof in downtown Corning, NY, surrounded by period buildings and industrial structures with smokestacks visible in the background."
1668,75-1674,,,downtown corning; brick buildings; vintage storefronts; early automobile; black and white photograph,"A black and white photograph of a downtown Corning street corner showing multi-story brick commercial buildings with ornate architectural details, visible storefront signage including ""White Leather"" and what appears to be a theater marquee, and a vintage automobile parked on the street."
1669,75-1675,,,industrial factory; twin smokestacks; nineteenth century; black and white photograph; rural landscape,"A black and white photograph showing a 19th-century industrial factory complex with distinctive twin tall smokestacks, a multi-story main building, surrounding smaller structures, and forested hills in the background, typical of early American manufacturing operations."
1670,75-1676,,,river landscape; wooded banks; calm water; black and white photograph; vintage,"A black and white photograph titled ""The Island"" showing a serene river or waterway lined with dense trees and vegetation on both banks, with still water reflecting the surrounding landscape."
1671,75-1677,,,ingersoll rand plant; industrial building; early 20th century; corning ny; black and white photograph,"A black and white photograph showing a section of the Ingersoll-Rand Plant in Corning, NY, featuring large industrial brick buildings with multiple windows, a wooden fence in the foreground, mature trees, and an unpaved road."
1672,75-1678,,,baseball game; sandy field; early 20th century; recreational sports; black and white photograph,"A black and white photograph showing people playing baseball on a sandy field with mountains visible in the background and buildings lining the distant horizon, appearing to be from the early 1900s."
1673,75-1679,,,baseball game; early 20th century; black and white photograph; outdoor sports; vintage stereoview card,A vintage stereoscopic photograph showing a baseball game in progress on an open field with players positioned across the diamond and spectators visible in the background along tree-lined banks.
1674,75-1680,,,steamboat; holmes; paddle wheeler; river; black and white photograph,"A steamboat named ""Holmes"" with a distinctive paddle wheel and tall smokestack is shown docked or moored in water, with several people swimming or wading in the foreground."
1675,75-1681,,,old state arsenal; corning; historic building; stone tower; black and white photograph,"This black and white photograph shows the Old State Arsenal in Corning, New York, featuring a distinctive stone building with crenellated towers, ivy-covered walls, and surrounding trees on an open grounds area."
1676,75-1682,,,brick buildings; downtown corning; historic architecture; early 20th century; black and white photograph,"A row of connected brick commercial buildings in downtown Corning, NY featuring ornamental cornices, arched windows and doorways, and multi-story facades typical of late 19th or early 20th century architecture."
1677,75-1683,,,corning ny; downtown street; historic building; early 1900s; black and white photograph,"A greeting card photograph showing a prominent corner building in downtown Corning, New York, with ornate Romanesque architecture, ground-floor storefronts, and pedestrians on the street, captioned ""Greeting from Corning, N.Y."""
1678,75-1685,,,clock tower; corning ny; downtown street; historic architecture; black and white photograph,"A historic street scene in Corning, New York featuring a prominent clock tower and surrounding Victorian-era buildings with distinctive peaked roofs, a horse-drawn cart in the foreground, and handwritten notes on the photograph's lower margin."
1679,75-1686,,,embroidery design; floral patterns; textile documentation; vintage needlework; archival photograph,"A documentary photograph showing three embroidery design samples with floral and decorative motifs, including a ""6 in vases, Holly hocks"" pattern and a ""Somerset"" design, with handwritten notes identifying the patterns and their sources."
1680,75-1687,,,decorative designs; geometric patterns; floral motifs; architectural ornaments; black and white photograph,"A composite photograph showing four historical decorative design sketches including ornamental borders with botanical elements, a geometric checkered sunburst pattern, and circular medallion designs, likely architectural or craft documentation from Corning, NY."
1681,75-1688,,,industrial landscape; steel bridge; river; steam; black and white photograph,"A black and white photograph showing an industrial scene along a river with a steel truss bridge spanning the water, factory buildings with smoking chimneys in the background, and their reflections visible in the calm water below."
1682,75-1689,,,baseball team; vintage uniforms; group portrait; early 1900s; black and white photograph,"A formal team photograph of a baseball team wearing uniforms with ""CORNIA"" visible on their jerseys, posed in two rows with period clothing and caps typical of the early 1900s era."
1683,75-1690,,,kennedy house; corning ny; brick building; early 1900s; black and white photograph,"The Kennedy House in Corning, New York, a three-story brick building with ornate architectural details, ground-floor commercial space, and a second-floor balcony with several people visible, photographed in the early 20th century with railroad tracks visible in the foreground."
1684,75-1691,,,parade; downtown street; patriotic bunting; large crowd; black and white photograph,"A large patriotic parade or public gathering fills a downtown street in Corning, NY, with buildings decorated with American flags and bunting, crowds of spectators lining both sides, and hills visible in the background."
1685,75-1692,,,railroad; steam locomotive; industrial; black and white photograph; early 20th century,"A steam locomotive releases a massive plume of white steam and smoke while stopped on railroad tracks, with several workers visible nearby and industrial buildings in the background, documenting an early 20th-century railroad operation in Corning, NY."
1686,75-1693,,,industrial fire; brick building; smoke; wooden structures; black and white photograph,"A black and white photograph documenting a major industrial fire with heavy smoke billowing from wooden structures and a brick building in the background, showing the intensity of the blaze with flames visible through the smoke."
1687,75-1694,,,steam locomotive; railroad; industrial scene; early 20th century; black and white photograph,"A steam locomotive billows heavy smoke while workers and onlookers gather near railroad tracks in what appears to be an industrial or rail yard setting, with utility poles and wooden structures visible in the background."
1688,75-1695,,,railroad yard; fire; firefighting; steam; industrial disaster,"A black and white photograph showing firefighters battling a massive fire at a railroad yard in Corning, NY, with large plumes of smoke and steam rising from burning boxcars and structures while workers operate water streams from the ground."
1689,75-1696,,,industrial building; wooden bridge; evergreen trees; black and white photograph; vintage,"A black and white photograph showing an industrial brick building with a wooden trestle bridge in the foreground, surrounded by evergreen trees, likely documenting Corning's industrial heritage."
1690,75-1697,,,steam locomotive; railroad tracks; steam engine; early 20th century; black and white photograph,"A steam locomotive billows heavy smoke while traveling on railroad tracks, with wooden railroad ties visible in the foreground and utility poles along the line, captured in this early 20th-century black and white photograph."
1691,75-1698,,,steam locomotive; railroad tracks; industrial scene; early 20th century; black and white photograph,"A steam locomotive with crew members and onlookers stands on railroad tracks with massive plumes of steam billowing across the scene, showing an industrial railroad operation from the early 1900s era."
1692,75-1699,,,fire fighting; water spray; wooden structure; firefighters; black and white photograph,"A black and white photograph showing firefighters directing a powerful water stream from a hose onto a wooden building or structure, with a ladder visible on the left side and heavy water spray visible on the right side of the image."
1693,75-1700,"Denison Park, Corning, N.Y. ",,denison park; public park; fountain; vintage photograph; black and white,"A black and white photograph of Denison Park in Corning, NY, showing a landscaped park with a central fountain, walking paths, mature trees, and visitors enjoying the grounds, with hills visible in the background."
1694,75-1701,,,butcher shop; meat display; mid-century; vintage storefront; black and white photograph,"Interior of a mid-20th century butcher shop or meat market in Corning, NY, showing staff behind a large refrigerated display case filled with meat products, with signage visible including ""Star Beef"" and ""Kingan's"" brands, and shelving with packaged goods in the background."
1695,75-1702,,,country club; corning new york; neoclassical architecture; white columns; vintage photograph,"This black and white photograph shows the Country Club in Corning, N.Y., a neoclassical building with prominent white columns, a triangular pediment, and manicured grounds with trees and landscaping."
1696,75-1703,,,railroad fire; firefighting; train cars; black and white photograph; industrial disaster,"Firefighters spray water from a hose onto a massive fire engulfing railroad boxcars and structures at what appears to be a rail yard, with heavy smoke billowing into the sky and railroad tracks visible in the foreground."
1697,75-1704,,,steam locomotive; railroad; industrial; black and white photograph; early 20th century,"A black and white photograph showing a steam locomotive on railroad tracks with heavy smoke billowing from its smokestack, with workers visible on and around the train, likely documenting railroad operations or an industrial scene from early 1900s Corning, NY."
1698,75-1705,,,stone church; steeple; tree-lined street; vintage automobile; black and white photograph,"A historic stone church with a tall pointed steeple and Gothic architectural details stands on a tree-lined street in what appears to be early-to-mid 20th century Corning, NY, with a vintage automobile visible on the road."
1699,75-1706,,,north side baptist church; corning new york; brick church building; steeple; early 20th century photograph,"This sepia-toned photograph shows the North Side Baptist Church in Corning, N.Y., a brick Gothic Revival structure featuring a prominent steeple with pointed spire, arched windows, and a front entrance with steps, surrounded by trees and rural landscape."
1700,75-1707,,,brick building; religious architecture; victorian style; corning ny; black and white photograph,"This black and white photograph shows St. Mary's New Convent in Corning, NY, a Victorian-era brick building featuring ornate architectural details including half-timbered gables, multiple stories with arched and rectangular windows, a covered portico entrance, and adjacent stone structures."
1701,75-1708,,,steamboat; river; person viewing; early color photograph; historic vessel,"A person stands at a railing overlooking a river, viewing a white steamboat with a tall smokestack in the distance, captured in an early color photograph with visible damage and deterioration to the film."
1702,75-1709,,,vintage aircraft; airfield; 1930s-1940s; seaplane; mountainous landscape; black and white photograph,"A black and white photograph showing several vintage seaplanes parked at an airfield with forested mountains in the background, with several people standing near the aircraft on the ground."
1703,75-1710,,,aircraft; vintage airplane; aircraft graveyard; black and white photograph; mid-20th century,"A black and white photograph showing multiple damaged or decommissioned aircraft lined up on the ground with a bicycle in the foreground, surrounded by forested hills in the background."
1704,75-1711,,,aircraft; vintage airplane; hangar; black and white photograph; mid-century aviation,"A black and white photograph showing a vintage single-engine aircraft with distinctive lightning bolt markings parked in a hangar, featuring strut-braced wings and fixed landing gear typical of mid-20th century general aviation aircraft."
1705,75-1712,,,aircraft wreckage; small planes; mountainous landscape; black and white photograph; aviation disaster,"A black and white photograph showing multiple damaged and wrecked small aircraft scattered on a dirt airfield with forested mountains in the background, including a visible aircraft registration number N4902 on one of the wreckages."
1706,75-1713,,,vintage aircraft; biplane; gravel airfield; black and white photograph; 1930s-1940s aviation,"A black and white photograph showing a vintage biplane with visible registration markings on a gravel airfield, featuring distinctive strut-braced wings and a cylindrical fuselage tank or pod mounted above the fuselage."
1707,75-1714,,,portrait; man; residential building; mid-20th century; black and white photograph,"A black and white photograph showing a smiling man standing in front of a house with horizontal siding, wearing a collared jacket and dark trousers, with his hands in his pockets."
1708,75-1715,,,two men; porch; fedora hat; early 20th century; black and white photograph,"A black and white photograph showing two men standing on a residential porch with white railings and support columns, with the man on the left wearing a formal suit and fedora hat and the man on the right in casual work clothes."
1709,75-1717,,,parade; downtown street; patriotic bunting; large crowd; black and white photograph,"A large crowd gathers along a downtown street decorated with patriotic bunting and flags for what appears to be a civic parade or celebration in Corning, NY, with brick buildings lining both sides and hills visible in the background."
1710,75-1718,,,market street; corning ny; downtown street; early 20th century; black and white photograph,"A black and white photograph labeled ""Market Street, Looking West, Corning, N.Y."" shows a pedestrian with a bicycle on a downtown street lined with multi-story brick buildings and storefronts, capturing an early 20th-century urban scene."
1711,75-1719,,,horse-drawn carriage; early 20th century; street scene; umbrellas; brick buildings,"A black and white photograph showing a horse-drawn carriage with passengers holding umbrellas on a street in what appears to be early 1900s Corning, NY, with brick buildings and trees visible in the background."
1712,75-1720,,,movie theater marquee; silent film advertisement; harrison j. wolfe; early cinema; black and white photograph,"A movie theater marquee displays promotional materials for films featuring Harrison J. Wolfe and ""The Platters,"" with visible pricing of 20¢, 30¢, and 50¢, and text referencing ""The Corsican Brothers,"" ""David Garrick,"" and other titles in what appears to be an early 20th-century cinema advertisement."
1713,75-1721,,,elephant; girl scouts; west market street viaduct; corning ny; vintage parade,"A black and white photograph showing Girl Scouts leading an elephant with brakes across the West Market Street viaduct in Corning, NY, as indicated by the caption ""THE ONLY ELEPHANT WITH BRAKES was the one Saturday which Girl Scouts 'led' across the West Market Street viaduct."""
1714,75-1722,,,balloon parade; st. patrick's cadets; animal train float; marching procession; black and white photograph,"St. Patrick's Cadets marching in formation alongside an animal train float during Saturday's balloon parade in Corning, NY, as noted in the visible caption below the photograph."
1715,75-1723,,,carnival; street fair; decorated structure; early 20th century; black and white photograph,"A crowded street scene showing pedestrians and bicycles gathered around an ornately decorated carnival or fair structure with arched entrance, flanked by brick buildings and a church steeple visible in the background in what appears to be early 1900s Corning, New York."
1716,75-1724,Balloonists,1900,hot air balloon; early 1900s; crowd gathering; town landscape; black and white photograph,"A hot air balloon ascends over a crowded field in Corning, NY around 1900, with spectators, horse-drawn carriages, and a fountain visible in the foreground, and the town's buildings and hills visible in the background."
1717,75-1725,,,horse-drawn carriage; historic architecture; church steeple; early 1900s; black and white photograph,"A horse-drawn carriage with two passengers travels on a dirt road past Victorian-era stone buildings and a prominent church with a tall steeple in what appears to be a late 19th or early 20th century Corning, New York street scene."
1718,75-1726,,,corning painted post; parade float; children; mid-20th century; black and white photograph,"A black and white photograph showing children on a parade float or display labeled ""CORNING AND PAINTED POST,"" likely from a mid-20th century community event or celebration in the Corning, New York area."
1719,75-1727,,,trolley station; wooden buildings; early 20th century; black and white photograph; rural architecture,"A black and white photograph showing a trolley station with passengers boarding or waiting, adjacent to wooden residential buildings with chimneys, trees, and several people visible in the scene, likely from the early 1900s in the Corning, NY area."
1720,75-1728,,,backyard gathering; wooden house; late 19th century; group portrait; black and white photograph,"A large group of men, women, and children gathered in the backyard of a wooden house with a two-story structure and wraparound porch, appearing to be a social gathering or family event from the late 1800s."
1721,75-1729,,,bicycle; woman; indoor; louvered windows; black and white photograph,A black and white photograph showing a woman posing with a bicycle indoors against a wall with louvered windows or vents visible in the background.
1722,75-1730,,,baseball game; rural landscape; early 20th century; hillside; black and white photograph,"A baseball game in progress on a rural field with hills and houses visible in the background, photographed through a circular lens or vignette effect, showing players scattered across the diamond with spectators gathered on the sidelines."
1723,75-1731,,,downtown street; brick buildings; early 20th century; utility poles; black and white photograph,"A black and white photograph of a downtown Corning street lined with multi-story brick commercial buildings, utility poles, and bare trees, showing early 20th-century urban architecture and infrastructure."
1724,75-1732,,,tree-lined street; steuben street; early 20th century; corning ny; black and white photograph,"A tree-lined residential street identified as Steuben Street in Corning, New York, showing a peaceful early 20th-century avenue with mature trees flanking both sides of the unpaved road and houses visible in the distance."
1725,75-1733,,,corning glass works; industrial complex; early 20th century; black and white photograph; factory buildings,"This historical photograph shows the Corning Glass Works industrial complex with Victorian-era administrative buildings, a prominent clock tower, factory structures, and manufacturing equipment displayed in the foreground, set against a backdrop of forested hills."
1726,75-1734,,,north hamilton street; corning ny; brick buildings; painted post indian; early 20th century; sepia photograph,"A sepia-toned photograph of North Hamilton Street in Corning, NY, showing brick commercial buildings lining the street with a painted Indian figure visible on a post on the right side, bare trees and hills in the background, and utility poles along the street."
1727,75-1735,,,downtown corning; historic storefronts; early 20th century; wooden utility poles; black and white photograph,"A historic downtown street scene in Corning, NY showing a row of commercial buildings including a ""Cassette's"" storefront and ""Terrell's Drug Store,"" with wooden utility poles and a monument or marker visible in the foreground."
1728,75-1736,,,industrial factory; brick buildings; smokestacks; early 20th century; black and white photograph,"A black and white photograph showing an industrial factory complex with multiple tall smokestacks, brick buildings, and outbuildings, with visible text on a structure reading ""Celebrated Henry Clay Co."" and references to ""Soft Coal Kiln,"" documenting what appears to be a coal or manufacturing facility from the early 1900s."
1729,75-1737,,,sawmill; industrial buildings; lumber logs; smokestacks; black and white photograph,"A historic black and white photograph showing a wooden sawmill complex with corrugated metal roofing, two tall industrial smokestacks emitting smoke, railroad cars on tracks, and stacked logs in the foreground, typical of early 20th-century timber processing operations."
1730,75-1738,,,downtown street; brick buildings; early 1900s; unpaved road; storefronts,"A wide unpaved downtown street in Corning, NY lined with multi-story brick commercial buildings featuring storefronts at street level, with pedestrians and horse-drawn vehicles visible in the distance, photographed in the early 1900s."
1731,75-1739,,,retail store interior; mid-century display; chiffon soap products; grocery store; black and white photograph,"This black and white photograph shows the interior of a mid-century retail store or grocery display featuring prominently stacked boxes of Chiffon soap products in the foreground, with various merchandise displays, shelving units, and store employees visible throughout the modernist interior space."
1732,75-1740,,,clock tower; industrial buildings; early 20th century; corning ny; black and white photograph,"A black and white photograph showing a stone clock tower with a distinctive spire in the center of an industrial complex in Corning, NY, flanked by factory buildings with twin smokestacks on the left and additional structures on the right, viewed through a doorway or frame."
1733,75-1741,,,downtown corning; historic architecture; stone building; traffic lights; mid-20th century; black and white photograph,"A black and white photograph showing a prominent multi-story stone building with classical architectural details on a downtown Corning street corner, with vintage automobiles, traffic lights, and a evergreen tree visible along the street."
1734,75-1742,,,victorian architecture; stone building; multiple turrets; sepia photograph; corning ny,"A grand Victorian-era stone building with multiple conical turrets and towers, featuring Romanesque arches and ornate architectural details, photographed from a street corner in what appears to be late 19th or early 20th century Corning, New York."
1735,75-1743,,,neoclassical building; american flag; columned facade; historic mansion; black and white photograph,"A stately neoclassical white building with prominent columns, a triangular pediment, and an American flag flying from its roof sits on a sloped lawn surrounded by landscaping and trees."
1736,75-1744,,,city hall; corning new york; victorian architecture; brick building; historic landmark,"City Hall in Corning, N.Y., a Victorian-era brick building featuring multiple conical towers, arched windows, and ornamental details, as identified by the text caption in the upper left corner of this historical photograph."
1737,75-1745,,,school building; brick architecture; corning new york; early 20th century; black and white photograph,"This photograph shows School No. 3 in Corning, N.Y., a two-story brick educational building with classical architectural details, multiple windows, a columned entrance portico, and a raised foundation, situated on landscaped grounds with a figure visible in the foreground."
1738,75-1746,,,hilo bay hawaii; sailing ships; tropical landscape; black and white photograph; archival document,"A black and white photograph labeled ""Hilo Bay Hawaii"" showing a calm bay with multiple sailing vessels anchored in the distance and a distinctive wind-swept tree on a peninsula in the foreground, mounted on an archival page."
1739,75-1748,,,high school; brick building; bare trees; early 20th century; black and white photograph,"A two-story brick high school building with decorative cornicing and multiple chimneys, surrounded by bare trees and an open yard, labeled ""HIGH SCHOOL"" at the bottom of the photograph."
1740,75-1749,,,ingersoll rand plant; industrial buildings; early 20th century; sepia photograph; corning ny,"A sepia-toned photograph labeled ""Section of Ingersoll—Rand Plant"" showing brick industrial buildings with a wooden fence in the foreground and trees surrounding the facility, representing the manufacturing operations in Corning, New York."
1741,75-1750,,,eggington's glass cutting shop; corning ny; brick industrial building; early 20th century; black and white photograph,"This photograph shows Eggington's Glass Cutting Shop in Corning, New York, a brick industrial building with multiple windows, an office entrance, and a chimney, representing the city's historic glass manufacturing industry."
1742,75-1751,,,industrial landscape; factory complex; mountains; residential area; sepia photograph,"A sepia-toned photograph showing an industrial manufacturing complex with multiple large factory buildings, smokestacks, and residential structures nestled in a valley surrounded by forested mountains, likely depicting Corning, NY's glass manufacturing industry in the early-to-mid 20th century."
1743,75-1752,,,industrial complex; factory smokestacks; brick buildings; coal kiln; black and white photograph,"A black and white photograph showing the Celebrated Henry Clay Coal Kiln industrial facility in Corning, NY, featuring multiple tall smokestacks, brick factory buildings, and associated structures typical of early 20th-century industrial manufacturing."
1744,75-1753,,,corning glass works; industrial factory; river bridge; early 20th century; black and white photograph,"This historical photograph shows the Corning Glass Works facility in Corning, New York, featuring multiple industrial buildings with tall smokestacks situated along a river crossed by an arched stone bridge, with forested hills visible in the background."
1745,75-1754,,,glassblowing; craftsman; industrial workshop; black and white photograph; mid-20th century,"A glassblower works at a furnace in an industrial workshop, bending over a workbench while handling molten glass with tools, surrounded by corrugated metal walls and various equipment typical of a glass manufacturing facility."
1746,75-1755,,,victorian house; wooden siding; front porch; bare trees; black and white photograph,"A two-story Victorian-era wooden house with horizontal siding, a wraparound front porch with decorative railings, and bare trees in the yard, photographed in black and white during late fall or early spring in what appears to be a residential neighborhood in Corning, NY."
1747,75-1757,,,neoclassical building; columned facade; historic architecture; trees; black and white photograph,"A black and white photograph showing a neoclassical white building with prominent columns and a pediment roof, framed by large trees on a grassy lawn, likely a historic civic or institutional structure in Corning, NY."
1748,75-1758,,,stone arsenal; corning new york; historic building; castellated towers; black and white photograph,"This black and white photograph shows the Stone Arsenal in Corning, New York, a castellated stone structure with four corner towers and crenellated parapets, surrounded by vegetation and trees."
1749,75-1759,,,horse-drawn carriage; winter landscape; snow; bare trees; black and white photograph,"A black and white photograph showing two people seated in a horse-drawn wagon traveling through a snowy winter landscape with bare trees, utility poles, and distant hills visible in the background."
1750,75-1760,,,sailing ship; maritime; foggy conditions; black and white photograph; historical vessel,"A black and white photograph showing a multi-masted sailing ship viewed through a circular frame or porthole, with the vessel appearing ghostly in heavy fog or mist on the water."
1751,75-1761,,,sailing ship; pacific ocean; black and white photograph; vintage maritime; handwritten caption,"A black and white photograph showing a three-masted sailing vessel on the horizon of the Pacific Ocean, with handwritten text at the bottom reading ""Vessel on the Pacific Ocean."""
1752,75-1762,,,sailing ship; coastal rocks; tropical vegetation; bay; black and white photograph,"A black and white photograph showing a multi-masted sailing ship anchored in a bay with rocky outcroppings in the foreground, tropical palm fronds visible at the top, and handwritten caption reading ""Ship Rhoderick Dhu on Rocks Bay."""
1753,75-1763,,,naval vessel; u.s. battleship; ocean; early 20th century; black and white photograph,"A black and white photograph showing the U.S. Battleship Iowa in Hudson Bay, with handwritten caption identifying the vessel and location on the mount below the image."
1754,75-1764,,,downtown corning; early 20th century; street scene; classical architecture; black and white photograph,"A black and white photograph showing a downtown Corning street scene featuring a prominent multi-story classical building with regular window patterns, period automobiles, pedestrians, and surrounding commercial structures typical of early 20th century American urban architecture."
1755,75-1765,,,state street viaduct; steel bridge; corning ny; black and white photograph; industrial infrastructure,"A black and white photograph labeled ""State Street Viaduct"" showing a steel truss bridge spanning over industrial buildings and structures in Corning, New York, with vegetation visible in the foreground."
1756,75-1766,,,parade float; whoopee; riverside builders supply; corning ny; 1920s automobile; black and white photograph,"A parade float from Corning, NY dated July 4, 1920 features a ""Whoopee"" themed display with signage for ""Riverside Builders Supply Co., Inc."" alongside a vintage automobile on a residential street."
1757,75-1767,,,victorian house; elevated foundation; forested hillside; delevan avenue; black and white photograph,"A black and white photograph of Col. Berry's residence at 210 Delevan Avenue, showing a large Victorian-style house with multiple gables and dormers built on an elevated foundation, set against a densely forested hillside."
1758,75-1768,,,downtown street; brick buildings; pedestrians; early 20th century; black and white photograph,"A busy downtown street scene in Corning, NY showing pedestrians and storefronts along a tree-lined commercial district with multi-story brick buildings on both sides, likely from the early 1900s."
1759,75-1769,,,downtown street; patriotic bunting; military uniforms; civic celebration; black and white photograph,"A large crowd of uniformed military personnel and civilians gather on a decorated downtown street lined with patriotic bunting and flags, suggesting a civic celebration or military parade in Corning, NY."
1760,75-1771,,,aerial view; large crowd; baseball game; stadium; black and white photograph,"An aerial photograph showing a large crowd of spectators gathered along the sidelines of what appears to be a baseball field or sporting event, with players visible on the field below, taken from above in black and white."
1761,75-1772,,,man; airplane; vintage aircraft; black and white photograph; mid-20th century,"A man in a suit and cap stands on an airfield next to a vintage aircraft, holding what appears to be a newspaper or document, with a body of water visible in the background."
1762,75-1773,,,large gathering; formal ceremony; flags; platform stage; black and white photograph,"A black and white photograph showing a large formal gathering or ceremony with hundreds of people assembled on and around a central platform, surrounded by flags and ceremonial elements, viewed from an elevated perspective."
1763,75-1774,,,downtown street; patriotic bunting; american express company; horse-drawn carriage; early 20th century,"A downtown Corning street scene decorated with elaborate patriotic bunting and flags, featuring storefronts including the American Express Company, with pedestrians and a horse-drawn carriage visible on the street."
1764,75-1775,,,early automobile; brick buildings; unpaved street; downtown corning; black and white photograph,"A black and white photograph showing an early motorcar with ""American"" visible on its side parked on an unpaved street in downtown Corning, NY, with brick commercial buildings and pedestrians visible in the background."
1765,75-1776,,,liquor and glass factory; industrial landscape; Corning NY; black and white photograph; factory buildings,"A black and white photograph showing a view of the Liquor and Glass Factory in Corning, NY, with multiple industrial buildings, smokestacks, a tall chimney or tower, and forested hills in the background."
1766,75-1777,,,steam locomotive; railroad station; crowd gathering; early 20th century; black and white photograph,"A black and white photograph showing a large crowd of people gathered around steam locomotives at what appears to be a railroad station or depot, likely in Corning, NY, depicting an early 20th-century railway event or celebration."
1767,75-1779,,,railroad tracks; uniformed officer; industrial facility; black and white photograph; mid-20th century,"A black and white photograph showing a uniformed railroad or military officer standing on railroad tracks at what appears to be an industrial or rail yard facility, with utility poles, fencing, and hills visible in the background."
1768,75-1780,,,steam locomotive; railroad; vintage train; black and white photograph; early 20th century,"A black and white photograph showing a steam locomotive numbered 295 with passenger cars on railroad tracks, with several men standing beside the train, likely from the early 1900s."
1769,75-1781,,,industrial factory; brick buildings; tall chimney; black and white photograph; corning ny,"A black and white photograph showing an industrial factory complex in Corning, NY with a prominent tall conical chimney, multiple brick buildings, and partial signage visible on the right building, likely documenting the region's glass or manufacturing heritage."
1770,75-1782,,,fire trucks; industrial facility; mid-20th century; black and white photograph; firefighting equipment,"A black and white photograph showing vintage fire trucks parked outside an industrial building with workers visible on the roof and ground, with hoses laid out on the pavement in what appears to be a training or emergency response scenario from the mid-20th century."
1771,75-1783,,,river view; industrial landscape; glass factory; early 20th century; black and white photograph,"A black and white photograph showing an industrial riverside scene with factory smokestacks, likely from Corning's glass manufacturing era, featuring a waterway with industrial buildings and structures along the opposite bank beneath rolling hills."
1772,75-1784,,,funeral procession; cemetery; flags; formal ceremony; black and white photograph,"A formal funeral or memorial service taking place in an open field with a large gathering of people in dark clothing arranged in lines, flags displayed, a decorated structure or casket in the center, and empty chairs visible in the foreground, suggesting a significant civic or military ceremony."
1773,75-1785,,,formal gathering; men in suits; rural setting; mid-20th century; black and white photograph,"A black and white photograph showing a group of formally dressed men gathered in an open field with rural buildings and a crowd visible in the background, appearing to document an official or ceremonial event from the mid-20th century."
1774,75-1786,,,outdoor ceremony; large gathering; baseball field; bleachers; black and white photograph,"An aerial view of a large formal gathering or ceremony taking place on a baseball field in Corning, NY, with rows of seated participants on a central platform, spectators in bleachers, and military or uniformed personnel arranged on the right side."
1775,75-1787,,,memorial ceremony; military personnel; wreath laying; american flag; black and white photograph,"A formal memorial or dedication ceremony in downtown Corning, NY, featuring military personnel and civilians gathered around a wreath on a tripod stand with an American flag, in front of historic brick buildings."
1776,75-1788,,,two men; 1950s automobile; winter scene; street parking; black and white photograph,"Two men in coats and hats stand beside a 1950s-era car parked on a snowy street in what appears to be downtown Corning, with brick buildings visible in the background and a partial parking sign visible on the right."
1777,75-1789,,,black and white photograph; indoor gathering; mid-20th century; formal meeting; group portrait,"A black and white photograph showing an indoor gathering of six people, including a well-dressed older man in a dark suit speaking with or greeting several women and children in casual 1950s-era clothing, suggesting a formal visit or community event."
1778,75-1790,,,three men; formal suits; black and white photograph; indoor; mid-20th century,"A black and white photograph showing three men in formal business attire engaged in conversation indoors, with the center man appearing older and smiling while the two flanking men listen attentively."
1779,75-1791,,,giant inflatable figures; parade or exhibition; mid-20th century; black and white photograph; public gathering,"A black and white photograph showing large white inflatable balloon figures displayed at what appears to be a public parade or exhibition in Corning, NY, with spectators gathered around the massive sculptural forms."
1780,75-1792,,,corning glass works; anniversary celebration; parade float; 1948; black and white photograph,"A large decorative parade float celebrating Corning Glass Works' 80-year anniversary from 1868 to 1948, featuring text referencing Edison and the company's history in Corning, with the Ecker Drug Store visible in the background."
1781,75-1793,,,outdoor event; large crowd; boats; performance or pageant; black and white photograph,"A black and white photograph showing a large crowd gathered around boats and performers in what appears to be an outdoor festival or pageant event, possibly depicting a historical or theatrical scene with costumed participants."
1782,75-1794,,,parade float; new york telephone company; corning ny; 1940s; black and white photograph,"A New York Telephone Company parade float featuring a large telephone booth structure passes through downtown Corning, NY, with crowds of spectators lining the street and signage reading ""1898 140 TELEPHONES IN CORNING"" visible on the float."
1783,75-1795,,,parade float; downtown corning; drug store; vintage automobile; black and white photograph,"A black and white photograph showing a parade float or vehicle display on a downtown Corning street with crowds of spectators gathered around, featuring signage for ""Richer Drug Store"" and ""Eger Drug Store"" on nearby storefronts."
1784,75-1796,,,parade float; crowd; vintage carnival; black and white photograph; mid-20th century,"A black and white photograph showing a large decorated parade float with elaborate sculptural elements and ornamental details surrounded by spectators at what appears to be a mid-20th century carnival or parade event in Corning, NY."
1785,75-1797,,,formal event; women; white dress; 1940s-1950s; black and white photograph,"A black and white photograph showing three women at what appears to be a formal social event, with one woman wearing a white gown being attended to by two others in dark formal attire against a brick wall backdrop."
1786,75-1798,,,parade float; 1948; crowd; vintage automobiles; black and white photograph,"A black and white photograph of a 1948 parade float featuring ""Michigan the Easy Way"" signage with ""Softwater"" branding, surrounded by crowds of spectators in period clothing, likely from a Corning, NY civic celebration or promotional event."
1787,75-1799,,,downtown street; wooden utility poles; brick buildings; early 20th century; black and white photograph,"A street scene in Corning, NY showing a wide dirt road lined with utility poles, brick industrial buildings, pedestrians in period clothing, and mountains visible in the background, with the reference number ""23"" visible in the lower right corner."
1788,75-1800,,,military formation; victorian mansion; early 20th century; uniformed soldiers; black and white photograph,"A black and white photograph showing a line of uniformed soldiers in formation on a grassy field with a distinctive Victorian-era building featuring a tower visible in the background, with spectators gathered to observe the military assembly."
1789,75-1801,,,river; industrial equipment; dredging operation; black and white photograph; hillside landscape,"A black and white photograph showing a dredging operation on a river with a tall crane or derrick mounted on a barge, surrounded by wooded hills and industrial structures along the shoreline."
1790,75-1802,,,industrial site; concrete structure; excavation; metal fencing; black and white photograph,"A black and white photograph showing an industrial excavation site with concrete structures, metal fencing, and earthen berms, with factory buildings and a steel bridge visible in the background, likely documenting construction or industrial development in Corning, NY."
1791,75-1803,,,parade; downtown street; early 1900s; brick buildings; large crowd; black and white photograph,"A large crowd gathers along a downtown street lined with brick buildings for what appears to be an early 20th-century parade or public procession in Corning, NY, with spectators in period clothing lining both sides of the unpaved street."
1792,75-1804,,,parade; downtown street; early 20th century; crowds; black and white photograph,"A large parade or public gathering fills a downtown street lined with brick and wooden commercial buildings, with crowds of spectators lining both sides and marchers carrying banners proceeding down the unpaved street in what appears to be early 1900s Corning, New York."
1793,75-1805,,,downtown street; horse-drawn carriages; crowds; early 1900s; black and white photograph,"A busy early 20th-century downtown street scene in Corning, NY showing crowds of pedestrians and horse-drawn carriages lined along brick commercial buildings, with the photograph marked with archive number 16."
1794,75-1806,,,corning ny; downtown street; wooden utility poles; brick buildings; early 20th century; black and white photograph,"A black and white photograph showing a downtown Corning, New York street scene with brick industrial buildings, wooden utility poles with multiple crossarms, horse-drawn wagons, pedestrians, and hills visible in the background, likely from the early 1900s."
1795,75-1807,,,early aviation; seaplane; water landing; historical aircraft; black and white photograph,"A black and white photograph showing an early seaplane with multiple passengers aboard, floating on water with its distinctive fabric-covered wings and struts visible, likely from the early 20th century."
1796,75-1808,,,rock formation; natural landscape; geological feature; black and white photograph; outdoor scenery,A black and white photograph showing a distinctive rock formation or chimney-like stone structure surrounded by vegetation and foliage in a natural outdoor setting.
1797,75-1809,,,industrial smokestacks; river landscape; black and white photograph; early 20th century; factory buildings,"A black and white photograph showing an industrial riverside scene with prominent factory smokestacks on the left bank, a river in the foreground, and a hillside town with buildings and additional industrial structures visible across the water."
1798,75-1810,,,bridge construction; steel arch bridge; industrial site; black and white photograph; mid-20th century,A black and white photograph showing the construction of a large steel arch bridge over an industrial site with construction equipment and materials visible beneath the partially completed structure.
1799,75-1811,,,industrial facility; glass factory; riverside location; black and white photograph; early 20th century,"A black and white photograph showing a large industrial glass manufacturing facility situated along a river in Corning, NY, with multiple tall smokestacks, large storage tanks, railroad infrastructure, and mountains visible in the background."
1800,75-1812,,,parade; downtown street; uniformed officials; early 20th century; black and white photograph,"A large parade or public procession moves down a main street in Corning, NY, with uniformed officials and marching groups flanked by crowds of spectators lining both sides of the street lined with brick commercial buildings."
1801,75-1813,,,downtown street; large crowd; parade or celebration; early 20th century; black and white photograph,"A large crowd of people gathers on a downtown street lined with brick buildings and decorated with bunting, suggesting a civic celebration or parade in early 1900s Corning, NY."
1802,75-1814,,,parade; downtown street; brick buildings; early 20th century; black and white photograph,"A black and white photograph showing a large parade or procession down a downtown street lined with brick commercial buildings, with participants in white clothing marching down the center while crowds of spectators gather on both sides of the street."
1803,75-1815,,,parade; downtown street; brick buildings; black and white photograph; early 20th century,"A black and white photograph showing a large parade or procession down a downtown street in Corning, NY, with marching bands, crowds lining both sides of the street, decorative flags hanging overhead, and brick commercial buildings flanking the street."
1804,75-1816,,,horse-drawn wagons; street scene; historic buildings; early 20th century; black and white photograph,"A black and white photograph showing a street scene with multiple horse-drawn wagons and carts gathered on a dirt road lined with Victorian-era residential buildings, likely depicting a market day or community gathering in early 1900s Corning, New York."
1805,75-1818,,,stone structure; power lines; winter landscape; bare trees; black and white photograph,"A black and white photograph showing a tall stone or concrete pillar or tower structure with power lines running across it, set in a snowy winter landscape with bare deciduous trees in the background."
1806,75-1819,,,vintage automobiles; state police; 1940s-1950s; black and white photograph; law enforcement,"A black and white photograph showing a State Police officer examining or inspecting vintage automobiles at what appears to be an outdoor lot or impound area, with residential buildings visible in the background."
1807,75-1820,,,group portrait; men in suits; black and white photograph; 1940s-1950s; formal gathering,"A black and white group photograph showing approximately thirty men in formal business attire arranged in multiple rows, likely from the 1940s-1950s era, with no visible identifying text or captions in the image."
1808,75-1821,,,black and white photograph; contact sheet; industrial machinery; glass manufacturing; mid-20th century,"A contact sheet showing two black and white photographic frames depicting industrial glassmaking equipment and machinery, likely from a Corning glass manufacturing facility in the mid-20th century."
1809,75-1822,,,vintage fire truck; rural landscape; 1930s-1940s; agricultural setting; black and white photograph,A black and white photograph showing a vintage fire truck with equipment mounted on its bed parked in a rural field with hills in the background and farm structures visible to the right.
1810,75-1823,,,house fire; firefighters; ladder; residential building; black and white photograph,A black and white photograph showing firefighters battling a house fire with a ladder extended to the roof of a two-story residential home with ivy-covered walls and visible damage to the structure.
1811,75-1824,,,industrial facility; fire truck; mid-20th century; black and white photograph; utility infrastructure,"A black and white photograph showing firefighters and equipment at an industrial facility with a fire truck, hoses, and utility poles visible, likely documenting a fire response or training exercise at a Corning, NY industrial site."
1812,75-1825,,,building fire; smoke; destruction; black and white photograph; industrial structure,"A black and white photograph showing a large wooden structure engulfed in flames and heavy smoke, with a smaller building visible to the right, documenting what appears to be a major fire at an industrial or commercial facility."
1813,75-1826,,,formal event; nine men; banquet table; beaded backdrop; black and white photograph; mid-century,"A black and white photograph showing nine men in business suits standing behind a banquet table at what appears to be a formal event or dinner, with an ornate beaded backdrop behind them and microphones visible on the table."
1814,75-1827,,,beauty pageant; women; sashes; 1950s; black and white photograph,"A formal group portrait of ten women in formal gowns wearing sashes identifying them as pageant contestants or winners, posed in two rows against a white slatted building backdrop."
1815,75-1828,,,formal ceremony; military officer; clergy; outdoor gathering; black and white photograph,"A formal outdoor ceremony featuring a military officer in uniform seated alongside a priest and other dignitaries, with a large crowd gathered behind them under an overcast sky with utility poles visible in the background."
1816,75-1829,,,formal ceremony; military uniform; handshake; dignitaries; black and white photograph,A black and white photograph showing a formal greeting or ceremony where a man in a military uniform shakes hands with a civilian official while surrounded by other suited dignitaries and observers against a cloudy sky backdrop.
1817,75-1830,,,formal gathering; military uniforms; dignitaries; outdoor event; black and white photograph,"A black and white photograph showing a formal outdoor gathering of men in suits and military uniforms seated and standing together, with a utility pole visible in the background and dramatic cloudy sky overhead."
1818,75-1831,,,night photograph; street view; historic building; street lights; black and white,"A nighttime black and white photograph showing a street scene with a historic building illuminated by street lamps, taken from what appears to be a doorway or covered entrance in Corning, NY."
1819,75-1832,,,building interior; damaged structure; arched window; debris; black and white photograph,"A black and white photograph showing the interior of a damaged building with an arched window, wooden beams, and debris scattered on the floor, with an aerial or landscape view visible at the top of the image."
1820,75-1833,,,black and white photograph; men in hats; industrial or construction site; mid-20th century; group gathering,"A black and white photograph showing a group of men gathered around what appears to be an industrial or construction site, with a man in the center crouching down to examine or demonstrate something on the ground while others observe."
1821,75-1834,,,baseball; team gathering; night event; mid-century; black and white photograph,"A black and white photograph showing a group of men gathered outdoors at night, with two seated men examining what appears to be a document or roster while standing teammates and spectators look on, suggesting a baseball team meeting or event from the mid-20th century."
1822,75-1835,,,church fire; fire truck; downtown corning; black and white photograph; mid-20th century,"A black and white photograph showing a Gothic Revival church with multiple spires engulfed in flames, with a fire truck and firefighting equipment positioned in front of the building on a snowy street lined with residential and commercial structures in Corning, NY."
1823,75-1836,,,firefighters; fire hose; brick building; fire department; black and white photograph,"Firefighters operate a fire hose directed at a multi-story brick building with external metal stairs, documenting a fire response or training exercise in Corning, NY."
1824,75-1837,,,fire fighting; industrial building; water spray; firefighters; black and white photograph,"A black and white photograph showing firefighters battling a large industrial fire with water streams directed at a multi-story brick building, while a firefighter operates equipment from an elevated ladder or platform."
1825,75-1838,,,firefighting; fire hose; night scene; emergency response; black and white photograph,"Firefighters direct a powerful stream of water from a fire hose at night, likely during a fire suppression operation in Corning, NY, with buildings visible in the smoky background."
1826,75-1839,,,firefighters; fire escape; brick building; fire truck; black and white photograph,"Firefighters ascend an external metal fire escape ladder on a tall brick industrial building while a fire truck marked ""ACK 50 FD"" is positioned below during what appears to be a mid-20th century fire response in Corning, NY."
1827,75-1840,,,fire; brick building; firefighting; smoke; black and white photograph,"Firefighters battle a large fire engulfing a brick building in Corning, NY, with heavy smoke billowing from the structure as water streams from fire hoses are directed at the flames."
1828,75-1841,,,building fire; smoke; crowd; brick structure; black and white photograph,"A black and white photograph showing a large brick building with distinctive architecture engulfed in smoke during a fire, with a crowd of onlookers gathered in the street below to witness the event."
1829,75-1842,,,building fire; brick structure; crowd; smoke; black and white photograph,"A black and white photograph showing a large crowd of onlookers gathered in front of a brick building engulfed in heavy smoke, with bare trees visible and what appears to be an early-to-mid 20th century fire scene in Corning, NY."
1830,75-1843,,,firefighting; fire ladder; brick building; black and white photograph; mid-20th century,"A black and white photograph showing firefighters operating a tall ladder against a brick building with smoke visible at the top, while additional personnel stand on the ground below during what appears to be a fire response operation."
1831,75-1844,,,building fire; smoke; brick structure; chain-link fence; black and white photograph,"A two-story brick building engulfed in heavy smoke and flames, surrounded by a chain-link fence with a street lamp visible in the foreground, documenting what appears to be a significant fire in Corning, NY."
1832,75-1845,,,industrial building; metal staircase; chain-link fence; black and white photograph; mid-century architecture,"A black and white photograph showing an industrial or institutional building with a metal fire escape staircase and chain-link fence in the foreground, with bare vegetation visible in the misty background."
1833,75-1846,,,building fire; heavy smoke; firefighting; black and white photograph; disaster,"A black and white photograph documenting a large building fire engulfed in heavy smoke with firefighting equipment and water streams visible in the foreground, showing what appears to be a multi-story structure with peaked rooflines during an active fire emergency."
1834,75-1847,,,fire truck; firefighting; building fire; ladder truck; black and white photograph,"A vintage fire truck with an extended ladder is spraying water onto a burning building engulfed in heavy smoke, with firefighters operating the equipment during an active structure fire."
1835,75-1848,,,historic downtown; brick buildings; tinware shop; early 20th century; black and white photograph,"A black and white photograph showing a historic downtown street scene with a white columned building on the left (identified in handwritten caption as one of the oldest hotels in the county), adjacent commercial buildings including a ""Tin Ware & S[hop]"" storefront on the right, utility poles, and period landscaping, likely from early 1900s Corning, NY."
1836,75-1849,,,outdoor event; large crowd; wooden bleachers; waterfront; black and white photograph,"A large crowd of spectators seated in wooden bleachers along a waterfront or riverside location, with wooden structures and boats visible in the background in this black and white historical photograph."
1837,75-1850,,,parade; downtown corning; large crowd; historic street; black and white photograph,"A large civic parade or procession fills a downtown Corning street lined with brick buildings including the visible ""Wellington & Co's Bank"" storefront, with hundreds of spectators and participants gathered along the street in what appears to be an early 20th-century community event."
1838,75-1851,,,parade; horse-drawn carriage; large crowd; downtown street; black and white photograph,"A large crowd gathers in a downtown street for what appears to be an early 20th-century parade or public celebration, with horse-drawn carriages, uniformed participants, and spectators lining the sides of a wide street bordered by multi-story buildings."
1839,75-1852,,,mooseheart; june 1932; parade; umbrellas; black and white photograph,"A group of people holding umbrellas marches in a parade at Mooseheart in June 1932, with residential buildings and trees visible in the background."
1840,75-1853,,,winter scene; denison park; frozen pond; bare trees; 1923; black and white photograph,"A winter landscape photograph from 1923 showing a frozen pond or lake in Denison Park with bare trees lining both shores, bare branches in the foreground, and what appears to be people or structures visible on the ice in the distance."
1841,75-1854,,,corning ny; hardware store; brick building; early 20th century; black and white photograph,"A corner brick building in Corning, New York housing the Hardware store with signage reading ""Millspaugh & Drake"" and ""Hardware,"" featuring a two-story storefront with large display windows at street level and residential or office space above."
1842,75-1855,,,horse-drawn wagon; storefront; early 20th century; downtown street; black and white photograph,"A black and white photograph showing a street scene in Corning, NY with pedestrians and a horse-drawn wagon positioned in front of a commercial storefront with large display windows and an awning, with a multi-story brick building visible above."
1843,75-1856,,,rockwell & shumway; storefront; early 20th century; men in aprons; black and white photograph,"A black and white photograph showing the storefront of Rockwell & Shumway with five men, some wearing aprons, posed outside the shop entrance decorated with draped fabric and a scalloped awning."
1844,75-1857,,,parade float; whoopee; w.m. killigrew seeds poultry supplies; early 20th century; black and white photograph,"A parade float advertising W.M. Killigrew Seeds and Poultry Supplies with ""WHOOPEE"" prominently displayed, featuring decorative white structures and pulled by what appears to be an early automobile, with residential buildings visible in the background."
1845,75-1858,,,gasoline car; erie railroad; 1925; railway; black and white photograph,"A gasoline-powered car running on the Erie Railroad tracks, photographed in 1925, showing an early motorized rail vehicle with passenger windows alongside railroad infrastructure."
1846,75-1859,,,victorian mansion; corning new york; historic residence; stone architecture; sepia photograph,"A sepia-toned photograph showing the ornate Victorian residence of the late F. N. Drake in Corning, New York, featuring distinctive turrets, multiple gables, stone and shingle construction, wraparound porches, and a manicured lawn with picket fence."
1847,75-1860,,,bridge; river; stone arch; 1920s; black and white photograph,"A stone arch bridge spanning a river with decorative balustrades and multiple arches, completed November 11, 1921, as noted in the handwritten caption at the bottom of the photograph."
1848,75-1861,,,corning hospital; brick buildings; early 20th century; black and white photograph; architectural landmark,"A black and white photograph labeled ""Corning Hospital"" showing a multi-story brick institutional building with distinctive architectural features including arched windows, a peaked roof with chimneys, and adjacent structures, with bare trees and period automobiles visible in the foreground."
1849,75-1862,,,historical map; erwin township; land survey; 1830; black and white photograph,"A historical map titled ""A Map of the Township of Erwin"" showing the estate of the late Sam Erwin Esq., dated May 25, 1830, displaying township boundaries, property divisions, and landowner names including Cooper, Erwin, Smith, and Beatnick, with a decorative cartouche on the right side containing the map's title and descriptive text."
1850,75-1863,,,monument; brick buildings; downtown corning; unpaved street; black and white photograph,"A historic street scene in Corning, NY featuring a central monument or statue surrounded by mature trees, with brick commercial buildings and storefronts lining the unpaved street, captured in black and white photography."
1851,75-1864,,,riverboat; steamboat; river transport; black and white photograph; hillside landscape,"A steamboat with smoke billowing from its stack navigates a river with forested hills in the background, likely depicting river commerce or transportation in the Corning, NY area."
1852,75-1865,,,bridge construction; arched stone bridge; industrial site; early 20th century; black and white photograph,"A black and white photograph showing the construction of a large arched stone bridge with wooden scaffolding and support structures, with a city skyline visible in the background and construction debris scattered in the foreground."
1853,75-1866,,,industrial riverfront; factory smokestacks; arched bridge; black and white photograph; early 20th century,"A black and white photograph showing an industrial riverside scene with multiple factory smokestacks, a barge or boat on the water, an arched stone bridge, and hills in the background, typical of early industrial development along a river valley."
1854,75-1867,,,industrial facility; glass factory; twin smokestacks; black and white photograph; early 20th century,"A black and white photograph showing an industrial glass manufacturing facility in Corning, NY, featuring distinctive twin smokestacks, large factory buildings, wooden roof structures, and workers on the grounds, with mountains visible in the background."
1855,75-1868,,,industrial factory; twin smokestacks; waterfront; black and white photograph; mid-20th century,"A black and white photograph showing an industrial factory with two prominent twin smokestacks situated along a frozen or partially frozen waterfront, with construction equipment and wooden debris visible in the foreground, likely documenting Corning's industrial heritage."
1856,75-1870,,,industrial riverfront; steamboat; brick buildings; black and white photograph; early 20th century,"A black and white photograph showing a large steamboat docked at a riverfront industrial site in Corning, NY, with brick buildings and factory structures visible in the background, and wooden dock materials scattered in the foreground."
1857,75-1871,,,industrial construction; concrete structure; reinforcing steel; mid-century; black and white photograph,"A black and white photograph showing a concrete industrial structure with vertical reinforcing steel rods protruding from the top, a worker standing on the structure, and mountainous terrain visible in the background, likely documenting construction or industrial development in the Corning, NY area."
1858,75-1872,,,industrial site; construction; river; hillside landscape; black and white photograph,"A black and white photograph showing an industrial or construction site along a river with forested hills in the background, featuring factory smokestacks, building structures, and construction materials scattered on what appears to be a rooftop or platform in Corning, NY."
1859,75-1873,,,bridge construction; steel arch bridge; construction crane; industrial; black and white photograph,"A black and white photograph showing the construction of a large steel arch bridge with a tall construction crane lifting a curved arch section over water, likely documenting bridge construction in Corning, NY."
1860,75-1874,,,military vessels; dock construction; world war ii era; black and white photograph; shipyard,"A black and white photograph showing military landing craft or transport vessels docked at a construction site with wooden scaffolding, ramps, and workers visible, with mountains in the background and a cross visible on the left side of the frame."
1861,75-1875,,,bridge; river; industrial landscape; black and white photograph; early 20th century,"A black and white photograph showing a multi-arch bridge spanning a river with industrial buildings and smokestacks visible in the background across the water, with bare ground and debris in the foreground."
1862,75-1876,,,early aviation; seaplane; waterfront; 1910s-1920s; black and white photograph,"A black and white photograph showing three men on a wooden dock or platform beside an early seaplane with fabric-covered wings and struts, moored in water, likely documenting early aviation history in the early 20th century."
1863,75-1877,,,vintage aircraft; biplane; hangar interior; early aviation; black and white photograph,"A black and white photograph showing a large biplane aircraft with exposed engines and landing gear inside what appears to be a hangar, with several people visible near the aircraft for scale."
1864,75-1878,,,early aviation; biplane; pilot; aerial photograph; black and white photograph,"A black and white photograph showing an early biplane in flight with a pilot visible in the cockpit, flying over a forested landscape with hills and a winding river or road below."
1865,75-1879,,,black and white photograph; men on stairs; early 20th century; industrial setting; group portrait,"A black and white photograph showing a group of men, including a prominent older man in a light-colored sweater in the center, ascending or descending industrial stairs or a ramp, with several other men in caps and work clothes visible around him in what appears to be an early 20th-century industrial or institutional setting."
1866,75-1880,,,military parade; uniformed soldiers; marching formation; open field; black and white photograph,"A black and white photograph showing a large group of uniformed soldiers marching in formation across an open field, with residential buildings and trees visible in the background and a person's profile visible in the foreground on the right side."
1867,75-1881,,,early 20th century; corning ny; street scene; utility poles; crowds; brick buildings,"A black and white photograph showing a crowded street scene in Corning, NY with utility poles, brick buildings, and groups of people gathered along a dirt road with hills visible in the background."
1868,75-1882,,,black and white photograph; victorian building; group gathering; early 20th century; corning ny,"A black and white photograph showing a large group of people in light-colored clothing lined up on a grass field with a distinctive Victorian-era building featuring multiple turrets and towers visible in the background, likely taken in early 1900s Corning, New York."
1869,75-1883,,,military formation; uniformed soldiers; institutional building; early 20th century; black and white photograph,"A black and white photograph showing a line of uniformed soldiers or cadets standing in formation on a grassy field with a large institutional building featuring a prominent tower visible in the background, with trees and spectators surrounding the scene."
1870,75-1884,,,stone tower; ruins; black and white photograph; architectural remains; outdoor structure,"A black and white photograph showing a tall, deteriorating stone tower or chimney with significant damage and missing sections, surrounded by overgrown vegetation at its base."
1871,75-1885,,,rock formation; natural landscape; forested hillside; black and white photograph; geological outcrop,"A black and white photograph showing a tall, distinctive rock formation or chimney-like stone structure rising from a forested hillside, with dense vegetation and trees surrounding it and a valley visible in the background."
1872,75-1886,,,victorian building; public gathering; open field; black and white photograph; early 20th century,"A black and white photograph showing a large Victorian-era building with distinctive towers and cupolas surrounded by crowds of people gathered on an open field, likely documenting a public event or celebration in early 1900s Corning, New York."
1873,75-1887,,,public gathering; gazebo; early 20th century; black and white photograph; outdoor event,"A black and white photograph showing a large public gathering on an open field with a distinctive gazebo or bandstand structure visible on the left side, surrounded by trees and crowds of people in period clothing, with the reference number ""45"" visible in the lower right corner."
1874,75-1888,,,public gathering; victorian architecture; church building; open field; black and white photograph,"A black and white photograph showing a large public gathering on an open field with a prominent Victorian-era church building with twin towers on the left side, surrounded by crowds of people and trees, with mountains visible in the distant background."
1875,75-1889,,,public gathering; tree-lined street; formal procession; early 20th century; black and white photograph,"A black and white photograph showing a large formal gathering or procession on a tree-lined street in what appears to be early 20th century Corning, NY, with crowds of people in period clothing and hats lining both sides of the street, flanked by multi-story buildings."
1876,75-1890,,,early 20th century; street scene; crowds; brick buildings; utility poles; black and white photograph,"A black and white photograph showing a crowded street scene in what appears to be early 1900s Corning, NY, with numerous pedestrians gathered along a dirt road lined with brick industrial buildings, wooden utility poles, and a metal fence on the left side."
1877,75-1891,,,parade; downtown street; brick buildings; early 20th century; black and white photograph,"A large crowd gathers for a parade or public procession down a dirt street in downtown Corning, NY, lined with brick commercial buildings, wooden utility poles, and a railed bridge or walkway, with mountains visible in the background."
1878,75-1892,,,marching band; unpaved street; brick buildings; early 20th century; black and white photograph,"A marching band with brass instruments processes down an unpaved street in Corning, NY, flanked by brick industrial buildings and wooden utility poles, in this early 20th-century black and white photograph."
1879,75-1893,,,military formation; parade ground; institutional building; early 20th century; black and white photograph,"A black and white photograph showing a large group of uniformed personnel standing in formation on an open field with a prominent Victorian-era institutional building with towers visible in the background, trees lining the grounds, and the archive reference number ""39"" visible in the lower right corner."
1880,75-1894,,,historic building; public gathering; victorian architecture; open field; black and white photograph,"A black and white photograph showing a large Victorian-era institutional building with multiple towers and cupolas surrounded by trees, with crowds of people gathered on an open field in front of it, marked with the number ""38"" in the lower right corner."
1881,75-1895,,,military parade; institutional building; early 20th century; black and white photograph; open field,"A black and white photograph showing a military formation or parade on an open field with soldiers lined up on the left, spectators gathered in the background, and a prominent institutional building with a tower visible on the right side of the image."
1882,75-1896,,,victorian building; public gathering; open field; black and white photograph; historic architecture,"A black and white photograph showing a large Victorian-era institutional building with distinctive towers and cupolas surrounded by crowds of people gathered on an open field, with the archive reference number ""36"" visible in the lower right corner."
1883,75-1897,,,steam locomotive; railroad; 1925; matt h shay; black and white photograph,"A photograph dated April 21, 1925, showing one of the largest engines in the world, a steam locomotive with passenger cars on railroad tracks passing through a residential area with buildings and bare trees visible in the background."
1884,75-1898,,,train wreck; crowd; 1929; disaster; black and white photograph,"A large crowd of onlookers gathers around the wreckage of a severely damaged train car and truck collision dated May 16, 1929, with debris scattered across the scene and railroad cars visible in the background."
1885,75-1899,,,railroad wreck; derailment; campbell new york; 1929; black and white photograph,"A D.L.&W. Railroad wreck at Campbell, N.Y., photographed on May 10, 1929 at about 8 A.M., showing derailed and damaged freight cars on the tracks with debris scattered across the ground."
1886,75-1901,,,warehouse fire; gorton warehouse; ruins; corning ny; 1925; black and white photograph,"This black and white photograph documents the ruins of the Gorton Warehouse following a fire that occurred on Friday, March 13, 1925 in Corning, New York, showing the charred skeletal remains of the industrial building with railroad tracks visible in the foreground."
1887,75-1902,,,fire damage; ruins; residential buildings; corning ny; black and white photograph,"A black and white photograph dated March 12, 1925, showing extensive fire damage and debris in Corning, NY, with destroyed wooden structures, charred remains, and residential buildings visible in the background."
1888,75-1903,,,warehouse fire; gorton warehouse; corning ny; fire damage; black and white photograph,"This black and white photograph documents the aftermath of a Central Warehouse Fire at the ruins of Gorton Warehouse in Corning, New York, taken on Friday, March 13, 1925 at 3 A.M., showing severely damaged wooden structures and a partially destroyed brick building in the background."
1889,75-1904,,,warehouse fire; destruction; debris; corning ny; 1915,"This black and white photograph documents the aftermath of a warehouse fire in Corning, NY on Friday, March 13, 1915 at 3 A.M., showing extensive rubble and charred remains with residential buildings visible in the background."
1890,75-1907,,,tree damage; park avenue; corning ny; 1925; storm damage,"A black and white photograph documenting a large tree blown down on Park Avenue in Corning, NY on 5.19.25, with residential buildings, utility poles, and several people visible on the street amid the debris."
1891,75-1908,,,black and white photograph; brick building; two people; doorway; vintage clothing,"A black and white photograph showing two people standing in front of a brick building with a doorway and window, likely from the early-to-mid 20th century."
1892,75-1909,,,victorian mansion; residential architecture; black and white photograph; historic house; corning ny,"A black and white photograph of a large Victorian-era residential mansion featuring distinctive architectural elements including a mansard roof, multiple gables, wraparound porches, and ornamental details, surrounded by mature trees in what appears to be Corning, New York."
1893,75-1910,,,indian monument; statue; downtown corning; early 20th century; black and white photograph,"A black and white photograph showing the Indian Monument in Corning, NY, featuring a tall stone pedestal with a Native American statue on top, surrounded by bare trees and period buildings along a brick-paved street."
1894,75-1911,,,brick building; tower; bare trees; black and white photograph; historic architecture,"A black and white photograph showing a multi-story brick institutional or civic building with a distinctive tower, surrounded by bare trees, likely taken during winter or early spring in Corning, NY."
1895,75-1912,,,portrait photograph; eyeglasses; early 20th century; black and white; oval vignette,"A black and white portrait photograph of a person wearing eyeglasses, presented in an oval vignette format typical of early 20th-century photography, with visible damage and archival wear on the left edge."
1896,75-1913,,,corning ny; historic building; fire damage; 1926; black and white photograph,"A photograph dated 5-12-1926 showing a damaged Victorian-era building in Corning, New York, with visible fire damage to its structure, bare trees, utility poles, and adjacent brick buildings."
1897,75-1917,,,festival 1924; one-wheeled bicycle; monowheel; street performance; black and white photograph,"A black and white photograph dated ""Festival 10-2-1924"" showing a person riding a monowheel (single-wheeled vehicle) on a street, with buildings and trees visible in the background, documenting what appears to be a circus or festival performance in Corning, NY."
1898,75-1918,,,float parade; fire prevention week; downtown corning; 1920s; black and white photograph,"A parade float decorated for Fire Prevention Week (October 5-11) featuring a miniature building with an American flag, sponsored by DUNT, rolls down a downtown Corning street past storefronts including a Lipinsky Shop, circa 1920s."
1899,75-1919,,,flood damage; Susquehanna River; 1930s; bicycles; wooden structures,"A black and white photograph dated April 9, 1931 showing flood damage along the Susquehanna River, with several people on bicycles standing near a damaged wooden structure and a partially submerged vehicle in muddy floodwaters."
1900,75-1920,,,riverside; 1924; bare trees; commercial buildings; black and white photograph,"A photograph dated April 3, 1924, showing W. Kichbaugh's Riverside property with wooden commercial structures, bare spring trees, and an early automobile visible on the left side of the frame."
1901,75-1921,,,storefront; brick building; relocation notice; men's clothing store; black and white photograph; mid-20th century,"A black and white photograph of a downtown storefront with a prominent banner reading ""WE MUST BE READY TO MOVE TO OUR NEW BUILDING LATE IN APRIL"" advertising a men's clothing store closure and relocation, with brick buildings visible above and pedestrians on the street."
1902,75-1922,,,downtown corning; brick buildings; early 20th century; street corner; black and white photograph,"A black and white photograph showing a prominent corner building in downtown Corning, NY with distinctive brick architecture, large storefront windows on the ground level, and multiple stories of regular windows, surrounded by other period commercial buildings and pedestrians on an unpaved street."
1903,75-1923,,,storefront; brick building; awning; clothing store; black and white photograph,"A black and white photograph of a historic storefront with a striped awning reading ""CLOTHING HOUSE,"" featuring ornate brick architecture with decorative cornices and tall windows on the upper floors."
1904,75-1924,,,downtown street; brick buildings; storefronts; horse-drawn wagons; early 20th century,"A black and white photograph of a Corning, NY downtown street lined with ornate brick commercial buildings featuring storefronts with awnings, horse-drawn wagons, and pedestrians gathered along the street, likely from the early 1900s."
1905,75-1925,,,industrial factory; manufacturing floor; machinery; black and white photograph; mid-20th century,"A black and white photograph showing the interior of an industrial manufacturing facility with heavy machinery, overhead beams, and workers on the factory floor, likely from Corning's glass or manufacturing industry in the mid-20th century."
1906,75-1926,,,industrial construction; american bridge company; steel framework; crane; black and white photograph,"A black and white photograph showing industrial construction at the American Bridge Company facility in Corning, NY, featuring a steel lattice crane, workers, and structural framework under construction."
1907,75-672,,,construction; crane; workers; industrial equipment; black and white photograph,"A black and white photograph showing construction or industrial workers operating a large crane with a curved boom on a metal framework, with period buildings including a multi-story apartment building and Victorian-style houses visible in the background."
1908,76-0696,,,child; tree; rural landscape; black and white photograph; vintage vignette,"A black and white photograph showing a young child sitting on a large fallen tree branch in a rural outdoor setting, with farm buildings visible in the background and vignette-style circular framing typical of early 20th-century photography."
1909,76-1605,Fall Brook Coal Company - Engine,,,
1910,76-1606,,,downtown street; historic buildings; storefronts; trolley tracks; black and white photograph,"A black and white photograph of a downtown Corning street lined with ornate multi-story commercial buildings, streetcar tracks, storefronts with awnings, and utility poles, appearing to be from the late 19th or early 20th century."
1911,76-1607,,,pharmacy interior; vintage shelving; early 20th century; man at desk; black and white photograph,"A black and white photograph showing a man seated at a desk in what appears to be an early 20th-century pharmacy or apothecary shop, surrounded by shelves of bottles and jars, with a portrait hanging on the wall and various period furnishings and equipment visible throughout the interior space."
1912,76-1608,"Chimney Narrows (Rock formation near Corning, N.Y.)",,chimney narrows; rock formation; river landscape; vintage photograph; corning new york,"A black and white photograph showing the Chimney Narrows rock formation near Corning, NY, with a steep cliff face overlooking a river valley, several visitors standing on the sandy shore below, and mountains visible in the distance."
1913,76-1609,,,parade; patriotic bunting; brick building; crowd; early 20th century,"A black and white photograph showing a patriotic parade or civic celebration in Corning, NY, with large crowds gathered below a brick building decorated with American flags, bunting, and streamers, with spectators visible in windows and on the street level."
1914,76-1610,"Chimney Narrows (Rock formation near Corning, N.Y.)",,chimney narrows; rock formation; person standing; river landscape; black and white photograph,"A black and white photograph showing a person standing on a sloped, rocky terrain beneath the distinctive Chimney Narrows rock formation near Corning, New York, with a river visible in the background."
1915,76-1611,"Chimney Narrows (Rock formation near Corning, N.Y.)",,dirt path; large trees; natural landscape; black and white photograph; rural scenery,"A black and white photograph showing a dirt path lined with large trees and dense vegetation, depicting a natural landscape near Chimney Narrows in Corning, New York."
1916,76-1612,"Corning, New York",,corning new york; panoramic view; residential neighborhood; hills; black and white photograph,"A black and white panoramic photograph showing the town of Corning, New York nestled in a valley surrounded by rolling hills, with residential houses, church steeples, and industrial buildings visible across the landscape."
1917,76-1613,,,industrial plant; railroad tracks; factory buildings; corning ny; black and white photograph,"A black and white photograph showing an industrial manufacturing facility in Corning, NY with multiple factory buildings, tall smokestacks, railroad tracks in the foreground, and piles of raw materials, labeled ""Flint Glass Plant, Corning, N.Y."" at the bottom of the image."
1918,76-1614,"Centerway Bridge, Corning, N.Y. ",1972,,
1919,76-1615,"Delaware, Lackawanna and Western Railroad Station",,,
1920,76-1616,,,industrial building; water tower; brick architecture; early 20th century; black and white photograph,"A black and white photograph showing a multi-story brick industrial or institutional building with a prominent water tower, surrounded by vegetation and landscaping, likely from the early 1900s."
1921,76-1617,,,brick building; high school; painted post; bare trees; black and white photograph,"A black and white photograph showing the High School in Painted Post, New York, a two-story brick building with decorative chimneys and multiple windows, surrounded by bare trees and an open lawn."
1922,76-1618,Corning Glass Center Buildings,,flooded industrial complex; factory smokestacks; river flood; black and white photograph; corning glass works,"A black and white photograph showing the Corning Glass Works facility inundated by floodwaters from the adjacent river, with multiple tall industrial smokestacks visible above the flood line and factory buildings partially submerged along the waterfront."
1923,76-1618,Corning Glass Works Floods,,flooded industrial complex; factory smokestacks; river flood; black and white photograph; corning glass works,"A black and white photograph showing the Corning Glass Works facility inundated by floodwaters from the adjacent river, with multiple tall industrial smokestacks visible above the flood line and factory buildings partially submerged along the waterfront."
1924,76-1619,Floods,1935,flooded street; residential buildings; utility poles; 1935 flood; black and white photograph,"This black and white photograph documents the July 8th flood at Painted Post, New York, showing multiple residential and commercial buildings partially submerged in floodwater, with utility poles and railroad tracks visible in the foreground."
1925,76-1620,Floods,1935,flood damage; eroded landscape; rural road; wooden fence; black and white photograph,"This black and white photograph shows a rural road with a wooden fence damaged by flooding, with eroded earth and debris visible along the roadside and trees in the background, captioned ""Corning and Painted Post Road—Flood July 8, 1935."""
1926,76-1621,"Couthouse Park, Corning, New York",,,
1927,76-1622,Curtiss Airplanes,,,
1928,76-1623,"Brick, Terra Cotta & Tile Co. ",,,
1929,76-1624,,,ingersoll-rand plant; industrial facility; painted post; new york; black and white photograph,"An aerial view of the Ingersoll-Rand Plant in Painted Post, New York, showing industrial buildings with smokestacks, a water tower, residential structures in the foreground, and surrounding hills in this early-to-mid 20th century photograph."
1930,76-1625,,,corning ny; industrial landscape; bridge; hillside town; black and white photograph,"A black and white historical photograph showing an elevated view of Corning, New York, featuring the Oldfield Bridge and Seventh Ward, with industrial buildings, factory smokestacks, residential structures, and surrounding hills in the background."
1931,76-1626,,,highway overpass; curved bridge; mid-century infrastructure; rural landscape; black and white photograph,"An aerial view of a modern curved highway overpass and bridge system spanning across a rural valley landscape with forested hills, utility poles, and scattered buildings in the background, likely from the mid-20th century."
1932,76-1627,,,brick mansion; tudor revival architecture; early 20th century; residential estate; black and white photograph,"A black and white photograph of a large Tudor Revival brick mansion with distinctive half-timbering on the upper gable, tall chimney, multiple windows, and manicured grounds featuring landscaped shrubs and trees on an elevated lot."
1933,76-1628,"Corning, New York",,,
1934,76-1629,,,frank b. hower scottish rite cathedral; corning ny; historic building; black and white photograph; architectural landmark,"This black and white photograph shows the Frank B. Hower Scottish Rite Cathedral in Corning, New York, a distinctive brick building with twin cupolas, decorative architectural details, and multiple stories featuring numerous windows."
1935,76-1630,Corning Glass Center,,corning glass center; aerial view; modernist architecture; mid-century building; black and white photograph,"An aerial photograph of the Corning Glass Center in Corning, New York, showing modernist buildings with flat roofs, manicured landscaping with trees and shrubs, and surrounding grounds in this mid-century architectural documentation."
1936,76-1631,"First National Bank & Trust Co., Corning, N.Y. ",,historic bank building; corning new york; early 20th century architecture; downtown streetscape; black and white photograph,"This black and white photograph shows the First National Bank & Trust Co. building in Corning, New York, a multi-story Beaux-Arts style structure with ornate architectural details, arched windows on the ground floor, and neighboring commercial buildings visible along the downtown street."
1937,76-1632,,,railroad station; lindley new york; early 20th century; black and white photograph; rural landscape,"A black and white photograph of the N.Y.C. Station in Lindley, N.Y., showing a small dark wooden station building with a distinctive peaked roof beside railroad tracks, with utility poles, rural fields, and hills visible in the background."
1938,76-1633,Dickinson House,,,
1939,76-1634,,,brick building; victorian architecture; steeple; early 1900s; black and white photograph,"A black and white photograph showing a large Victorian-era brick institutional building with distinctive turrets and a central steeple, surrounded by a fence and bare trees, likely from the early 1900s in Corning, NY."
1940,76-1635,Floods,1946,,
1941,76-1637,Floods,1946,flooded river; steel bridge; 1946 flood; Corning NY; black and white photograph,"This 1946 photograph documents flooding in Corning, New York, showing a steel truss bridge spanning a swollen river with a church steeple visible in the background amid the flooded landscape."
1942,76-1638,Floods,1946,,
1943,76-1639,Floods,1946,flooded river; 1946 flood; corning ny; spectators; black and white photograph,"This black and white photograph documents the 1946 flood in Corning, NY, showing a swollen river with spectators gathered on the right bank near residential buildings and utility poles, with mountains visible in the background."
1944,76-1640,Floods,1946,flooded valley; aerial view; 1946 flood; landscape; black and white photograph,"An aerial view of the Corning, NY valley during the 1946 flood, showing extensive water coverage across the floodplain with forested hills in the background and scattered buildings partially submerged in the widespread inundation."
1945,76-1641,Floods,1946,flooded river; steel bridges; industrial buildings; 1946 flood; black and white photograph,"This black and white photograph documents the 1946 flood in Corning, NY, showing multiple steel truss bridges partially submerged in floodwaters with industrial buildings and factory smokestacks visible in the background along the riverbank."
1946,76-1642,Floods,1946,flooded river; industrial buildings; steel bridge; 1946 flood; black and white photograph,"A black and white photograph showing the 1946 flood in Corning, NY, with industrial buildings and factory smokestacks partially submerged in floodwaters, a steel truss bridge visible on the right, and forested hills in the background."
1947,76-1643,Floods,1946,flooded river; steel bridge; debris; 1946 flood; black and white photograph,"A black and white photograph showing a swollen river with debris and uprooted vegetation floating in the floodwaters, with a steel truss bridge and industrial building visible in the background during the 1946 Corning flood."
1948,76-1644,Floods,1946,flooded industrial area; factory smokestacks; steel bridge; 1946 flood; black and white photograph,"This black and white photograph documents the 1946 flood in Corning, NY, showing an industrial facility with multiple tall smokestacks partially submerged in floodwaters, with a steel truss bridge visible on the left and mountains in the background."
1949,76-1645,Floods,1946,flooded bridge; steel truss bridge; flood damage; 1946 flood; black and white photograph,"A steel truss bridge spanning a swollen river during the 1946 flood in Corning, NY, with spectators gathered on the bridge structure and surrounding areas as floodwaters inundate the landscape below."
1950,76-1646,Floods,1946,flooded river; industrial buildings; smokestacks; 1946 flood; black and white photograph,"A black and white photograph showing the 1946 flood in Corning, NY, with industrial facilities and factory buildings with multiple smokestacks partially submerged in floodwaters, mountains visible in the background."
1951,76-1647,Floods,1946,flooded industrial area; factory with tall chimney; 1946 flood; corning ny; black and white photograph,"This black and white photograph documents the 1946 flood in Corning, NY, showing an industrial complex with a prominent tall smokestack completely submerged in floodwaters, with various factory buildings, wooden structures, and debris partially underwater."
1952,76-1648,,,large crowd; bare trees; parade or procession; early 20th century; black and white photograph,"A large gathering of people lines a tree-lined street or park area in what appears to be an early 20th-century parade or public procession, with mounted figures visible among the crowd and bare deciduous trees framing the scene."
1953,76-1649,,,industrial interior; workers; barrels; factory; black and white photograph,"A black and white photograph showing multiple workers inside an industrial factory or warehouse space handling large barrels and packaged goods, with wooden structural elements, windows, and hanging cookware visible overhead."
1954,76-1650,Corning Glass Center Buildings,,industrial smokestacks; corning glass works; river view; early 20th century; black and white photograph,"This black and white photograph shows five tall industrial smokestacks of the Corning Glass Works facility along a river, with the Corning, NY valley and forested hills visible in the background, and brick factory buildings with wooden railings visible in the foreground."
1955,76-1651,Fireman's Convention,,fireman's convention; decorated building; patriotic bunting; brick architecture; downtown corning,"A brick building decorated with patriotic bunting and flags for a Fireman's Convention in Corning, NY, with visible signage reading ""CORNING FIRE DEPT'S TO FIREMEN'S"" on the storefront."
1956,76-1651,"First National Bank & Trust Co., Corning, N.Y. ",,fireman's convention; decorated building; patriotic bunting; brick architecture; downtown corning,"A brick building decorated with patriotic bunting and flags for a Fireman's Convention in Corning, NY, with visible signage reading ""CORNING FIRE DEPT'S TO FIREMEN'S"" on the storefront."
1957,76-1652,"Denison Park, Corning, N.Y. ",,denison park; winter landscape; snow; bare trees; black and white photograph,"A winter scene of Denison Park in Corning, NY showing a snow-covered path or road lined with bare deciduous trees and what appears to be a small bridge or structure in the middle distance."
1958,76-1653,"Corning, New York",,corning new york; aerial view; industrial smokestacks; residential neighborhoods; black and white photograph,"A black and white aerial photograph showing Corning, New York's downtown area with prominent industrial smokestacks, residential houses, and surrounding hills, taken from an elevated vantage point overlooking the town."
1959,76-1654,"Corning, New York",,corning new york; industrial landscape; residential neighborhood; factory smokestacks; black and white photograph,"A black and white photograph showing an elevated view of Corning, New York with residential houses in the foreground, industrial factory buildings with multiple smokestacks in the middle distance, a river, forested hills in the background, and what appears to be early-to-mid 20th century architecture and landscape."
1960,76-1655,"Denison Park, Corning, N.Y. ",,denison park; pond; trees; black and white photograph; landscape,"A black and white photograph of Denison Park in Corning, NY showing a calm pond surrounded by mature trees with their reflections visible in the water, with hills visible in the background."
1961,76-1656,,,stone bridge; river; arched bridge; dense foliage; black and white photograph,"A black and white photograph showing a curved stone arch bridge spanning a river, surrounded by dense trees and vegetation, with the bridge's reflection visible in the calm water below."
1962,76-1657,"Denison Park, Corning, N.Y. ",,denison park; winter landscape; snow; bare trees; black and white photograph,"A winter scene of Denison Park in Corning, New York, showing snow-covered grounds with bare deciduous trees and a curved bridge or railing visible in the middle distance."
1963,76-1658,,,stone bridge; wooded landscape; stream; black and white photograph; park or garden setting,"A black and white photograph showing a stone arch bridge spanning a small stream or creek, surrounded by dense trees and vegetation in what appears to be a park or natural area near Corning, NY."
1964,76-1660,,,historic house; waterfront property; tall trees; wooden dock; black and white photograph,"A two-story wooden house with a wraparound porch sits among tall trees on a waterfront property, with a wooden dock visible in the foreground and what appears to be a flagpole in the yard, photographed in black and white."
1965,76-1661,,,construction site; large crowd; wooden scaffolding; early 20th century; black and white photograph,"A black and white photograph showing a large gathering of people at a construction site with extensive wooden scaffolding and what appears to be an industrial or civic building under construction, likely from the early 1900s in Corning, NY."
1966,76-1662,,,riverside town; agricultural fields; church spires; hillside landscape; black and white photograph,"A black and white photograph showing a riverside town nestled in a valley with distinctive church spires, surrounded by forested hills and agricultural fields in the foreground, depicting a European-style settlement landscape."
1967,76-1663,,,downtown street; patriotic bunting; horse-drawn carriages; early 1900s; black and white photograph,"A downtown street in Corning, NY decorated with American flags and patriotic bunting on both sides, featuring horse-drawn carriages, trolley tracks, and multi-story commercial buildings typical of the early 1900s."
1968,76-1664,"Centerway Square, Corning, N.Y. ",,,
1969,76-1665,,,industrial accident; derailed train; brick building; early 20th century; black and white photograph,"A black and white photograph showing a derailed or crashed train car tilted against a large brick industrial building in Corning, NY, with workers and onlookers gathered at the scene, utility poles and railroad infrastructure visible in the background."
1970,76-1666,,,industrial machinery; factory worker; glass manufacturing; vintage equipment; black and white photograph,"A factory worker operates large industrial machinery in what appears to be a glass manufacturing facility, with metal framework, control panels, and large cylindrical equipment visible in this black and white photograph from the Corning, NY local history archive."
1971,76-1667,Corning Homes,,historic house; neoclassical architecture; columned portico; stone foundation; black and white photograph,"A black and white photograph of a substantial neoclassical-style residential home in Corning, NY, featuring a raised stone foundation with arched openings, a full-width columned front porch, and decorative cornicing, surrounded by a picket fence and bare trees."
1972,76-1668,Corning Homes,,victorian mansion; bare tree; wooden siding; front porch; black and white photograph,"A black and white photograph of an ornate Victorian-era residential home in Corning, NY, featuring a distinctive cupola, wraparound porches with decorative railings, and classical columns, with a bare tree prominently positioned in the foreground."
1973,76-1669,Corning Homes,,,
1974,76-1670,,,white church building; bare trees; winter scene; black and white photograph; architectural landmark,"A black and white photograph showing a white-painted church building with a gabled roof and multiple windows, framed by bare deciduous trees in winter, with utility poles visible and what appears to be a gate or fence structure in the foreground."
1975,76-1671,Corning Homes,,victorian mansion; snow; winter; turret; bare tree; black and white photograph,"A snow-covered Victorian-era residential home in Corning, NY featuring distinctive architectural elements including a rounded turret with a spire, wraparound porch, and decorative details, with bare trees and neighboring houses visible in this black and white winter photograph."
1976,76-1672,Board of Education Building,,board of education building; brick architecture; bare trees; early 20th century; black and white photograph,"A black and white photograph of the Board of Education Building in Corning, NY, showing a substantial brick structure with distinctive twin towers and multiple chimneys, photographed during winter with bare trees in the foreground and a few figures visible near the entrance."
1977,76-1673,"Clocktower, Corning, N.Y. ",,clocktower; corning new york; downtown street; black and white photograph; historic architecture,"A black and white photograph of Corning, NY's distinctive stone clocktower standing in a downtown plaza, with Victorian-era buildings to the left, industrial smokestacks visible in the background, and utility lines crossing overhead."
1978,76-1674,,,downtown corning; brick buildings; theater marquee; 1940s automobiles; black and white photograph,"A black and white photograph of a downtown Corning street showing ornate brick commercial buildings with a visible theater marquee reading ""STRAND THEATER"" and ""ALADDIN,"" period automobiles parked at the curb, and fire escapes on the adjacent building."
1979,76-1675,Corning Glass Center Buildings,,corning glass works; industrial facility; historic buildings; black and white photograph; early 20th century,"This black and white photograph shows an early industrial glass manufacturing facility in Corning, NY, featuring a multi-story brick building with two tall smokestacks, surrounded by smaller outbuildings, wooden structures, and landscaping typical of early 20th-century industrial operations."
1980,76-1676,,,river landscape; trees; water reflection; black and white photograph; the island,"A black and white photograph titled ""The Island"" showing a scenic river view lined with dense trees on both banks, with calm water reflecting the surrounding vegetation and sky."
1981,76-1677,,,industrial building; ingersoll rand plant; brick factory; early 20th century; black and white photograph,"A black and white photograph labeled ""Section of Ingersoll—Rand Plant"" showing a large brick industrial factory building with multiple stories, chimneys, and windows, surrounded by a wooden fence along an unpaved road with scattered trees."
1982,76-1678,Baseball,,baseball game; baseball field; spectators; chain-link fence; black and white photograph,"A black and white photograph showing a baseball game in progress at a field in Corning, NY, with players on the diamond, spectators lining the field and seated in the background, and a chain-link fence visible in the foreground."
1983,76-1679,Baseball,,baseball game; vintage photograph; baseball field; early 20th century; black and white,"A black and white photograph showing a baseball game in progress on a dirt field with multiple players positioned across the diamond and outfield, with spectators visible in the background along the tree line."
1984,76-1680,,,steamboat; paddle wheeler; holmes; river vessel; black and white photograph,"A side view of the steamboat Holmes with its distinctive paddle wheel and tall smokestack, docked in water with several people swimming or wading in the foreground."
1985,76-1681,,,old state arsenal; corning; stone building; tower; historic structure,"The Old State Arsenal in Corning, New York, a castellated stone structure with a prominent central tower and crenellated walls, surrounded by mature trees and grounds."
1986,76-1682,,,brick buildings; arched windows; downtown corning; black and white photograph; historic architecture,"A black and white photograph showing a row of historic brick buildings with distinctive arched windows and decorative cornices, typical of late 19th or early 20th century downtown Corning, New York architecture."
1987,76-1683,,,historic building; downtown corning; stone architecture; early 20th century; street level storefronts,"A black and white photograph of a prominent multi-story stone building in downtown Corning with ground-floor retail storefronts including signage for ""Dry Goods,"" ""Carpets,"" and other businesses, with pedestrians visible on the street below."
1988,76-1684,"Clocktower, Corning, N.Y. ",,,
1989,76-1684,"First National Bank & Trust Co., Corning, N.Y. ",,,
1990,76-1685,"Clocktower, Corning, N.Y. ",,clock tower; corning new york; historic downtown; brick buildings; black and white photograph,"This archival photograph (ID: 25633) shows the Clock Tower in Corning, N.Y., featuring a prominent stone clock tower on the right with surrounding Victorian-era brick buildings, a horse-drawn cart in the foreground, and utility poles crossing the street in what appears to be an early 20th-century downtown scene."
1991,76-1686,Corning Glass Works Patterns,,corning glass works; decorative patterns; floral designs; glass etching; archival documentation,"This archival photograph documents Corning Glass Works decorative patterns including a ""6 in vases, Holly hocks"" design and a ""Somerset"" pattern, showing floral and botanical motifs used for glass decoration and trimming."
1992,76-1687,Corning Glass Works Patterns,,glass pattern designs; decorative motifs; botanical ornaments; geometric patterns; archival documentation,"This archival photograph displays four Corning Glass Works pattern designs featuring ornamental and geometric motifs, including a scrolled leaf border pattern, a radiating checkerboard design with dotted accents, a circular plate design with floral and botanical elements, and a partial view of a sunflower pattern on the right edge."
1993,76-1688,,,industrial landscape; steel bridge; river; smoke stacks; black and white photograph,"A black and white photograph showing a steel truss bridge spanning a river with industrial smokestacks visible in the background, reflecting in the calm water below, depicting an early-to-mid 20th century industrial scene."
1994,76-1689,Baseball,,baseball team; corning; early 1900s; black and white photograph; uniforms,"A formal team portrait of the Corning baseball team from the early 1900s, showing approximately 13 players in uniforms with ""CORNING"" visible on their jerseys, posed in two rows against a building backdrop."
1995,76-1690,,,the kennedy building; brick architecture; railroad tracks; early 20th century; black and white photograph,"A black and white photograph of ""The Kennedy"" building in Corning, NY, a two-story brick structure with classical architectural details, ground-level storefronts with columns, and people gathered on a second-floor balcony, situated adjacent to railroad tracks."
1996,76-1691,,,parade; decorated street; crowds; early 20th century; black and white photograph,"A large civic parade or celebration in Corning, NY featuring a decorated downtown street lined with bunting and flags, with crowds of spectators lining both sides of the street and marchers proceeding down the center, photographed from an elevated vantage point."
1997,76-1692,Fires,,fire; railroad yard; smoke; firefighting; black and white photograph,"A black and white photograph showing firefighters battling a large fire at a railroad yard in Corning, NY, with massive plumes of smoke rising from burning structures, railroad tracks visible in the foreground, and a utility pole and industrial buildings in the background."
1998,76-1693,Fires,,fire; smoke; wooden structures; industrial building; black and white photograph,"A black and white photograph documenting a major fire in Corning, NY, showing wooden buildings engulfed in heavy smoke with a brick industrial structure visible in the background amid the flames and smoke."
1999,76-1694,Fires,,fire; industrial building; firefighting; steam engine; early 20th century; black and white photograph,"A black and white photograph documenting a major fire at an industrial building in Corning, NY, with firefighters operating a steam-powered fire engine amid heavy smoke, utility poles visible in the background, and spectators gathered at a safe distance."
2000,76-1695,Fires,,railroad fire; firefighting; industrial building; water streams; black and white photograph,"Firefighters battle a major fire at a railroad facility in Corning, NY, directing multiple water streams at burning structures and boxcars along the tracks while smoke billows into the sky."
2001,76-1696,Fires,,fire; building fire; smoke; industrial building; black and white photograph,"A large industrial or commercial building in Corning, NY engulfed in heavy smoke and flames, with a tall chimney visible and wooden structures in the foreground, captured in this black and white archival photograph documenting a major fire incident."
2002,76-1697,Fires,,fire; industrial building; steam and smoke; railroad tracks; black and white photograph,"A black and white photograph showing a major fire at an industrial structure in Corning, NY, with heavy smoke and steam billowing from the building, railroad tracks visible in the foreground, and what appears to be firefighting or emergency response equipment on the tracks."
2003,76-1698,Fires,,major fire; firefighting efforts; industrial building; early 20th century; black and white photograph,"This black and white photograph documents a massive industrial fire in Corning, NY, showing firefighters operating water cannons and equipment on railroad tracks while dense smoke and flames engulf a large building, with crowds of onlookers gathered to witness the emergency response."
2004,76-1699,Fires,,fire fighting; water stream; wooden building; firefighters; black and white photograph,"Firefighters direct a powerful water stream from a hose onto a wooden structure engulfed in flames and smoke, with a ladder visible on the left side of the image during what appears to be a fire suppression operation in Corning, NY."
2005,76-1700,,,public park; swimming pool; recreational area; crowds; black and white photograph,"A black and white photograph showing a public swimming pool and recreational park in Corning, NY, with crowds of visitors enjoying the facilities, surrounded by mature trees and hills in the background."
2006,76-1701,Food-Mart,,food-mart; grocery store interior; meat counter; mid-century retail; black and white photograph,"Interior view of a Food-Mart grocery store showing staff behind a meat display counter with packaged products, promotional signage including ""Star Beef"" visible above, and store employees in white aprons working at the counter."
2007,76-1702,Country Club,,country club; neoclassical architecture; white columns; black and white photograph; corning ny,"The Corning Country Club in Corning, New York, a neoclassical building with prominent white columns, a triangular pediment, and manicured grounds with trees and landscaping."
2008,76-1703,Fires,,railroad fire; firefighting; freight cars; water spray; black and white photograph,"A black and white photograph documenting firefighters spraying water on a burning railroad freight car at what appears to be a rail yard in Corning, NY, with heavy smoke billowing from the structure and railroad workers visible in the scene."
2009,76-1704,Fires,,railroad fire; steam locomotive; industrial disaster; black and white photograph; early 20th century,"A black and white photograph documenting a major railroad fire in Corning, NY, showing a steam locomotive engulfed in heavy smoke and flames on railroad tracks with utility poles visible in the background."
2010,76-1705,,,church; stone building; steeple; trees; black and white photograph,"A historic stone church with a tall pointed steeple and Gothic-style windows stands prominently in what appears to be a Corning, NY neighborhood, surrounded by mature trees and residential buildings."
2011,76-1706,,,north side baptist church; corning new york; brick church; steeple; black and white photograph,"A black and white photograph of the North Side Baptist Church in Corning, N.Y., showing a brick church building with a prominent central steeple, arched windows, and surrounding landscape."
2012,76-1707,,,brick building; religious architecture; victorian era; convent; black and white photograph,"This black and white photograph shows St. Mary's New Convent in Corning, NY, a Victorian-era brick building with distinctive half-timbered gable details, multiple stories, arched windows, and a covered entrance portico with columns."
2013,76-1708,,,steamboat; river; person viewing; black and white photograph; early 20th century,"A black and white photograph showing a person standing at a railing overlooking a river with a steamboat or paddle-wheeler vessel visible in the distance, likely taken from a vantage point in Corning, NY."
2014,76-1709,,,vintage aircraft; airfield; 1930s-1940s; biplane; mountainous landscape; black and white photograph,"A black and white photograph showing several early aircraft parked at an airfield with mountains visible in the background, featuring personnel standing near a biplane with distinctive high-wing design typical of 1930s-1940s aviation."
2015,76-1710,,,boats; waterfront; bicycle; vintage aircraft; black and white photograph,"A black and white photograph showing several small boats and what appears to be a vintage seaplane or amphibious aircraft beached near a forested shoreline, with a bicycle visible in the foreground."
2016,76-1711,,,aircraft; vintage airplane; propeller plane; black and white photograph; mid-century aviation,"A black and white overhead photograph of a mid-century single-engine aircraft with distinctive lightning bolt markings on its fuselage, shown parked on the ground with its propeller and landing gear visible."
2017,76-1712,,,aircraft wreckage; small planes; forested landscape; black and white photograph; aviation disaster,"A black and white photograph showing multiple damaged and wrecked small aircraft scattered on a rocky ground with forested hills in the background, with visible aircraft registration numbers including what appears to be ""N4106"" on one of the fuselages."
2018,76-1713,,,vintage aircraft; biplane; gravel airfield; black and white photograph; 1930s-1940s aviation,"A black and white photograph showing a vintage biplane with visible registration markings on its fuselage, parked on a gravel airfield with its cargo door or hatch open, displaying the aircraft's internal structure and support framework."
2019,76-1714,Joseph Costa,,portrait; man; residential building; mid-20th century; black and white photograph,"A black and white photograph showing Joseph Costa standing in front of a house with horizontal siding, wearing a dark jacket with a white collar and dark trousers, smiling at the camera."
2020,76-1715,Joseph Costa,,two men; porch; early 20th century; formal attire; black and white photograph,"A black and white photograph showing two men standing on a residential porch with white railings and a supporting column, with the man on the left wearing a fedora and formal suit and the man on the right in casual work clothes, likely from the early 1900s in Corning, NY."
2021,76-1717,,,parade; decorated street; crowds; early 20th century; black and white photograph,"A large crowd gathers along a decorated downtown street in Corning, NY for what appears to be a civic parade or celebration, with elaborate bunting and flags adorning the buildings and streetcar tracks visible in the foreground."
2022,76-1718,Circus Parades (see parades),,market street; corning ny; downtown street; black and white photograph; early 20th century,"A black and white photograph labeled ""Market Street, Looking West, Corning, N.Y."" shows a wide downtown street lined with multi-story commercial buildings, with a few pedestrians and what appears to be a person on a bicycle visible on the street."
2023,76-1719,Circus Parades (see parades),,circus parade; horse-drawn wagon; early 20th century; downtown corning; black and white photograph,"A circus parade procession moves through downtown Corning, NY, featuring an ornate horse-drawn wagon with decorative panels pulled by multiple horses, accompanied by performers in period costume, with historic brick buildings and spectators visible along the street."
2024,76-1720,Advertisements,,movie theater marquee; vintage film advertisements; harrison j. wolfe; black and white photograph; early cinema,"A vintage movie theater marquee displaying promotional advertisements for films including ""Harrison J. Wolfe"" and ""The Players,"" with price signage showing 20¢, 30¢, and 50¢ admission rates, and film stills visible on the display boards."
2025,76-1721,,,elephant; girl scouts; west market street viaduct; corning ny; vintage parade or event,"A black and white photograph showing Girl Scouts leading an elephant with brakes across the West Market Street viaduct in Corning, NY, as indicated by the caption ""THE ONLY ELEPHANT WITH BRAKES was the one Saturday which Girl Scouts 'led' across the West Market Street viaduct."""
2026,76-1722,,,st. patrick's cadets; balloon parade; animal train; corning ny; black and white photograph,"St. Patrick's Cadets marching in a parade with an animal train locomotive, identified as one of the best units in Saturday's balloon parade in Corning, NY."
2027,76-1723,,,corning ny; public square; ornate pavilion; crowds; early 20th century; black and white photograph,"A black and white photograph showing a crowd of people gathered around an ornate wooden pavilion or bandstand structure in what appears to be a public square in Corning, New York, with a church steeple visible in the background and period buildings flanking the scene."
2028,76-1724,,,hot air balloon; early aviation; crowd gathering; corning ny; black and white photograph,"A hot air balloon ascends above a gathered crowd in what appears to be a public field or fairground in Corning, NY, with hills and town buildings visible in the background, captured in this early black and white photograph showing late 19th or early 20th century aviation history."
2029,76-1725,"Clocktower, Corning, N.Y. ",,clocktower; horse-drawn carriage; corning new york; downtown street; black and white photograph,"A black and white historical photograph showing a horse-drawn carriage with passengers on a dirt street in downtown Corning, NY, with a prominent clocktower visible in the background among Victorian-era brick buildings."
2030,76-1726,,,corning painted post; float; parade; black and white photograph; mid-20th century,"A black and white photograph showing a parade float labeled ""CORNING PAINTED POST"" with several people visible on and around the decorated platform, likely from a mid-20th century community celebration or promotional event in Corning, New York."
2031,76-1727,,,early 20th century; trolley or streetcar; residential building; rural setting; black and white photograph,"A black and white photograph showing an early electric trolley or streetcar with a curved roof shelter on the left, positioned in front of a two-story wooden residential house with ivy-covered walls and a chimney, with several people visible near the structures in what appears to be a rural or small-town setting."
2032,76-1728,,,outdoor gathering; wooden building; early 20th century; large group; black and white photograph,"A large outdoor gathering of men, women, and children assembled in front of a wooden building with a covered porch, with spectators also visible on an upper platform or roof, suggesting a community event or celebration from the early 1900s."
2033,76-1729,Bicycles,,bicycle; woman; indoor; vintage; black and white photograph,"A black and white photograph showing a woman posing with a bicycle indoors against a wall with louvered vents, likely from the mid-20th century."
2034,76-1730,Baseball,,baseball game; open field; spectators; mountains; black and white photograph,"A black and white photograph showing a baseball game in progress on an open field with mountains visible in the background, spectators gathered along the sidelines, and what appears to be a rural or semi-rural setting near Corning, NY."
2035,76-1731,"First National Bank & Trust Co., Corning, N.Y. ",,downtown corning; brick buildings; early 20th century; main street; black and white photograph,"A black and white photograph of a downtown Corning, New York street lined with multi-story brick commercial buildings, utility poles, and storefronts, showing the First National Bank & Trust Co. building among the architectural landmarks of the era."
2036,76-1732,,,tree-lined street; steuben street; corning ny; early 20th century; black and white photograph,"A black and white photograph labeled ""Steuben Street"" showing a tree-lined residential street in Corning, NY with mature trees creating a canopy over the unpaved road and buildings visible on the right side."
2037,76-1733,"Centerway Bridge, Corning, N.Y. ",1972,clocktower; downtown corning; historic architecture; black and white photograph; 1972,"This 1972 photograph shows Corning, New York's downtown area featuring a prominent clocktower monument in the center, Victorian-era buildings on the left, and the Centerway Bridge visible on the right, with period automobiles and industrial buildings in the background."
2038,76-1733,"Clocktower, Corning, N.Y. ",,clocktower; downtown corning; historic architecture; black and white photograph; 1972,"This 1972 photograph shows Corning, New York's downtown area featuring a prominent clocktower monument in the center, Victorian-era buildings on the left, and the Centerway Bridge visible on the right, with period automobiles and industrial buildings in the background."
2039,76-1734,,,north hamilton street; corning ny; brick buildings; painted post indian; early 20th century; black and white photograph,"A historical black and white photograph of North Hamilton Street in Corning, NY, showing brick commercial buildings lining the street with a painted Indian figure visible on a utility pole, bare trees in the background, and utility poles along the street."
2040,76-1735,,,downtown corning; early 20th century; brick buildings; drug store; unpaved street,"A black and white photograph of a Corning, NY downtown street scene showing brick commercial buildings including Kerbells Drug Store, wooden storefronts, utility poles, and an unpaved street from the early 1900s."
2041,76-1736,Corning Glass Center Buildings,,industrial complex; brick buildings; factory chimneys; black and white photograph; early 20th century,"A black and white photograph showing an industrial glass manufacturing facility in Corning, NY, featuring multiple tall brick chimneys, multi-story brick buildings, and various industrial structures, with visible text referencing ""Henry Clay"" and ""soft coal-kiln"" on the lower right corner of the image."
2042,76-1737,,,industrial mill; corrugated metal buildings; lumber logs; factory smokestacks; black and white photograph,"A historic industrial mill complex with corrugated metal buildings, stacked lumber logs in the foreground, and three tall smokestacks emitting smoke in the background, typical of early-to-mid 20th century manufacturing in Corning, NY."
2043,76-1738,,,downtown street; brick buildings; early 20th century; unpaved road; black and white photograph,"A wide downtown street in Corning, NY lined with multi-story brick commercial buildings featuring storefronts at street level, with an unpaved road and sparse pedestrian and horse-drawn traffic visible in the distance."
2044,76-1739,Food-Mart,,food-mart; grocery store interior; mid-century retail; product displays; black and white photograph,"Interior view of a Food-Mart grocery store showing multiple product display cases, shelving units stocked with packaged goods and canned items, a checkout counter with staff, and promotional displays including what appears to be Chiffon soap products in the foreground."
2045,76-1740,"Clocktower, Corning, N.Y. ",,clocktower; corning new york; downtown square; industrial buildings; black and white photograph,"A black and white photograph showing Corning, NY's distinctive stone clocktower dominating a downtown plaza, with industrial factory buildings featuring tall smokestacks visible to the left and utility poles crossing the scene."
2046,76-1741,,,downtown corning; historic building; traffic light; first bank; mid-20th century; black and white photograph,"A black and white photograph showing a prominent multi-story stone building with classical architectural details on a downtown Corning street corner, with a First Bank sign visible on an adjacent building, traffic signals overhead, and a evergreen tree in the foreground."
2047,76-1742,"City Hall, Corning, N.Y. ",,city hall; corning new york; victorian architecture; stone building; black and white photograph,"This black and white photograph shows Corning, New York's City Hall, a distinctive Victorian-era stone building featuring multiple turrets with pointed roofs, arched windows, and ornamental detailing, photographed from a street-level corner view."
2048,76-1743,"Couthouse Park, Corning, New York",,courthouse; neoclassical architecture; american flag; landscaped grounds; black and white photograph,"A black and white photograph of the Steuben County Courthouse in Corning, New York, showing a grand neoclassical building with columns, a pediment, and an American flag atop its roof, situated in Courthouse Park with manicured landscaping and flowering shrubs in the foreground."
2049,76-1744,"City Hall, Corning, N.Y. ",,city hall; corning new york; victorian architecture; brick building; black and white photograph,"This black and white photograph shows the City Hall of Corning, N.Y., a prominent Victorian-era brick building featuring multiple conical towers, arched windows, and ornamental architectural details, as identified by the text caption in the upper left corner of the image."
2050,76-1745,,,school building; brick architecture; corning new york; early 20th century; black and white photograph,"This black and white photograph shows School No. 3 in Corning, New York, a two-story brick educational building with classical architectural features including columned entrance, multiple large windows, and a pitched roof with decorative trim, situated on landscaped grounds with a figure visible in the foreground."
2051,76-1746,,,sailing ships; tropical landscape; water; tree; black and white photograph,"A black and white photograph labeled ""Coil's Bay Bermuda"" showing a calm waterway with sailing vessels in the distance and a distinctive windswept tree on the right shore."
2052,76-1748,,,high school; brick building; bare trees; early 20th century; black and white photograph,"A black and white photograph labeled ""HIGH SCHOOL"" showing a two-story brick institutional building with multiple chimneys and tall windows, surrounded by bare trees in what appears to be late fall or winter, likely from the early 1900s in Corning, NY."
2053,76-1749,,,ingersoll rand plant; industrial building; brick structure; corning ny; black and white photograph,"A black and white photograph showing the Section of Ingersoll-Rand Plant in Corning, NY, featuring a large brick industrial building with multiple stories and chimneys, surrounded by trees and an open yard area."
2054,76-1750,"Eggington's Glass Cutting Shop, Corning, N.Y. ",,brick industrial building; glass cutting shop; early 20th century; corning new york; black and white photograph,"This black and white photograph shows Eggington's Glass Cutting Shop in Corning, N.Y., a multi-story brick industrial building with numerous large windows, an office entrance, and a smokestack visible on the left side, representing the glass manufacturing heritage of the region."
2055,76-1751,"Corning, New York",,corning new york; industrial landscape; factory buildings; black and white photograph; hillside valley,"A black and white historical photograph showing Corning, New York's industrial skyline with multiple factory buildings, smokestacks, and manufacturing facilities nestled in a valley surrounded by forested hills."
2056,76-1752,Corning Glass Center Buildings,,industrial complex; factory chimneys; brick buildings; black and white photograph; early 20th century,"A black and white photograph showing an industrial glass manufacturing facility in Corning, NY, featuring multiple tall smokestacks, multi-story brick buildings, and various industrial structures, with visible text referencing ""Celebrated Henry Clay Coal"" and soft coal kiln operations."
2057,76-1753,Corning Glass Center Buildings,,corning glass works; industrial facility; arch bridge; factory smokestacks; black and white photograph,"This black and white photograph shows the Corning Glass Works facility in Corning, New York, featuring multiple industrial buildings with tall smokestacks, a distinctive arched bridge crossing a river in the foreground, and rolling hills in the background."
2058,76-1754,,,glassblowing; craftsman; industrial workshop; black and white photograph; mid-20th century,"A glassblower in a white shirt works at his craft inside an industrial workshop, using a long pipe to shape molten glass while surrounded by metal equipment and tools typical of a glass manufacturing facility."
2059,76-1755,Corning Homes,,victorian house; wooden siding; front porch; bare trees; black and white photograph,"A black and white photograph of a Victorian-era residential home in Corning, NY featuring wooden siding, a wraparound front porch with decorative railings, second-story balcony, and mature trees in the yard, with neighboring houses visible in the background."
2060,76-1756,A. B. Holmes,,,
2061,76-1757,,,neoclassical building; columned portico; tree-lined grounds; black and white photograph; historic architecture,"A black and white photograph showing a neoclassical building with prominent white columns and a triangular pediment, framed by tall trees on a manicured lawn, likely a civic or institutional structure from Corning, NY."
2062,76-1758,Drake Home,,stone castle; crenellated towers; historic architecture; black and white photograph; 19th century,"A black and white photograph of the Drake Home in Corning, NY, showing a distinctive stone castle-like structure with multiple crenellated towers, arched windows, and surrounding vegetation."
2063,76-1759,Corning Glass Works Glass Blower,,horse-drawn wagon; winter landscape; snow; rural scene; black and white photograph,"A black and white photograph showing two people in a horse-drawn wagon traveling through a snowy winter landscape with bare trees and industrial buildings visible in the distant background, likely depicting a scene from Corning, NY."
2064,76-1760,,,sailing ship; waterfront; mast; black and white photograph; circular vignette,"A black and white photograph showing a multi-masted sailing vessel on water viewed through a circular vignette, with bare masts and rigging visible against a hazy horizon."
2065,76-1761,,,sailing ship; ocean; black and white photograph; maritime; vintage,"A black and white photograph showing a three-masted sailing vessel on the ocean horizon, with handwritten text at the bottom that reads ""...ed on the Pacific Ocean,"" documenting a maritime scene from the Corning local history archive."
2066,76-1762,,,ship; rocky coastline; tropical vegetation; maritime; black and white photograph,"A black and white photograph showing a sailing ship anchored near rocky outcrops in calm water, viewed from a tropical shoreline with palm fronds visible in the foreground, with handwritten caption below reading ""Ship Rhoderick Dhu on Rocks"" (partially legible)."
2067,76-1763,,,naval ships; open water; black and white photograph; vintage snapshot; handwritten caption,"A black and white photograph showing two military vessels on open water, with handwritten text below identifying ""U.S. Battleship Iowa"" and ""Maneuvers Bay,"" mounted on a page with decorative scalloped borders."
2068,77-1764,,,downtown corning; early automobiles; multi-story building; black and white photograph; street scene,"A black and white photograph showing a downtown Corning street scene with a prominent four-story white building with regular window patterns, period automobiles parked along the street, pedestrians, and surrounding commercial buildings typical of early-to-mid 20th century urban architecture."
2069,77-1765,,,state street viaduct; steel bridge; corning ny; black and white photograph; industrial architecture,"This black and white photograph shows the State Street Viaduct in Corning, NY, a steel truss bridge spanning across what appears to be an industrial area with buildings and structures visible beneath and around it."
2070,77-1766,,,parade float; whoopee; riverside builders supply; vintage automobile; black and white photograph,"A vintage parade float or promotional display for ""Whoopee"" and ""Riverside Builders Supply Co Inc"" is pulled by an early 20th-century automobile past residential buildings in what appears to be a Corning, NY street scene."
2071,77-1767,,,victorian mansion; col. berry residence; delevan avenue; wooded hillside; black and white photograph,"A black and white photograph of Col. Berry's residence at 210 Delevan Avenue in Corning, NY, showing a three-story Victorian-style house with multiple gables and a wraparound porch, set against a densely forested hillside."
2072,77-1768,,,downtown street; pedestrians; historic buildings; black and white photograph; early 20th century,"A busy downtown street scene in Corning, NY showing pedestrians walking along a wide street lined with multi-story commercial and residential buildings, with storefronts visible on the left side and darker buildings on the right, photographed in black and white during the early 1900s."
2073,77-1769,,,patriotic parade; decorated street; military uniforms; american flags; early 20th century,"A patriotic parade or civic celebration in Corning, NY featuring uniformed military personnel and civilians gathered on a decorated downtown street lined with bunting, flags, and patriotic banners on multi-story brick buildings."
2074,77-1771,,,baseball game; crowd; aerial view; mid-20th century; black and white photograph,"An aerial view of a baseball game in progress showing players on the field and a large crowd of spectators seated along the baseline at what appears to be a Corning, NY venue."
2075,77-1772,,,man; vintage automobile; river landscape; black and white photograph; mid-20th century,A man in a coat and cap stands beside a vintage automobile with a river and wooded shoreline visible in the background in this black and white photograph.
2076,77-1773,,,formal ceremony; large gathering; elevated platform; military or civic event; black and white photograph,"A black and white photograph showing a large formal gathering on an elevated platform with hundreds of people in dark suits arranged in organized rows, surrounded by flags and spectators seated in the foreground, documenting what appears to be an official civic or military ceremony in Corning, NY."
2077,77-1774,,,patriotic decoration; flags and bunting; downtown street; american express company; early 20th century,"A downtown Corning street decorated with numerous American flags and patriotic bunting draped across buildings, with the American Express Company storefront visible among the storefronts, suggesting a civic celebration or patriotic holiday observance."
2078,77-1775,,,steam locomotive; railroad; downtown corning; brick buildings; early 20th century,"A steam locomotive marked ""American Express"" is positioned on railroad tracks in downtown Corning with brick commercial buildings visible in the background and several people standing nearby on the wooden platform."
2079,77-1776,,,corning glass factory; industrial landscape; black and white photograph; early 20th century; factory smokestacks,"A black and white photograph showing the Ullex Glass Factory in Corning, NY, with multiple industrial buildings, tall smokestacks emitting smoke, a prominent white smokestack in the center, and surrounding hillsides visible in the background."
2080,77-1777,,,steam locomotive; railroad; crowd; early 20th century; black and white photograph,"A black and white photograph showing a steam locomotive at a railroad yard or station in Corning, NY, surrounded by a large crowd of people gathered along the tracks, likely documenting a significant railway event or arrival from the early 1900s."
2081,77-1779,,,railroad yard; uniformed officer; railway tracks; industrial infrastructure; black and white photograph,"A uniformed railroad official stands on railroad tracks in an industrial rail yard with multiple tracks, utility poles, fenced areas, and workers visible in the background against a hillside landscape."
2082,77-1780,,,steam locomotive; railroad; early 20th century; black and white photograph; passenger train,"A black and white photograph showing a steam locomotive numbered 999 with attached passenger cars on railroad tracks, with several people standing beside the train."
2083,77-1781,,,industrial buildings; factory; smokestack; black and white photograph; early 20th century,"A black and white photograph showing an industrial complex with multiple brick factory buildings, a prominent tall smokestack, utility poles, and partial signage reading ""STEUG"" visible on the right building, typical of early industrial Corning, NY."
2084,77-1782,,,industrial facility; fire trucks; mid-20th century; black and white photograph; factory buildings,"A black and white photograph showing fire trucks and firefighters at an industrial facility with large factory buildings, utility poles, and hoses laid on the ground, likely documenting a fire response or training exercise at a Corning manufacturing site."
2085,77-1783,,,industrial riverfront; glass factory smokestacks; Chemung River; Corning NY; black and white photograph,"A black and white photograph showing Corning's industrial riverfront with prominent glass factory smokestacks on the left, a steamboat on the Chemung River, and hillside landscape in the background, documenting the city's glass manufacturing heritage."
2086,77-1784,,,formal ceremony; flags; large gathering; outdoor amphitheater; black and white photograph,"A formal ceremonial gathering in an outdoor amphitheater with rows of seated spectators, uniformed officials, flags including what appears to be an American flag, and a large crowd assembled on the grounds, photographed in black and white."
2087,77-1785,,,formal gathering; men in suits; rural buildings; black and white photograph; mid-20th century,"A black and white photograph showing a group of formally dressed men gathered in an open field with white buildings visible in the background, appearing to document an official visit or community event in a rural setting."
2088,77-1786,,,baseball field; grandstand; crowd; sporting event; black and white photograph,"A black and white photograph showing a large crowd gathered on a grandstand at a baseball field in what appears to be mid-20th century, with fenced areas visible in the background and spectators seated in bleachers."
2089,77-1787,,,memorial ceremony; wreath laying; military personnel; downtown corning; black and white photograph,"A formal memorial or dedication ceremony in downtown Corning, NY, featuring military personnel and civilians gathered around a wreath placed on a stand, with striped flags visible and brick buildings in the background."
2090,77-1788,,,two men; vintage automobile; alley; mid-20th century; black and white photograph,"Two men in coats and hats stand beside a vintage automobile in a narrow alley between brick buildings, with a visible license plate and what appears to be ivy-covered walls in the background."
2091,77-1789,,,indoor gathering; formal suit; striped clothing; mid-century; black and white photograph,"A black and white photograph showing five people in an indoor setting, with a formally dressed older man in a dark suit conversing with four others wearing casual striped and patterned clothing, appearing to be from the mid-20th century."
2092,77-1790,,,three men; formal suits; indoor conversation; black and white photograph; mid-20th century,"A black and white photograph showing three men in formal business attire engaged in conversation indoors, with the center man wearing a boutonnière and appearing to be the focus of attention."
2093,77-1791,,,giant inflatable figures; parade or exhibition; mid-20th century; black and white photograph; crowds,"A black and white photograph showing large inflatable balloon figures at what appears to be a public parade or exhibition event, with spectators gathered around the massive structures in an outdoor venue."
2094,77-1792,,,corning glass works; anniversary celebration; parade float; 1948; black and white photograph,"A large decorative parade float commemorates Corning Glass Works' 80 years in Corning (1868-1948), featuring text referencing Edison and the company's history, with the Ecker Drug Store visible in the background."
2095,77-1793,,,parade; crowd; mid-century; boats; street performance,"A black and white photograph showing a large crowd gathered along a street in Corning, NY to watch what appears to be a parade or public event, with boats visible in the background and performers or participants on an elevated platform entertaining the assembled spectators."
2096,77-1794,,,parade float; new york telephone company; 1940s; downtown corning; black and white photograph,"A New York Telephone Company parade float featuring a large telephone booth structure passes through a crowded downtown Corning street lined with storefronts, with visible text reading ""NEW YORK TELEPHONE COMPANY"" and ""1898 140 TELEPHONES IN CORNING"" on the float."
2097,77-1795,,,parade float; downtown corning; crowd; mid-century; black and white photograph,"A black and white photograph showing a parade float with ""Egger Drug Store"" signage moving through a downtown Corning street lined with spectators, with visible storefronts including a drug store in the background."
2098,77-1796,,,parade float; centennial celebration; crowds; decorated vehicle; black and white photograph,"A large decorated parade float numbered ""100"" is displayed before a crowd of spectators at what appears to be a centennial celebration in Corning, NY, featuring elaborate ornamentation and multiple figures on the float."
2099,77-1797,,,formal event; women; white dress; satin gown; black and white photograph; 1940s-1950s; brick wall; indoor gathering,"A black and white photograph showing three women at what appears to be a formal social event, with a woman in a white formal gown in the foreground and two other women in dark and satin formal wear beside a brick wall."
2100,77-1798,,,parade float; 1948; crowd; black and white photograph; vintage celebration,"A black and white photograph showing a 1948 parade float with spectators gathered around it, featuring signage that reads ""1948 THE EASY WAY WITH"" and ""1848 THE HA"" (partially visible), suggesting a historical commemoration or centennial celebration in Corning, NY."
2101,77-1799,,,corning ny; downtown street; wooden utility poles; brick buildings; early 20th century; black and white photograph; parade or procession,"A black and white photograph showing a street procession or parade in downtown Corning, NY, with crowds of people lining a dirt road flanked by brick industrial buildings, wooden utility poles, and hills visible in the background."
2102,77-1800,,,military formation; uniformed soldiers; institutional building; early 20th century; black and white photograph,"A black and white photograph showing a large group of uniformed soldiers or cadets standing in formation on a grassy field in front of a Victorian-era institutional building with distinctive towers and a cross visible in the background, with spectators gathered to observe the assembly."
2103,77-1801,,,river; industrial equipment; derrick; barge; black and white photograph; early 20th century,"A black and white photograph showing a tall derrick crane mounted on a barge in a river, with industrial buildings and forested hills visible in the background, likely documenting river-based industrial or construction operations in the Corning, NY area."
2104,77-1802,,,industrial site; concrete structure; bare trees; black and white photograph; early 20th century,"A black and white photograph showing an industrial landscape with a concrete dam or water control structure surrounded by fencing, bare trees, and gravel piles, with factory buildings and smokestacks visible in the background, likely documenting Corning's industrial infrastructure."
2105,77-1803,,,parade; downtown street; early 1900s; marching band; brick buildings,"A black and white photograph showing a large parade procession down a downtown street in Corning, NY, with marching band members in uniform, spectators lining both sides of the street wearing period clothing and hats, brick commercial buildings flanking the street, and what appears to be early 20th-century architecture."
2106,77-1804,,,parade; downtown street; early 20th century; large crowd; black and white photograph,"A large parade or public gathering fills a downtown Corning street lined with brick buildings and utility poles, with crowds of people lining both sides of the street and a banner-carrying group visible in the center of the procession."
2107,77-1805,,,parade; horse-drawn carriages; downtown street; brick buildings; early 20th century,"A black and white photograph showing a large crowd gathered along a downtown street lined with brick buildings, with horse-drawn carriages and wagons moving through the center, appearing to document a parade or public procession in Corning, NY."
2108,77-1806,,,downtown street; brick buildings; utility poles; early 20th century; black and white photograph,"A black and white photograph showing a downtown street scene in Corning, NY with brick commercial buildings, wooden utility poles with multiple crossarms, horse-drawn wagons, pedestrians, and hills visible in the background, likely from the early 1900s."
2109,77-1807,,,early aircraft; seaplane; water landing; vintage aviation; black and white photograph,"A black and white photograph showing an early seaplane with multiple crew members aboard, floating on water with its distinctive fabric-covered wings and struts visible, representing early 20th-century aviation technology."
2110,77-1808,,,rock formation; natural landscape; black and white photograph; geological feature; outdoor scenery,A black and white photograph showing a distinctive rock outcropping or natural stone formation surrounded by vegetation and foliage in what appears to be a natural outdoor setting.
2111,77-1809,,,industrial smokestacks; riverfront; steamboat; early 20th century; black and white photograph,"A black and white photograph showing industrial smokestacks on the left bank of a river with a steamboat moored in the water and a town with hills visible across the river, likely depicting industrial activity along the Chemung River in Corning, NY."
2112,77-1810,,,bridge construction; steel arch bridge; industrial railway; early 20th century; black and white photograph,"A black and white photograph showing the skeletal steel framework of a large arch bridge under construction, with a steam locomotive and railway cars positioned beneath it on a rocky riverbed or construction site."
2113,77-1811,,,industrial facility; river; manufacturing plant; black and white photograph; early 20th century,"A black and white photograph showing a large industrial manufacturing complex with multiple smokestacks situated along a river, with construction or industrial equipment visible in the foreground and hills visible in the background."
2114,77-1812,,,parade; uniformed personnel; downtown street; early 20th century; black and white photograph,"A large parade or procession moves down a main street in Corning, NY, featuring uniformed military or civic personnel marching in formation while crowds of spectators line both sides of the street lined with brick buildings and utility poles."
2115,77-1813,,,downtown street; parade or procession; bunting decorations; early 20th century; black and white photograph,"A crowded downtown street scene in Corning, NY showing a parade or public gathering with numerous pedestrians, bunting-decorated buildings, and what appears to be a large illuminated balloon or light fixture suspended above the street."
2116,77-1814,,,parade; downtown street; brick buildings; early 20th century; black and white photograph,"A large parade or procession moves down a downtown Corning street lined with brick commercial buildings and spectators, with participants in white clothing marching down the center of the unpaved road."
2117,77-1815,,,parade; downtown corning; black and white photograph; early 1900s; decorated street,"A large parade or public procession moves down a downtown Corning street lined with brick buildings and spectators, with decorative black and white bunting strung overhead and what appears to be uniformed marchers or military personnel in formation."
2118,77-1816,,,horse-drawn sleighs; winter street scene; Victorian buildings; community gathering; black and white photograph,"A black and white photograph showing a winter street scene in what appears to be early 20th century Corning, NY, with multiple horse-drawn sleighs and people gathered on a snowy street lined with Victorian-era buildings and bare trees."
2119,77-1818,,,rock formation; railroad tracks; winter landscape; bare trees; black and white photograph,"A black and white photograph showing a tall, dark rock outcropping or cliff face adjacent to railroad tracks in a snowy, wooded landscape, likely documenting a geological or railroad infrastructure feature in the Corning, NY area."
2120,77-1819,,,vintage automobiles; state police; 1940s-1950s; law enforcement; black and white photograph,"A black and white photograph showing a State Police officer examining a damaged automobile at what appears to be an accident scene or impound lot, with residential buildings visible in the background."
2121,77-1820,,,group portrait; men in suits; black and white photograph; 1940s; formal gathering,"A black and white group photograph of approximately thirty men in formal business attire arranged in multiple rows, likely from the 1940s era, with no visible identifying text or captions."
2122,77-1821,,,black and white photograph; film strip; architectural details; birdhouse; wooden structures,A two-frame film strip negative showing architectural or structural details including what appears to be a birdhouse with an entrance hole and wooden framework or scaffolding elements.
2123,77-1822,,,vintage automobile; agricultural equipment; rural landscape; black and white photograph; 1930s-1940s era,"A black and white photograph showing an early automobile with dual rear wheels and large cylindrical tanks mounted on its bed, parked next to a wooden-framed agricultural structure or barn in a rural setting with hills visible in the background."
2124,77-1823,,,house fire; firefighters; ladder; residential building; black and white photograph,"Firefighters battle a house fire on the roof of a residential structure in Corning, NY, with multiple personnel positioned on ladders and the roof while others stand below, captured in this black and white archival photograph."
2125,77-1824,,,industrial facility; vintage trucks; mid-20th century; black and white photograph; workers,"A black and white photograph showing workers operating industrial trucks and equipment at what appears to be a manufacturing or processing facility in Corning, NY, with large buildings and utility poles visible in the background."
2126,77-1825,,,building fire; wooden structures; heavy smoke; nighttime; black and white photograph,A black and white photograph documenting a major structural fire with intense flames and smoke engulfing wooden buildings and utility poles in what appears to be a nighttime scene.
2127,77-1826,,,formal dinner; nine men; beaded backdrop; mid-century; black and white photograph,"A black and white photograph showing nine men in business suits standing behind a dining table with glasses and place settings, posed in front of an ornate beaded or sequined backdrop, likely from a formal event or banquet in mid-20th century Corning, NY."
2128,77-1827,,,beauty pageant; women; sashes; 1950s; formal wear,"A black and white photograph of ten women wearing formal gowns and sashes identifying them as pageant contestants, posed in two rows in front of a corrugated metal building, likely from a mid-20th century beauty competition in Corning, New York."
2129,77-1828,,,formal ceremony; military uniform; dignitaries; outdoor gathering; black and white photograph,"A formal outdoor ceremony or dedication event featuring military and civilian dignitaries seated in the front row, with a large crowd of attendees visible in the background and utility poles and crosses visible on the horizon."
2130,77-1829,,,formal meeting; military uniform; handshake; dignitaries; black and white photograph,"A black and white photograph showing a formal meeting between civilian officials in dark suits and a military officer in uniform, with multiple attendees gathered outdoors against a cloudy sky, appearing to document an official diplomatic or ceremonial occasion."
2131,77-1830,,,formal gathering; military officer; seated dignitaries; black and white photograph; mid-20th century,"A black and white photograph showing a formal outdoor gathering of well-dressed men in suits and hats, with a military officer in uniform seated centrally among civilian dignitaries, under a dramatic cloudy sky with utility poles visible in the background."
2132,77-1831,,,night photograph; street scene; brick building; corning ny; black and white,"A nighttime street view in Corning, NY showing a brick building with illuminated windows along a quiet street, photographed in black and white with visible archival markings on the film edge."
2133,77-1832,,,industrial interior; glass furnace; factory; black and white photograph; mid-twentieth century,"A black and white photograph showing the interior of an industrial glass furnace or kiln with visible arched openings and structural elements, likely documenting Corning's glass manufacturing heritage."
2134,77-1833,,,ribbon cutting; ceremony; crowd; mid-20th century; black and white photograph,A black and white photograph showing a ribbon-cutting ceremony with a man in dark clothing cutting a ribbon while a crowd of onlookers in period clothing (appearing to be from the 1930s-1940s) watches the event.
2135,77-1834,,,baseball; men; outdoor gathering; 1930s-1940s; black and white photograph,"A group of men gathered outdoors at night, with some seated and others standing around them, appearing to be discussing or reviewing baseball-related materials, with spectators visible in the background."
2136,77-1835,,,church fire; firefighting equipment; downtown corning; black and white photograph; early 20th century,"A black and white photograph showing firefighting efforts at a Gothic Revival church with distinctive spires in downtown Corning, NY, with fire hoses and equipment visible in the street and residential buildings surrounding the scene."
2137,77-1836,,,fire fighting; brick building; water stream; firefighters; black and white photograph,"Firefighters direct a powerful water stream at a brick industrial or commercial building during a fire suppression operation in what appears to be early-to-mid 20th century Corning, New York."
2138,77-1837,,,firefighting; industrial building; fire ladder; smoke; black and white photograph,"A black and white photograph showing firefighters battling a large industrial fire with heavy smoke billowing from a multi-story building, with a fire ladder visible on the left and a firefighter positioned on a beam or log above the smoke."
2139,77-1838,,,firefighting; fire hose; night scene; emergency response; black and white photograph,"Firefighters direct a powerful stream of water from a fire hose onto a burning building at night in what appears to be a downtown Corning location, with multiple personnel visible managing the hose and water spray against the dark structure."
2140,77-1839,,,firefighters; ladder rescue; brick building; fire emergency; black and white photograph,"A black and white photograph showing firefighters ascending a long ladder against a tall brick industrial building during what appears to be a fire response operation in Corning, NY, with a fire truck visible at ground level."
2141,77-1840,,,fire; brick building; firefighting; smoke; black and white photograph,"Firefighters direct water streams from hoses onto a brick building engulfed in heavy smoke during an active fire response in Corning, NY."
2142,77-1841,,,building fire; smoke; crowd; brick architecture; black and white photograph,"A black and white photograph showing a large brick building with distinctive peaked roofs engulfed in smoke during a fire, with a crowd of onlookers gathered in the street below to witness the event."
2143,77-1842,,,building fire; brick structure; crowd; smoke; black and white photograph,"A black and white photograph showing a large crowd of onlookers gathered to watch a brick building engulfed in heavy smoke and flames, with bare trees visible and what appears to be an institutional or civic building with a distinctive cupola on the left side."
2144,77-1843,,,fire fighting; brick building; metal stairs; firefighters; black and white photograph,"Firefighters operate a water stream from an elevated metal platform and stairway attached to a brick building, likely during a fire response in Corning, NY."
2145,77-1844,,,building fire; smoke; brick structure; chain-link fence; black and white photograph,"A brick building engulfed in heavy smoke during an active fire, photographed from behind a chain-link fence with a street lamp visible on the right side."
2146,77-1845,,,industrial building; metal staircase; chain-link fence; black and white photograph; foggy conditions,"A black and white photograph showing an industrial or institutional building with barred windows and an external metal staircase, partially obscured by fog or mist, with a chain-link fence visible in the foreground."
2147,77-1846,,,building fire; heavy smoke; firefighting; black and white photograph; corning ny,"A multi-story building engulfed in heavy smoke and flames during a major fire, with firefighting equipment and hoses visible at ground level in what appears to be a Corning, New York downtown location."
2148,77-1847,,,fire truck; ladder; firefighting; building fire; black and white photograph,"A vintage fire truck with an extended ladder is positioned against a building engulfed in smoke, with firefighters operating the equipment during an active fire response."
2149,77-1848,,,historic buildings; downtown corning; classical architecture; tin ware store; black and white photograph,"A black and white photograph showing a row of historic buildings in downtown Corning, including a white classical-style building with columns on the left and a brick building on the right with a ""Tin Ware & S[...]"" storefront, with the caption indicating this is ""one of the oldest hotels in the County."""
2150,77-1849,,,outdoor event; large crowd; bleachers; waterfront; black and white photograph,"A large crowd of spectators seated in wooden bleachers along a waterfront venue in Corning, NY, with a river or waterway visible in the background and what appears to be an organized public gathering or sporting event."
2151,77-1850,,,parade; downtown corning; marching band; early 20th century; black and white photograph,"A large parade fills a downtown Corning street with marching band members in white uniforms, spectators lining the sidewalks, and the U.S. Wellington & Co.'s Bank visible on a building in the background."
2152,77-1851,,,parade; horse-drawn carriage; downtown street; early 20th century; black and white photograph,"A large civic parade or procession in downtown Corning, NY featuring horse-drawn carriages, marching bands with instruments, uniformed participants, and crowds of spectators lining the streets in front of brick buildings, likely from the early 1900s."
2153,77-1852,,,mooseheart; june 1902; procession; umbrellas; black and white photograph,"A black and white photograph dated ""Mooseheart-June 15, 1902"" showing a group of people holding umbrellas in what appears to be an outdoor procession or gathering, with trees and a church steeple visible in the background."
2154,77-1853,,,winter scene; denison park; frozen pond; bare trees; 1923; black and white photograph,"A winter scene in Denison Park from 1923 showing a snow-covered frozen pond surrounded by bare trees and bare vegetation, with people visible on the ice and park structures in the distance."
2155,77-1854,,,brick building; hardware store; early 20th century; downtown corning; black and white photograph,"A corner brick building housing a hardware store with signage reading ""HARDWARE"" and ""MILLS DAUGH DRAKE"" visible on the storefront, photographed in black and white during the early 1900s in Corning, NY."
2156,77-1855,,,horse-drawn wagon; storefront; pedestrians; early 20th century; black and white photograph,"A black and white photograph showing a street scene with pedestrians and a horse-drawn wagon in front of a multi-story brick commercial building with storefronts and awnings in what appears to be early 20th century Corning, NY."
2157,77-1856,,,storefront; rockwell & shumway; men in period clothing; late 19th century; black and white photograph,"A black and white photograph of the Rockwell & Shumway storefront in Corning, NY, showing five men posed in front of a shop window decorated with draped fabric and a scalloped awning, likely dating to the late 1800s."
2158,77-1857,,,parade float; whoopee; w.m. killigrew seeds lime poultry supply; vintage automobiles; residential street; black and white photograph,"A parade float advertising ""Whoopee"" and ""W.M. Killigrew Seeds Lime Poultry Supply"" passes by residential houses on a tree-lined street in what appears to be early-to-mid 20th century Corning, NY."
2159,77-1858,,,gasoline car; erie railroad; railway; 1925; black and white photograph,"A gasoline-powered railroad car running on the Erie R.P. (Erie Railroad) is shown on the tracks with trees in the background, dated 1925."
2160,77-1859,,,victorian mansion; brick architecture; corning new york; residential; black and white photograph,"A black and white photograph showing the Victorian residence of the late F. N. Drake in Corning, New York, featuring a prominent brick mansion with multiple turrets, steep rooflines, wraparound porches, and ornate architectural details typical of late 19th-century residential design."
2161,77-1860,,,stone bridge; river; ornamental railings; early 20th century; black and white photograph,"A stone arch bridge spanning a river with decorative balustrade railings and multiple supporting piers, completed November 11, 1924, as noted in the handwritten caption at the bottom of the photograph."
2162,77-1861,,,historic buildings; brick architecture; church; downtown corning; black and white photograph,"A black and white photograph showing a historic downtown Corning streetscape featuring a prominent church with a crenellated tower and large arched windows, adjacent brick commercial buildings, bare trees, and what appears to be an early automobile in the foreground."
2163,77-1862,,,historical map; erwin township; estate survey; property boundaries; black and white photograph,"A historical map of Erwin Township exhibiting the estate of the late Samuel Erwin, Esq., showing property divisions, landowner names including Cooper, Erwin, Smith, and Dominick, and surveyed lot lines compiled on May 21, 1839."
2164,77-1863,,,monument; brick buildings; town square; early 20th century; black and white photograph,"A black and white photograph showing a public square in Corning, NY with a central monument topped by a statue surrounded by mature trees, flanked by substantial brick commercial buildings with arched windows and storefronts, including a partially visible storefront sign on the right."
2165,77-1864,,,riverboat; steam engine; chemung river; industrial; black and white photograph,"A steam-powered riverboat with a tall smokestack emitting smoke is docked or moored on the Chemung River in Corning, NY, with forested hills and industrial buildings visible in the background."
2166,77-1865,,,bridge construction; arched bridge; construction cranes; early 20th century; black and white photograph,"A black and white photograph showing the construction of a large arched bridge with wooden scaffolding and construction equipment, featuring a cityscape with a church steeple visible in the background across the river."
2167,77-1866,,,industrial smokestacks; river; stone bridge; black and white photograph; early 20th century,"A black and white photograph showing an industrial riverside scene with tall factory smokestacks on the left bank, a multi-arch stone bridge spanning the water, and industrial buildings along the waterfront, likely depicting Corning, NY's glass manufacturing heritage along the Chemung River."
2168,77-1867,,,industrial factory; twin smokestacks; canal; wooden structures; black and white photograph,"A black and white photograph showing an industrial glass factory complex in Corning, NY with distinctive twin smokestacks, wooden roof structures, a canal in the foreground, and hillsides in the background, typical of early-to-mid 20th century industrial architecture."
2169,77-1868,,,industrial factory; twin smokestacks; construction crane; black and white photograph; riverside,"A black and white photograph showing a large industrial factory with two prominent twin smokestacks under construction or renovation, with a construction crane visible on the left side and scattered lumber in the foreground along what appears to be a riverbank."
2170,77-1869,,,industrial factory; multiple smokestacks; riverfront; black and white photograph; early 20th century,"A black and white photograph showing a large industrial factory complex with multiple tall smokestacks situated along a riverbank, with forested hills visible in the background and debris scattered on the sandy foreground."
2171,77-1870,,,industrial waterfront; factory building; riverfront; black and white photograph; early 20th century,"A black and white photograph showing an industrial factory complex along a waterfront in Corning, NY, with two prominent smokestacks, brick buildings, and wooden boats or barges in the foreground on the water."
2172,77-1871,,,industrial structure; wooden framework; concrete base; rural landscape; black and white photograph,"A black and white photograph showing a man standing atop a large concrete structure with vertical wooden poles or rods extending upward, set in a rural landscape with hills and industrial buildings visible in the background."
2173,77-1872,,,rooftop construction; industrial landscape; corning ny; forested hills; black and white photograph,"A black and white photograph taken from a rooftop under construction showing the Corning, New York landscape with forested hills in the background, industrial smokestacks, a church steeple, and the Chemung River valley below."
2174,77-1873,,,bridge construction; steel framework; crane; industrial; black and white photograph,"A black and white photograph showing the construction of a steel bridge with a tall lattice crane lifting curved steel framework sections over water, likely documenting bridge construction in Corning, NY."
2175,77-1874,,,shipyard; vessels under construction; industrial waterfront; black and white photograph; mid-20th century,"A black and white photograph showing multiple ships in various stages of construction at what appears to be a shipyard, with a large cross visible on the left side, wooden scaffolding and support structures, workers on the dock, and mountainous terrain in the background."
2176,77-1875,,,stone bridge; river; industrial smokestacks; black and white photograph; early 20th century,"A black and white photograph showing a multi-arch stone bridge spanning a river with industrial smokestacks visible on the left bank and hills in the background, typical of early industrial-era Corning, NY infrastructure."
2177,77-1876,,,early aviation; seaplane; waterfront; early 20th century; black and white photograph,"A black and white photograph showing workers boarding or working on an early seaplane with fabric-covered wings and struts, docked at a waterfront facility in what appears to be the early 1900s."
2178,77-1877,,,vintage aircraft; biplane; passengers boarding; 1920s-1930s aviation; black and white photograph,"A black and white photograph showing passengers boarding a large biplane aircraft, likely from the 1920s-1930s era, with ground crew and onlookers visible near the fuselage and landing gear."
2179,77-1878,,,early aviation; biplane; pilot; aerial photograph; black and white photograph,"A black and white photograph showing an early biplane in flight with a pilot visible in the open fuselage, flying over a landscape with forested hills and water visible below."
2180,77-1879,,,man descending stairs; uniformed officials; black and white photograph; early 20th century; formal occasion,A well-dressed man in a light-colored sweater descends a metal staircase surrounded by uniformed officials and military or police personnel in this black and white photograph from the early 20th century.
2181,77-1880,,,military formation; marching soldiers; public gathering; early 20th century; black and white photograph,"A black and white photograph showing a large formation of uniformed soldiers marching in organized lines across an open field, with spectators watching from the sides and a Victorian-era building visible in the background, likely documenting a military parade or demonstration in Corning, NY."
2182,77-1881,,,wooden utility poles; brick buildings; street scene; early 20th century; black and white photograph,"A black and white photograph showing a street scene in what appears to be early 1900s Corning, NY, with crowds of people gathered along a dirt road lined with utility poles, flanked by a white multi-story building on the left and a brick building on the right, with hills visible in the background."
2183,77-1882,,,baseball team; uniformed players; institutional building; early 20th century; black and white photograph,"A baseball team in light-colored uniforms stands in a line on a grass field with a distinctive Victorian-era institutional building featuring a tower visible in the background, likely taken in the early 1900s in Corning, NY."
2184,77-1883,,,baseball team; uniformed players; institutional building; early 20th century; black and white photograph,"A baseball team in white uniforms stands in formation on a field in front of a large Victorian-era institutional building with a prominent tower, with spectators visible in the background and the archive reference number 40 visible in the lower right corner."
2185,77-1884,,,birch tree; peeling bark; nature; black and white photograph; close-up,"A black and white photograph showing a tall birch tree with distinctive peeling white and dark bark, photographed against a light sky with vegetation visible at the base."
2186,77-1885,,,rock formation; natural landscape; lake view; forested hillside; black and white photograph,"A black and white photograph showing a distinctive tall rock outcropping or chimney formation surrounded by dense forest vegetation, with a lake or body of water visible in the background across a valley."
2187,77-1886,,,victorian building; public gathering; open field; black and white photograph; historic architecture,"A black and white photograph showing a large Victorian-era building with distinctive towers and cupolas surrounded by crowds of people gathered on an open field, with mature trees framing the scene and an archive reference number ""44"" visible in the lower right corner."
2188,77-1887,,,public gathering; gazebo; early 20th century; black and white photograph; town square,"A black and white photograph showing a large crowd gathered in an open field or town square near a distinctive gazebo with a cupola tower on the left, with mountains visible in the background and the archive reference number 45 visible in the lower right corner."
2189,77-1888,,,public gathering; historic building; tower; open field; black and white photograph,"A large crowd gathers on an open field near a distinctive Victorian-era building with a prominent tower, likely a courthouse or civic building in Corning, NY, with the photograph numbered 46 in the lower right corner."
2190,77-1889,,,street parade; formal gathering; early 20th century; tree-lined street; black and white photograph,"A formal procession or parade on a tree-lined street in Corning, NY, with men in dark suits and hats standing in organized lines along the street, spectators visible on the left side, and period buildings with awnings in the background, marked with archive number 35."
2191,77-1890,,,downtown street; wooden utility poles; brick buildings; pedestrians; early 20th century; black and white photograph,"A black and white photograph showing a busy downtown street in Corning, NY with numerous pedestrians, wooden utility poles, brick industrial buildings on either side, and hills visible in the background, appearing to be from the early 1900s."
2192,77-1891,,,parade; marching band; early 20th century; downtown corning; black and white photograph,"A marching band and procession of people parade down a dirt street in early 20th century Corning, NY, flanked by brick and white buildings, wooden utility poles, and hills in the background."
2193,77-1892,,,marching band; downtown street; wooden utility poles; brick buildings; black and white photograph,"A marching band with brass instruments processes down a dirt street in Corning, NY, flanked by industrial brick buildings and wooden utility poles, with mountains visible in the background."
2194,77-1893,,,military formation; parade ground; victorian architecture; early 20th century; black and white photograph,"A black and white photograph showing a large group of uniformed soldiers or cadets standing in formation on a grassy field with Victorian-era institutional buildings featuring turrets and towers visible in the background, with spectators gathered around the perimeter."
2195,77-1894,,,cemetery; victorian building; crowd gathering; black and white photograph; historic architecture,A black and white photograph showing a large Victorian-era building with distinctive cupolas and towers surrounded by crowds of people gathered in what appears to be a cemetery with numerous headstones visible in the foreground.
2196,77-1895,,,military parade; institutional building; early 20th century; black and white photograph; public gathering,"A black and white photograph showing a military formation or parade on a grassy field with soldiers lined up, observed by crowds, with a prominent Victorian-era institutional building featuring towers and turrets visible in the background."
2197,77-1896,,,victorian building; public gathering; open field; black and white photograph; early 20th century,"A black and white photograph showing a large Victorian-era institutional building with distinctive cupolas and towers surrounded by crowds of people gathered on an open field, with the archive reference number ""36"" visible in the lower right corner."
2198,77-1897,,,steam locomotive; railroad; 1920s; downtown corning; black and white photograph,"A photograph dated 4-21-1925 showing one of the largest engines in the world, a steam locomotive on railroad tracks in downtown Corning with period buildings and bare trees visible in the background."
2199,77-1898,,,train wreck; crowd; disaster; 1929; black and white photograph,"A large crowd of onlookers gathers around the wreckage of a severely damaged train car dated May 18, 1929, with debris scattered across the ground and destroyed railway equipment visible in the background."
2200,77-1899,,,railroad wreck; derailment; campbell new york; 1929; black and white photograph,"A railroad wreck at Campbell, N.Y. showing derailed and damaged freight cars on May 10, 1929 at approximately 8 A.M., with debris scattered across the tracks and surrounding ground."
2201,77-1901,,,warehouse fire; gorton warehouse; corning ny; railroad car; march 1925,"This black and white photograph documents the ruins of the Gorton Warehouse following a fire that occurred on Friday, March 13, 1925, showing the severely damaged and burned-out structure with its skeletal frame still standing on railroad tracks."
2202,77-1902,,,warehouse fire; destruction; debris; corning ny; 1925,"This black and white photograph documents the aftermath of a warehouse fire in Corning, NY, dated March 19, 1925, showing extensive rubble, charred wooden beams, and damaged buildings in the background."
2203,77-1903,,,ruins; gorton warehouse; destroyed building; industrial structure; black and white photograph,"This black and white photograph shows the ruins of Gorton Warehouse in Corning, NY, depicting severely damaged and partially collapsed wooden warehouse structures with debris scattered across the ground and mountains visible in the background."
2204,77-1904,,,warehouse fire; destruction; debris; residential area; black and white photograph,"This black and white photograph documents the aftermath of a residential warehouse fire in Corning, NY on Friday, March 13, 1945 at 3 A.M., showing extensive debris and charred remains scattered across the ground with damaged buildings and bare trees visible in the background."
2205,77-1907,,,tree damage; park avenue; corning ny; early 1900s; residential street,"A black and white photograph documenting a large tree blown down on Park Avenue in Corning, NY on February 19, 1905, with residential houses and utility poles visible along the street and several people gathered to observe the damage."
2206,77-1908,,,two people; brick building; alleyway; vintage clothing; black and white photograph,"A grainy black and white photograph showing two people standing in an alley or narrow passageway between brick buildings, with a window visible in the background wall."
2207,77-1909,,,victorian mansion; residential architecture; black and white photograph; late 19th century; corning new york,"A black and white photograph of a large Victorian-era residential mansion in Corning, NY, featuring distinctive architectural elements including a steep gabled roof, multiple chimneys, wraparound porches, and ornamental details typical of late 19th-century domestic architecture."
2208,77-1910,,,monument; statue; public square; early 20th century; black and white photograph,"A black and white photograph showing a stone monument with a statue on top in what appears to be a public square or park in Corning, NY, with bare trees and period street lamps visible in the background."
2209,77-1911,,,church building; steeple; bare trees; black and white photograph; early 20th century,"A black and white photograph showing a church building with a prominent steeple and bell tower, surrounded by bare deciduous trees, likely taken in late fall or early spring in Corning, NY."
2210,77-1912,,,portrait photograph; woman; eyeglasses; early 20th century; black and white,"A black and white portrait photograph of a woman wearing eyeglasses with her hair styled up, presented in an oval vignette format typical of early 20th century photography."
2211,77-1913,,,city club fire; corning ny; 1926; fire damage; historic building,"This black and white photograph documents the City Club Fire in Corning, New York on May 12, 1926, showing a damaged Victorian-era building with visible fire destruction and bare trees in the foreground."
2212,77-1917,,,festival; 1920s; bicycle; monowheel; black and white photograph,"A photograph dated 10-2-1924 showing a person riding a monowheel (single-wheeled vehicle) during what appears to be a festival event in Corning, NY, with buildings and trees visible in the background."
2213,77-1918,,,fire prevention week; parade float; 1940s; corning ny; black and white photograph,"A Fire Prevention Week parade float from October 5-11 featuring a decorated vehicle with ""DONT"" safety messages, an American flag, and a small building structure, photographed in front of the Lipinsky Shop in Corning, New York."
2214,77-1919,,,flood damage; kishbaugh river; 1924; wooden structures; bicycles; 1920s,"A black and white photograph dated April 5, 1924 showing flood damage along the Kishbaugh River, with several men standing near bicycles in front of a damaged wooden structure and a vehicle, documenting the aftermath of flooding in the area."
2215,77-1920,,,riverside; 1924; bare trees; commercial building; vintage automobile,"A black and white photograph dated Thursday, April 3, 1924, showing W. Kishbaugh's Riverside establishment with a small commercial building, bare trees, period automobile, and utility poles along what appears to be a rural or semi-rural road."
2216,77-1921,,,storefront; brick building; clearance sale; mid-20th century; black and white photograph,"A black and white photograph showing a street-level storefront with a banner announcing ""WE MUST BE READY TO MOVE TO OUR NEW BUILDING LATE IN APRIL. BUY AND SAVE 50"" and additional text referencing men's boys clothing, indicating a clearance sale prior to relocation."
2217,77-1922,,,downtown corning; brick buildings; early 20th century; street scene; black and white photograph,"A black and white photograph of a downtown Corning street corner featuring a prominent brick corner building with multiple stories and regular window patterns, with pedestrians and period street lamps visible in the unpaved street scene."
2218,77-1923,,,storefront; awning; brick building; downtown corning; black and white photograph,"A black and white photograph of a downtown Corning storefront featuring a clothing house with a striped awning, ornate brick facade with decorative elements, and pedestrians on the street below."
2219,77-1924,,,downtown corning; historic storefronts; horse-drawn carriages; early 1900s; black and white photograph,"A historic downtown street scene in Corning, NY featuring ornate brick commercial buildings with storefronts, canvas awnings, horse-drawn wagons, and pedestrians, likely from the early 20th century."
2220,77-1925,,,factory interior; industrial machinery; manufacturing floor; black and white photograph; mid-20th century,"A black and white photograph showing the interior of an industrial manufacturing facility in Corning, NY, with rows of machinery, equipment, and workers on the factory floor beneath a steel beam structure and overhead crane system."
2221,77-1926,,,industrial construction; steel bridge; American Bridge Company; workers; black and white photograph,"A black and white photograph showing industrial construction work at an American Bridge Company site, with workers on steel framework, a tall lattice crane tower, and visible signage reading ""AMERICAN BRID[GE]"" on equipment and structures."
2222,77-1927,,,gravestone; cemetery; snow; overgrown vegetation; black and white photograph,A snow-covered gravestone with decorative circular designs and partially legible text is surrounded by overgrown grass and vegetation in what appears to be a cemetery in winter.
2223,77-1928,,,historical marker; pre-emption line; 1792; transit meridian; black and white photograph,A historical marker plaque documenting that a pre-emption line marker was placed in 1792 to designate the transit meridian line between New York and territory ceded to Massachusetts.
2224,77-1929,,,historic building; arched windows; tree-lined; architectural detail; black and white photograph,"A black and white photograph showing a two-story historic building with arched windows and a front porch, partially obscured by large trees with dense foliage overhead."
2225,77-1930,,,vintage automobile; early 1900s car; black and white photograph; industrial landscape; men in hats,"A black and white photograph showing an early 1900s automobile with two men in hats standing nearby, set against an industrial landscape with factory buildings and smokestacks in the background."
2226,77-1931,,,horse-drawn wagon; tree-lined street; early 20th century; black and white photograph; parade or procession,"A black and white photograph showing a horse-drawn wagon or cart with multiple white horses on a tree-lined street, with spectators visible along the sides and buildings in the background, appearing to document a parade or public event in Corning, NY."
2227,77-1932,,,horse-drawn carriage; tree-lined street; black and white photograph; early 20th century; corning ny,"A black and white photograph showing a horse-drawn carriage or wagon on a tree-lined street in what appears to be early 20th century Corning, New York, with figures visible around the vehicle and foliage overhead."
2228,77-1933,,,parade; giant figures; street event; mid-20th century; black and white photograph,"A parade scene in Corning, NY featuring large inflatable or constructed character figures towering over spectators lining a tree-shaded street, likely from the mid-20th century."
2229,77-1934,,,tree trunk; bark texture; close-up; black and white photograph; nature,A close-up black and white photograph of a tree trunk showing detailed bark texture and natural growth patterns.
2230,77-1935,,,steuben hotel; corning ny; downtown street; 1928; black and white photograph,"A black and white photograph of the Steuben Hotel in Corning, NY, dated July 1, 1928, showing a multi-story brick building with regular window patterns and a metal framework structure on its roof, surrounded by other downtown buildings and pedestrians on the street below."
2231,77-1936,,,stone church; gothic architecture; bare trees; black and white photograph; construction or renovation,"A black and white photograph showing a stone church with Gothic architectural features, including a prominent tower and arched windows, with ladders and construction materials visible against the building, surrounded by bare winter trees."
2232,77-1937,,,church; construction scaffolding; stone building; black and white photograph; mid-20th century,"A stone church building with Gothic-style windows undergoing renovation or construction, with tall metal scaffolding erected against its facade and surrounding trees visible in this black and white photograph."
2233,77-1938,,,vintage automobile; 1920s-1930s car; residential street; bare trees; black and white photograph,"A black and white photograph showing an early 20th-century automobile parked on a residential street in what appears to be Corning, NY, with a house visible in the background and bare trees lining the property."
2234,77-1939,,,neoclassical building; columned facade; historic architecture; black and white photograph; tree-lined grounds,"A black and white photograph showing a neoclassical building with prominent white columns and a pediment roof, framed by mature trees, likely a civic or institutional structure in Corning, NY from the mid-20th century."
2235,77-1940,,,historical map; township boundaries; surveyed land; black and white; New York geography,"A historical surveyed map showing township lines between Erwin, Hornby, and Campbell in New York, with property boundaries, roads, and geographical features marked in white lines on a dark background."
2236,77-1941,,,land survey map; property boundaries; handwritten names; steuben county; black and white photograph,"A historical land survey or property map showing parcels in the Corning, New York area with handwritten names of landowners including Doctor John Cooper Jr., William Erwin, Francis Erwin, Arthur H. Erwin, Smith, Bostwick, and others, with the Tioga River visible on the right side and numbered sections marked throughout."
2237,77-1942,,,land survey map; property boundaries; tioga river; corning new york; black and white document,"A historical land survey map showing property divisions and landowner names in the Corning, New York area, including parcels owned by families named Smith, Boswick, Erwin, and Townsend, with the Tioga River visible as a boundary feature."
2238,77-1943,,,tree-lined street; early automobiles; unpaved road; corning ny; black and white photograph,"A tree-lined street in Corning, NY stretches into the distance with bare deciduous trees flanking both sides, early 20th-century automobiles visible on the road, and brick buildings visible on the right side of the street."
2239,77-1944,,,church steeple; street scene; bare trees; trolley tracks; early 20th century,"A black and white photograph of a Corning, NY street lined with bare trees and utility poles, featuring a prominent church with a tall steeple in the center background and trolley tracks running down the middle of the street."
2240,77-1945,,,church building; white painted structure; cupola; classical architecture; black and white photograph,"A black and white photograph of a white-painted church building featuring classical Greek Revival architecture with prominent columns supporting a portico, a cupola with windows on the roof, and surrounding vegetation and shrubs."
2241,77-1946,,,american flag; church steeple; industrial chimneys; black and white photograph; early 20th century,"A black and white photograph showing a church with a tall steeple on the right, adjacent industrial buildings with prominent smokestacks, an American flag flying on the left, and what appears to be a cannon or similar object in the foreground, depicting the industrial and religious landscape of Corning, NY."
2242,77-1947,,,automobile accident; damaged vehicle; residential house; Gibson; August 5; black and white photograph,"This photograph documents ""Patrizia's Auto Accident-Gibson-August 5,"" showing a severely damaged automobile that has crashed into a wooden residential house, with two people standing nearby observing the wreckage."
2243,77-1948,,,steam locomotive; railroad; black and white photograph; mid-20th century; spectators,"A black and white photograph showing a steam locomotive with passenger cars at a railroad station or depot, with several spectators gathered alongside the tracks to view the train."
2244,77-1949,,,steam engine; industrial machinery; children; early 20th century; black and white photograph,"A black and white photograph showing two children standing before a large stationary steam engine or industrial machine with prominent wheels, smokestacks, and a canopy structure, likely from the early 1900s."
2245,77-1950,,,steam locomotive; railroad; black and white photograph; industrial; vintage trains,"A black and white photograph showing steam locomotives numbered 3000 on railroad tracks, with smoke billowing from their smokestacks and industrial buildings visible in the background."
2246,77-1951,,,brick buildings; horse-drawn wagon; early 20th century; downtown street; black and white photograph,"A black and white photograph showing a three-story brick building in what appears to be early 1900s Corning, NY, with a horse-drawn wagon in the foreground, utility poles and wires overhead, and adjacent commercial buildings visible on the street."
2247,77-1952,,,downtown street; brick buildings; early 20th century; black and white photograph; corning ny,"A black and white photograph of a downtown street in Corning, NY lined with multi-story brick commercial buildings on both sides, with partial signage visible on the left building and mountains visible in the distance."
2248,77-1953,,,baby carriage; street scene; early 20th century; pedestrians; black and white photograph,"A black and white photograph showing a woman with a baby carriage on a tree-lined street with pedestrians and storefronts, appearing to be from the early 1900s in Corning, NY."
2249,77-1954,,,industrial factory; twin smokestacks; brick building; railroad tracks; hillside landscape,"A black and white photograph showing an industrial factory complex with two prominent smokestacks and a brick building, surrounded by railroad tracks, outbuildings, and forested hills in the background."
2250,77-1955,,,aerial view; corning ny; hillside town; church steeple; black and white photograph,"An aerial or elevated view of Corning, New York showing a hillside settlement with a prominent white church with a steeple on the right side, scattered residential and industrial buildings, railroad tracks, and forested hills in the background."
2251,77-1956,,,storefront window display; glassware; retail shop; black and white photograph; mid-20th century,"A black and white photograph of a storefront window display in Corning, NY featuring an extensive collection of glassware and decorative glass items arranged on multiple shelves, with a brick building facade and large display windows typical of mid-20th century retail merchandising."
2252,77-1957,,,jimerson-ford drug store; brick building; storefront; downtown corning; black and white photograph,"A black and white photograph of the Jimerson-Ford Drug storefront in downtown Corning, showing a brick commercial building with large display windows, signage, and a pedestrian on the sidewalk."
2253,77-1958,,,storefront; glass business; brick building; vintage signage; black and white photograph,"A black and white photograph of a Corning, NY storefront displaying signage for ""Glass Lever Mounted"" and ""Waterford Glass,"" featuring large display windows on a multi-story brick building with industrial-style architecture."
2254,77-1959,,,parade; horse-drawn wagons; downtown street; brick buildings; black and white photograph,"A large procession of horse-drawn wagons and crowds of people fills a dirt street lined with multi-story brick buildings in what appears to be a late 19th or early 20th century downtown scene, likely depicting a civic event or celebration in Corning, New York."
2255,77-1960,,,brass band; musical ensemble; early 1900s; group portrait; black and white photograph,"A formal group portrait of approximately a dozen men with brass and wind instruments, including a prominent bass drum labeled ""CORNING"" visible in the center, dressed in period suits and caps typical of the early 1900s."
2256,77-1961,,,portrait; elderly man; brick building; formal attire; black and white photograph,"A black and white portrait photograph of an elderly man with a distinctive mustache wearing a dark suit and tie, standing in front of a brick building with windows visible behind him."
2257,77-1962,,,cash food stores inc; storefront; produce display; brick building; black and white photograph,"A black and white photograph of Cash Food Stores Inc., a grocery storefront with a produce display window featuring vegetables and goods, with staff members visible in white aprons standing in the doorway and on the street in front of the brick building."
2258,77-1963,,,vintage automobiles; residential street; 1920s-1930s era; bare trees; black and white photograph,"A black and white photograph showing two early-model automobiles parked on a residential street in Corning, NY, with bare trees and period houses visible in the background."
2259,77-1964,,,corning savings bank; brick building; storefront; downtown corning; black and white photograph,"A black and white photograph showing a multi-story brick building in downtown Corning, NY with ""Corning Savings Bank"" signage visible on the ground floor storefront, alongside a ""Cheap Cash"" sign, representing early-to-mid 20th century commercial architecture."
2260,77-1965,,,downtown corning; historic storefronts; lunch room; brick buildings; black and white photograph,"A black and white photograph of a historic downtown Corning storefront showing a ""Lunch Room"" on the ground floor and a ""Fenwick's"" business on the upper floors of a multi-story brick building with large display windows."
2261,77-1966,,,downtown street; trolley tracks; crowd gathering; early 1900s; black and white photograph,"A large crowd of people in early 20th-century attire gathers on a downtown Corning street lined with multi-story brick buildings, with trolley tracks visible in the unpaved road and mountains visible in the distance."
2262,77-1967,,,brick building; storefront; charles kahn; downtown corning; black and white photograph,"A two-story brick commercial building in downtown Corning, NY features arched windows on the upper floor and ground-level storefronts including one identified as ""Charles Kahn,"" with streetcar tracks visible in the foreground."