filename,url
lh-75-0001.jpg,https://corningnyhistory.com/wp-content/uploads/2024/01/lh-75-0001.jpg
lh-75-0002.jpg,https://corningnyhistory.com/wp-content/uploads/2024/01/lh-75-0002.jpg
lh-75-0003.jpg,https://corningnyhistory.com/wp-content/uploads/2024/01/lh-75-0003.jpg
lh-75-0004.jpg,https://corningnyhistory.com/wp-content/uploads/2024/01/lh-75-0004.jpg
lh-75-0005.jpg,https://corningnyhistory.com/wp-content/uploads/2024/01/lh-75-0005.jpg
lh-75-0007.jpg,https://corningnyhistory.com/wp-content/uploads/2024/01/lh-75-0007.jpg
lh-75-0008.jpg,https://corningnyhistory.com/wp-content/uploads/2024/01/lh-75-0008.jpg
lh-75-0009.jpg,https://corningnyhistory.com/wp-content/uploads/2024/01/lh-75-0009.jpg
lh-75-0010.jpg,https://corningnyhistory.com/wp-content/uploads/2024/01/lh-75-0010.jpg
lh-75-0011.jpg,https://corningnyhistory.com/wp-content/uploads/2024/01/lh-75-0011.jpg
lh-75-0012.jpg,https://corningnyhistory.com/wp-content/uploads/2024/01/lh-75-0012.jpg
lh-75-0013.jpg,https://corningnyhistory.com/wp-content/uploads/2024/01/lh-75-0013.jpg
lh-75-0014.jpg,https://corningnyhistory.com/wp-content/uploads/2024/01/lh-75-0014.jpg
lh-75-0015.jpg,https://corningnyhistory.com/wp-content/uploads/2024/01/lh-75-0015.jpg
lh-75-0017.jpg,https://corningnyhistory.com/wp-content/uploads/2024/01/lh-75-0017.jpg
lh-75-0018.jpg,https://corningnyhistory.com/wp-content/uploads/2024/01/lh-75-0018.jpg
lh-75-0019.jpg,https://corningnyhistory.com/wp-content/uploads/2024/01/lh-75-0019.jpg
lh-75-0020.jpg,https://corningnyhistory.com/wp-content/uploads/2024/01/lh-75-0020.jpg
lh-75-0021.jpg,https://corningnyhistory.com/wp-content/uploads/2024/01/lh-75-0021.jpg
lh-75-0022.jpg,https://corningnyhistory.com/wp-content/uploads/2024/01/lh-75-0022.jpg
lh-75-0023.jpg,https://corningnyhistory.com/wp-content/uploads/2024/01/lh-75-0023.jpg
lh-75-0024.jpg,https://corningnyhistory.com/wp-content/uploads/2024/01/lh-75-0024.jpg
lh-75-0025.jpg,https://corningnyhistory.com/wp-content/uploads/2024/01/lh-75-0025.jpg
lh-75-0026.jpg,https://corningnyhistory.com/wp-content/uploads/2024/01/lh-75-0026.jpg
lh-75-0027.jpg,https://corningnyhistory.com/wp-content/uploads/2024/01/lh-75-0027.jpg
lh-75-0028.jpg,https://corningnyhistory.com/wp-content/uploads/2024/01/lh-75-0028.jpg
lh-75-0029.jpg,https://corningnyhistory.com/wp-content/uploads/2024/01/lh-75-0029.jpg
lh-75-0030.jpg,https://corningnyhistory.com/wp-content/uploads/2024/01/lh-75-0030.jpg
lh-75-0031.jpg,https://corningnyhistory.com/wp-content/uploads/2024/01/lh-75-0031.jpg
lh-75-0032.jpg,https://corningnyhistory.com/wp-content/uploads/2024/01/lh-75-0032.jpg
lh-75-0033.jpg,https://corningnyhistory.com/wp-content/uploads/2024/01/lh-75-0033.jpg
lh-75-0034.jpg,https://corningnyhistory.com/wp-content/uploads/2024/01/lh-75-0034.jpg
lh-75-0035.jpg,https://corningnyhistory.com/wp-content/uploads/2024/01/lh-75-0035.jpg
lh-75-0036.jpg,https://corningnyhistory.com/wp-content/uploads/2024/01/lh-75-0036.jpg
lh-75-0037.jpg,https://corningnyhistory.com/wp-content/uploads/2024/01/lh-75-0037.jpg
lh-75-0038.jpg,https://corningnyhistory.com/wp-content/uploads/2024/01/lh-75-0038.jpg
lh-75-0039.jpg,https://corningnyhistory.com/wp-content/uploads/2024/01/lh-75-0039.jpg
lh-75-0040.jpg,https://corningnyhistory.com/wp-content/uploads/2024/01/lh-75-0040.jpg
lh-75-0041.jpg,https://corningnyhistory.com/wp-content/uploads/2024/01/lh-75-0041.jpg
lh-75-0042.jpg,https://corningnyhistory.com/wp-content/uploads/2024/01/lh-75-0042.jpg
lh-75-0043.jpg,https://corningnyhistory.com/wp-content/uploads/2024/01/lh-75-0043.jpg
lh-75-0044.jpg,https://corningnyhistory.com/wp-content/uploads/2024/01/lh-75-0044.jpg
lh-75-0045.jpg,https://corningnyhistory.com/wp-content/uploads/2024/01/lh-75-0045.jpg
lh-75-0046.jpg,https://corningnyhistory.com/wp-content/uploads/2024/01/lh-75-0046.jpg
lh-75-0047.jpg,https://corningnyhistory.com/wp-content/uploads/2024/01/lh-75-0047.jpg
lh-75-0048.jpg,https://corningnyhistory.com/wp-content/uploads/2024/01/lh-75-0048.jpg
lh-75-0049.jpg,https://corningnyhistory.com/wp-content/uploads/2024/01/lh-75-0049.jpg
lh-75-0050.jpg,https://corningnyhistory.com/wp-content/uploads/2024/01/lh-75-0050.jpg
lh-75-0051.jpg,https://corningnyhistory.com/wp-content/uploads/2024/01/lh-75-0051.jpg
lh-75-0052.jpg,https://corningnyhistory.com/wp-content/uploads/2024/01/lh-75-0052.jpg
lh-75-0053.jpg,https://corningnyhistory.com/wp-content/uploads/2024/01/lh-75-0053.jpg
lh-75-0054.jpg,https://corningnyhistory.com/wp-content/uploads/2024/01/lh-75-0054.jpg
lh-75-0055.jpg,https://corningnyhistory.com/wp-content/uploads/2024/01/lh-75-0055.jpg
lh-75-0056.jpg,https://corningnyhistory.com/wp-content/uploads/2024/01/lh-75-0056.jpg
lh-75-0057.jpg,https://corningnyhistory.com/wp-content/uploads/2024/01/lh-75-0057.jpg
lh-75-0059.jpg,https://corningnyhistory.com/wp-content/uploads/2024/01/lh-75-0059.jpg
lh-75-0060.jpg,https://corningnyhistory.com/wp-content/uploads/2024/01/lh-75-0060.jpg
lh-75-0062.jpg,https://corningnyhistory.com/wp-content/uploads/2024/01/lh-75-0062.jpg
lh-75-0064.jpg,https://corningnyhistory.com/wp-content/uploads/2024/01/lh-75-0064.jpg
lh-75-0065.jpg,https://corningnyhistory.com/wp-content/uploads/2024/01/lh-75-0065.jpg
lh-75-0066.jpg,https://corningnyhistory.com/wp-content/uploads/2024/01/lh-75-0066.jpg
lh-75-0067.jpg,https://corningnyhistory.com/wp-content/uploads/2024/01/lh-75-0067.jpg
lh-75-0069.jpg,https://corningnyhistory.com/wp-content/uploads/2024/01/lh-75-0069.jpg
lh-75-0070.jpg,https://corningnyhistory.com/wp-content/uploads/2024/01/lh-75-0070.jpg
lh-75-0071.jpg,https://corningnyhistory.com/wp-content/uploads/2024/01/lh-75-0071.jpg
lh-75-0072.jpg,https://corningnyhistory.com/wp-content/uploads/2024/01/lh-75-0072.jpg
lh-75-0073.jpg,https://corningnyhistory.com/wp-content/uploads/2024/01/lh-75-0073.jpg
lh-75-0074.jpg,https://corningnyhistory.com/wp-content/uploads/2024/01/lh-75-0074.jpg
lh-75-0079.jpg,https://corningnyhistory.com/wp-content/uploads/2024/01/lh-75-0079.jpg
lh-75-0080.jpg,https://corningnyhistory.com/wp-content/uploads/2024/01/lh-75-0080.jpg
lh-75-0083.jpg,https://corningnyhistory.com/wp-content/uploads/2024/01/lh-75-0083.jpg
lh-75-0084.jpg,https://corningnyhistory.com/wp-content/uploads/2024/01/lh-75-0084.jpg
lh-75-0085.jpg,https://corningnyhistory.com/wp-content/uploads/2024/01/lh-75-0085.jpg
lh-75-0086.jpg,https://corningnyhistory.com/wp-content/uploads/2024/01/lh-75-0086.jpg
lh-75-0087.jpg,https://corningnyhistory.com/wp-content/uploads/2024/01/lh-75-0087.jpg
lh-75-0088.jpg,https://corningnyhistory.com/wp-content/uploads/2024/01/lh-75-0088.jpg
lh-75-0089.jpg,https://corningnyhistory.com/wp-content/uploads/2024/01/lh-75-0089.jpg
lh-75-0090.jpg,https://corningnyhistory.com/wp-content/uploads/2024/01/lh-75-0090.jpg
lh-75-0091.jpg,https://corningnyhistory.com/wp-content/uploads/2024/01/lh-75-0091.jpg
lh-75-0092.jpg,https://corningnyhistory.com/wp-content/uploads/2024/01/lh-75-0092.jpg
lh-75-0093.jpg,https://corningnyhistory.com/wp-content/uploads/2024/01/lh-75-0093.jpg
lh-75-0094.jpg,https://corningnyhistory.com/wp-content/uploads/2024/01/lh-75-0094.jpg
lh-75-0095.jpg,https://corningnyhistory.com/wp-content/uploads/2024/01/lh-75-0095.jpg
lh-75-0096.jpg,https://corningnyhistory.com/wp-content/uploads/2024/01/lh-75-0096.jpg
lh-75-0098.jpg,https://corningnyhistory.com/wp-content/uploads/2024/01/lh-75-0098.jpg
lh-75-0099.jpg,https://corningnyhistory.com/wp-content/uploads/2024/01/lh-75-0099.jpg
lh-75-0102.jpg,https://corningnyhistory.com/wp-content/uploads/2024/01/lh-75-0102.jpg
lh-75-0103.jpg,https://corningnyhistory.com/wp-content/uploads/2024/01/lh-75-0103.jpg
lh-75-0104.jpg,https://corningnyhistory.com/wp-content/uploads/2024/01/lh-75-0104.jpg
lh-75-0105.jpg,https://corningnyhistory.com/wp-content/uploads/2024/01/lh-75-0105.jpg
lh-75-0106.jpg,https://corningnyhistory.com/wp-content/uploads/2024/01/lh-75-0106.jpg
lh-75-0110.jpg,https://corningnyhistory.com/wp-content/uploads/2024/01/lh-75-0110.jpg
lh-75-0112.jpg,https://corningnyhistory.com/wp-content/uploads/2024/01/lh-75-0112.jpg
lh-75-0113.jpg,https://corningnyhistory.com/wp-content/uploads/2024/01/lh-75-0113.jpg
lh-75-0115.jpg,https://corningnyhistory.com/wp-content/uploads/2024/01/lh-75-0115.jpg
lh-75-0116.jpg,https://corningnyhistory.com/wp-content/uploads/2024/01/lh-75-0116.jpg
lh-75-0117.jpg,https://corningnyhistory.com/wp-content/uploads/2024/01/lh-75-0117.jpg
lh-75-0118.jpg,https://corningnyhistory.com/wp-content/uploads/2024/01/lh-75-0118.jpg
lh-75-0119.jpg,https://corningnyhistory.com/wp-content/uploads/2024/01/lh-75-0119.jpg
lh-75-0120.jpg,https://corningnyhistory.com/wp-content/uploads/2024/01/lh-75-0120.jpg
lh-75-0121.jpg,https://corningnyhistory.com/wp-content/uploads/2024/01/lh-75-0121.jpg
lh-75-0122.jpg,https://corningnyhistory.com/wp-content/uploads/2024/01/lh-75-0122.jpg
lh-75-0123.jpg,https://corningnyhistory.com/wp-content/uploads/2024/01/lh-75-0123.jpg
lh-75-0124.jpg,https://corningnyhistory.com/wp-content/uploads/2024/01/lh-75-0124.jpg
lh-75-0125.jpg,https://corningnyhistory.com/wp-content/uploads/2024/01/lh-75-0125.jpg
lh-75-0127.jpg,https://corningnyhistory.com/wp-content/uploads/2024/01/lh-75-0127.jpg
lh-75-0128.jpg,https://corningnyhistory.com/wp-content/uploads/2024/01/lh-75-0128.jpg
lh-75-0129.jpg,https://corningnyhistory.com/wp-content/uploads/2024/01/lh-75-0129.jpg
lh-75-0130.jpg,https://corningnyhistory.com/wp-content/uploads/2024/01/lh-75-0130.jpg
lh-75-0131.jpg,https://corningnyhistory.com/wp-content/uploads/2024/01/lh-75-0131.jpg
lh-75-0132.jpg,https://corningnyhistory.com/wp-content/uploads/2024/01/lh-75-0132.jpg
lh-75-0133.jpg,https://corningnyhistory.com/wp-content/uploads/2024/01/lh-75-0133.jpg
lh-75-0135.jpg,https://corningnyhistory.com/wp-content/uploads/2024/01/lh-75-0135.jpg
lh-75-0136.jpg,https://corningnyhistory.com/wp-content/uploads/2024/01/lh-75-0136.jpg
lh-75-0137.jpg,https://corningnyhistory.com/wp-content/uploads/2024/01/lh-75-0137.jpg
lh-75-0139.jpg,https://corningnyhistory.com/wp-content/uploads/2024/01/lh-75-0139.jpg
lh-75-0140.jpg,https://corningnyhistory.com/wp-content/uploads/2024/01/lh-75-0140.jpg
lh-75-0141.jpg,https://corningnyhistory.com/wp-content/uploads/2024/01/lh-75-0141.jpg
lh-75-0142.jpg,https://corningnyhistory.com/wp-content/uploads/2024/01/lh-75-0142.jpg
lh-75-0143.jpg,https://corningnyhistory.com/wp-content/uploads/2024/01/lh-75-0143.jpg
lh-75-0145.jpg,https://corningnyhistory.com/wp-content/uploads/2024/01/lh-75-0145.jpg
lh-75-0147.jpg,https://corningnyhistory.com/wp-content/uploads/2024/01/lh-75-0147.jpg
lh-75-0148.jpg,https://corningnyhistory.com/wp-content/uploads/2024/01/lh-75-0148.jpg
lh-75-0149.jpg,https://corningnyhistory.com/wp-content/uploads/2024/01/lh-75-0149.jpg
lh-75-0150.jpg,https://corningnyhistory.com/wp-content/uploads/2024/01/lh-75-0150.jpg
lh-75-0153.jpg,https://corningnyhistory.com/wp-content/uploads/2024/01/lh-75-0153.jpg
lh-75-0154.jpg,https://corningnyhistory.com/wp-content/uploads/2024/01/lh-75-0154.jpg
lh-75-0155.jpg,https://corningnyhistory.com/wp-content/uploads/2024/01/lh-75-0155.jpg
lh-75-0156.jpg,https://corningnyhistory.com/wp-content/uploads/2024/01/lh-75-0156.jpg
lh-75-0157.jpg,https://corningnyhistory.com/wp-content/uploads/2024/01/lh-75-0157.jpg
lh-75-0158.jpg,https://corningnyhistory.com/wp-content/uploads/2024/01/lh-75-0158.jpg
lh-75-0159.jpg,https://corningnyhistory.com/wp-content/uploads/2024/01/lh-75-0159.jpg
lh-75-0160.jpg,https://corningnyhistory.com/wp-content/uploads/2024/01/lh-75-0160.jpg
lh-75-0161.jpg,https://corningnyhistory.com/wp-content/uploads/2024/01/lh-75-0161.jpg
lh-75-0163.jpg,https://corningnyhistory.com/wp-content/uploads/2024/01/lh-75-0163.jpg
lh-75-0164.jpg,https://corningnyhistory.com/wp-content/uploads/2024/01/lh-75-0164.jpg
lh-75-0166.jpg,https://corningnyhistory.com/wp-content/uploads/2024/01/lh-75-0166.jpg
lh-75-0167.jpg,https://corningnyhistory.com/wp-content/uploads/2024/01/lh-75-0167.jpg
lh-75-0168.jpg,https://corningnyhistory.com/wp-content/uploads/2024/01/lh-75-0168.jpg
lh-75-0169.jpg,https://corningnyhistory.com/wp-content/uploads/2024/01/lh-75-0169.jpg
lh-75-0170.jpg,https://corningnyhistory.com/wp-content/uploads/2024/01/lh-75-0170.jpg
lh-75-0171.jpg,https://corningnyhistory.com/wp-content/uploads/2024/01/lh-75-0171.jpg
lh-75-0172.jpg,https://corningnyhistory.com/wp-content/uploads/2024/01/lh-75-0172.jpg
lh-75-0174.jpg,https://corningnyhistory.com/wp-content/uploads/2024/01/lh-75-0174.jpg
lh-75-0175.jpg,https://corningnyhistory.com/wp-content/uploads/2024/01/lh-75-0175.jpg
lh-75-0176.jpg,https://corningnyhistory.com/wp-content/uploads/2024/01/lh-75-0176.jpg
lh-75-0177.jpg,https://corningnyhistory.com/wp-content/uploads/2024/01/lh-75-0177.jpg
lh-75-0178.jpg,https://corningnyhistory.com/wp-content/uploads/2024/01/lh-75-0178.jpg
lh-75-0180.jpg,https://corningnyhistory.com/wp-content/uploads/2024/01/lh-75-0180.jpg
lh-75-0181.jpg,https://corningnyhistory.com/wp-content/uploads/2024/01/lh-75-0181.jpg
lh-75-0182.jpg,https://corningnyhistory.com/wp-content/uploads/2024/01/lh-75-0182.jpg
lh-75-0183.jpg,https://corningnyhistory.com/wp-content/uploads/2024/01/lh-75-0183.jpg
lh-75-0184.jpg,https://corningnyhistory.com/wp-content/uploads/2024/01/lh-75-0184.jpg
lh-75-0185.jpg,https://corningnyhistory.com/wp-content/uploads/2024/01/lh-75-0185.jpg
lh-75-0186.jpg,https://corningnyhistory.com/wp-content/uploads/2024/01/lh-75-0186.jpg
lh-75-0187.jpg,https://corningnyhistory.com/wp-content/uploads/2024/01/lh-75-0187.jpg
lh-75-0188.jpg,https://corningnyhistory.com/wp-content/uploads/2024/01/lh-75-0188.jpg
lh-75-0189.jpg,https://corningnyhistory.com/wp-content/uploads/2024/01/lh-75-0189.jpg
lh-75-0190.jpg,https://corningnyhistory.com/wp-content/uploads/2024/01/lh-75-0190.jpg
lh-75-0191.jpg,https://corningnyhistory.com/wp-content/uploads/2024/01/lh-75-0191.jpg
lh-75-0192.jpg,https://corningnyhistory.com/wp-content/uploads/2024/01/lh-75-0192.jpg
lh-75-0194.jpg,https://corningnyhistory.com/wp-content/uploads/2024/01/lh-75-0194.jpg
lh-75-0195.jpg,https://corningnyhistory.com/wp-content/uploads/2024/01/lh-75-0195.jpg
lh-75-0196.jpg,https://corningnyhistory.com/wp-content/uploads/2024/01/lh-75-0196.jpg
lh-75-0197.jpg,https://corningnyhistory.com/wp-content/uploads/2024/01/lh-75-0197.jpg
lh-75-0199.jpg,https://corningnyhistory.com/wp-content/uploads/2024/01/lh-75-0199.jpg
lh-75-0200.jpg,https://corningnyhistory.com/wp-content/uploads/2024/01/lh-75-0200.jpg
lh-75-0201.jpg,https://corningnyhistory.com/wp-content/uploads/2024/01/lh-75-0201.jpg
lh-75-0202.jpg,https://corningnyhistory.com/wp-content/uploads/2024/01/lh-75-0202.jpg
lh-75-0203.jpg,https://corningnyhistory.com/wp-content/uploads/2024/01/lh-75-0203.jpg
lh-75-0204.jpg,https://corningnyhistory.com/wp-content/uploads/2024/01/lh-75-0204.jpg
lh-75-0205.jpg,https://corningnyhistory.com/wp-content/uploads/2024/01/lh-75-0205.jpg
lh-75-0206.jpg,https://corningnyhistory.com/wp-content/uploads/2024/01/lh-75-0206.jpg
lh-75-0207.jpg,https://corningnyhistory.com/wp-content/uploads/2024/01/lh-75-0207.jpg
lh-75-0208.jpg,https://corningnyhistory.com/wp-content/uploads/2024/01/lh-75-0208.jpg
lh-75-0209.jpg,https://corningnyhistory.com/wp-content/uploads/2024/01/lh-75-0209.jpg
lh-75-0210.jpg,https://corningnyhistory.com/wp-content/uploads/2024/01/lh-75-0210.jpg
lh-75-0211.jpg,https://corningnyhistory.com/wp-content/uploads/2024/01/lh-75-0211.jpg
lh-75-0212.jpg,https://corningnyhistory.com/wp-content/uploads/2024/01/lh-75-0212.jpg
lh-75-0213.jpg,https://corningnyhistory.com/wp-content/uploads/2024/01/lh-75-0213.jpg
lh-75-0214.jpg,https://corningnyhistory.com/wp-content/uploads/2024/01/lh-75-0214.jpg
lh-75-0215.jpg,https://corningnyhistory.com/wp-content/uploads/2024/01/lh-75-0215.jpg
lh-75-0216.jpg,https://corningnyhistory.com/wp-content/uploads/2024/01/lh-75-0216.jpg
lh-75-0217.jpg,https://corningnyhistory.com/wp-content/uploads/2024/01/lh-75-0217.jpg
lh-75-0219.jpg,https://corningnyhistory.com/wp-content/uploads/2024/01/lh-75-0219.jpg
lh-75-0220.jpg,https://corningnyhistory.com/wp-content/uploads/2024/01/lh-75-0220.jpg
lh-75-0221.jpg,https://corningnyhistory.com/wp-content/uploads/2024/01/lh-75-0221.jpg
lh-75-0222.jpg,https://corningnyhistory.com/wp-content/uploads/2024/01/lh-75-0222.jpg
lh-75-0223.jpg,https://corningnyhistory.com/wp-content/uploads/2024/01/lh-75-0223.jpg
lh-75-0224.jpg,https://corningnyhistory.com/wp-content/uploads/2024/01/lh-75-0224.jpg
lh-75-0225.jpg,https://corningnyhistory.com/wp-content/uploads/2024/01/lh-75-0225.jpg
lh-75-0226.jpg,https://corningnyhistory.com/wp-content/uploads/2024/01/lh-75-0226.jpg
lh-75-0227.jpg,https://corningnyhistory.com/wp-content/uploads/2024/01/lh-75-0227.jpg
lh-75-0229.jpg,https://corningnyhistory.com/wp-content/uploads/2024/01/lh-75-0229.jpg
lh-75-0230.jpg,https://corningnyhistory.com/wp-content/uploads/2024/01/lh-75-0230.jpg
lh-75-0231.jpg,https://corningnyhistory.com/wp-content/uploads/2024/01/lh-75-0231.jpg
lh-75-0232.jpg,https://corningnyhistory.com/wp-content/uploads/2024/01/lh-75-0232.jpg
lh-75-0233.jpg,https://corningnyhistory.com/wp-content/uploads/2024/01/lh-75-0233.jpg
lh-75-0234.jpg,https://corningnyhistory.com/wp-content/uploads/2024/01/lh-75-0234.jpg
lh-75-0235.jpg,https://corningnyhistory.com/wp-content/uploads/2024/01/lh-75-0235.jpg
lh-75-0236.jpg,https://corningnyhistory.com/wp-content/uploads/2024/01/lh-75-0236.jpg
lh-75-0237.jpg,https://corningnyhistory.com/wp-content/uploads/2024/01/lh-75-0237.jpg
lh-75-0238.jpg,https://corningnyhistory.com/wp-content/uploads/2024/01/lh-75-0238.jpg
lh-75-0239.jpg,https://corningnyhistory.com/wp-content/uploads/2024/01/lh-75-0239.jpg
lh-75-0240.jpg,https://corningnyhistory.com/wp-content/uploads/2024/01/lh-75-0240.jpg
lh-75-0241.jpg,https://corningnyhistory.com/wp-content/uploads/2024/01/lh-75-0241.jpg
lh-75-0242.jpg,https://corningnyhistory.com/wp-content/uploads/2024/01/lh-75-0242.jpg
lh-75-0243.jpg,https://corningnyhistory.com/wp-content/uploads/2024/01/lh-75-0243.jpg
lh-75-0246.jpg,https://corningnyhistory.com/wp-content/uploads/2024/01/lh-75-0246.jpg
lh-75-0247.jpg,https://corningnyhistory.com/wp-content/uploads/2024/01/lh-75-0247.jpg
lh-75-0249.jpg,https://corningnyhistory.com/wp-content/uploads/2024/01/lh-75-0249.jpg
lh-75-0250.jpg,https://corningnyhistory.com/wp-content/uploads/2024/01/lh-75-0250.jpg
lh-75-0251.jpg,https://corningnyhistory.com/wp-content/uploads/2024/01/lh-75-0251.jpg
lh-75-0252.jpg,https://corningnyhistory.com/wp-content/uploads/2024/01/lh-75-0252.jpg
lh-75-0255.jpg,https://corningnyhistory.com/wp-content/uploads/2024/01/lh-75-0255.jpg
lh-75-0256.jpg,https://corningnyhistory.com/wp-content/uploads/2024/01/lh-75-0256.jpg
lh-75-0257.jpg,https://corningnyhistory.com/wp-content/uploads/2024/01/lh-75-0257.jpg
lh-75-0258.jpg,https://corningnyhistory.com/wp-content/uploads/2024/01/lh-75-0258.jpg
lh-75-0259.jpg,https://corningnyhistory.com/wp-content/uploads/2024/01/lh-75-0259.jpg
lh-75-0260.jpg,https://corningnyhistory.com/wp-content/uploads/2024/01/lh-75-0260.jpg
lh-75-0264.jpg,https://corningnyhistory.com/wp-content/uploads/2024/01/lh-75-0264.jpg
lh-75-0265.jpg,https://corningnyhistory.com/wp-content/uploads/2024/01/lh-75-0265.jpg
lh-75-0266.jpg,https://corningnyhistory.com/wp-content/uploads/2024/01/lh-75-0266.jpg
lh-75-0267.jpg,https://corningnyhistory.com/wp-content/uploads/2024/01/lh-75-0267.jpg
lh-75-0268.jpg,https://corningnyhistory.com/wp-content/uploads/2024/01/lh-75-0268.jpg
lh-75-0269.jpg,https://corningnyhistory.com/wp-content/uploads/2024/01/lh-75-0269.jpg
lh-75-0270.jpg,https://corningnyhistory.com/wp-content/uploads/2024/01/lh-75-0270.jpg
lh-75-0271.jpg,https://corningnyhistory.com/wp-content/uploads/2024/01/lh-75-0271.jpg
lh-75-0272.jpg,https://corningnyhistory.com/wp-content/uploads/2024/01/lh-75-0272.jpg
lh-75-0273.jpg,https://corningnyhistory.com/wp-content/uploads/2024/01/lh-75-0273.jpg
lh-75-0274.jpg,https://corningnyhistory.com/wp-content/uploads/2024/01/lh-75-0274.jpg
lh-75-0275.jpg,https://corningnyhistory.com/wp-content/uploads/2024/01/lh-75-0275.jpg
lh-75-0276.jpg,https://corningnyhistory.com/wp-content/uploads/2024/01/lh-75-0276.jpg
lh-75-0277.jpg,https://corningnyhistory.com/wp-content/uploads/2024/01/lh-75-0277.jpg
lh-75-0278.jpg,https://corningnyhistory.com/wp-content/uploads/2024/01/lh-75-0278.jpg
lh-75-0279.jpg,https://corningnyhistory.com/wp-content/uploads/2024/01/lh-75-0279.jpg
lh-75-0280.jpg,https://corningnyhistory.com/wp-content/uploads/2024/01/lh-75-0280.jpg
lh-75-0281.jpg,https://corningnyhistory.com/wp-content/uploads/2024/01/lh-75-0281.jpg
lh-75-0282.jpg,https://corningnyhistory.com/wp-content/uploads/2024/01/lh-75-0282.jpg
lh-75-0283.jpg,https://corningnyhistory.com/wp-content/uploads/2024/01/lh-75-0283.jpg
lh-75-0284.jpg,https://corningnyhistory.com/wp-content/uploads/2024/01/lh-75-0284.jpg
lh-75-0285.jpg,https://corningnyhistory.com/wp-content/uploads/2024/01/lh-75-0285.jpg
lh-75-0286.jpg,https://corningnyhistory.com/wp-content/uploads/2024/01/lh-75-0286.jpg
lh-75-0287.jpg,https://corningnyhistory.com/wp-content/uploads/2024/01/lh-75-0287.jpg
lh-75-0288.jpg,https://corningnyhistory.com/wp-content/uploads/2024/01/lh-75-0288.jpg
lh-75-0289.jpg,https://corningnyhistory.com/wp-content/uploads/2024/01/lh-75-0289.jpg
lh-75-0290.jpg,https://corningnyhistory.com/wp-content/uploads/2024/01/lh-75-0290.jpg
lh-75-0291.jpg,https://corningnyhistory.com/wp-content/uploads/2024/01/lh-75-0291.jpg
lh-75-0292.jpg,https://corningnyhistory.com/wp-content/uploads/2024/01/lh-75-0292.jpg
lh-75-0293.jpg,https://corningnyhistory.com/wp-content/uploads/2024/01/lh-75-0293.jpg
lh-75-0294.jpg,https://corningnyhistory.com/wp-content/uploads/2024/01/lh-75-0294.jpg
lh-75-0295.jpg,https://corningnyhistory.com/wp-content/uploads/2024/01/lh-75-0295.jpg
lh-75-0297.jpg,https://corningnyhistory.com/wp-content/uploads/2024/01/lh-75-0297.jpg
lh-75-0298.jpg,https://corningnyhistory.com/wp-content/uploads/2024/01/lh-75-0298.jpg
lh-75-0299.jpg,https://corningnyhistory.com/wp-content/uploads/2024/01/lh-75-0299.jpg
lh-75-0300.jpg,https://corningnyhistory.com/wp-content/uploads/2024/01/lh-75-0300.jpg
lh-75-0301.jpg,https://corningnyhistory.com/wp-content/uploads/2024/01/lh-75-0301.jpg
lh-75-0302.jpg,https://corningnyhistory.com/wp-content/uploads/2024/01/lh-75-0302.jpg
lh-75-0303.jpg,https://corningnyhistory.com/wp-content/uploads/2024/01/lh-75-0303.jpg
lh-75-0304.jpg,https://corningnyhistory.com/wp-content/uploads/2024/01/lh-75-0304.jpg
lh-75-0305.jpg,https://corningnyhistory.com/wp-content/uploads/2024/01/lh-75-0305.jpg
lh-75-0306.jpg,https://corningnyhistory.com/wp-content/uploads/2024/01/lh-75-0306.jpg
lh-75-0307.jpg,https://corningnyhistory.com/wp-content/uploads/2024/01/lh-75-0307.jpg
lh-75-0308.jpg,https://corningnyhistory.com/wp-content/uploads/2024/01/lh-75-0308.jpg
lh-75-0309.jpg,https://corningnyhistory.com/wp-content/uploads/2024/01/lh-75-0309.jpg
lh-75-0310.jpg,https://corningnyhistory.com/wp-content/uploads/2024/01/lh-75-0310.jpg
lh-75-0311.jpg,https://corningnyhistory.com/wp-content/uploads/2024/01/lh-75-0311.jpg
lh-75-0312.jpg,https://corningnyhistory.com/wp-content/uploads/2024/01/lh-75-0312.jpg
lh-75-0313.jpg,https://corningnyhistory.com/wp-content/uploads/2024/01/lh-75-0313.jpg
lh-75-0314.jpg,https://corningnyhistory.com/wp-content/uploads/2024/01/lh-75-0314.jpg
lh-75-0315.jpg,https://corningnyhistory.com/wp-content/uploads/2024/01/lh-75-0315.jpg
lh-75-0316.jpg,https://corningnyhistory.com/wp-content/uploads/2024/01/lh-75-0316.jpg
lh-75-0317.jpg,https://corningnyhistory.com/wp-content/uploads/2024/01/lh-75-0317.jpg
lh-75-0318.jpg,https://corningnyhistory.com/wp-content/uploads/2024/01/lh-75-0318.jpg
lh-75-0319.jpg,https://corningnyhistory.com/wp-content/uploads/2024/01/lh-75-0319.jpg
lh-75-0320.jpg,https://corningnyhistory.com/wp-content/uploads/2024/01/lh-75-0320.jpg
lh-75-0321.jpg,https://corningnyhistory.com/wp-content/uploads/2024/01/lh-75-0321.jpg
lh-75-0323.jpg,https://corningnyhistory.com/wp-content/uploads/2024/01/lh-75-0323.jpg
lh-75-0325.jpg,https://corningnyhistory.com/wp-content/uploads/2024/01/lh-75-0325.jpg
lh-75-0326.jpg,https://corningnyhistory.com/wp-content/uploads/2024/01/lh-75-0326.jpg
lh-75-0327.jpg,https://corningnyhistory.com/wp-content/uploads/2024/01/lh-75-0327.jpg
lh-75-0328.jpg,https://corningnyhistory.com/wp-content/uploads/2024/01/lh-75-0328.jpg
lh-75-0329.jpg,https://corningnyhistory.com/wp-content/uploads/2024/01/lh-75-0329.jpg
lh-75-0330.jpg,https://corningnyhistory.com/wp-content/uploads/2024/01/lh-75-0330.jpg
lh-75-0331.jpg,https://corningnyhistory.com/wp-content/uploads/2024/01/lh-75-0331.jpg
lh-75-0333.jpg,https://corningnyhistory.com/wp-content/uploads/2024/01/lh-75-0333.jpg
lh-75-0334.jpg,https://corningnyhistory.com/wp-content/uploads/2024/01/lh-75-0334.jpg
lh-75-0335.jpg,https://corningnyhistory.com/wp-content/uploads/2024/01/lh-75-0335.jpg
lh-75-0336.jpg,https://corningnyhistory.com/wp-content/uploads/2024/01/lh-75-0336.jpg
lh-75-0337.jpg,https://corningnyhistory.com/wp-content/uploads/2024/01/lh-75-0337.jpg
lh-75-0338.jpg,https://corningnyhistory.com/wp-content/uploads/2024/01/lh-75-0338.jpg
lh-75-0339.jpg,https://corningnyhistory.com/wp-content/uploads/2024/01/lh-75-0339.jpg
lh-75-0340.jpg,https://corningnyhistory.com/wp-content/uploads/2024/01/lh-75-0340.jpg
lh-75-0342.jpg,https://corningnyhistory.com/wp-content/uploads/2024/01/lh-75-0342.jpg
lh-75-0343.jpg,https://corningnyhistory.com/wp-content/uploads/2024/01/lh-75-0343.jpg
lh-75-0344.jpg,https://corningnyhistory.com/wp-content/uploads/2024/01/lh-75-0344.jpg
lh-75-0345.jpg,https://corningnyhistory.com/wp-content/uploads/2024/01/lh-75-0345.jpg
lh-75-0347.jpg,https://corningnyhistory.com/wp-content/uploads/2024/01/lh-75-0347.jpg
lh-75-0348.jpg,https://corningnyhistory.com/wp-content/uploads/2024/01/lh-75-0348.jpg
lh-75-0349.jpg,https://corningnyhistory.com/wp-content/uploads/2024/01/lh-75-0349.jpg
lh-75-0350.jpg,https://corningnyhistory.com/wp-content/uploads/2024/01/lh-75-0350.jpg
lh-75-0351.jpg,https://corningnyhistory.com/wp-content/uploads/2024/01/lh-75-0351.jpg
lh-75-0354.jpg,https://corningnyhistory.com/wp-content/uploads/2024/01/lh-75-0354.jpg
lh-75-0355.jpg,https://corningnyhistory.com/wp-content/uploads/2024/01/lh-75-0355.jpg
lh-75-0357.jpg,https://corningnyhistory.com/wp-content/uploads/2024/01/lh-75-0357.jpg
lh-75-0358.jpg,https://corningnyhistory.com/wp-content/uploads/2024/01/lh-75-0358.jpg
lh-75-0359.jpg,https://corningnyhistory.com/wp-content/uploads/2024/01/lh-75-0359.jpg
lh-75-0360.jpg,https://corningnyhistory.com/wp-content/uploads/2024/01/lh-75-0360.jpg
lh-75-0361.jpg,https://corningnyhistory.com/wp-content/uploads/2024/01/lh-75-0361.jpg
lh-75-0363.jpg,https://corningnyhistory.com/wp-content/uploads/2024/01/lh-75-0363.jpg
lh-75-0364.jpg,https://corningnyhistory.com/wp-content/uploads/2024/01/lh-75-0364.jpg
lh-75-0365.jpg,https://corningnyhistory.com/wp-content/uploads/2024/01/lh-75-0365.jpg
lh-75-0366.jpg,https://corningnyhistory.com/wp-content/uploads/2024/01/lh-75-0366.jpg
lh-75-0367.jpg,https://corningnyhistory.com/wp-content/uploads/2024/01/lh-75-0367.jpg
lh-75-0368.jpg,https://corningnyhistory.com/wp-content/uploads/2024/01/lh-75-0368.jpg
lh-75-0369.jpg,https://corningnyhistory.com/wp-content/uploads/2024/01/lh-75-0369.jpg
lh-75-0370.jpg,https://corningnyhistory.com/wp-content/uploads/2024/01/lh-75-0370.jpg
lh-75-0375.jpg,https://corningnyhistory.com/wp-content/uploads/2024/01/lh-75-0375.jpg
lh-75-0376.jpg,https://corningnyhistory.com/wp-content/uploads/2024/01/lh-75-0376.jpg
lh-75-0377.jpg,https://corningnyhistory.com/wp-content/uploads/2024/01/lh-75-0377.jpg
lh-75-0378.jpg,https://corningnyhistory.com/wp-content/uploads/2024/01/lh-75-0378.jpg
lh-75-0379.jpg,https://corningnyhistory.com/wp-content/uploads/2024/01/lh-75-0379.jpg
lh-75-0380.jpg,https://corningnyhistory.com/wp-content/uploads/2024/01/lh-75-0380.jpg
lh-75-0381.jpg,https://corningnyhistory.com/wp-content/uploads/2024/01/lh-75-0381.jpg
lh-75-0382.jpg,https://corningnyhistory.com/wp-content/uploads/2024/01/lh-75-0382.jpg
lh-75-0383.jpg,https://corningnyhistory.com/wp-content/uploads/2024/01/lh-75-0383.jpg
lh-75-0384.jpg,https://corningnyhistory.com/wp-content/uploads/2024/01/lh-75-0384.jpg
lh-75-0385.jpg,https://corningnyhistory.com/wp-content/uploads/2024/01/lh-75-0385.jpg
lh-75-0386.jpg,https://corningnyhistory.com/wp-content/uploads/2024/01/lh-75-0386.jpg
lh-75-0387.jpg,https://corningnyhistory.com/wp-content/uploads/2024/01/lh-75-0387.jpg
lh-75-0388.jpg,https://corningnyhistory.com/wp-content/uploads/2024/01/lh-75-0388.jpg
lh-75-0390.jpg,https://corningnyhistory.com/wp-content/uploads/2024/01/lh-75-0390.jpg
lh-75-0391.jpg,https://corningnyhistory.com/wp-content/uploads/2024/01/lh-75-0391.jpg
lh-75-0392.jpg,https://corningnyhistory.com/wp-content/uploads/2024/01/lh-75-0392.jpg
lh-75-0393.jpg,https://corningnyhistory.com/wp-content/uploads/2024/01/lh-75-0393.jpg
lh-75-0394.jpg,https://corningnyhistory.com/wp-content/uploads/2024/01/lh-75-0394.jpg
lh-75-0395.jpg,https://corningnyhistory.com/wp-content/uploads/2024/01/lh-75-0395.jpg
lh-75-0396.jpg,https://corningnyhistory.com/wp-content/uploads/2024/01/lh-75-0396.jpg
lh-75-0397.jpg,https://corningnyhistory.com/wp-content/uploads/2024/01/lh-75-0397.jpg
lh-75-0398.jpg,https://corningnyhistory.com/wp-content/uploads/2024/01/lh-75-0398.jpg
lh-75-0399.jpg,https://corningnyhistory.com/wp-content/uploads/2024/01/lh-75-0399.jpg
lh-75-0400.jpg,https://corningnyhistory.com/wp-content/uploads/2024/01/lh-75-0400.jpg
lh-75-0401.jpg,https://corningnyhistory.com/wp-content/uploads/2024/01/lh-75-0401.jpg
lh-75-0402.jpg,https://corningnyhistory.com/wp-content/uploads/2024/01/lh-75-0402.jpg
lh-75-0403.jpg,https://corningnyhistory.com/wp-content/uploads/2024/01/lh-75-0403.jpg
lh-75-0404.jpg,https://corningnyhistory.com/wp-content/uploads/2024/01/lh-75-0404.jpg
lh-75-0405.jpg,https://corningnyhistory.com/wp-content/uploads/2024/01/lh-75-0405.jpg
lh-75-0406.jpg,https://corningnyhistory.com/wp-content/uploads/2024/01/lh-75-0406.jpg
lh-75-0407.jpg,https://corningnyhistory.com/wp-content/uploads/2024/01/lh-75-0407.jpg
lh-75-0408.jpg,https://corningnyhistory.com/wp-content/uploads/2024/01/lh-75-0408.jpg
lh-75-0409.jpg,https://corningnyhistory.com/wp-content/uploads/2024/01/lh-75-0409.jpg
lh-75-0410.jpg,https://corningnyhistory.com/wp-content/uploads/2024/01/lh-75-0410.jpg
lh-75-0411.jpg,https://corningnyhistory.com/wp-content/uploads/2024/01/lh-75-0411.jpg
lh-75-0412.jpg,https://corningnyhistory.com/wp-content/uploads/2024/01/lh-75-0412.jpg
lh-75-0413.jpg,https://corningnyhistory.com/wp-content/uploads/2024/01/lh-75-0413.jpg
lh-75-0414.jpg,https://corningnyhistory.com/wp-content/uploads/2024/01/lh-75-0414.jpg
lh-75-0415.jpg,https://corningnyhistory.com/wp-content/uploads/2024/01/lh-75-0415.jpg
lh-75-0416.jpg,https://corningnyhistory.com/wp-content/uploads/2024/01/lh-75-0416.jpg
lh-75-0417.jpg,https://corningnyhistory.com/wp-content/uploads/2024/01/lh-75-0417.jpg
lh-75-0418.jpg,https://corningnyhistory.com/wp-content/uploads/2024/01/lh-75-0418.jpg
lh-75-0419.jpg,https://corningnyhistory.com/wp-content/uploads/2024/01/lh-75-0419.jpg
lh-75-0420.jpg,https://corningnyhistory.com/wp-content/uploads/2024/01/lh-75-0420.jpg
lh-75-0421.jpg,https://corningnyhistory.com/wp-content/uploads/2024/01/lh-75-0421.jpg
lh-75-0422.jpg,https://corningnyhistory.com/wp-content/uploads/2024/01/lh-75-0422.jpg
lh-75-0423.jpg,https://corningnyhistory.com/wp-content/uploads/2024/01/lh-75-0423.jpg
lh-75-0424.jpg,https://corningnyhistory.com/wp-content/uploads/2024/01/lh-75-0424.jpg
lh-75-0425.jpg,https://corningnyhistory.com/wp-content/uploads/2024/01/lh-75-0425.jpg
lh-75-0426.jpg,https://corningnyhistory.com/wp-content/uploads/2024/01/lh-75-0426.jpg
lh-75-0427.jpg,https://corningnyhistory.com/wp-content/uploads/2024/01/lh-75-0427.jpg
lh-75-0428.jpg,https://corningnyhistory.com/wp-content/uploads/2024/01/lh-75-0428.jpg
lh-75-0429.jpg,https://corningnyhistory.com/wp-content/uploads/2024/01/lh-75-0429.jpg
lh-75-0431.jpg,https://corningnyhistory.com/wp-content/uploads/2024/01/lh-75-0431.jpg
lh-75-0432.jpg,https://corningnyhistory.com/wp-content/uploads/2024/01/lh-75-0432.jpg
lh-75-0433.jpg,https://corningnyhistory.com/wp-content/uploads/2024/01/lh-75-0433.jpg
lh-75-0434.jpg,https://corningnyhistory.com/wp-content/uploads/2024/01/lh-75-0434.jpg
lh-75-0435.jpg,https://corningnyhistory.com/wp-content/uploads/2024/01/lh-75-0435.jpg
lh-75-0436.jpg,https://corningnyhistory.com/wp-content/uploads/2024/01/lh-75-0436.jpg
lh-75-0437.jpg,https://corningnyhistory.com/wp-content/uploads/2024/01/lh-75-0437.jpg
lh-75-0438.jpg,https://corningnyhistory.com/wp-content/uploads/2024/01/lh-75-0438.jpg
lh-75-0439.jpg,https://corningnyhistory.com/wp-content/uploads/2024/01/lh-75-0439.jpg
lh-75-0440.jpg,https://corningnyhistory.com/wp-content/uploads/2024/01/lh-75-0440.jpg
lh-75-0441.jpg,https://corningnyhistory.com/wp-content/uploads/2024/01/lh-75-0441.jpg
lh-75-0442.jpg,https://corningnyhistory.com/wp-content/uploads/2024/01/lh-75-0442.jpg
lh-75-0443.jpg,https://corningnyhistory.com/wp-content/uploads/2024/01/lh-75-0443.jpg
lh-75-0445.jpg,https://corningnyhistory.com/wp-content/uploads/2024/01/lh-75-0445.jpg
lh-75-0446.jpg,https://corningnyhistory.com/wp-content/uploads/2024/01/lh-75-0446.jpg
lh-75-0447.jpg,https://corningnyhistory.com/wp-content/uploads/2024/01/lh-75-0447.jpg
lh-75-0449.jpg,https://corningnyhistory.com/wp-content/uploads/2024/01/lh-75-0449.jpg
lh-75-0450.jpg,https://corningnyhistory.com/wp-content/uploads/2024/01/lh-75-0450.jpg
lh-75-0451.jpg,https://corningnyhistory.com/wp-content/uploads/2024/01/lh-75-0451.jpg
lh-75-0452.jpg,https://corningnyhistory.com/wp-content/uploads/2024/01/lh-75-0452.jpg
lh-75-0453.jpg,https://corningnyhistory.com/wp-content/uploads/2024/01/lh-75-0453.jpg
lh-75-0454.jpg,https://corningnyhistory.com/wp-content/uploads/2024/01/lh-75-0454.jpg
lh-75-0455.jpg,https://corningnyhistory.com/wp-content/uploads/2024/01/lh-75-0455.jpg
lh-75-0456.jpg,https://corningnyhistory.com/wp-content/uploads/2024/01/lh-75-0456.jpg
lh-75-0457.jpg,https://corningnyhistory.com/wp-content/uploads/2024/01/lh-75-0457.jpg
lh-75-0458.jpg,https://corningnyhistory.com/wp-content/uploads/2024/01/lh-75-0458.jpg
lh-75-0459.jpg,https://corningnyhistory.com/wp-content/uploads/2024/01/lh-75-0459.jpg
lh-75-0460.jpg,https://corningnyhistory.com/wp-content/uploads/2024/01/lh-75-0460.jpg
lh-75-0461.jpg,https://corningnyhistory.com/wp-content/uploads/2024/01/lh-75-0461.jpg
lh-75-0462.jpg,https://corningnyhistory.com/wp-content/uploads/2024/01/lh-75-0462.jpg
lh-75-0463.jpg,https://corningnyhistory.com/wp-content/uploads/2024/01/lh-75-0463.jpg
lh-75-0464.jpg,https://corningnyhistory.com/wp-content/uploads/2024/01/lh-75-0464.jpg
lh-75-0465.jpg,https://corningnyhistory.com/wp-content/uploads/2024/01/lh-75-0465.jpg
lh-75-0466.jpg,https://corningnyhistory.com/wp-content/uploads/2024/01/lh-75-0466.jpg
lh-75-0467.jpg,https://corningnyhistory.com/wp-content/uploads/2024/01/lh-75-0467.jpg
lh-75-0468.jpg,https://corningnyhistory.com/wp-content/uploads/2024/01/lh-75-0468.jpg
lh-75-0470.jpg,https://corningnyhistory.com/wp-content/uploads/2024/01/lh-75-0470.jpg
lh-75-0471.jpg,https://corningnyhistory.com/wp-content/uploads/2024/01/lh-75-0471.jpg
lh-75-0472.jpg,https://corningnyhistory.com/wp-content/uploads/2024/01/lh-75-0472.jpg
lh-75-0473.jpg,https://corningnyhistory.com/wp-content/uploads/2024/01/lh-75-0473.jpg
lh-75-0474.jpg,https://corningnyhistory.com/wp-content/uploads/2024/01/lh-75-0474.jpg
lh-75-0475.jpg,https://corningnyhistory.com/wp-content/uploads/2024/01/lh-75-0475.jpg
lh-75-0476.jpg,https://corningnyhistory.com/wp-content/uploads/2024/01/lh-75-0476.jpg
lh-75-0477.jpg,https://corningnyhistory.com/wp-content/uploads/2024/01/lh-75-0477.jpg
lh-75-0479.jpg,https://corningnyhistory.com/wp-content/uploads/2024/01/lh-75-0479.jpg
lh-75-0480.jpg,https://corningnyhistory.com/wp-content/uploads/2024/01/lh-75-0480.jpg
lh-75-0481.jpg,https://corningnyhistory.com/wp-content/uploads/2024/01/lh-75-0481.jpg
lh-75-0482.jpg,https://corningnyhistory.com/wp-content/uploads/2024/01/lh-75-0482.jpg
lh-75-0483.jpg,https://corningnyhistory.com/wp-content/uploads/2024/01/lh-75-0483.jpg
lh-75-0484.jpg,https://corningnyhistory.com/wp-content/uploads/2024/01/lh-75-0484.jpg
lh-75-0485.jpg,https://corningnyhistory.com/wp-content/uploads/2024/01/lh-75-0485.jpg
lh-75-0486.jpg,https://corningnyhistory.com/wp-content/uploads/2024/01/lh-75-0486.jpg
lh-75-0487.jpg,https://corningnyhistory.com/wp-content/uploads/2024/01/lh-75-0487.jpg
lh-75-0488.jpg,https://corningnyhistory.com/wp-content/uploads/2024/01/lh-75-0488.jpg
lh-75-0489.jpg,https://corningnyhistory.com/wp-content/uploads/2024/01/lh-75-0489.jpg
lh-75-0490.jpg,https://corningnyhistory.com/wp-content/uploads/2024/01/lh-75-0490.jpg
lh-75-0491.jpg,https://corningnyhistory.com/wp-content/uploads/2024/01/lh-75-0491.jpg
lh-75-0492.jpg,https://corningnyhistory.com/wp-content/uploads/2024/01/lh-75-0492.jpg
lh-75-0493.jpg,https://corningnyhistory.com/wp-content/uploads/2024/01/lh-75-0493.jpg
lh-75-0494.jpg,https://corningnyhistory.com/wp-content/uploads/2024/01/lh-75-0494.jpg
lh-75-0495.jpg,https://corningnyhistory.com/wp-content/uploads/2024/01/lh-75-0495.jpg
lh-75-0496.jpg,https://corningnyhistory.com/wp-content/uploads/2024/01/lh-75-0496.jpg
lh-75-0497.jpg,https://corningnyhistory.com/wp-content/uploads/2024/01/lh-75-0497.jpg
lh-75-0498.jpg,https://corningnyhistory.com/wp-content/uploads/2024/01/lh-75-0498.jpg
lh-75-0499.jpg,https://corningnyhistory.com/wp-content/uploads/2024/01/lh-75-0499.jpg
lh-75-0500.jpg,https://corningnyhistory.com/wp-content/uploads/2024/01/lh-75-0500.jpg
lh-75-0501.jpg,https://corningnyhistory.com/wp-content/uploads/2024/01/lh-75-0501.jpg
lh-75-0502.jpg,https://corningnyhistory.com/wp-content/uploads/2024/01/lh-75-0502.jpg
lh-75-0503.jpg,https://corningnyhistory.com/wp-content/uploads/2024/01/lh-75-0503.jpg
lh-75-0504.jpg,https://corningnyhistory.com/wp-content/uploads/2024/01/lh-75-0504.jpg
lh-75-0505.jpg,https://corningnyhistory.com/wp-content/uploads/2024/01/lh-75-0505.jpg
lh-75-0506.jpg,https://corningnyhistory.com/wp-content/uploads/2024/01/lh-75-0506.jpg
lh-75-0507.jpg,https://corningnyhistory.com/wp-content/uploads/2024/01/lh-75-0507.jpg
lh-75-0508.jpg,https://corningnyhistory.com/wp-content/uploads/2024/01/lh-75-0508.jpg
lh-75-0509.jpg,https://corningnyhistory.com/wp-content/uploads/2024/01/lh-75-0509.jpg
lh-75-0510.jpg,https://corningnyhistory.com/wp-content/uploads/2024/01/lh-75-0510.jpg
lh-75-0511.jpg,https://corningnyhistory.com/wp-content/uploads/2024/01/lh-75-0511.jpg
lh-75-0512.jpg,https://corningnyhistory.com/wp-content/uploads/2024/01/lh-75-0512.jpg
lh-75-0513.jpg,https://corningnyhistory.com/wp-content/uploads/2024/01/lh-75-0513.jpg
lh-75-0514.jpg,https://corningnyhistory.com/wp-content/uploads/2024/01/lh-75-0514.jpg
lh-75-0515.jpg,https://corningnyhistory.com/wp-content/uploads/2024/01/lh-75-0515.jpg
lh-75-0516.jpg,https://corningnyhistory.com/wp-content/uploads/2024/01/lh-75-0516.jpg
lh-75-0517.jpg,https://corningnyhistory.com/wp-content/uploads/2024/01/lh-75-0517.jpg
lh-75-0518.jpg,https://corningnyhistory.com/wp-content/uploads/2024/01/lh-75-0518.jpg
lh-75-0519.jpg,https://corningnyhistory.com/wp-content/uploads/2024/01/lh-75-0519.jpg
lh-75-0520.jpg,https://corningnyhistory.com/wp-content/uploads/2024/01/lh-75-0520.jpg
lh-75-0521.jpg,https://corningnyhistory.com/wp-content/uploads/2024/01/lh-75-0521.jpg
lh-75-0522.jpg,https://corningnyhistory.com/wp-content/uploads/2024/01/lh-75-0522.jpg
lh-75-0523.jpg,https://corningnyhistory.com/wp-content/uploads/2024/01/lh-75-0523.jpg
lh-75-0524.jpg,https://corningnyhistory.com/wp-content/uploads/2024/01/lh-75-0524.jpg
lh-75-0525.jpg,https://corningnyhistory.com/wp-content/uploads/2024/01/lh-75-0525.jpg
lh-75-0526.jpg,https://corningnyhistory.com/wp-content/uploads/2024/01/lh-75-0526.jpg
lh-75-0527.jpg,https://corningnyhistory.com/wp-content/uploads/2024/01/lh-75-0527.jpg
lh-75-0528.jpg,https://corningnyhistory.com/wp-content/uploads/2024/01/lh-75-0528.jpg
lh-75-0529.jpg,https://corningnyhistory.com/wp-content/uploads/2024/01/lh-75-0529.jpg
lh-75-0530.jpg,https://corningnyhistory.com/wp-content/uploads/2024/01/lh-75-0530.jpg
lh-75-0531.jpg,https://corningnyhistory.com/wp-content/uploads/2024/01/lh-75-0531.jpg
lh-75-0532.jpg,https://corningnyhistory.com/wp-content/uploads/2024/01/lh-75-0532.jpg
lh-75-0533.jpg,https://corningnyhistory.com/wp-content/uploads/2024/01/lh-75-0533.jpg
lh-75-0534.jpg,https://corningnyhistory.com/wp-content/uploads/2024/01/lh-75-0534.jpg
lh-75-0535.jpg,https://corningnyhistory.com/wp-content/uploads/2024/01/lh-75-0535.jpg
lh-75-0537.jpg,https://corningnyhistory.com/wp-content/uploads/2024/01/lh-75-0537.jpg
lh-75-0538.jpg,https://corningnyhistory.com/wp-content/uploads/2024/01/lh-75-0538.jpg
lh-75-0539.jpg,https://corningnyhistory.com/wp-content/uploads/2024/01/lh-75-0539.jpg
lh-75-0540.jpg,https://corningnyhistory.com/wp-content/uploads/2024/01/lh-75-0540.jpg
lh-75-0541.jpg,https://corningnyhistory.com/wp-content/uploads/2024/01/lh-75-0541.jpg
lh-75-0542.jpg,https://corningnyhistory.com/wp-content/uploads/2024/01/lh-75-0542.jpg
lh-75-0543.jpg,https://corningnyhistory.com/wp-content/uploads/2024/01/lh-75-0543.jpg
lh-75-0544.jpg,https://corningnyhistory.com/wp-content/uploads/2024/01/lh-75-0544.jpg
lh-75-0545.jpg,https://corningnyhistory.com/wp-content/uploads/2024/01/lh-75-0545.jpg
lh-75-0547.jpg,https://corningnyhistory.com/wp-content/uploads/2024/01/lh-75-0547.jpg
lh-75-0548.jpg,https://corningnyhistory.com/wp-content/uploads/2024/01/lh-75-0548.jpg
lh-75-0549.jpg,https://corningnyhistory.com/wp-content/uploads/2024/01/lh-75-0549.jpg
lh-75-0550.jpg,https://corningnyhistory.com/wp-content/uploads/2024/01/lh-75-0550.jpg
lh-75-0551.jpg,https://corningnyhistory.com/wp-content/uploads/2024/01/lh-75-0551.jpg
lh-75-0552.jpg,https://corningnyhistory.com/wp-content/uploads/2024/01/lh-75-0552.jpg
lh-75-0553.jpg,https://corningnyhistory.com/wp-content/uploads/2024/01/lh-75-0553.jpg
lh-75-0554.jpg,https://corningnyhistory.com/wp-content/uploads/2024/01/lh-75-0554.jpg
lh-75-0555.jpg,https://corningnyhistory.com/wp-content/uploads/2024/01/lh-75-0555.jpg
lh-75-0556.jpg,https://corningnyhistory.com/wp-content/uploads/2024/01/lh-75-0556.jpg
lh-75-0557.jpg,https://corningnyhistory.com/wp-content/uploads/2024/01/lh-75-0557.jpg
lh-75-0558.jpg,https://corningnyhistory.com/wp-content/uploads/2024/01/lh-75-0558.jpg
lh-75-0559.jpg,https://corningnyhistory.com/wp-content/uploads/2024/01/lh-75-0559.jpg
lh-75-0560.jpg,https://corningnyhistory.com/wp-content/uploads/2024/01/lh-75-0560.jpg
lh-75-0561.jpg,https://corningnyhistory.com/wp-content/uploads/2024/01/lh-75-0561.jpg
lh-75-0563.jpg,https://corningnyhistory.com/wp-content/uploads/2024/01/lh-75-0563.jpg
lh-75-0565.jpg,https://corningnyhistory.com/wp-content/uploads/2024/01/lh-75-0565.jpg
lh-75-0566.jpg,https://corningnyhistory.com/wp-content/uploads/2024/01/lh-75-0566.jpg
lh-75-0567.jpg,https://corningnyhistory.com/wp-content/uploads/2024/01/lh-75-0567.jpg
lh-75-0568.jpg,https://corningnyhistory.com/wp-content/uploads/2024/01/lh-75-0568.jpg
lh-75-0569.jpg,https://corningnyhistory.com/wp-content/uploads/2024/01/lh-75-0569.jpg
lh-75-0570.jpg,https://corningnyhistory.com/wp-content/uploads/2024/01/lh-75-0570.jpg
lh-75-0571.jpg,https://corningnyhistory.com/wp-content/uploads/2024/01/lh-75-0571.jpg
lh-75-0572.jpg,https://corningnyhistory.com/wp-content/uploads/2024/01/lh-75-0572.jpg
lh-75-0573.jpg,https://corningnyhistory.com/wp-content/uploads/2024/01/lh-75-0573.jpg
lh-75-0574.jpg,https://corningnyhistory.com/wp-content/uploads/2024/01/lh-75-0574.jpg
lh-75-0575.jpg,https://corningnyhistory.com/wp-content/uploads/2024/01/lh-75-0575.jpg
lh-75-0576.jpg,https://corningnyhistory.com/wp-content/uploads/2024/01/lh-75-0576.jpg
lh-75-0577.jpg,https://corningnyhistory.com/wp-content/uploads/2024/01/lh-75-0577.jpg
lh-75-0578.jpg,https://corningnyhistory.com/wp-content/uploads/2024/01/lh-75-0578.jpg
lh-75-0579.jpg,https://corningnyhistory.com/wp-content/uploads/2024/01/lh-75-0579.jpg
lh-75-0580.jpg,https://corningnyhistory.com/wp-content/uploads/2024/01/lh-75-0580.jpg
lh-75-0581.jpg,https://corningnyhistory.com/wp-content/uploads/2024/01/lh-75-0581.jpg
lh-75-0583.jpg,https://corningnyhistory.com/wp-content/uploads/2024/01/lh-75-0583.jpg
lh-75-0584.jpg,https://corningnyhistory.com/wp-content/uploads/2024/01/lh-75-0584.jpg
lh-75-0585.jpg,https://corningnyhistory.com/wp-content/uploads/2024/01/lh-75-0585.jpg
lh-75-0586.jpg,https://corningnyhistory.com/wp-content/uploads/2024/01/lh-75-0586.jpg
lh-75-0587.jpg,https://corningnyhistory.com/wp-content/uploads/2024/01/lh-75-0587.jpg
lh-75-0588.jpg,https://corningnyhistory.com/wp-content/uploads/2024/01/lh-75-0588.jpg
lh-75-0589.jpg,https://corningnyhistory.com/wp-content/uploads/2024/01/lh-75-0589.jpg
lh-75-0590.jpg,https://corningnyhistory.com/wp-content/uploads/2024/01/lh-75-0590.jpg
lh-75-0592.jpg,https://corningnyhistory.com/wp-content/uploads/2024/01/lh-75-0592.jpg
lh-75-0596.jpg,https://corningnyhistory.com/wp-content/uploads/2024/01/lh-75-0596.jpg
lh-75-0597.jpg,https://corningnyhistory.com/wp-content/uploads/2024/01/lh-75-0597.jpg
lh-75-0598.jpg,https://corningnyhistory.com/wp-content/uploads/2024/01/lh-75-0598.jpg
lh-75-0599.jpg,https://corningnyhistory.com/wp-content/uploads/2024/01/lh-75-0599.jpg
lh-75-0600.jpg,https://corningnyhistory.com/wp-content/uploads/2024/01/lh-75-0600.jpg
lh-75-0601.jpg,https://corningnyhistory.com/wp-content/uploads/2024/01/lh-75-0601.jpg
lh-75-0604.jpg,https://corningnyhistory.com/wp-content/uploads/2024/01/lh-75-0604.jpg
lh-75-0605.jpg,https://corningnyhistory.com/wp-content/uploads/2024/01/lh-75-0605.jpg
lh-75-0607.jpg,https://corningnyhistory.com/wp-content/uploads/2024/01/lh-75-0607.jpg
lh-75-0608.jpg,https://corningnyhistory.com/wp-content/uploads/2024/01/lh-75-0608.jpg
lh-75-0610.jpg,https://corningnyhistory.com/wp-content/uploads/2024/01/lh-75-0610.jpg
lh-75-0616.jpg,https://corningnyhistory.com/wp-content/uploads/2024/01/lh-75-0616.jpg
lh-75-0617.jpg,https://corningnyhistory.com/wp-content/uploads/2024/01/lh-75-0617.jpg
lh-75-0618.jpg,https://corningnyhistory.com/wp-content/uploads/2024/01/lh-75-0618.jpg
lh-75-0619.jpg,https://corningnyhistory.com/wp-content/uploads/2024/01/lh-75-0619.jpg
lh-75-0622.jpg,https://corningnyhistory.com/wp-content/uploads/2024/01/lh-75-0622.jpg
lh-75-0623.jpg,https://corningnyhistory.com/wp-content/uploads/2024/01/lh-75-0623.jpg
lh-75-0624.jpg,https://corningnyhistory.com/wp-content/uploads/2024/01/lh-75-0624.jpg
lh-75-0627.jpg,https://corningnyhistory.com/wp-content/uploads/2024/01/lh-75-0627.jpg
lh-75-0628.jpg,https://corningnyhistory.com/wp-content/uploads/2024/01/lh-75-0628.jpg
lh-75-0630.jpg,https://corningnyhistory.com/wp-content/uploads/2024/01/lh-75-0630.jpg
lh-75-0631.jpg,https://corningnyhistory.com/wp-content/uploads/2024/01/lh-75-0631.jpg
lh-75-0632.jpg,https://corningnyhistory.com/wp-content/uploads/2024/01/lh-75-0632.jpg
lh-75-0635.jpg,https://corningnyhistory.com/wp-content/uploads/2024/01/lh-75-0635.jpg
lh-75-0637.jpg,https://corningnyhistory.com/wp-content/uploads/2024/01/lh-75-0637.jpg
lh-75-0638.jpg,https://corningnyhistory.com/wp-content/uploads/2024/01/lh-75-0638.jpg
lh-75-0639.jpg,https://corningnyhistory.com/wp-content/uploads/2024/01/lh-75-0639.jpg
lh-75-0640.jpg,https://corningnyhistory.com/wp-content/uploads/2024/01/lh-75-0640.jpg
lh-75-0642.jpg,https://corningnyhistory.com/wp-content/uploads/2024/01/lh-75-0642.jpg
lh-75-0643.jpg,https://corningnyhistory.com/wp-content/uploads/2024/01/lh-75-0643.jpg
lh-75-0646.jpg,https://corningnyhistory.com/wp-content/uploads/2024/01/lh-75-0646.jpg
lh-75-0647.jpg,https://corningnyhistory.com/wp-content/uploads/2024/01/lh-75-0647.jpg
lh-75-0648.jpg,https://corningnyhistory.com/wp-content/uploads/2024/01/lh-75-0648.jpg
lh-75-0649.jpg,https://corningnyhistory.com/wp-content/uploads/2024/01/lh-75-0649.jpg
lh-75-0650.jpg,https://corningnyhistory.com/wp-content/uploads/2024/01/lh-75-0650.jpg
lh-75-0652.jpg,https://corningnyhistory.com/wp-content/uploads/2024/01/lh-75-0652.jpg
lh-75-0654.jpg,https://corningnyhistory.com/wp-content/uploads/2024/01/lh-75-0654.jpg
lh-75-0656.jpg,https://corningnyhistory.com/wp-content/uploads/2024/01/lh-75-0656.jpg
lh-75-0657.jpg,https://corningnyhistory.com/wp-content/uploads/2024/01/lh-75-0657.jpg
lh-75-0658.jpg,https://corningnyhistory.com/wp-content/uploads/2024/01/lh-75-0658.jpg
lh-75-0659.jpg,https://corningnyhistory.com/wp-content/uploads/2024/01/lh-75-0659.jpg
lh-75-0660.jpg,https://corningnyhistory.com/wp-content/uploads/2024/01/lh-75-0660.jpg
lh-75-0661.jpg,https://corningnyhistory.com/wp-content/uploads/2024/01/lh-75-0661.jpg
lh-75-0662.jpg,https://corningnyhistory.com/wp-content/uploads/2024/01/lh-75-0662.jpg
lh-75-0663.jpg,https://corningnyhistory.com/wp-content/uploads/2024/01/lh-75-0663.jpg
lh-75-0664.jpg,https://corningnyhistory.com/wp-content/uploads/2024/01/lh-75-0664.jpg
lh-75-0665.jpg,https://corningnyhistory.com/wp-content/uploads/2024/01/lh-75-0665.jpg
lh-75-0667.jpg,https://corningnyhistory.com/wp-content/uploads/2024/01/lh-75-0667.jpg
lh-75-0668.jpg,https://corningnyhistory.com/wp-content/uploads/2024/01/lh-75-0668.jpg
lh-75-0669.jpg,https://corningnyhistory.com/wp-content/uploads/2024/01/lh-75-0669.jpg
lh-75-0670.jpg,https://corningnyhistory.com/wp-content/uploads/2024/01/lh-75-0670.jpg
lh-75-0671.jpg,https://corningnyhistory.com/wp-content/uploads/2024/01/lh-75-0671.jpg
lh-75-0673.jpg,https://corningnyhistory.com/wp-content/uploads/2024/01/lh-75-0673.jpg
lh-75-0678.jpg,https://corningnyhistory.com/wp-content/uploads/2024/01/lh-75-0678.jpg
lh-75-0681.jpg,https://corningnyhistory.com/wp-content/uploads/2024/01/lh-75-0681.jpg
lh-75-0682.jpg,https://corningnyhistory.com/wp-content/uploads/2024/01/lh-75-0682.jpg
lh-75-0683.jpg,https://corningnyhistory.com/wp-content/uploads/2024/01/lh-75-0683.jpg
lh-75-0684.jpg,https://corningnyhistory.com/wp-content/uploads/2024/01/lh-75-0684.jpg
lh-75-0685.jpg,https://corningnyhistory.com/wp-content/uploads/2024/01/lh-75-0685.jpg
lh-75-0686.jpg,https://corningnyhistory.com/wp-content/uploads/2024/01/lh-75-0686.jpg
lh-75-0687.jpg,https://corningnyhistory.com/wp-content/uploads/2024/01/lh-75-0687.jpg
lh-75-0688.jpg,https://corningnyhistory.com/wp-content/uploads/2024/01/lh-75-0688.jpg
lh-75-0689.jpg,https://corningnyhistory.com/wp-content/uploads/2024/01/lh-75-0689.jpg
lh-75-0694.jpg,https://corningnyhistory.com/wp-content/uploads/2024/01/lh-75-0694.jpg
lh-75-0698.jpg,https://corningnyhistory.com/wp-content/uploads/2024/01/lh-75-0698.jpg
lh-75-0701.jpg,https://corningnyhistory.com/wp-content/uploads/2024/01/lh-75-0701.jpg
lh-75-0702.jpg,https://corningnyhistory.com/wp-content/uploads/2024/01/lh-75-0702.jpg
lh-75-0703.jpg,https://corningnyhistory.com/wp-content/uploads/2024/01/lh-75-0703.jpg
lh-75-0704.jpg,https://corningnyhistory.com/wp-content/uploads/2024/01/lh-75-0704.jpg
lh-75-0705.jpg,https://corningnyhistory.com/wp-content/uploads/2024/01/lh-75-0705.jpg
lh-75-0707.jpg,https://corningnyhistory.com/wp-content/uploads/2024/01/lh-75-0707.jpg
lh-75-0708.jpg,https://corningnyhistory.com/wp-content/uploads/2024/01/lh-75-0708.jpg
lh-75-0709.jpg,https://corningnyhistory.com/wp-content/uploads/2024/01/lh-75-0709.jpg
lh-75-0712.jpg,https://corningnyhistory.com/wp-content/uploads/2024/01/lh-75-0712.jpg
lh-75-0713.jpg,https://corningnyhistory.com/wp-content/uploads/2024/01/lh-75-0713.jpg
lh-75-0715.jpg,https://corningnyhistory.com/wp-content/uploads/2024/01/lh-75-0715.jpg
lh-75-0716.jpg,https://corningnyhistory.com/wp-content/uploads/2024/01/lh-75-0716.jpg
lh-75-0717.jpg,https://corningnyhistory.com/wp-content/uploads/2024/01/lh-75-0717.jpg
lh-75-0718.jpg,https://corningnyhistory.com/wp-content/uploads/2024/01/lh-75-0718.jpg
lh-75-0719.jpg,https://corningnyhistory.com/wp-content/uploads/2024/01/lh-75-0719.jpg
lh-75-0720.jpg,https://corningnyhistory.com/wp-content/uploads/2024/01/lh-75-0720.jpg
lh-75-0721.jpg,https://corningnyhistory.com/wp-content/uploads/2024/01/lh-75-0721.jpg
lh-75-0722.jpg,https://corningnyhistory.com/wp-content/uploads/2024/01/lh-75-0722.jpg
lh-75-0723.jpg,https://corningnyhistory.com/wp-content/uploads/2024/01/lh-75-0723.jpg
lh-75-0726.jpg,https://corningnyhistory.com/wp-content/uploads/2024/01/lh-75-0726.jpg
lh-75-0727.jpg,https://corningnyhistory.com/wp-content/uploads/2024/01/lh-75-0727.jpg
lh-75-0729.jpg,https://corningnyhistory.com/wp-content/uploads/2024/01/lh-75-0729.jpg
lh-75-0730.jpg,https://corningnyhistory.com/wp-content/uploads/2024/01/lh-75-0730.jpg
lh-75-0731.jpg,https://corningnyhistory.com/wp-content/uploads/2024/01/lh-75-0731.jpg
lh-75-0732.jpg,https://corningnyhistory.com/wp-content/uploads/2024/01/lh-75-0732.jpg
lh-75-0733.jpg,https://corningnyhistory.com/wp-content/uploads/2024/01/lh-75-0733.jpg
lh-75-0734.jpg,https://corningnyhistory.com/wp-content/uploads/2024/01/lh-75-0734.jpg
lh-75-0736.jpg,https://corningnyhistory.com/wp-content/uploads/2024/01/lh-75-0736.jpg
lh-75-0738.jpg,https://corningnyhistory.com/wp-content/uploads/2024/01/lh-75-0738.jpg
lh-75-0739.jpg,https://corningnyhistory.com/wp-content/uploads/2024/01/lh-75-0739.jpg
lh-75-0741.jpg,https://corningnyhistory.com/wp-content/uploads/2024/01/lh-75-0741.jpg
lh-75-0742.jpg,https://corningnyhistory.com/wp-content/uploads/2024/01/lh-75-0742.jpg
lh-75-0743.jpg,https://corningnyhistory.com/wp-content/uploads/2024/01/lh-75-0743.jpg
lh-75-0744.jpg,https://corningnyhistory.com/wp-content/uploads/2024/01/lh-75-0744.jpg
lh-75-0745.jpg,https://corningnyhistory.com/wp-content/uploads/2024/01/lh-75-0745.jpg
lh-75-0746.jpg,https://corningnyhistory.com/wp-content/uploads/2024/01/lh-75-0746.jpg
lh-75-0747.jpg,https://corningnyhistory.com/wp-content/uploads/2024/01/lh-75-0747.jpg
lh-75-0748.jpg,https://corningnyhistory.com/wp-content/uploads/2024/01/lh-75-0748.jpg
lh-75-0749.jpg,https://corningnyhistory.com/wp-content/uploads/2024/01/lh-75-0749.jpg
lh-75-0750.jpg,https://corningnyhistory.com/wp-content/uploads/2024/01/lh-75-0750.jpg
lh-75-0751.jpg,https://corningnyhistory.com/wp-content/uploads/2024/01/lh-75-0751.jpg
lh-75-0752.jpg,https://corningnyhistory.com/wp-content/uploads/2024/01/lh-75-0752.jpg
lh-75-0753.jpg,https://corningnyhistory.com/wp-content/uploads/2024/01/lh-75-0753.jpg
lh-75-0754.jpg,https://corningnyhistory.com/wp-content/uploads/2024/01/lh-75-0754.jpg
lh-75-0756.jpg,https://corningnyhistory.com/wp-content/uploads/2024/01/lh-75-0756.jpg
lh-75-0757.jpg,https://corningnyhistory.com/wp-content/uploads/2024/01/lh-75-0757.jpg
lh-75-0759.jpg,https://corningnyhistory.com/wp-content/uploads/2024/01/lh-75-0759.jpg
lh-75-0760.jpg,https://corningnyhistory.com/wp-content/uploads/2024/01/lh-75-0760.jpg
lh-75-0763.jpg,https://corningnyhistory.com/wp-content/uploads/2024/01/lh-75-0763.jpg
lh-75-0764.jpg,https://corningnyhistory.com/wp-content/uploads/2024/01/lh-75-0764.jpg
lh-75-0766.jpg,https://corningnyhistory.com/wp-content/uploads/2024/01/lh-75-0766.jpg
lh-75-0767.jpg,https://corningnyhistory.com/wp-content/uploads/2024/01/lh-75-0767.jpg
lh-75-0769.jpg,https://corningnyhistory.com/wp-content/uploads/2024/01/lh-75-0769.jpg
lh-75-0771.jpg,https://corningnyhistory.com/wp-content/uploads/2024/01/lh-75-0771.jpg
lh-75-0772.jpg,https://corningnyhistory.com/wp-content/uploads/2024/01/lh-75-0772.jpg
lh-75-0773.jpg,https://corningnyhistory.com/wp-content/uploads/2024/01/lh-75-0773.jpg
lh-75-0774.jpg,https://corningnyhistory.com/wp-content/uploads/2024/01/lh-75-0774.jpg
lh-75-0775.jpg,https://corningnyhistory.com/wp-content/uploads/2024/01/lh-75-0775.jpg
lh-75-0776.jpg,https://corningnyhistory.com/wp-content/uploads/2024/01/lh-75-0776.jpg
lh-75-0777.jpg,https://corningnyhistory.com/wp-content/uploads/2024/01/lh-75-0777.jpg
lh-75-0778.jpg,https://corningnyhistory.com/wp-content/uploads/2024/01/lh-75-0778.jpg
lh-75-0779.jpg,https://corningnyhistory.com/wp-content/uploads/2024/01/lh-75-0779.jpg
lh-75-0781.jpg,https://corningnyhistory.com/wp-content/uploads/2024/01/lh-75-0781.jpg
lh-75-0783.jpg,https://corningnyhistory.com/wp-content/uploads/2024/01/lh-75-0783.jpg
lh-75-0784.jpg,https://corningnyhistory.com/wp-content/uploads/2024/01/lh-75-0784.jpg
lh-75-0785.jpg,https://corningnyhistory.com/wp-content/uploads/2024/01/lh-75-0785.jpg
lh-75-0786.jpg,https://corningnyhistory.com/wp-content/uploads/2024/01/lh-75-0786.jpg
lh-75-0787.jpg,https://corningnyhistory.com/wp-content/uploads/2024/01/lh-75-0787.jpg
lh-75-0788.jpg,https://corningnyhistory.com/wp-content/uploads/2024/01/lh-75-0788.jpg
lh-75-0789.jpg,https://corningnyhistory.com/wp-content/uploads/2024/01/lh-75-0789.jpg
lh-75-0790.jpg,https://corningnyhistory.com/wp-content/uploads/2024/01/lh-75-0790.jpg
lh-75-0791.jpg,https://corningnyhistory.com/wp-content/uploads/2024/01/lh-75-0791.jpg
lh-75-0792.jpg,https://corningnyhistory.com/wp-content/uploads/2024/01/lh-75-0792.jpg
lh-75-0793.jpg,https://corningnyhistory.com/wp-content/uploads/2024/01/lh-75-0793.jpg
lh-75-0794.jpg,https://corningnyhistory.com/wp-content/uploads/2024/01/lh-75-0794.jpg
lh-75-0795.jpg,https://corningnyhistory.com/wp-content/uploads/2024/01/lh-75-0795.jpg
lh-75-0796.jpg,https://corningnyhistory.com/wp-content/uploads/2024/01/lh-75-0796.jpg
lh-75-0798.jpg,https://corningnyhistory.com/wp-content/uploads/2024/01/lh-75-0798.jpg
lh-75-0800.jpg,https://corningnyhistory.com/wp-content/uploads/2024/01/lh-75-0800.jpg
lh-75-0801.jpg,https://corningnyhistory.com/wp-content/uploads/2024/01/lh-75-0801.jpg
lh-75-0802.jpg,https://corningnyhistory.com/wp-content/uploads/2024/01/lh-75-0802.jpg
lh-75-0804.jpg,https://corningnyhistory.com/wp-content/uploads/2024/01/lh-75-0804.jpg
lh-75-0805.jpg,https://corningnyhistory.com/wp-content/uploads/2024/01/lh-75-0805.jpg
lh-75-0807.jpg,https://corningnyhistory.com/wp-content/uploads/2024/01/lh-75-0807.jpg
lh-75-0809.jpg,https://corningnyhistory.com/wp-content/uploads/2024/01/lh-75-0809.jpg
lh-75-0810.jpg,https://corningnyhistory.com/wp-content/uploads/2024/01/lh-75-0810.jpg
lh-75-0811.jpg,https://corningnyhistory.com/wp-content/uploads/2024/01/lh-75-0811.jpg
lh-75-0812.jpg,https://corningnyhistory.com/wp-content/uploads/2024/01/lh-75-0812.jpg
lh-75-0813.jpg,https://corningnyhistory.com/wp-content/uploads/2024/01/lh-75-0813.jpg
lh-75-0814.jpg,https://corningnyhistory.com/wp-content/uploads/2024/01/lh-75-0814.jpg
lh-75-0815.jpg,https://corningnyhistory.com/wp-content/uploads/2024/01/lh-75-0815.jpg
lh-75-0816.jpg,https://corningnyhistory.com/wp-content/uploads/2024/01/lh-75-0816.jpg
lh-75-0817.jpg,https://corningnyhistory.com/wp-content/uploads/2024/01/lh-75-0817.jpg
lh-75-0818.jpg,https://corningnyhistory.com/wp-content/uploads/2024/01/lh-75-0818.jpg
lh-75-0819.jpg,https://corningnyhistory.com/wp-content/uploads/2024/01/lh-75-0819.jpg
lh-75-0820.jpg,https://corningnyhistory.com/wp-content/uploads/2024/01/lh-75-0820.jpg
lh-75-0821.jpg,https://corningnyhistory.com/wp-content/uploads/2024/01/lh-75-0821.jpg
lh-75-0822.jpg,https://corningnyhistory.com/wp-content/uploads/2024/01/lh-75-0822.jpg
lh-75-0823.jpg,https://corningnyhistory.com/wp-content/uploads/2024/01/lh-75-0823.jpg
lh-75-0824.jpg,https://corningnyhistory.com/wp-content/uploads/2024/01/lh-75-0824.jpg
lh-75-0825.jpg,https://corningnyhistory.com/wp-content/uploads/2024/01/lh-75-0825.jpg
lh-75-0826.jpg,https://corningnyhistory.com/wp-content/uploads/2024/01/lh-75-0826.jpg
lh-75-0827.jpg,https://corningnyhistory.com/wp-content/uploads/2024/01/lh-75-0827.jpg
lh-75-0828.jpg,https://corningnyhistory.com/wp-content/uploads/2024/01/lh-75-0828.jpg
lh-75-0829.jpg,https://corningnyhistory.com/wp-content/uploads/2024/01/lh-75-0829.jpg
lh-75-0830.jpg,https://corningnyhistory.com/wp-content/uploads/2024/01/lh-75-0830.jpg
lh-75-0831.jpg,https://corningnyhistory.com/wp-content/uploads/2024/01/lh-75-0831.jpg
lh-75-0832.jpg,https://corningnyhistory.com/wp-content/uploads/2024/01/lh-75-0832.jpg
lh-75-0833.jpg,https://corningnyhistory.com/wp-content/uploads/2024/01/lh-75-0833.jpg
lh-75-0836.jpg,https://corningnyhistory.com/wp-content/uploads/2024/01/lh-75-0836.jpg
lh-75-0837.jpg,https://corningnyhistory.com/wp-content/uploads/2024/01/lh-75-0837.jpg
lh-75-0838.jpg,https://corningnyhistory.com/wp-content/uploads/2024/01/lh-75-0838.jpg
lh-75-0839.jpg,https://corningnyhistory.com/wp-content/uploads/2024/01/lh-75-0839.jpg
lh-75-0840.jpg,https://corningnyhistory.com/wp-content/uploads/2024/01/lh-75-0840.jpg
lh-75-0841.jpg,https://corningnyhistory.com/wp-content/uploads/2024/01/lh-75-0841.jpg
lh-75-0842.jpg,https://corningnyhistory.com/wp-content/uploads/2024/01/lh-75-0842.jpg
lh-75-0843.jpg,https://corningnyhistory.com/wp-content/uploads/2024/01/lh-75-0843.jpg
lh-75-0844.jpg,https://corningnyhistory.com/wp-content/uploads/2024/01/lh-75-0844.jpg
lh-75-0845.jpg,https://corningnyhistory.com/wp-content/uploads/2024/01/lh-75-0845.jpg
lh-75-0847.jpg,https://corningnyhistory.com/wp-content/uploads/2024/01/lh-75-0847.jpg
lh-75-0849.jpg,https://corningnyhistory.com/wp-content/uploads/2024/01/lh-75-0849.jpg
lh-75-0850.jpg,https://corningnyhistory.com/wp-content/uploads/2024/01/lh-75-0850.jpg
lh-75-0851.jpg,https://corningnyhistory.com/wp-content/uploads/2024/01/lh-75-0851.jpg
lh-75-0852.jpg,https://corningnyhistory.com/wp-content/uploads/2024/01/lh-75-0852.jpg
lh-75-0853.jpg,https://corningnyhistory.com/wp-content/uploads/2024/01/lh-75-0853.jpg
lh-75-0854.jpg,https://corningnyhistory.com/wp-content/uploads/2024/01/lh-75-0854.jpg
lh-75-0855.jpg,https://corningnyhistory.com/wp-content/uploads/2024/01/lh-75-0855.jpg
lh-75-0856.jpg,https://corningnyhistory.com/wp-content/uploads/2024/01/lh-75-0856.jpg
lh-75-0857.jpg,https://corningnyhistory.com/wp-content/uploads/2024/01/lh-75-0857.jpg
lh-75-0858.jpg,https://corningnyhistory.com/wp-content/uploads/2024/01/lh-75-0858.jpg
lh-75-0859.jpg,https://corningnyhistory.com/wp-content/uploads/2024/01/lh-75-0859.jpg
lh-75-0860.jpg,https://corningnyhistory.com/wp-content/uploads/2024/01/lh-75-0860.jpg
lh-75-0861.jpg,https://corningnyhistory.com/wp-content/uploads/2024/01/lh-75-0861.jpg
lh-75-0862.jpg,https://corningnyhistory.com/wp-content/uploads/2024/01/lh-75-0862.jpg
lh-75-0863.jpg,https://corningnyhistory.com/wp-content/uploads/2024/01/lh-75-0863.jpg
lh-75-0864.jpg,https://corningnyhistory.com/wp-content/uploads/2024/01/lh-75-0864.jpg
lh-75-0865.jpg,https://corningnyhistory.com/wp-content/uploads/2024/01/lh-75-0865.jpg
lh-75-0866.jpg,https://corningnyhistory.com/wp-content/uploads/2024/01/lh-75-0866.jpg
lh-75-0867.jpg,https://corningnyhistory.com/wp-content/uploads/2024/01/lh-75-0867.jpg
lh-75-0868.jpg,https://corningnyhistory.com/wp-content/uploads/2024/01/lh-75-0868.jpg
lh-75-0869.jpg,https://corningnyhistory.com/wp-content/uploads/2024/01/lh-75-0869.jpg
lh-75-0870.jpg,https://corningnyhistory.com/wp-content/uploads/2024/01/lh-75-0870.jpg
lh-75-0872.jpg,https://corningnyhistory.com/wp-content/uploads/2024/01/lh-75-0872.jpg
lh-75-0873.jpg,https://corningnyhistory.com/wp-content/uploads/2024/01/lh-75-0873.jpg
lh-75-0874.jpg,https://corningnyhistory.com/wp-content/uploads/2024/01/lh-75-0874.jpg
lh-75-0875.jpg,https://corningnyhistory.com/wp-content/uploads/2024/01/lh-75-0875.jpg
lh-75-0876.jpg,https://corningnyhistory.com/wp-content/uploads/2024/01/lh-75-0876.jpg
lh-75-0877.jpg,https://corningnyhistory.com/wp-content/uploads/2024/01/lh-75-0877.jpg
lh-75-0878.jpg,https://corningnyhistory.com/wp-content/uploads/2024/01/lh-75-0878.jpg
lh-75-0879.jpg,https://corningnyhistory.com/wp-content/uploads/2024/01/lh-75-0879.jpg
lh-75-0880.jpg,https://corningnyhistory.com/wp-content/uploads/2024/01/lh-75-0880.jpg
lh-75-0881.jpg,https://corningnyhistory.com/wp-content/uploads/2024/01/lh-75-0881.jpg
lh-75-0882.jpg,https://corningnyhistory.com/wp-content/uploads/2024/01/lh-75-0882.jpg
lh-75-0883.jpg,https://corningnyhistory.com/wp-content/uploads/2024/01/lh-75-0883.jpg
lh-75-0884.jpg,https://corningnyhistory.com/wp-content/uploads/2024/01/lh-75-0884.jpg
lh-75-0885.jpg,https://corningnyhistory.com/wp-content/uploads/2024/01/lh-75-0885.jpg
lh-75-0886.jpg,https://corningnyhistory.com/wp-content/uploads/2024/01/lh-75-0886.jpg
lh-75-0887.jpg,https://corningnyhistory.com/wp-content/uploads/2024/01/lh-75-0887.jpg
lh-75-0888.jpg,https://corningnyhistory.com/wp-content/uploads/2024/01/lh-75-0888.jpg
lh-75-0889.jpg,https://corningnyhistory.com/wp-content/uploads/2024/01/lh-75-0889.jpg
lh-75-0890.jpg,https://corningnyhistory.com/wp-content/uploads/2024/01/lh-75-0890.jpg
lh-75-0891.jpg,https://corningnyhistory.com/wp-content/uploads/2024/01/lh-75-0891.jpg
lh-75-0892.jpg,https://corningnyhistory.com/wp-content/uploads/2024/01/lh-75-0892.jpg
lh-75-0894.jpg,https://corningnyhistory.com/wp-content/uploads/2024/01/lh-75-0894.jpg
lh-75-0895.jpg,https://corningnyhistory.com/wp-content/uploads/2024/01/lh-75-0895.jpg
lh-75-0896.jpg,https://corningnyhistory.com/wp-content/uploads/2024/01/lh-75-0896.jpg
lh-75-0898.jpg,https://corningnyhistory.com/wp-content/uploads/2024/01/lh-75-0898.jpg
lh-75-0900.jpg,https://corningnyhistory.com/wp-content/uploads/2024/01/lh-75-0900.jpg
lh-75-0901.jpg,https://corningnyhistory.com/wp-content/uploads/2024/01/lh-75-0901.jpg
lh-75-0902.jpg,https://corningnyhistory.com/wp-content/uploads/2024/01/lh-75-0902.jpg
lh-75-0903.jpg,https://corningnyhistory.com/wp-content/uploads/2024/01/lh-75-0903.jpg
lh-75-0904.jpg,https://corningnyhistory.com/wp-content/uploads/2024/01/lh-75-0904.jpg
lh-75-0905.jpg,https://corningnyhistory.com/wp-content/uploads/2024/01/lh-75-0905.jpg
lh-75-0906.jpg,https://corningnyhistory.com/wp-content/uploads/2024/01/lh-75-0906.jpg
lh-75-0907.jpg,https://corningnyhistory.com/wp-content/uploads/2024/01/lh-75-0907.jpg
lh-75-0908.jpg,https://corningnyhistory.com/wp-content/uploads/2024/01/lh-75-0908.jpg
lh-75-0910.jpg,https://corningnyhistory.com/wp-content/uploads/2024/01/lh-75-0910.jpg
lh-75-0911.jpg,https://corningnyhistory.com/wp-content/uploads/2024/01/lh-75-0911.jpg
lh-75-0912.jpg,https://corningnyhistory.com/wp-content/uploads/2024/01/lh-75-0912.jpg
lh-75-0913.jpg,https://corningnyhistory.com/wp-content/uploads/2024/01/lh-75-0913.jpg
lh-75-0914.jpg,https://corningnyhistory.com/wp-content/uploads/2024/01/lh-75-0914.jpg
lh-75-0915.jpg,https://corningnyhistory.com/wp-content/uploads/2024/01/lh-75-0915.jpg
lh-75-0916.jpg,https://corningnyhistory.com/wp-content/uploads/2024/01/lh-75-0916.jpg
lh-75-0917.jpg,https://corningnyhistory.com/wp-content/uploads/2024/01/lh-75-0917.jpg
lh-75-0918.jpg,https://corningnyhistory.com/wp-content/uploads/2024/01/lh-75-0918.jpg
lh-75-0919.jpg,https://corningnyhistory.com/wp-content/uploads/2024/01/lh-75-0919.jpg
lh-75-0920.jpg,https://corningnyhistory.com/wp-content/uploads/2024/01/lh-75-0920.jpg
lh-75-0921.jpg,https://corningnyhistory.com/wp-content/uploads/2024/01/lh-75-0921.jpg
lh-75-0922.jpg,https://corningnyhistory.com/wp-content/uploads/2024/01/lh-75-0922.jpg
lh-75-0923.jpg,https://corningnyhistory.com/wp-content/uploads/2024/01/lh-75-0923.jpg
lh-75-0924.jpg,https://corningnyhistory.com/wp-content/uploads/2024/01/lh-75-0924.jpg
lh-75-0926.jpg,https://corningnyhistory.com/wp-content/uploads/2024/01/lh-75-0926.jpg
lh-75-0927.jpg,https://corningnyhistory.com/wp-content/uploads/2024/01/lh-75-0927.jpg
lh-75-0928.jpg,https://corningnyhistory.com/wp-content/uploads/2024/01/lh-75-0928.jpg
lh-75-0929.jpg,https://corningnyhistory.com/wp-content/uploads/2024/01/lh-75-0929.jpg
lh-75-0930.jpg,https://corningnyhistory.com/wp-content/uploads/2024/01/lh-75-0930.jpg
lh-75-0931.jpg,https://corningnyhistory.com/wp-content/uploads/2024/01/lh-75-0931.jpg
lh-75-0932.jpg,https://corningnyhistory.com/wp-content/uploads/2024/01/lh-75-0932.jpg
lh-75-0933.jpg,https://corningnyhistory.com/wp-content/uploads/2024/01/lh-75-0933.jpg
lh-75-0934.jpg,https://corningnyhistory.com/wp-content/uploads/2024/01/lh-75-0934.jpg
lh-75-0935.jpg,https://corningnyhistory.com/wp-content/uploads/2024/01/lh-75-0935.jpg
lh-75-0936.jpg,https://corningnyhistory.com/wp-content/uploads/2024/01/lh-75-0936.jpg
lh-75-0937.jpg,https://corningnyhistory.com/wp-content/uploads/2024/01/lh-75-0937.jpg
lh-75-0939.jpg,https://corningnyhistory.com/wp-content/uploads/2024/01/lh-75-0939.jpg
lh-75-0941.jpg,https://corningnyhistory.com/wp-content/uploads/2024/01/lh-75-0941.jpg
lh-75-0943.jpg,https://corningnyhistory.com/wp-content/uploads/2024/01/lh-75-0943.jpg
lh-75-0944.jpg,https://corningnyhistory.com/wp-content/uploads/2024/01/lh-75-0944.jpg
lh-75-0945.jpg,https://corningnyhistory.com/wp-content/uploads/2024/01/lh-75-0945.jpg
lh-75-0949.jpg,https://corningnyhistory.com/wp-content/uploads/2024/01/lh-75-0949.jpg
lh-75-0950.jpg,https://corningnyhistory.com/wp-content/uploads/2024/01/lh-75-0950.jpg
lh-75-0953.jpg,https://corningnyhistory.com/wp-content/uploads/2024/01/lh-75-0953.jpg
lh-75-0955.jpg,https://corningnyhistory.com/wp-content/uploads/2024/01/lh-75-0955.jpg
lh-75-0956.jpg,https://corningnyhistory.com/wp-content/uploads/2024/01/lh-75-0956.jpg
lh-75-0957.jpg,https://corningnyhistory.com/wp-content/uploads/2024/01/lh-75-0957.jpg
lh-75-0958.jpg,https://corningnyhistory.com/wp-content/uploads/2024/01/lh-75-0958.jpg
lh-75-0959.jpg,https://corningnyhistory.com/wp-content/uploads/2024/01/lh-75-0959.jpg
lh-75-0960.jpg,https://corningnyhistory.com/wp-content/uploads/2024/01/lh-75-0960.jpg
lh-75-0961.jpg,https://corningnyhistory.com/wp-content/uploads/2024/01/lh-75-0961.jpg
lh-75-0962.jpg,https://corningnyhistory.com/wp-content/uploads/2024/01/lh-75-0962.jpg
lh-75-0963.jpg,https://corningnyhistory.com/wp-content/uploads/2024/01/lh-75-0963.jpg
lh-75-0965.jpg,https://corningnyhistory.com/wp-content/uploads/2024/01/lh-75-0965.jpg
lh-75-0966.jpg,https://corningnyhistory.com/wp-content/uploads/2024/01/lh-75-0966.jpg
lh-75-0968.jpg,https://corningnyhistory.com/wp-content/uploads/2024/01/lh-75-0968.jpg
lh-75-0969.jpg,https://corningnyhistory.com/wp-content/uploads/2024/01/lh-75-0969.jpg
lh-75-0970.jpg,https://corningnyhistory.com/wp-content/uploads/2024/01/lh-75-0970.jpg
lh-75-0971.jpg,https://corningnyhistory.com/wp-content/uploads/2024/01/lh-75-0971.jpg
lh-75-0972.jpg,https://corningnyhistory.com/wp-content/uploads/2024/01/lh-75-0972.jpg
lh-75-0973.jpg,https://corningnyhistory.com/wp-content/uploads/2024/01/lh-75-0973.jpg
lh-75-0974.jpg,https://corningnyhistory.com/wp-content/uploads/2024/01/lh-75-0974.jpg
lh-75-0976.jpg,https://corningnyhistory.com/wp-content/uploads/2024/01/lh-75-0976.jpg
lh-75-0977.jpg,https://corningnyhistory.com/wp-content/uploads/2024/01/lh-75-0977.jpg
lh-75-0978.jpg,https://corningnyhistory.com/wp-content/uploads/2024/01/lh-75-0978.jpg
lh-75-0979.jpg,https://corningnyhistory.com/wp-content/uploads/2024/01/lh-75-0979.jpg
lh-75-0980.jpg,https://corningnyhistory.com/wp-content/uploads/2024/01/lh-75-0980.jpg
lh-75-0982.jpg,https://corningnyhistory.com/wp-content/uploads/2024/01/lh-75-0982.jpg
lh-75-0983.jpg,https://corningnyhistory.com/wp-content/uploads/2024/01/lh-75-0983.jpg
lh-75-0984.jpg,https://corningnyhistory.com/wp-content/uploads/2024/01/lh-75-0984.jpg
lh-75-0985.jpg,https://corningnyhistory.com/wp-content/uploads/2024/01/lh-75-0985.jpg
lh-75-0987.jpg,https://corningnyhistory.com/wp-content/uploads/2024/01/lh-75-0987.jpg
lh-75-0988.jpg,https://corningnyhistory.com/wp-content/uploads/2024/01/lh-75-0988.jpg
lh-75-0991.jpg,https://corningnyhistory.com/wp-content/uploads/2024/01/lh-75-0991.jpg
lh-75-0998.jpg,https://corningnyhistory.com/wp-content/uploads/2024/01/lh-75-0998.jpg
lh-75-0999.jpg,https://corningnyhistory.com/wp-content/uploads/2024/01/lh-75-0999.jpg
lh-75-1002.jpg,https://corningnyhistory.com/wp-content/uploads/2024/01/lh-75-1002.jpg
lh-75-1003.jpg,https://corningnyhistory.com/wp-content/uploads/2024/01/lh-75-1003.jpg
lh-75-1006.jpg,https://corningnyhistory.com/wp-content/uploads/2024/01/lh-75-1006.jpg
lh-75-1011.jpg,https://corningnyhistory.com/wp-content/uploads/2024/01/lh-75-1011.jpg
lh-75-1014.jpg,https://corningnyhistory.com/wp-content/uploads/2024/01/lh-75-1014.jpg
lh-75-1015.jpg,https://corningnyhistory.com/wp-content/uploads/2024/01/lh-75-1015.jpg
lh-75-1017.jpg,https://corningnyhistory.com/wp-content/uploads/2024/01/lh-75-1017.jpg
lh-75-1018.jpg,https://corningnyhistory.com/wp-content/uploads/2024/01/lh-75-1018.jpg
lh-75-1019.jpg,https://corningnyhistory.com/wp-content/uploads/2024/01/lh-75-1019.jpg
lh-75-1020.jpg,https://corningnyhistory.com/wp-content/uploads/2024/01/lh-75-1020.jpg
lh-75-1021.jpg,https://corningnyhistory.com/wp-content/uploads/2024/01/lh-75-1021.jpg
lh-75-1022.jpg,https://corningnyhistory.com/wp-content/uploads/2024/01/lh-75-1022.jpg
lh-75-1023.jpg,https://corningnyhistory.com/wp-content/uploads/2024/01/lh-75-1023.jpg
lh-75-1024.jpg,https://corningnyhistory.com/wp-content/uploads/2024/01/lh-75-1024.jpg
lh-75-1025.jpg,https://corningnyhistory.com/wp-content/uploads/2024/01/lh-75-1025.jpg
lh-75-1026.jpg,https://corningnyhistory.com/wp-content/uploads/2024/01/lh-75-1026.jpg
lh-75-1028.jpg,https://corningnyhistory.com/wp-content/uploads/2024/01/lh-75-1028.jpg
lh-75-1029.jpg,https://corningnyhistory.com/wp-content/uploads/2024/01/lh-75-1029.jpg
lh-75-1030.jpg,https://corningnyhistory.com/wp-content/uploads/2024/01/lh-75-1030.jpg
lh-75-1031.jpg,https://corningnyhistory.com/wp-content/uploads/2024/01/lh-75-1031.jpg
lh-75-1034.jpg,https://corningnyhistory.com/wp-content/uploads/2024/01/lh-75-1034.jpg
lh-75-1035.jpg,https://corningnyhistory.com/wp-content/uploads/2024/01/lh-75-1035.jpg
lh-75-1037.jpg,https://corningnyhistory.com/wp-content/uploads/2024/01/lh-75-1037.jpg
lh-75-1038.jpg,https://corningnyhistory.com/wp-content/uploads/2024/01/lh-75-1038.jpg
lh-75-1039.jpg,https://corningnyhistory.com/wp-content/uploads/2024/01/lh-75-1039.jpg
lh-75-1040.jpg,https://corningnyhistory.com/wp-content/uploads/2024/01/lh-75-1040.jpg
lh-75-1042.jpg,https://corningnyhistory.com/wp-content/uploads/2024/01/lh-75-1042.jpg
lh-75-1043.jpg,https://corningnyhistory.com/wp-content/uploads/2024/01/lh-75-1043.jpg
lh-75-1045.jpg,https://corningnyhistory.com/wp-content/uploads/2024/01/lh-75-1045.jpg
lh-75-1046.jpg,https://corningnyhistory.com/wp-content/uploads/2024/01/lh-75-1046.jpg
lh-75-1047.jpg,https://corningnyhistory.com/wp-content/uploads/2024/01/lh-75-1047.jpg
lh-75-1048.jpg,https://corningnyhistory.com/wp-content/uploads/2024/01/lh-75-1048.jpg
lh-75-1049.jpg,https://corningnyhistory.com/wp-content/uploads/2024/01/lh-75-1049.jpg
lh-75-1051.jpg,https://corningnyhistory.com/wp-content/uploads/2024/01/lh-75-1051.jpg
lh-75-1052.jpg,https://corningnyhistory.com/wp-content/uploads/2024/01/lh-75-1052.jpg
lh-75-1055.jpg,https://corningnyhistory.com/wp-content/uploads/2024/01/lh-75-1055.jpg
lh-75-1056.jpg,https://corningnyhistory.com/wp-content/uploads/2024/01/lh-75-1056.jpg
lh-75-1057.jpg,https://corningnyhistory.com/wp-content/uploads/2024/01/lh-75-1057.jpg
lh-75-1059.jpg,https://corningnyhistory.com/wp-content/uploads/2024/01/lh-75-1059.jpg
lh-75-1060.jpg,https://corningnyhistory.com/wp-content/uploads/2024/01/lh-75-1060.jpg
lh-75-1062.jpg,https://corningnyhistory.com/wp-content/uploads/2024/01/lh-75-1062.jpg
lh-75-1063.jpg,https://corningnyhistory.com/wp-content/uploads/2024/01/lh-75-1063.jpg
lh-75-1064.jpg,https://corningnyhistory.com/wp-content/uploads/2024/01/lh-75-1064.jpg
lh-75-1065.jpg,https://corningnyhistory.com/wp-content/uploads/2024/01/lh-75-1065.jpg
lh-75-1066.jpg,https://corningnyhistory.com/wp-content/uploads/2024/01/lh-75-1066.jpg
lh-75-1067.jpg,https://corningnyhistory.com/wp-content/uploads/2024/01/lh-75-1067.jpg
lh-75-1068.jpg,https://corningnyhistory.com/wp-content/uploads/2024/01/lh-75-1068.jpg
lh-75-1069.jpg,https://corningnyhistory.com/wp-content/uploads/2024/01/lh-75-1069.jpg
lh-75-1070.jpg,https://corningnyhistory.com/wp-content/uploads/2024/01/lh-75-1070.jpg
lh-75-1071.jpg,https://corningnyhistory.com/wp-content/uploads/2024/01/lh-75-1071.jpg
lh-75-1072.jpg,https://corningnyhistory.com/wp-content/uploads/2024/01/lh-75-1072.jpg
lh-75-1073.jpg,https://corningnyhistory.com/wp-content/uploads/2024/01/lh-75-1073.jpg
lh-75-1077.jpg,https://corningnyhistory.com/wp-content/uploads/2024/01/lh-75-1077.jpg
lh-75-1078.jpg,https://corningnyhistory.com/wp-content/uploads/2024/01/lh-75-1078.jpg
lh-75-1079.jpg,https://corningnyhistory.com/wp-content/uploads/2024/01/lh-75-1079.jpg
lh-75-1080.jpg,https://corningnyhistory.com/wp-content/uploads/2024/01/lh-75-1080.jpg
lh-75-1081.jpg,https://corningnyhistory.com/wp-content/uploads/2024/01/lh-75-1081.jpg
lh-75-1082.jpg,https://corningnyhistory.com/wp-content/uploads/2024/01/lh-75-1082.jpg
lh-75-1084.jpg,https://corningnyhistory.com/wp-content/uploads/2024/01/lh-75-1084.jpg
lh-75-1085.jpg,https://corningnyhistory.com/wp-content/uploads/2024/01/lh-75-1085.jpg
lh-75-1086.jpg,https://corningnyhistory.com/wp-content/uploads/2024/01/lh-75-1086.jpg
lh-75-1089.jpg,https://corningnyhistory.com/wp-content/uploads/2024/01/lh-75-1089.jpg
lh-75-1090.jpg,https://corningnyhistory.com/wp-content/uploads/2024/01/lh-75-1090.jpg
lh-75-1091.jpg,https://corningnyhistory.com/wp-content/uploads/2024/01/lh-75-1091.jpg
lh-75-1092.jpg,https://corningnyhistory.com/wp-content/uploads/2024/01/lh-75-1092.jpg
lh-75-1093.jpg,https://corningnyhistory.com/wp-content/uploads/2024/01/lh-75-1093.jpg
lh-75-1094.jpg,https://corningnyhistory.com/wp-content/uploads/2024/01/lh-75-1094.jpg
lh-75-1095.jpg,https://corningnyhistory.com/wp-content/uploads/2024/01/lh-75-1095.jpg
lh-75-1096.jpg,https://corningnyhistory.com/wp-content/uploads/2024/01/lh-75-1096.jpg
lh-75-1097.jpg,https://corningnyhistory.com/wp-content/uploads/2024/01/lh-75-1097.jpg
lh-75-1098.jpg,https://corningnyhistory.com/wp-content/uploads/2024/01/lh-75-1098.jpg
lh-75-1099.jpg,https://corningnyhistory.com/wp-content/uploads/2024/01/lh-75-1099.jpg
lh-75-1101.jpg,https://corningnyhistory.com/wp-content/uploads/2024/01/lh-75-1101.jpg
lh-75-1102.jpg,https://corningnyhistory.com/wp-content/uploads/2024/01/lh-75-1102.jpg
lh-75-1104.jpg,https://corningnyhistory.com/wp-content/uploads/2024/01/lh-75-1104.jpg
lh-75-1105.jpg,https://corningnyhistory.com/wp-content/uploads/2024/01/lh-75-1105.jpg
lh-75-1107.jpg,https://corningnyhistory.com/wp-content/uploads/2024/01/lh-75-1107.jpg
lh-75-1109.jpg,https://corningnyhistory.com/wp-content/uploads/2024/01/lh-75-1109.jpg
lh-75-1110.jpg,https://corningnyhistory.com/wp-content/uploads/2024/01/lh-75-1110.jpg
lh-75-1111.jpg,https://corningnyhistory.com/wp-content/uploads/2024/01/lh-75-1111.jpg
lh-75-1112.jpg,https://corningnyhistory.com/wp-content/uploads/2024/01/lh-75-1112.jpg
lh-75-1113.jpg,https://corningnyhistory.com/wp-content/uploads/2024/01/lh-75-1113.jpg
lh-75-1114.jpg,https://corningnyhistory.com/wp-content/uploads/2024/01/lh-75-1114.jpg
lh-75-1115.jpg,https://corningnyhistory.com/wp-content/uploads/2024/01/lh-75-1115.jpg
lh-75-1116.jpg,https://corningnyhistory.com/wp-content/uploads/2024/01/lh-75-1116.jpg
lh-75-1117.jpg,https://corningnyhistory.com/wp-content/uploads/2024/01/lh-75-1117.jpg
lh-75-1118.jpg,https://corningnyhistory.com/wp-content/uploads/2024/01/lh-75-1118.jpg
lh-75-1119.jpg,https://corningnyhistory.com/wp-content/uploads/2024/01/lh-75-1119.jpg
lh-75-1120.jpg,https://corningnyhistory.com/wp-content/uploads/2024/01/lh-75-1120.jpg
lh-75-1121.jpg,https://corningnyhistory.com/wp-content/uploads/2024/01/lh-75-1121.jpg
lh-75-1122.jpg,https://corningnyhistory.com/wp-content/uploads/2024/01/lh-75-1122.jpg
lh-75-1123.jpg,https://corningnyhistory.com/wp-content/uploads/2024/01/lh-75-1123.jpg
lh-75-1124.jpg,https://corningnyhistory.com/wp-content/uploads/2024/01/lh-75-1124.jpg
lh-75-1125.jpg,https://corningnyhistory.com/wp-content/uploads/2024/01/lh-75-1125.jpg
lh-75-1126.jpg,https://corningnyhistory.com/wp-content/uploads/2024/01/lh-75-1126.jpg
lh-75-1127.jpg,https://corningnyhistory.com/wp-content/uploads/2024/01/lh-75-1127.jpg
lh-75-1128.jpg,https://corningnyhistory.com/wp-content/uploads/2024/01/lh-75-1128.jpg
lh-75-1129.jpg,https://corningnyhistory.com/wp-content/uploads/2024/01/lh-75-1129.jpg
lh-75-1130.jpg,https://corningnyhistory.com/wp-content/uploads/2024/01/lh-75-1130.jpg
lh-75-1131.jpg,https://corningnyhistory.com/wp-content/uploads/2024/01/lh-75-1131.jpg
lh-75-1132.jpg,https://corningnyhistory.com/wp-content/uploads/2024/01/lh-75-1132.jpg
lh-75-1133.jpg,https://corningnyhistory.com/wp-content/uploads/2024/01/lh-75-1133.jpg
lh-75-1134.jpg,https://corningnyhistory.com/wp-content/uploads/2024/01/lh-75-1134.jpg
lh-75-1135.jpg,https://corningnyhistory.com/wp-content/uploads/2024/01/lh-75-1135.jpg
lh-75-1136.jpg,https://corningnyhistory.com/wp-content/uploads/2024/01/lh-75-1136.jpg
lh-75-1137.jpg,https://corningnyhistory.com/wp-content/uploads/2024/01/lh-75-1137.jpg
lh-75-1138.jpg,https://corningnyhistory.com/wp-content/uploads/2024/01/lh-75-1138.jpg
lh-75-1139.jpg,https://corningnyhistory.com/wp-content/uploads/2024/01/lh-75-1139.jpg
lh-75-1140.jpg,https://corningnyhistory.com/wp-content/uploads/2024/01/lh-75-1140.jpg
lh-75-1141.jpg,https://corningnyhistory.com/wp-content/uploads/2024/01/lh-75-1141.jpg
lh-75-1142.jpg,https://corningnyhistory.com/wp-content/uploads/2024/01/lh-75-1142.jpg
lh-75-1143.jpg,https://corningnyhistory.com/wp-content/uploads/2024/01/lh-75-1143.jpg
lh-75-1144.jpg,https://corningnyhistory.com/wp-content/uploads/2024/01/lh-75-1144.jpg
lh-75-1145.jpg,https://corningnyhistory.com/wp-content/uploads/2024/01/lh-75-1145.jpg
lh-75-1146.jpg,https://corningnyhistory.com/wp-content/uploads/2024/01/lh-75-1146.jpg
lh-75-1147.jpg,https://corningnyhistory.com/wp-content/uploads/2024/01/lh-75-1147.jpg
lh-75-1148.jpg,https://corningnyhistory.com/wp-content/uploads/2024/01/lh-75-1148.jpg
lh-75-1149.jpg,https://corningnyhistory.com/wp-content/uploads/2024/01/lh-75-1149.jpg
lh-75-1151.jpg,https://corningnyhistory.com/wp-content/uploads/2024/01/lh-75-1151.jpg
lh-75-1152.jpg,https://corningnyhistory.com/wp-content/uploads/2024/01/lh-75-1152.jpg
lh-75-1153.jpg,https://corningnyhistory.com/wp-content/uploads/2024/01/lh-75-1153.jpg
lh-75-1154.jpg,https://corningnyhistory.com/wp-content/uploads/2024/01/lh-75-1154.jpg
lh-75-1155.jpg,https://corningnyhistory.com/wp-content/uploads/2024/01/lh-75-1155.jpg
lh-75-1156.jpg,https://corningnyhistory.com/wp-content/uploads/2024/01/lh-75-1156.jpg
lh-75-1157.jpg,https://corningnyhistory.com/wp-content/uploads/2024/01/lh-75-1157.jpg
lh-75-1158.jpg,https://corningnyhistory.com/wp-content/uploads/2024/01/lh-75-1158.jpg
lh-75-1159.jpg,https://corningnyhistory.com/wp-content/uploads/2024/01/lh-75-1159.jpg
lh-75-1160.jpg,https://corningnyhistory.com/wp-content/uploads/2024/01/lh-75-1160.jpg
lh-75-1161.jpg,https://corningnyhistory.com/wp-content/uploads/2024/01/lh-75-1161.jpg
lh-75-1162.jpg,https://corningnyhistory.com/wp-content/uploads/2024/01/lh-75-1162.jpg
lh-75-1163.jpg,https://corningnyhistory.com/wp-content/uploads/2024/01/lh-75-1163.jpg
lh-75-1164.jpg,https://corningnyhistory.com/wp-content/uploads/2024/01/lh-75-1164.jpg
lh-75-1165.jpg,https://corningnyhistory.com/wp-content/uploads/2024/01/lh-75-1165.jpg
lh-75-1166.jpg,https://corningnyhistory.com/wp-content/uploads/2024/01/lh-75-1166.jpg
lh-75-1167.jpg,https://corningnyhistory.com/wp-content/uploads/2024/01/lh-75-1167.jpg
lh-75-1168.jpg,https://corningnyhistory.com/wp-content/uploads/2024/01/lh-75-1168.jpg
lh-75-1169.jpg,https://corningnyhistory.com/wp-content/uploads/2024/01/lh-75-1169.jpg
lh-75-1170.jpg,https://corningnyhistory.com/wp-content/uploads/2024/01/lh-75-1170.jpg
lh-75-1171.jpg,https://corningnyhistory.com/wp-content/uploads/2024/01/lh-75-1171.jpg
lh-75-1172.jpg,https://corningnyhistory.com/wp-content/uploads/2024/01/lh-75-1172.jpg
lh-75-1174.jpg,https://corningnyhistory.com/wp-content/uploads/2024/01/lh-75-1174.jpg
lh-75-1175.jpg,https://corningnyhistory.com/wp-content/uploads/2024/01/lh-75-1175.jpg
lh-75-1176.jpg,https://corningnyhistory.com/wp-content/uploads/2024/01/lh-75-1176.jpg
lh-75-1186.jpg,https://corningnyhistory.com/wp-content/uploads/2024/01/lh-75-1186.jpg
lh-75-1187.jpg,https://corningnyhistory.com/wp-content/uploads/2024/01/lh-75-1187.jpg
lh-75-1188.jpg,https://corningnyhistory.com/wp-content/uploads/2024/01/lh-75-1188.jpg
lh-75-1189.jpg,https://corningnyhistory.com/wp-content/uploads/2024/01/lh-75-1189.jpg
lh-75-1190.jpg,https://corningnyhistory.com/wp-content/uploads/2024/01/lh-75-1190.jpg
lh-75-1191.jpg,https://corningnyhistory.com/wp-content/uploads/2024/01/lh-75-1191.jpg
lh-75-1192.jpg,https://corningnyhistory.com/wp-content/uploads/2024/01/lh-75-1192.jpg
lh-75-1194.jpg,https://corningnyhistory.com/wp-content/uploads/2024/01/lh-75-1194.jpg
lh-75-1196.jpg,https://corningnyhistory.com/wp-content/uploads/2024/01/lh-75-1196.jpg
lh-75-1197.jpg,https://corningnyhistory.com/wp-content/uploads/2024/01/lh-75-1197.jpg
lh-75-1199.jpg,https://corningnyhistory.com/wp-content/uploads/2024/01/lh-75-1199.jpg
lh-75-1200.jpg,https://corningnyhistory.com/wp-content/uploads/2024/01/lh-75-1200.jpg
lh-75-1201.jpg,https://corningnyhistory.com/wp-content/uploads/2024/01/lh-75-1201.jpg
lh-75-1202.jpg,https://corningnyhistory.com/wp-content/uploads/2024/01/lh-75-1202.jpg
lh-75-1203.jpg,https://corningnyhistory.com/wp-content/uploads/2024/01/lh-75-1203.jpg
lh-75-1204.jpg,https://corningnyhistory.com/wp-content/uploads/2024/01/lh-75-1204.jpg
lh-75-1205.jpg,https://corningnyhistory.com/wp-content/uploads/2024/01/lh-75-1205.jpg
lh-75-1206.jpg,https://corningnyhistory.com/wp-content/uploads/2024/01/lh-75-1206.jpg
lh-75-1207.jpg,https://corningnyhistory.com/wp-content/uploads/2024/01/lh-75-1207.jpg
lh-75-1208.jpg,https://corningnyhistory.com/wp-content/uploads/2024/01/lh-75-1208.jpg
lh-75-1209.jpg,https://corningnyhistory.com/wp-content/uploads/2024/01/lh-75-1209.jpg
lh-75-1210.jpg,https://corningnyhistory.com/wp-content/uploads/2024/01/lh-75-1210.jpg
lh-75-1211.jpg,https://corningnyhistory.com/wp-content/uploads/2024/01/lh-75-1211.jpg
lh-75-1212.jpg,https://corningnyhistory.com/wp-content/uploads/2024/01/lh-75-1212.jpg
lh-75-1213.jpg,https://corningnyhistory.com/wp-content/uploads/2024/01/lh-75-1213.jpg
lh-75-1214.jpg,https://corningnyhistory.com/wp-content/uploads/2024/01/lh-75-1214.jpg
lh-75-1215.jpg,https://corningnyhistory.com/wp-content/uploads/2024/01/lh-75-1215.jpg
lh-75-1216.jpg,https://corningnyhistory.com/wp-content/uploads/2024/01/lh-75-1216.jpg
lh-75-1217.jpg,https://corningnyhistory.com/wp-content/uploads/2024/01/lh-75-1217.jpg
lh-75-1218.jpg,https://corningnyhistory.com/wp-content/uploads/2024/01/lh-75-1218.jpg
lh-75-1219.jpg,https://corningnyhistory.com/wp-content/uploads/2024/01/lh-75-1219.jpg
lh-75-1220.jpg,https://corningnyhistory.com/wp-content/uploads/2024/01/lh-75-1220.jpg
lh-75-1221.jpg,https://corningnyhistory.com/wp-content/uploads/2024/01/lh-75-1221.jpg
lh-75-1222.jpg,https://corningnyhistory.com/wp-content/uploads/2024/01/lh-75-1222.jpg
lh-75-1223.jpg,https://corningnyhistory.com/wp-content/uploads/2024/01/lh-75-1223.jpg
lh-75-1224.jpg,https://corningnyhistory.com/wp-content/uploads/2024/01/lh-75-1224.jpg
lh-75-1225.jpg,https://corningnyhistory.com/wp-content/uploads/2024/01/lh-75-1225.jpg
lh-75-1226.jpg,https://corningnyhistory.com/wp-content/uploads/2024/01/lh-75-1226.jpg
lh-75-1227.jpg,https://corningnyhistory.com/wp-content/uploads/2024/01/lh-75-1227.jpg
lh-75-1228.jpg,https://corningnyhistory.com/wp-content/uploads/2024/01/lh-75-1228.jpg
lh-75-1229.jpg,https://corningnyhistory.com/wp-content/uploads/2024/01/lh-75-1229.jpg
lh-75-1230.jpg,https://corningnyhistory.com/wp-content/uploads/2024/01/lh-75-1230.jpg
lh-75-1231.jpg,https://corningnyhistory.com/wp-content/uploads/2024/01/lh-75-1231.jpg
lh-75-1232.jpg,https://corningnyhistory.com/wp-content/uploads/2024/01/lh-75-1232.jpg
lh-75-1233.jpg,https://corningnyhistory.com/wp-content/uploads/2024/01/lh-75-1233.jpg
lh-75-1234.jpg,https://corningnyhistory.com/wp-content/uploads/2024/01/lh-75-1234.jpg
lh-75-1235.jpg,https://corningnyhistory.com/wp-content/uploads/2024/01/lh-75-1235.jpg
lh-75-1236.jpg,https://corningnyhistory.com/wp-content/uploads/2024/01/lh-75-1236.jpg
lh-75-1237.jpg,https://corningnyhistory.com/wp-content/uploads/2024/01/lh-75-1237.jpg
lh-75-1238.jpg,https://corningnyhistory.com/wp-content/uploads/2024/01/lh-75-1238.jpg
lh-75-1239.jpg,https://corningnyhistory.com/wp-content/uploads/2024/01/lh-75-1239.jpg
lh-75-1240.jpg,https://corningnyhistory.com/wp-content/uploads/2024/01/lh-75-1240.jpg
lh-75-1241.jpg,https://corningnyhistory.com/wp-content/uploads/2024/01/lh-75-1241.jpg
lh-75-1242.jpg,https://corningnyhistory.com/wp-content/uploads/2024/01/lh-75-1242.jpg
lh-75-1243.jpg,https://corningnyhistory.com/wp-content/uploads/2024/01/lh-75-1243.jpg
lh-75-1244.jpg,https://corningnyhistory.com/wp-content/uploads/2024/01/lh-75-1244.jpg
lh-75-1246.jpg,https://corningnyhistory.com/wp-content/uploads/2024/01/lh-75-1246.jpg
lh-75-1247.jpg,https://corningnyhistory.com/wp-content/uploads/2024/01/lh-75-1247.jpg
lh-75-1248.jpg,https://corningnyhistory.com/wp-content/uploads/2024/01/lh-75-1248.jpg
lh-75-1250.jpg,https://corningnyhistory.com/wp-content/uploads/2024/01/lh-75-1250.jpg
lh-75-1251.jpg,https://corningnyhistory.com/wp-content/uploads/2024/01/lh-75-1251.jpg
lh-75-1252.jpg,https://corningnyhistory.com/wp-content/uploads/2024/01/lh-75-1252.jpg
lh-75-1253.jpg,https://corningnyhistory.com/wp-content/uploads/2024/01/lh-75-1253.jpg
lh-75-1254.jpg,https://corningnyhistory.com/wp-content/uploads/2024/01/lh-75-1254.jpg
lh-75-1255.jpg,https://corningnyhistory.com/wp-content/uploads/2024/01/lh-75-1255.jpg
lh-75-1256.jpg,https://corningnyhistory.com/wp-content/uploads/2024/01/lh-75-1256.jpg
lh-75-1257.jpg,https://corningnyhistory.com/wp-content/uploads/2024/01/lh-75-1257.jpg
lh-75-1258.jpg,https://corningnyhistory.com/wp-content/uploads/2024/01/lh-75-1258.jpg
lh-75-1259.jpg,https://corningnyhistory.com/wp-content/uploads/2024/01/lh-75-1259.jpg
lh-75-1260.jpg,https://corningnyhistory.com/wp-content/uploads/2024/01/lh-75-1260.jpg
lh-75-1261.jpg,https://corningnyhistory.com/wp-content/uploads/2024/01/lh-75-1261.jpg
lh-75-1262.jpg,https://corningnyhistory.com/wp-content/uploads/2024/01/lh-75-1262.jpg
lh-75-1263.jpg,https://corningnyhistory.com/wp-content/uploads/2024/01/lh-75-1263.jpg
lh-75-1264.jpg,https://corningnyhistory.com/wp-content/uploads/2024/01/lh-75-1264.jpg
lh-75-1265.jpg,https://corningnyhistory.com/wp-content/uploads/2024/01/lh-75-1265.jpg
lh-75-1266.jpg,https://corningnyhistory.com/wp-content/uploads/2024/01/lh-75-1266.jpg
lh-75-1267.jpg,https://corningnyhistory.com/wp-content/uploads/2024/01/lh-75-1267.jpg
lh-75-1268.jpg,https://corningnyhistory.com/wp-content/uploads/2024/01/lh-75-1268.jpg
lh-75-1269.jpg,https://corningnyhistory.com/wp-content/uploads/2024/01/lh-75-1269.jpg
lh-75-1270.jpg,https://corningnyhistory.com/wp-content/uploads/2024/01/lh-75-1270.jpg
lh-75-1271.jpg,https://corningnyhistory.com/wp-content/uploads/2024/01/lh-75-1271.jpg
lh-75-1272.jpg,https://corningnyhistory.com/wp-content/uploads/2024/01/lh-75-1272.jpg
lh-75-1273.jpg,https://corningnyhistory.com/wp-content/uploads/2024/01/lh-75-1273.jpg
lh-75-1274.jpg,https://corningnyhistory.com/wp-content/uploads/2024/01/lh-75-1274.jpg
lh-75-1275.jpg,https://corningnyhistory.com/wp-content/uploads/2024/01/lh-75-1275.jpg
lh-75-1276.jpg,https://corningnyhistory.com/wp-content/uploads/2024/01/lh-75-1276.jpg
lh-75-1277.jpg,https://corningnyhistory.com/wp-content/uploads/2024/01/lh-75-1277.jpg
lh-75-1278.jpg,https://corningnyhistory.com/wp-content/uploads/2024/01/lh-75-1278.jpg
lh-75-1279.jpg,https://corningnyhistory.com/wp-content/uploads/2024/01/lh-75-1279.jpg
lh-75-1281.jpg,https://corningnyhistory.com/wp-content/uploads/2024/01/lh-75-1281.jpg
lh-75-1282.jpg,https://corningnyhistory.com/wp-content/uploads/2024/01/lh-75-1282.jpg
lh-75-1285.jpg,https://corningnyhistory.com/wp-content/uploads/2024/01/lh-75-1285.jpg
lh-75-1287.jpg,https://corningnyhistory.com/wp-content/uploads/2024/01/lh-75-1287.jpg
lh-75-1288.jpg,https://corningnyhistory.com/wp-content/uploads/2024/01/lh-75-1288.jpg
lh-75-1290.jpg,https://corningnyhistory.com/wp-content/uploads/2024/01/lh-75-1290.jpg
lh-75-1291.jpg,https://corningnyhistory.com/wp-content/uploads/2024/01/lh-75-1291.jpg
lh-75-1292.jpg,https://corningnyhistory.com/wp-content/uploads/2024/01/lh-75-1292.jpg
lh-75-1293.jpg,https://corningnyhistory.com/wp-content/uploads/2024/01/lh-75-1293.jpg
lh-75-1294.jpg,https://corningnyhistory.com/wp-content/uploads/2024/01/lh-75-1294.jpg
lh-75-1295.jpg,https://corningnyhistory.com/wp-content/uploads/2024/01/lh-75-1295.jpg
lh-75-1296.jpg,https://corningnyhistory.com/wp-content/uploads/2024/01/lh-75-1296.jpg
lh-75-1297.jpg,https://corningnyhistory.com/wp-content/uploads/2024/01/lh-75-1297.jpg
lh-75-1298.jpg,https://corningnyhistory.com/wp-content/uploads/2024/01/lh-75-1298.jpg
lh-75-1299.jpg,https://corningnyhistory.com/wp-content/uploads/2024/01/lh-75-1299.jpg
lh-75-1300.jpg,https://corningnyhistory.com/wp-content/uploads/2024/01/lh-75-1300.jpg
lh-75-1301.jpg,https://corningnyhistory.com/wp-content/uploads/2024/01/lh-75-1301.jpg
lh-75-1302.jpg,https://corningnyhistory.com/wp-content/uploads/2024/01/lh-75-1302.jpg
lh-75-1303.jpg,https://corningnyhistory.com/wp-content/uploads/2024/01/lh-75-1303.jpg
lh-75-1304.jpg,https://corningnyhistory.com/wp-content/uploads/2024/01/lh-75-1304.jpg
lh-75-1305.jpg,https://corningnyhistory.com/wp-content/uploads/2024/01/lh-75-1305.jpg
lh-75-1306.jpg,https://corningnyhistory.com/wp-content/uploads/2024/01/lh-75-1306.jpg
lh-75-1307.jpg,https://corningnyhistory.com/wp-content/uploads/2024/01/lh-75-1307.jpg
lh-75-1308.jpg,https://corningnyhistory.com/wp-content/uploads/2024/01/lh-75-1308.jpg
lh-75-1309.jpg,https://corningnyhistory.com/wp-content/uploads/2024/01/lh-75-1309.jpg
lh-75-1311.jpg,https://corningnyhistory.com/wp-content/uploads/2024/01/lh-75-1311.jpg
lh-75-1312.jpg,https://corningnyhistory.com/wp-content/uploads/2024/01/lh-75-1312.jpg
lh-75-1313.jpg,https://corningnyhistory.com/wp-content/uploads/2024/01/lh-75-1313.jpg
lh-75-1314.jpg,https://corningnyhistory.com/wp-content/uploads/2024/01/lh-75-1314.jpg
lh-75-1315.jpg,https://corningnyhistory.com/wp-content/uploads/2024/01/lh-75-1315.jpg
lh-75-1316.jpg,https://corningnyhistory.com/wp-content/uploads/2024/01/lh-75-1316.jpg
lh-75-1317.jpg,https://corningnyhistory.com/wp-content/uploads/2024/01/lh-75-1317.jpg
lh-75-1319.jpg,https://corningnyhistory.com/wp-content/uploads/2024/01/lh-75-1319.jpg
lh-75-1320.jpg,https://corningnyhistory.com/wp-content/uploads/2024/01/lh-75-1320.jpg
lh-75-1321.jpg,https://corningnyhistory.com/wp-content/uploads/2024/01/lh-75-1321.jpg
lh-75-1322.jpg,https://corningnyhistory.com/wp-content/uploads/2024/01/lh-75-1322.jpg
lh-75-1323.jpg,https://corningnyhistory.com/wp-content/uploads/2024/01/lh-75-1323.jpg
lh-75-1324.jpg,https://corningnyhistory.com/wp-content/uploads/2024/01/lh-75-1324.jpg
lh-75-1325.jpg,https://corningnyhistory.com/wp-content/uploads/2024/01/lh-75-1325.jpg
lh-75-1326.jpg,https://corningnyhistory.com/wp-content/uploads/2024/01/lh-75-1326.jpg
lh-75-1327.jpg,https://corningnyhistory.com/wp-content/uploads/2024/01/lh-75-1327.jpg
lh-75-1328.jpg,https://corningnyhistory.com/wp-content/uploads/2024/01/lh-75-1328.jpg
lh-75-1329.jpg,https://corningnyhistory.com/wp-content/uploads/2024/01/lh-75-1329.jpg
lh-75-1330.jpg,https://corningnyhistory.com/wp-content/uploads/2024/01/lh-75-1330.jpg
lh-75-1331.jpg,https://corningnyhistory.com/wp-content/uploads/2024/01/lh-75-1331.jpg
lh-75-1332.jpg,https://corningnyhistory.com/wp-content/uploads/2024/01/lh-75-1332.jpg
lh-75-1333.jpg,https://corningnyhistory.com/wp-content/uploads/2024/01/lh-75-1333.jpg
lh-75-1334.jpg,https://corningnyhistory.com/wp-content/uploads/2024/01/lh-75-1334.jpg
lh-75-1335.jpg,https://corningnyhistory.com/wp-content/uploads/2024/01/lh-75-1335.jpg
lh-75-1336.jpg,https://corningnyhistory.com/wp-content/uploads/2024/01/lh-75-1336.jpg
lh-75-1338.jpg,https://corningnyhistory.com/wp-content/uploads/2024/01/lh-75-1338.jpg
lh-75-1339.jpg,https://corningnyhistory.com/wp-content/uploads/2024/01/lh-75-1339.jpg
lh-75-1340.jpg,https://corningnyhistory.com/wp-content/uploads/2024/01/lh-75-1340.jpg
lh-75-1341.jpg,https://corningnyhistory.com/wp-content/uploads/2024/01/lh-75-1341.jpg
lh-75-1342.jpg,https://corningnyhistory.com/wp-content/uploads/2024/01/lh-75-1342.jpg
lh-75-1343.jpg,https://corningnyhistory.com/wp-content/uploads/2024/01/lh-75-1343.jpg
lh-75-1344.jpg,https://corningnyhistory.com/wp-content/uploads/2024/01/lh-75-1344.jpg
lh-75-1345.jpg,https://corningnyhistory.com/wp-content/uploads/2024/01/lh-75-1345.jpg
lh-75-1346.jpg,https://corningnyhistory.com/wp-content/uploads/2024/01/lh-75-1346.jpg
lh-75-1347.jpg,https://corningnyhistory.com/wp-content/uploads/2024/01/lh-75-1347.jpg
lh-75-1348.jpg,https://corningnyhistory.com/wp-content/uploads/2024/01/lh-75-1348.jpg
lh-75-1349.jpg,https://corningnyhistory.com/wp-content/uploads/2024/01/lh-75-1349.jpg
lh-75-1350.jpg,https://corningnyhistory.com/wp-content/uploads/2024/01/lh-75-1350.jpg
lh-75-1351.jpg,https://corningnyhistory.com/wp-content/uploads/2024/01/lh-75-1351.jpg
lh-75-1352.jpg,https://corningnyhistory.com/wp-content/uploads/2024/01/lh-75-1352.jpg
lh-75-1353.jpg,https://corningnyhistory.com/wp-content/uploads/2024/01/lh-75-1353.jpg
lh-75-1354.jpg,https://corningnyhistory.com/wp-content/uploads/2024/01/lh-75-1354.jpg
lh-75-1355.jpg,https://corningnyhistory.com/wp-content/uploads/2024/01/lh-75-1355.jpg
lh-75-1356.jpg,https://corningnyhistory.com/wp-content/uploads/2024/01/lh-75-1356.jpg
lh-75-1357.jpg,https://corningnyhistory.com/wp-content/uploads/2024/01/lh-75-1357.jpg
lh-75-1358.jpg,https://corningnyhistory.com/wp-content/uploads/2024/01/lh-75-1358.jpg
lh-75-1359.jpg,https://corningnyhistory.com/wp-content/uploads/2024/01/lh-75-1359.jpg
lh-75-1360.jpg,https://corningnyhistory.com/wp-content/uploads/2024/01/lh-75-1360.jpg
lh-75-1361.jpg,https://corningnyhistory.com/wp-content/uploads/2024/01/lh-75-1361.jpg
lh-75-1362.jpg,https://corningnyhistory.com/wp-content/uploads/2024/01/lh-75-1362.jpg
lh-75-1363.jpg,https://corningnyhistory.com/wp-content/uploads/2024/01/lh-75-1363.jpg
lh-75-1364.jpg,https://corningnyhistory.com/wp-content/uploads/2024/01/lh-75-1364.jpg
lh-75-1365.jpg,https://corningnyhistory.com/wp-content/uploads/2024/01/lh-75-1365.jpg
lh-75-1366.jpg,https://corningnyhistory.com/wp-content/uploads/2024/01/lh-75-1366.jpg
lh-75-1367.jpg,https://corningnyhistory.com/wp-content/uploads/2024/01/lh-75-1367.jpg
lh-75-1368.jpg,https://corningnyhistory.com/wp-content/uploads/2024/01/lh-75-1368.jpg
lh-75-1369.jpg,https://corningnyhistory.com/wp-content/uploads/2024/01/lh-75-1369.jpg
lh-75-1370.jpg,https://corningnyhistory.com/wp-content/uploads/2024/01/lh-75-1370.jpg
lh-75-1371.jpg,https://corningnyhistory.com/wp-content/uploads/2024/01/lh-75-1371.jpg
lh-75-1372.jpg,https://corningnyhistory.com/wp-content/uploads/2024/01/lh-75-1372.jpg
lh-75-1373.jpg,https://corningnyhistory.com/wp-content/uploads/2024/01/lh-75-1373.jpg
lh-75-1374.jpg,https://corningnyhistory.com/wp-content/uploads/2024/01/lh-75-1374.jpg
lh-75-1375.jpg,https://corningnyhistory.com/wp-content/uploads/2024/01/lh-75-1375.jpg
lh-75-1376.jpg,https://corningnyhistory.com/wp-content/uploads/2024/01/lh-75-1376.jpg
lh-75-1377.jpg,https://corningnyhistory.com/wp-content/uploads/2024/01/lh-75-1377.jpg
lh-75-1378.jpg,https://corningnyhistory.com/wp-content/uploads/2024/01/lh-75-1378.jpg
lh-75-1379.jpg,https://corningnyhistory.com/wp-content/uploads/2024/01/lh-75-1379.jpg
lh-75-1380.jpg,https://corningnyhistory.com/wp-content/uploads/2024/01/lh-75-1380.jpg
lh-75-1381.jpg,https://corningnyhistory.com/wp-content/uploads/2024/01/lh-75-1381.jpg
lh-75-1382.jpg,https://corningnyhistory.com/wp-content/uploads/2024/01/lh-75-1382.jpg
lh-75-1383.jpg,https://corningnyhistory.com/wp-content/uploads/2024/01/lh-75-1383.jpg
lh-75-1384.jpg,https://corningnyhistory.com/wp-content/uploads/2024/01/lh-75-1384.jpg
lh-75-1385.jpg,https://corningnyhistory.com/wp-content/uploads/2024/01/lh-75-1385.jpg
lh-75-1386.jpg,https://corningnyhistory.com/wp-content/uploads/2024/01/lh-75-1386.jpg
lh-75-1387.jpg,https://corningnyhistory.com/wp-content/uploads/2024/01/lh-75-1387.jpg
lh-75-1388.jpg,https://corningnyhistory.com/wp-content/uploads/2024/01/lh-75-1388.jpg
lh-75-1389.jpg,https://corningnyhistory.com/wp-content/uploads/2024/01/lh-75-1389.jpg
lh-75-1390.jpg,https://corningnyhistory.com/wp-content/uploads/2024/01/lh-75-1390.jpg
lh-75-1391.jpg,https://corningnyhistory.com/wp-content/uploads/2024/01/lh-75-1391.jpg
lh-75-1392.jpg,https://corningnyhistory.com/wp-content/uploads/2024/01/lh-75-1392.jpg
lh-75-1393.jpg,https://corningnyhistory.com/wp-content/uploads/2024/01/lh-75-1393.jpg
lh-75-1394.jpg,https://corningnyhistory.com/wp-content/uploads/2024/01/lh-75-1394.jpg
lh-75-1395.jpg,https://corningnyhistory.com/wp-content/uploads/2024/01/lh-75-1395.jpg
lh-75-1396.jpg,https://corningnyhistory.com/wp-content/uploads/2024/01/lh-75-1396.jpg
lh-75-1397.jpg,https://corningnyhistory.com/wp-content/uploads/2024/01/lh-75-1397.jpg
lh-75-1398.jpg,https://corningnyhistory.com/wp-content/uploads/2024/01/lh-75-1398.jpg
lh-75-1399.jpg,https://corningnyhistory.com/wp-content/uploads/2024/01/lh-75-1399.jpg
lh-75-1400.jpg,https://corningnyhistory.com/wp-content/uploads/2024/01/lh-75-1400.jpg
lh-75-1401.jpg,https://corningnyhistory.com/wp-content/uploads/2024/01/lh-75-1401.jpg
lh-75-1402.jpg,https://corningnyhistory.com/wp-content/uploads/2024/01/lh-75-1402.jpg
lh-75-1403.jpg,https://corningnyhistory.com/wp-content/uploads/2024/01/lh-75-1403.jpg
lh-75-1404.jpg,https://corningnyhistory.com/wp-content/uploads/2024/01/lh-75-1404.jpg
lh-75-1405.jpg,https://corningnyhistory.com/wp-content/uploads/2024/01/lh-75-1405.jpg
lh-75-1406.jpg,https://corningnyhistory.com/wp-content/uploads/2024/01/lh-75-1406.jpg
lh-75-1407.jpg,https://corningnyhistory.com/wp-content/uploads/2024/01/lh-75-1407.jpg
lh-75-1408.jpg,https://corningnyhistory.com/wp-content/uploads/2024/01/lh-75-1408.jpg
lh-75-1409.jpg,https://corningnyhistory.com/wp-content/uploads/2024/01/lh-75-1409.jpg
lh-75-1410.jpg,https://corningnyhistory.com/wp-content/uploads/2024/01/lh-75-1410.jpg
lh-75-1411.jpg,https://corningnyhistory.com/wp-content/uploads/2024/01/lh-75-1411.jpg
lh-75-1412.jpg,https://corningnyhistory.com/wp-content/uploads/2024/01/lh-75-1412.jpg
lh-75-1413.jpg,https://corningnyhistory.com/wp-content/uploads/2024/01/lh-75-1413.jpg
lh-75-1414.jpg,https://corningnyhistory.com/wp-content/uploads/2024/01/lh-75-1414.jpg
lh-75-1415.jpg,https://corningnyhistory.com/wp-content/uploads/2024/01/lh-75-1415.jpg
lh-75-1416.jpg,https://corningnyhistory.com/wp-content/uploads/2024/01/lh-75-1416.jpg
lh-75-1417.jpg,https://corningnyhistory.com/wp-content/uploads/2024/01/lh-75-1417.jpg
lh-75-1418.jpg,https://corningnyhistory.com/wp-content/uploads/2024/01/lh-75-1418.jpg
lh-75-1419.jpg,https://corningnyhistory.com/wp-content/uploads/2024/01/lh-75-1419.jpg
lh-75-1421.jpg,https://corningnyhistory.com/wp-content/uploads/2024/01/lh-75-1421.jpg
lh-75-1422.jpg,https://corningnyhistory.com/wp-content/uploads/2024/01/lh-75-1422.jpg
lh-75-1423.jpg,https://corningnyhistory.com/wp-content/uploads/2024/01/lh-75-1423.jpg
lh-75-1424.jpg,https://corningnyhistory.com/wp-content/uploads/2024/01/lh-75-1424.jpg
lh-75-1425.jpg,https://corningnyhistory.com/wp-content/uploads/2024/01/lh-75-1425.jpg
lh-75-1426.jpg,https://corningnyhistory.com/wp-content/uploads/2024/01/lh-75-1426.jpg
lh-75-1427.jpg,https://corningnyhistory.com/wp-content/uploads/2024/01/lh-75-1427.jpg
lh-75-1428.jpg,https://corningnyhistory.com/wp-content/uploads/2024/01/lh-75-1428.jpg
lh-75-1429.jpg,https://corningnyhistory.com/wp-content/uploads/2024/01/lh-75-1429.jpg
lh-75-1430.jpg,https://corningnyhistory.com/wp-content/uploads/2024/01/lh-75-1430.jpg
lh-75-1432.jpg,https://corningnyhistory.com/wp-content/uploads/2024/01/lh-75-1432.jpg
lh-75-1433.jpg,https://corningnyhistory.com/wp-content/uploads/2024/01/lh-75-1433.jpg
lh-75-1434.jpg,https://corningnyhistory.com/wp-content/uploads/2024/01/lh-75-1434.jpg
lh-75-1435.jpg,https://corningnyhistory.com/wp-content/uploads/2024/01/lh-75-1435.jpg
lh-75-1436.jpg,https://corningnyhistory.com/wp-content/uploads/2024/01/lh-75-1436.jpg
lh-75-1437.jpg,https://corningnyhistory.com/wp-content/uploads/2024/01/lh-75-1437.jpg
lh-75-1438.jpg,https://corningnyhistory.com/wp-content/uploads/2024/01/lh-75-1438.jpg
lh-75-1440.jpg,https://corningnyhistory.com/wp-content/uploads/2024/01/lh-75-1440.jpg
lh-75-1441.jpg,https://corningnyhistory.com/wp-content/uploads/2024/01/lh-75-1441.jpg
lh-75-1442.jpg,https://corningnyhistory.com/wp-content/uploads/2024/01/lh-75-1442.jpg
lh-75-1443.jpg,https://corningnyhistory.com/wp-content/uploads/2024/01/lh-75-1443.jpg
lh-75-1444.jpg,https://corningnyhistory.com/wp-content/uploads/2024/01/lh-75-1444.jpg
lh-75-1445.jpg,https://corningnyhistory.com/wp-content/uploads/2024/01/lh-75-1445.jpg
lh-75-1446.jpg,https://corningnyhistory.com/wp-content/uploads/2024/01/lh-75-1446.jpg
lh-75-1447.jpg,https://corningnyhistory.com/wp-content/uploads/2024/01/lh-75-1447.jpg
lh-75-1448.jpg,https://corningnyhistory.com/wp-content/uploads/2024/01/lh-75-1448.jpg
lh-75-1449.jpg,https://corningnyhistory.com/wp-content/uploads/2024/01/lh-75-1449.jpg
lh-75-1450.jpg,https://corningnyhistory.com/wp-content/uploads/2024/01/lh-75-1450.jpg
lh-75-1451.jpg,https://corningnyhistory.com/wp-content/uploads/2024/01/lh-75-1451.jpg
lh-75-1452.jpg,https://corningnyhistory.com/wp-content/uploads/2024/01/lh-75-1452.jpg
lh-75-1453.jpg,https://corningnyhistory.com/wp-content/uploads/2024/01/lh-75-1453.jpg
lh-75-1454.jpg,https://corningnyhistory.com/wp-content/uploads/2024/01/lh-75-1454.jpg
lh-75-1455.jpg,https://corningnyhistory.com/wp-content/uploads/2024/01/lh-75-1455.jpg
lh-75-1456.jpg,https://corningnyhistory.com/wp-content/uploads/2024/01/lh-75-1456.jpg
lh-75-1457.jpg,https://corningnyhistory.com/wp-content/uploads/2024/01/lh-75-1457.jpg
lh-75-1458.jpg,https://corningnyhistory.com/wp-content/uploads/2024/01/lh-75-1458.jpg
lh-75-1459.jpg,https://corningnyhistory.com/wp-content/uploads/2024/01/lh-75-1459.jpg
lh-75-1460.jpg,https://corningnyhistory.com/wp-content/uploads/2024/01/lh-75-1460.jpg
lh-75-1461.jpg,https://corningnyhistory.com/wp-content/uploads/2024/01/lh-75-1461.jpg
lh-75-1462.jpg,https://corningnyhistory.com/wp-content/uploads/2024/01/lh-75-1462.jpg
lh-75-1464.jpg,https://corningnyhistory.com/wp-content/uploads/2024/01/lh-75-1464.jpg
lh-75-1469.jpg,https://corningnyhistory.com/wp-content/uploads/2024/01/lh-75-1469.jpg
lh-75-1470.jpg,https://corningnyhistory.com/wp-content/uploads/2024/01/lh-75-1470.jpg
lh-75-1471.jpg,https://corningnyhistory.com/wp-content/uploads/2024/01/lh-75-1471.jpg
lh-75-1474.jpg,https://corningnyhistory.com/wp-content/uploads/2024/01/lh-75-1474.jpg
lh-75-1475.jpg,https://corningnyhistory.com/wp-content/uploads/2024/01/lh-75-1475.jpg
lh-75-1476.jpg,https://corningnyhistory.com/wp-content/uploads/2024/01/lh-75-1476.jpg
lh-75-1477.jpg,https://corningnyhistory.com/wp-content/uploads/2024/01/lh-75-1477.jpg
lh-75-1479.jpg,https://corningnyhistory.com/wp-content/uploads/2024/01/lh-75-1479.jpg
lh-75-1480.jpg,https://corningnyhistory.com/wp-content/uploads/2024/01/lh-75-1480.jpg
lh-75-1483.jpg,https://corningnyhistory.com/wp-content/uploads/2024/01/lh-75-1483.jpg
lh-75-1484.jpg,https://corningnyhistory.com/wp-content/uploads/2024/01/lh-75-1484.jpg
lh-75-1485.jpg,https://corningnyhistory.com/wp-content/uploads/2024/01/lh-75-1485.jpg
lh-75-1486.jpg,https://corningnyhistory.com/wp-content/uploads/2024/01/lh-75-1486.jpg
lh-75-1487.jpg,https://corningnyhistory.com/wp-content/uploads/2024/01/lh-75-1487.jpg
lh-75-1488.jpg,https://corningnyhistory.com/wp-content/uploads/2024/01/lh-75-1488.jpg
lh-75-1489.jpg,https://corningnyhistory.com/wp-content/uploads/2024/01/lh-75-1489.jpg
lh-75-1490.jpg,https://corningnyhistory.com/wp-content/uploads/2024/01/lh-75-1490.jpg
lh-75-1491.jpg,https://corningnyhistory.com/wp-content/uploads/2024/01/lh-75-1491.jpg
lh-75-1492.jpg,https://corningnyhistory.com/wp-content/uploads/2024/01/lh-75-1492.jpg
lh-75-1493.jpg,https://corningnyhistory.com/wp-content/uploads/2024/01/lh-75-1493.jpg
lh-75-1495.jpg,https://corningnyhistory.com/wp-content/uploads/2024/01/lh-75-1495.jpg
lh-75-1496.jpg,https://corningnyhistory.com/wp-content/uploads/2024/01/lh-75-1496.jpg
lh-75-1497.jpg,https://corningnyhistory.com/wp-content/uploads/2024/01/lh-75-1497.jpg
lh-75-1498.jpg,https://corningnyhistory.com/wp-content/uploads/2024/01/lh-75-1498.jpg
lh-75-1499.jpg,https://corningnyhistory.com/wp-content/uploads/2024/01/lh-75-1499.jpg
lh-75-1500.jpg,https://corningnyhistory.com/wp-content/uploads/2024/01/lh-75-1500.jpg
lh-75-1501.jpg,https://corningnyhistory.com/wp-content/uploads/2024/01/lh-75-1501.jpg
lh-75-1502.jpg,https://corningnyhistory.com/wp-content/uploads/2024/01/lh-75-1502.jpg
lh-75-1503.jpg,https://corningnyhistory.com/wp-content/uploads/2024/01/lh-75-1503.jpg
lh-75-1504.jpg,https://corningnyhistory.com/wp-content/uploads/2024/01/lh-75-1504.jpg
lh-75-1506.jpg,https://corningnyhistory.com/wp-content/uploads/2024/01/lh-75-1506.jpg
lh-75-1509.jpg,https://corningnyhistory.com/wp-content/uploads/2024/01/lh-75-1509.jpg
lh-75-1512.jpg,https://corningnyhistory.com/wp-content/uploads/2024/01/lh-75-1512.jpg
lh-75-1513.jpg,https://corningnyhistory.com/wp-content/uploads/2024/01/lh-75-1513.jpg
lh-75-1514.jpg,https://corningnyhistory.com/wp-content/uploads/2024/01/lh-75-1514.jpg
lh-75-1515.jpg,https://corningnyhistory.com/wp-content/uploads/2024/01/lh-75-1515.jpg
lh-75-1517.jpg,https://corningnyhistory.com/wp-content/uploads/2024/01/lh-75-1517.jpg
lh-75-1518.jpg,https://corningnyhistory.com/wp-content/uploads/2024/01/lh-75-1518.jpg
lh-75-1519.jpg,https://corningnyhistory.com/wp-content/uploads/2024/01/lh-75-1519.jpg
lh-75-1521.jpg,https://corningnyhistory.com/wp-content/uploads/2024/01/lh-75-1521.jpg
lh-75-1522.jpg,https://corningnyhistory.com/wp-content/uploads/2024/01/lh-75-1522.jpg
lh-75-1523.jpg,https://corningnyhistory.com/wp-content/uploads/2024/01/lh-75-1523.jpg
lh-75-1524.jpg,https://corningnyhistory.com/wp-content/uploads/2024/01/lh-75-1524.jpg
lh-75-1525.jpg,https://corningnyhistory.com/wp-content/uploads/2024/01/lh-75-1525.jpg
lh-75-1527.jpg,https://corningnyhistory.com/wp-content/uploads/2024/01/lh-75-1527.jpg
lh-75-1528.jpg,https://corningnyhistory.com/wp-content/uploads/2024/01/lh-75-1528.jpg
lh-75-1529.jpg,https://corningnyhistory.com/wp-content/uploads/2024/01/lh-75-1529.jpg
lh-75-1530.jpg,https://corningnyhistory.com/wp-content/uploads/2024/01/lh-75-1530.jpg
lh-75-1531.jpg,https://corningnyhistory.com/wp-content/uploads/2024/01/lh-75-1531.jpg
lh-75-1532.jpg,https://corningnyhistory.com/wp-content/uploads/2024/01/lh-75-1532.jpg
lh-75-1533.jpg,https://corningnyhistory.com/wp-content/uploads/2024/01/lh-75-1533.jpg
lh-75-1534.jpg,https://corningnyhistory.com/wp-content/uploads/2024/01/lh-75-1534.jpg
lh-75-1535.jpg,https://corningnyhistory.com/wp-content/uploads/2024/01/lh-75-1535.jpg
lh-75-1537.jpg,https://corningnyhistory.com/wp-content/uploads/2024/01/lh-75-1537.jpg
lh-75-1538.jpg,https://corningnyhistory.com/wp-content/uploads/2024/01/lh-75-1538.jpg
lh-75-1539.jpg,https://corningnyhistory.com/wp-content/uploads/2024/01/lh-75-1539.jpg
lh-75-1540.jpg,https://corningnyhistory.com/wp-content/uploads/2024/01/lh-75-1540.jpg
lh-75-1541.jpg,https://corningnyhistory.com/wp-content/uploads/2024/01/lh-75-1541.jpg
lh-75-1542.jpg,https://corningnyhistory.com/wp-content/uploads/2024/01/lh-75-1542.jpg
lh-75-1543.jpg,https://corningnyhistory.com/wp-content/uploads/2024/01/lh-75-1543.jpg
lh-75-1544.jpg,https://corningnyhistory.com/wp-content/uploads/2024/01/lh-75-1544.jpg
lh-75-1545.jpg,https://corningnyhistory.com/wp-content/uploads/2024/01/lh-75-1545.jpg
lh-75-1546.jpg,https://corningnyhistory.com/wp-content/uploads/2024/01/lh-75-1546.jpg
lh-75-1547.jpg,https://corningnyhistory.com/wp-content/uploads/2024/01/lh-75-1547.jpg
lh-75-1548.jpg,https://corningnyhistory.com/wp-content/uploads/2024/01/lh-75-1548.jpg
lh-75-1549.jpg,https://corningnyhistory.com/wp-content/uploads/2024/01/lh-75-1549.jpg
lh-75-1550.jpg,https://corningnyhistory.com/wp-content/uploads/2024/01/lh-75-1550.jpg
lh-75-1551.jpg,https://corningnyhistory.com/wp-content/uploads/2024/01/lh-75-1551.jpg
lh-75-1552.jpg,https://corningnyhistory.com/wp-content/uploads/2024/01/lh-75-1552.jpg
lh-75-1553.jpg,https://corningnyhistory.com/wp-content/uploads/2024/01/lh-75-1553.jpg
lh-75-1554.jpg,https://corningnyhistory.com/wp-content/uploads/2024/01/lh-75-1554.jpg
lh-75-1555.jpg,https://corningnyhistory.com/wp-content/uploads/2024/01/lh-75-1555.jpg
lh-75-1556.jpg,https://corningnyhistory.com/wp-content/uploads/2024/01/lh-75-1556.jpg
lh-75-1557.jpg,https://corningnyhistory.com/wp-content/uploads/2024/01/lh-75-1557.jpg
lh-75-1558.jpg,https://corningnyhistory.com/wp-content/uploads/2024/01/lh-75-1558.jpg
lh-75-1559.jpg,https://corningnyhistory.com/wp-content/uploads/2024/01/lh-75-1559.jpg
lh-75-1560.jpg,https://corningnyhistory.com/wp-content/uploads/2024/01/lh-75-1560.jpg
lh-75-1561.jpg,https://corningnyhistory.com/wp-content/uploads/2024/01/lh-75-1561.jpg
lh-75-1562.jpg,https://corningnyhistory.com/wp-content/uploads/2024/01/lh-75-1562.jpg
lh-75-1563.jpg,https://corningnyhistory.com/wp-content/uploads/2024/01/lh-75-1563.jpg
lh-75-1564.jpg,https://corningnyhistory.com/wp-content/uploads/2024/01/lh-75-1564.jpg
lh-75-1565.jpg,https://corningnyhistory.com/wp-content/uploads/2024/01/lh-75-1565.jpg
lh-75-1566.jpg,https://corningnyhistory.com/wp-content/uploads/2024/01/lh-75-1566.jpg
lh-75-1567.jpg,https://corningnyhistory.com/wp-content/uploads/2024/01/lh-75-1567.jpg
lh-75-1568.jpg,https://corningnyhistory.com/wp-content/uploads/2024/01/lh-75-1568.jpg
lh-75-1569.jpg,https://corningnyhistory.com/wp-content/uploads/2024/01/lh-75-1569.jpg
lh-75-1570.jpg,https://corningnyhistory.com/wp-content/uploads/2024/01/lh-75-1570.jpg
lh-75-1571.jpg,https://corningnyhistory.com/wp-content/uploads/2024/01/lh-75-1571.jpg
lh-75-1572.jpg,https://corningnyhistory.com/wp-content/uploads/2024/01/lh-75-1572.jpg
lh-75-1573.jpg,https://corningnyhistory.com/wp-content/uploads/2024/01/lh-75-1573.jpg
lh-75-1574.jpg,https://corningnyhistory.com/wp-content/uploads/2024/01/lh-75-1574.jpg
lh-75-1575.jpg,https://corningnyhistory.com/wp-content/uploads/2024/01/lh-75-1575.jpg
lh-75-1576.jpg,https://corningnyhistory.com/wp-content/uploads/2024/01/lh-75-1576.jpg
lh-75-1577.jpg,https://corningnyhistory.com/wp-content/uploads/2024/01/lh-75-1577.jpg
lh-75-1578.jpg,https://corningnyhistory.com/wp-content/uploads/2024/01/lh-75-1578.jpg
lh-75-1579.jpg,https://corningnyhistory.com/wp-content/uploads/2024/01/lh-75-1579.jpg
lh-75-1580.jpg,https://corningnyhistory.com/wp-content/uploads/2024/01/lh-75-1580.jpg
lh-75-1581.jpg,https://corningnyhistory.com/wp-content/uploads/2024/01/lh-75-1581.jpg
lh-75-1582.jpg,https://corningnyhistory.com/wp-content/uploads/2024/01/lh-75-1582.jpg
lh-75-1584.jpg,https://corningnyhistory.com/wp-content/uploads/2024/01/lh-75-1584.jpg
lh-75-1585.jpg,https://corningnyhistory.com/wp-content/uploads/2024/01/lh-75-1585.jpg
lh-75-1587.jpg,https://corningnyhistory.com/wp-content/uploads/2024/01/lh-75-1587.jpg
lh-75-1588.jpg,https://corningnyhistory.com/wp-content/uploads/2024/01/lh-75-1588.jpg
lh-75-1589.jpg,https://corningnyhistory.com/wp-content/uploads/2024/01/lh-75-1589.jpg
lh-75-1590.jpg,https://corningnyhistory.com/wp-content/uploads/2024/01/lh-75-1590.jpg
lh-75-1591.jpg,https://corningnyhistory.com/wp-content/uploads/2024/01/lh-75-1591.jpg
lh-75-1592.jpg,https://corningnyhistory.com/wp-content/uploads/2024/01/lh-75-1592.jpg
lh-75-1605.jpg,https://corningnyhistory.com/wp-content/uploads/2024/01/lh-75-1605.jpg
lh-75-1606.jpg,https://corningnyhistory.com/wp-content/uploads/2024/01/lh-75-1606.jpg
lh-75-1607.jpg,https://corningnyhistory.com/wp-content/uploads/2024/01/lh-75-1607.jpg
lh-75-1608.jpg,https://corningnyhistory.com/wp-content/uploads/2024/01/lh-75-1608.jpg
lh-75-1609.jpg,https://corningnyhistory.com/wp-content/uploads/2024/01/lh-75-1609.jpg
lh-75-1610.jpg,https://corningnyhistory.com/wp-content/uploads/2024/01/lh-75-1610.jpg
lh-75-1611.jpg,https://corningnyhistory.com/wp-content/uploads/2024/01/lh-75-1611.jpg
lh-75-1612.jpg,https://corningnyhistory.com/wp-content/uploads/2024/01/lh-75-1612.jpg
lh-75-1613.jpg,https://corningnyhistory.com/wp-content/uploads/2024/01/lh-75-1613.jpg
lh-75-1616.jpg,https://corningnyhistory.com/wp-content/uploads/2024/01/lh-75-1616.jpg
lh-75-1618.jpg,https://corningnyhistory.com/wp-content/uploads/2024/01/lh-75-1618.jpg
lh-75-1619.jpg,https://corningnyhistory.com/wp-content/uploads/2024/01/lh-75-1619.jpg
lh-75-1620.jpg,https://corningnyhistory.com/wp-content/uploads/2024/01/lh-75-1620.jpg
lh-75-1621.jpg,https://corningnyhistory.com/wp-content/uploads/2024/01/lh-75-1621.jpg
lh-75-1622.jpg,https://corningnyhistory.com/wp-content/uploads/2024/01/lh-75-1622.jpg
lh-75-1623.jpg,https://corningnyhistory.com/wp-content/uploads/2024/01/lh-75-1623.jpg
lh-75-1624.jpg,https://corningnyhistory.com/wp-content/uploads/2024/01/lh-75-1624.jpg
lh-75-1625.jpg,https://corningnyhistory.com/wp-content/uploads/2024/01/lh-75-1625.jpg
lh-75-1626.jpg,https://corningnyhistory.com/wp-content/uploads/2024/01/lh-75-1626.jpg
lh-75-1627.jpg,https://corningnyhistory.com/wp-content/uploads/2024/01/lh-75-1627.jpg
lh-75-1629.jpg,https://corningnyhistory.com/wp-content/uploads/2024/01/lh-75-1629.jpg
lh-75-1630.jpg,https://corningnyhistory.com/wp-content/uploads/2024/01/lh-75-1630.jpg
lh-75-1631.jpg,https://corningnyhistory.com/wp-content/uploads/2024/01/lh-75-1631.jpg
lh-75-1632.jpg,https://corningnyhistory.com/wp-content/uploads/2024/01/lh-75-1632.jpg
lh-75-1634.jpg,https://corningnyhistory.com/wp-content/uploads/2024/01/lh-75-1634.jpg
lh-75-1637.jpg,https://corningnyhistory.com/wp-content/uploads/2024/01/lh-75-1637.jpg
lh-75-1639.jpg,https://corningnyhistory.com/wp-content/uploads/2024/01/lh-75-1639.jpg
lh-75-1640.jpg,https://corningnyhistory.com/wp-content/uploads/2024/01/lh-75-1640.jpg
lh-75-1641.jpg,https://corningnyhistory.com/wp-content/uploads/2024/01/lh-75-1641.jpg
lh-75-1642.jpg,https://corningnyhistory.com/wp-content/uploads/2024/01/lh-75-1642.jpg
lh-75-1643.jpg,https://corningnyhistory.com/wp-content/uploads/2024/01/lh-75-1643.jpg
lh-75-1644.jpg,https://corningnyhistory.com/wp-content/uploads/2024/01/lh-75-1644.jpg
lh-75-1645.jpg,https://corningnyhistory.com/wp-content/uploads/2024/01/lh-75-1645.jpg
lh-75-1646.jpg,https://corningnyhistory.com/wp-content/uploads/2024/01/lh-75-1646.jpg
lh-75-1647.jpg,https://corningnyhistory.com/wp-content/uploads/2024/01/lh-75-1647.jpg
lh-75-1648.jpg,https://corningnyhistory.com/wp-content/uploads/2024/01/lh-75-1648.jpg
lh-75-1649.jpg,https://corningnyhistory.com/wp-content/uploads/2024/01/lh-75-1649.jpg
lh-75-1650.jpg,https://corningnyhistory.com/wp-content/uploads/2024/01/lh-75-1650.jpg
lh-75-1651.jpg,https://corningnyhistory.com/wp-content/uploads/2024/01/lh-75-1651.jpg
lh-75-1652.jpg,https://corningnyhistory.com/wp-content/uploads/2024/01/lh-75-1652.jpg
lh-75-1653.jpg,https://corningnyhistory.com/wp-content/uploads/2024/01/lh-75-1653.jpg
lh-75-1654.jpg,https://corningnyhistory.com/wp-content/uploads/2024/01/lh-75-1654.jpg
lh-75-1655.jpg,https://corningnyhistory.com/wp-content/uploads/2024/01/lh-75-1655.jpg
lh-75-1656.jpg,https://corningnyhistory.com/wp-content/uploads/2024/01/lh-75-1656.jpg
lh-75-1657.jpg,https://corningnyhistory.com/wp-content/uploads/2024/01/lh-75-1657.jpg
lh-75-1658.jpg,https://corningnyhistory.com/wp-content/uploads/2024/01/lh-75-1658.jpg
lh-75-1660.jpg,https://corningnyhistory.com/wp-content/uploads/2024/01/lh-75-1660.jpg
lh-75-1661.jpg,https://corningnyhistory.com/wp-content/uploads/2024/01/lh-75-1661.jpg
lh-75-1662.jpg,https://corningnyhistory.com/wp-content/uploads/2024/01/lh-75-1662.jpg
lh-75-1663.jpg,https://corningnyhistory.com/wp-content/uploads/2024/01/lh-75-1663.jpg
lh-75-1665.jpg,https://corningnyhistory.com/wp-content/uploads/2024/01/lh-75-1665.jpg
lh-75-1666.jpg,https://corningnyhistory.com/wp-content/uploads/2024/01/lh-75-1666.jpg
lh-75-1667.jpg,https://corningnyhistory.com/wp-content/uploads/2024/01/lh-75-1667.jpg
lh-75-1668.jpg,https://corningnyhistory.com/wp-content/uploads/2024/01/lh-75-1668.jpg
lh-75-1670.jpg,https://corningnyhistory.com/wp-content/uploads/2024/01/lh-75-1670.jpg
lh-75-1671.jpg,https://corningnyhistory.com/wp-content/uploads/2024/01/lh-75-1671.jpg
lh-75-1672.jpg,https://corningnyhistory.com/wp-content/uploads/2024/01/lh-75-1672.jpg
lh-75-1673.jpg,https://corningnyhistory.com/wp-content/uploads/2024/01/lh-75-1673.jpg
lh-75-1674.jpg,https://corningnyhistory.com/wp-content/uploads/2024/01/lh-75-1674.jpg
lh-75-1675.jpg,https://corningnyhistory.com/wp-content/uploads/2024/01/lh-75-1675.jpg
lh-75-1676.jpg,https://corningnyhistory.com/wp-content/uploads/2024/01/lh-75-1676.jpg
lh-75-1677.jpg,https://corningnyhistory.com/wp-content/uploads/2024/01/lh-75-1677.jpg
lh-75-1678.jpg,https://corningnyhistory.com/wp-content/uploads/2024/01/lh-75-1678.jpg
lh-75-1679.jpg,https://corningnyhistory.com/wp-content/uploads/2024/01/lh-75-1679.jpg
lh-75-1680.jpg,https://corningnyhistory.com/wp-content/uploads/2024/01/lh-75-1680.jpg
lh-75-1681.jpg,https://corningnyhistory.com/wp-content/uploads/2024/01/lh-75-1681.jpg
lh-75-1682.jpg,https://corningnyhistory.com/wp-content/uploads/2024/01/lh-75-1682.jpg
lh-75-1683.jpg,https://corningnyhistory.com/wp-content/uploads/2024/01/lh-75-1683.jpg
lh-75-1685.jpg,https://corningnyhistory.com/wp-content/uploads/2024/01/lh-75-1685.jpg
lh-75-1686.jpg,https://corningnyhistory.com/wp-content/uploads/2024/01/lh-75-1686.jpg
lh-75-1687.jpg,https://corningnyhistory.com/wp-content/uploads/2024/01/lh-75-1687.jpg
lh-75-1688.jpg,https://corningnyhistory.com/wp-content/uploads/2024/01/lh-75-1688.jpg
lh-75-1689.jpg,https://corningnyhistory.com/wp-content/uploads/2024/01/lh-75-1689.jpg
lh-75-1690.jpg,https://corningnyhistory.com/wp-content/uploads/2024/01/lh-75-1690.jpg
lh-75-1691.jpg,https://corningnyhistory.com/wp-content/uploads/2024/01/lh-75-1691.jpg
lh-75-1692.jpg,https://corningnyhistory.com/wp-content/uploads/2024/01/lh-75-1692.jpg
lh-75-1693.jpg,https://corningnyhistory.com/wp-content/uploads/2024/01/lh-75-1693.jpg
lh-75-1694.jpg,https://corningnyhistory.com/wp-content/uploads/2024/01/lh-75-1694.jpg
lh-75-1695.jpg,https://corningnyhistory.com/wp-content/uploads/2024/01/lh-75-1695.jpg
lh-75-1696.jpg,https://corningnyhistory.com/wp-content/uploads/2024/01/lh-75-1696.jpg
lh-75-1697.jpg,https://corningnyhistory.com/wp-content/uploads/2024/01/lh-75-1697.jpg
lh-75-1698.jpg,https://corningnyhistory.com/wp-content/uploads/2024/01/lh-75-1698.jpg
lh-75-1699.jpg,https://corningnyhistory.com/wp-content/uploads/2024/01/lh-75-1699.jpg
lh-75-1700.jpg,https://corningnyhistory.com/wp-content/uploads/2024/01/lh-75-1700.jpg
lh-75-1701.jpg,https://corningnyhistory.com/wp-content/uploads/2024/01/lh-75-1701.jpg
lh-75-1702.jpg,https://corningnyhistory.com/wp-content/uploads/2024/01/lh-75-1702.jpg
lh-75-1703.jpg,https://corningnyhistory.com/wp-content/uploads/2024/01/lh-75-1703.jpg
lh-75-1704.jpg,https://corningnyhistory.com/wp-content/uploads/2024/01/lh-75-1704.jpg
lh-75-1705.jpg,https://corningnyhistory.com/wp-content/uploads/2024/01/lh-75-1705.jpg
lh-75-1706.jpg,https://corningnyhistory.com/wp-content/uploads/2024/01/lh-75-1706.jpg
lh-75-1707.jpg,https://corningnyhistory.com/wp-content/uploads/2024/01/lh-75-1707.jpg
lh-75-1708.jpg,https://corningnyhistory.com/wp-content/uploads/2024/01/lh-75-1708.jpg
lh-75-1709.jpg,https://corningnyhistory.com/wp-content/uploads/2024/01/lh-75-1709.jpg
lh-75-1710.jpg,https://corningnyhistory.com/wp-content/uploads/2024/01/lh-75-1710.jpg
lh-75-1711.jpg,https://corningnyhistory.com/wp-content/uploads/2024/01/lh-75-1711.jpg
lh-75-1712.jpg,https://corningnyhistory.com/wp-content/uploads/2024/01/lh-75-1712.jpg
lh-75-1713.jpg,https://corningnyhistory.com/wp-content/uploads/2024/01/lh-75-1713.jpg
lh-75-1714.jpg,https://corningnyhistory.com/wp-content/uploads/2024/01/lh-75-1714.jpg
lh-75-1715.jpg,https://corningnyhistory.com/wp-content/uploads/2024/01/lh-75-1715.jpg
lh-75-1717.jpg,https://corningnyhistory.com/wp-content/uploads/2024/01/lh-75-1717.jpg
lh-75-1718.jpg,https://corningnyhistory.com/wp-content/uploads/2024/01/lh-75-1718.jpg
lh-75-1719.jpg,https://corningnyhistory.com/wp-content/uploads/2024/01/lh-75-1719.jpg
lh-75-1720.jpg,https://corningnyhistory.com/wp-content/uploads/2024/01/lh-75-1720.jpg
lh-75-1721.jpg,https://corningnyhistory.com/wp-content/uploads/2024/01/lh-75-1721.jpg
lh-75-1722.jpg,https://corningnyhistory.com/wp-content/uploads/2024/01/lh-75-1722.jpg
lh-75-1723.jpg,https://corningnyhistory.com/wp-content/uploads/2024/01/lh-75-1723.jpg
lh-75-1724.jpg,https://corningnyhistory.com/wp-content/uploads/2024/01/lh-75-1724.jpg
lh-75-1725.jpg,https://corningnyhistory.com/wp-content/uploads/2024/01/lh-75-1725.jpg
lh-75-1726.jpg,https://corningnyhistory.com/wp-content/uploads/2024/01/lh-75-1726.jpg
lh-75-1727.jpg,https://corningnyhistory.com/wp-content/uploads/2024/01/lh-75-1727.jpg
lh-75-1728.jpg,https://corningnyhistory.com/wp-content/uploads/2024/01/lh-75-1728.jpg
lh-75-1729.jpg,https://corningnyhistory.com/wp-content/uploads/2024/01/lh-75-1729.jpg
lh-75-1730.jpg,https://corningnyhistory.com/wp-content/uploads/2024/01/lh-75-1730.jpg
lh-75-1731.jpg,https://corningnyhistory.com/wp-content/uploads/2024/01/lh-75-1731.jpg
lh-75-1732.jpg,https://corningnyhistory.com/wp-content/uploads/2024/01/lh-75-1732.jpg
lh-75-1733.jpg,https://corningnyhistory.com/wp-content/uploads/2024/01/lh-75-1733.jpg
lh-75-1734.jpg,https://corningnyhistory.com/wp-content/uploads/2024/01/lh-75-1734.jpg
lh-75-1735.jpg,https://corningnyhistory.com/wp-content/uploads/2024/01/lh-75-1735.jpg
lh-75-1736.jpg,https://corningnyhistory.com/wp-content/uploads/2024/01/lh-75-1736.jpg
lh-75-1737.jpg,https://corningnyhistory.com/wp-content/uploads/2024/01/lh-75-1737.jpg
lh-75-1738.jpg,https://corningnyhistory.com/wp-content/uploads/2024/01/lh-75-1738.jpg
lh-75-1739.jpg,https://corningnyhistory.com/wp-content/uploads/2024/01/lh-75-1739.jpg
lh-75-1740.jpg,https://corningnyhistory.com/wp-content/uploads/2024/01/lh-75-1740.jpg
lh-75-1741.jpg,https://corningnyhistory.com/wp-content/uploads/2024/01/lh-75-1741.jpg
lh-75-1742.jpg,https://corningnyhistory.com/wp-content/uploads/2024/01/lh-75-1742.jpg
lh-75-1743.jpg,https://corningnyhistory.com/wp-content/uploads/2024/01/lh-75-1743.jpg
lh-75-1744.jpg,https://corningnyhistory.com/wp-content/uploads/2024/01/lh-75-1744.jpg
lh-75-1745.jpg,https://corningnyhistory.com/wp-content/uploads/2024/01/lh-75-1745.jpg
lh-75-1746.jpg,https://corningnyhistory.com/wp-content/uploads/2024/01/lh-75-1746.jpg
lh-75-1748.jpg,https://corningnyhistory.com/wp-content/uploads/2024/01/lh-75-1748.jpg
lh-75-1749.jpg,https://corningnyhistory.com/wp-content/uploads/2024/01/lh-75-1749.jpg
lh-75-1750.jpg,https://corningnyhistory.com/wp-content/uploads/2024/01/lh-75-1750.jpg
lh-75-1751.jpg,https://corningnyhistory.com/wp-content/uploads/2024/01/lh-75-1751.jpg
lh-75-1752.jpg,https://corningnyhistory.com/wp-content/uploads/2024/01/lh-75-1752.jpg
lh-75-1753.jpg,https://corningnyhistory.com/wp-content/uploads/2024/01/lh-75-1753.jpg
lh-75-1754.jpg,https://corningnyhistory.com/wp-content/uploads/2024/01/lh-75-1754.jpg
lh-75-1755.jpg,https://corningnyhistory.com/wp-content/uploads/2024/01/lh-75-1755.jpg
lh-75-1757.jpg,https://corningnyhistory.com/wp-content/uploads/2024/01/lh-75-1757.jpg
lh-75-1758.jpg,https://corningnyhistory.com/wp-content/uploads/2024/01/lh-75-1758.jpg
lh-75-1759.jpg,https://corningnyhistory.com/wp-content/uploads/2024/01/lh-75-1759.jpg
lh-75-1760.jpg,https://corningnyhistory.com/wp-content/uploads/2024/01/lh-75-1760.jpg
lh-75-1761.jpg,https://corningnyhistory.com/wp-content/uploads/2024/01/lh-75-1761.jpg
lh-75-1762.jpg,https://corningnyhistory.com/wp-content/uploads/2024/01/lh-75-1762.jpg
lh-75-1763.jpg,https://corningnyhistory.com/wp-content/uploads/2024/01/lh-75-1763.jpg
lh-75-1764.jpg,https://corningnyhistory.com/wp-content/uploads/2024/01/lh-75-1764.jpg
lh-75-1765.jpg,https://corningnyhistory.com/wp-content/uploads/2024/01/lh-75-1765.jpg
lh-75-1766.jpg,https://corningnyhistory.com/wp-content/uploads/2024/01/lh-75-1766.jpg
lh-75-1767.jpg,https://corningnyhistory.com/wp-content/uploads/2024/01/lh-75-1767.jpg
lh-75-1768.jpg,https://corningnyhistory.com/wp-content/uploads/2024/01/lh-75-1768.jpg
lh-75-1769.jpg,https://corningnyhistory.com/wp-content/uploads/2024/01/lh-75-1769.jpg
lh-75-1771.jpg,https://corningnyhistory.com/wp-content/uploads/2024/01/lh-75-1771.jpg
lh-75-1772.jpg,https://corningnyhistory.com/wp-content/uploads/2024/01/lh-75-1772.jpg
lh-75-1773.jpg,https://corningnyhistory.com/wp-content/uploads/2024/01/lh-75-1773.jpg
lh-75-1774.jpg,https://corningnyhistory.com/wp-content/uploads/2024/01/lh-75-1774.jpg
lh-75-1775.jpg,https://corningnyhistory.com/wp-content/uploads/2024/01/lh-75-1775.jpg
lh-75-1776.jpg,https://corningnyhistory.com/wp-content/uploads/2024/01/lh-75-1776.jpg
lh-75-1777.jpg,https://corningnyhistory.com/wp-content/uploads/2024/01/lh-75-1777.jpg
lh-75-1779.jpg,https://corningnyhistory.com/wp-content/uploads/2024/01/lh-75-1779.jpg
lh-75-1780.jpg,https://corningnyhistory.com/wp-content/uploads/2024/01/lh-75-1780.jpg
lh-75-1781.jpg,https://corningnyhistory.com/wp-content/uploads/2024/01/lh-75-1781.jpg
lh-75-1782.jpg,https://corningnyhistory.com/wp-content/uploads/2024/01/lh-75-1782.jpg
lh-75-1783.jpg,https://corningnyhistory.com/wp-content/uploads/2024/01/lh-75-1783.jpg
lh-75-1784.jpg,https://corningnyhistory.com/wp-content/uploads/2024/01/lh-75-1784.jpg
lh-75-1785.jpg,https://corningnyhistory.com/wp-content/uploads/2024/01/lh-75-1785.jpg
lh-75-1786.jpg,https://corningnyhistory.com/wp-content/uploads/2024/01/lh-75-1786.jpg
lh-75-1787.jpg,https://corningnyhistory.com/wp-content/uploads/2024/01/lh-75-1787.jpg
lh-75-1788.jpg,https://corningnyhistory.com/wp-content/uploads/2024/01/lh-75-1788.jpg
lh-75-1789.jpg,https://corningnyhistory.com/wp-content/uploads/2024/01/lh-75-1789.jpg
lh-75-1790.jpg,https://corningnyhistory.com/wp-content/uploads/2024/01/lh-75-1790.jpg
lh-75-1791.jpg,https://corningnyhistory.com/wp-content/uploads/2024/01/lh-75-1791.jpg
lh-75-1792.jpg,https://corningnyhistory.com/wp-content/uploads/2024/01/lh-75-1792.jpg
lh-75-1793.jpg,https://corningnyhistory.com/wp-content/uploads/2024/01/lh-75-1793.jpg
lh-75-1794.jpg,https://corningnyhistory.com/wp-content/uploads/2024/01/lh-75-1794.jpg
lh-75-1795.jpg,https://corningnyhistory.com/wp-content/uploads/2024/01/lh-75-1795.jpg
lh-75-1796.jpg,https://corningnyhistory.com/wp-content/uploads/2024/01/lh-75-1796.jpg
lh-75-1797.jpg,https://corningnyhistory.com/wp-content/uploads/2024/01/lh-75-1797.jpg
lh-75-1798.jpg,https://corningnyhistory.com/wp-content/uploads/2024/01/lh-75-1798.jpg
lh-75-1799.jpg,https://corningnyhistory.com/wp-content/uploads/2024/01/lh-75-1799.jpg
lh-75-1800.jpg,https://corningnyhistory.com/wp-content/uploads/2024/01/lh-75-1800.jpg
lh-75-1801.jpg,https://corningnyhistory.com/wp-content/uploads/2024/01/lh-75-1801.jpg
lh-75-1802.jpg,https://corningnyhistory.com/wp-content/uploads/2024/01/lh-75-1802.jpg
lh-75-1803.jpg,https://corningnyhistory.com/wp-content/uploads/2024/01/lh-75-1803.jpg
lh-75-1804.jpg,https://corningnyhistory.com/wp-content/uploads/2024/01/lh-75-1804.jpg
lh-75-1805.jpg,https://corningnyhistory.com/wp-content/uploads/2024/01/lh-75-1805.jpg
lh-75-1806.jpg,https://corningnyhistory.com/wp-content/uploads/2024/01/lh-75-1806.jpg
lh-75-1807.jpg,https://corningnyhistory.com/wp-content/uploads/2024/01/lh-75-1807.jpg
lh-75-1808.jpg,https://corningnyhistory.com/wp-content/uploads/2024/01/lh-75-1808.jpg
lh-75-1809.jpg,https://corningnyhistory.com/wp-content/uploads/2024/01/lh-75-1809.jpg
lh-75-1810.jpg,https://corningnyhistory.com/wp-content/uploads/2024/01/lh-75-1810.jpg
lh-75-1811.jpg,https://corningnyhistory.com/wp-content/uploads/2024/01/lh-75-1811.jpg
lh-75-1812.jpg,https://corningnyhistory.com/wp-content/uploads/2024/01/lh-75-1812.jpg
lh-75-1813.jpg,https://corningnyhistory.com/wp-content/uploads/2024/01/lh-75-1813.jpg
lh-75-1814.jpg,https://corningnyhistory.com/wp-content/uploads/2024/01/lh-75-1814.jpg
lh-75-1815.jpg,https://corningnyhistory.com/wp-content/uploads/2024/01/lh-75-1815.jpg
lh-75-1816.jpg,https://corningnyhistory.com/wp-content/uploads/2024/01/lh-75-1816.jpg
lh-75-1818.jpg,https://corningnyhistory.com/wp-content/uploads/2024/01/lh-75-1818.jpg
lh-75-1819.jpg,https://corningnyhistory.com/wp-content/uploads/2024/01/lh-75-1819.jpg
lh-75-1820.jpg,https://corningnyhistory.com/wp-content/uploads/2024/01/lh-75-1820.jpg
lh-75-1821.jpg,https://corningnyhistory.com/wp-content/uploads/2024/01/lh-75-1821.jpg
lh-75-1822.jpg,https://corningnyhistory.com/wp-content/uploads/2024/01/lh-75-1822.jpg
lh-75-1823.jpg,https://corningnyhistory.com/wp-content/uploads/2024/01/lh-75-1823.jpg
lh-75-1824.jpg,https://corningnyhistory.com/wp-content/uploads/2024/01/lh-75-1824.jpg
lh-75-1825.jpg,https://corningnyhistory.com/wp-content/uploads/2024/01/lh-75-1825.jpg
lh-75-1826.jpg,https://corningnyhistory.com/wp-content/uploads/2024/01/lh-75-1826.jpg
lh-75-1827.jpg,https://corningnyhistory.com/wp-content/uploads/2024/01/lh-75-1827.jpg
lh-75-1828.jpg,https://corningnyhistory.com/wp-content/uploads/2024/01/lh-75-1828.jpg
lh-75-1829.jpg,https://corningnyhistory.com/wp-content/uploads/2024/01/lh-75-1829.jpg
lh-75-1830.jpg,https://corningnyhistory.com/wp-content/uploads/2024/01/lh-75-1830.jpg
lh-75-1831.jpg,https://corningnyhistory.com/wp-content/uploads/2024/01/lh-75-1831.jpg
lh-75-1832.jpg,https://corningnyhistory.com/wp-content/uploads/2024/01/lh-75-1832.jpg
lh-75-1833.jpg,https://corningnyhistory.com/wp-content/uploads/2024/01/lh-75-1833.jpg
lh-75-1834.jpg,https://corningnyhistory.com/wp-content/uploads/2024/01/lh-75-1834.jpg
lh-75-1835.jpg,https://corningnyhistory.com/wp-content/uploads/2024/01/lh-75-1835.jpg
lh-75-1836.jpg,https://corningnyhistory.com/wp-content/uploads/2024/01/lh-75-1836.jpg
lh-75-1837.jpg,https://corningnyhistory.com/wp-content/uploads/2024/01/lh-75-1837.jpg
lh-75-1838.jpg,https://corningnyhistory.com/wp-content/uploads/2024/01/lh-75-1838.jpg
lh-75-1839.jpg,https://corningnyhistory.com/wp-content/uploads/2024/01/lh-75-1839.jpg
lh-75-1840.jpg,https://corningnyhistory.com/wp-content/uploads/2024/01/lh-75-1840.jpg
lh-75-1841.jpg,https://corningnyhistory.com/wp-content/uploads/2024/01/lh-75-1841.jpg
lh-75-1842.jpg,https://corningnyhistory.com/wp-content/uploads/2024/01/lh-75-1842.jpg
lh-75-1843.jpg,https://corningnyhistory.com/wp-content/uploads/2024/01/lh-75-1843.jpg
lh-75-1844.jpg,https://corningnyhistory.com/wp-content/uploads/2024/01/lh-75-1844.jpg
lh-75-1845.jpg,https://corningnyhistory.com/wp-content/uploads/2024/01/lh-75-1845.jpg
lh-75-1846.jpg,https://corningnyhistory.com/wp-content/uploads/2024/01/lh-75-1846.jpg
lh-75-1847.jpg,https://corningnyhistory.com/wp-content/uploads/2024/01/lh-75-1847.jpg
lh-75-1848.jpg,https://corningnyhistory.com/wp-content/uploads/2024/01/lh-75-1848.jpg
lh-75-1849.jpg,https://corningnyhistory.com/wp-content/uploads/2024/01/lh-75-1849.jpg
lh-75-1850.jpg,https://corningnyhistory.com/wp-content/uploads/2024/01/lh-75-1850.jpg
lh-75-1851.jpg,https://corningnyhistory.com/wp-content/uploads/2024/01/lh-75-1851.jpg
lh-75-1852.jpg,https://corningnyhistory.com/wp-content/uploads/2024/01/lh-75-1852.jpg
lh-75-1853.jpg,https://corningnyhistory.com/wp-content/uploads/2024/01/lh-75-1853.jpg
lh-75-1854.jpg,https://corningnyhistory.com/wp-content/uploads/2024/01/lh-75-1854.jpg
lh-75-1855.jpg,https://corningnyhistory.com/wp-content/uploads/2024/01/lh-75-1855.jpg
lh-75-1856.jpg,https://corningnyhistory.com/wp-content/uploads/2024/01/lh-75-1856.jpg
lh-75-1857.jpg,https://corningnyhistory.com/wp-content/uploads/2024/01/lh-75-1857.jpg
lh-75-1858.jpg,https://corningnyhistory.com/wp-content/uploads/2024/01/lh-75-1858.jpg
lh-75-1859.jpg,https://corningnyhistory.com/wp-content/uploads/2024/01/lh-75-1859.jpg
lh-75-1860.jpg,https://corningnyhistory.com/wp-content/uploads/2024/01/lh-75-1860.jpg
lh-75-1861.jpg,https://corningnyhistory.com/wp-content/uploads/2024/01/lh-75-1861.jpg
lh-75-1862.jpg,https://corningnyhistory.com/wp-content/uploads/2024/01/lh-75-1862.jpg
lh-75-1863.jpg,https://corningnyhistory.com/wp-content/uploads/2024/01/lh-75-1863.jpg
lh-75-1864.jpg,https://corningnyhistory.com/wp-content/uploads/2024/01/lh-75-1864.jpg
lh-75-1865.jpg,https://corningnyhistory.com/wp-content/uploads/2024/01/lh-75-1865.jpg
lh-75-1866.jpg,https://corningnyhistory.com/wp-content/uploads/2024/01/lh-75-1866.jpg
lh-75-1867.jpg,https://corningnyhistory.com/wp-content/uploads/2024/01/lh-75-1867.jpg
lh-75-1868.jpg,https://corningnyhistory.com/wp-content/uploads/2024/01/lh-75-1868.jpg
lh-75-1870.jpg,https://corningnyhistory.com/wp-content/uploads/2024/01/lh-75-1870.jpg
lh-75-1871.jpg,https://corningnyhistory.com/wp-content/uploads/2024/01/lh-75-1871.jpg
lh-75-1872.jpg,https://corningnyhistory.com/wp-content/uploads/2024/01/lh-75-1872.jpg
lh-75-1873.jpg,https://corningnyhistory.com/wp-content/uploads/2024/01/lh-75-1873.jpg
lh-75-1874.jpg,https://corningnyhistory.com/wp-content/uploads/2024/01/lh-75-1874.jpg
lh-75-1875.jpg,https://corningnyhistory.com/wp-content/uploads/2024/01/lh-75-1875.jpg
lh-75-1876.jpg,https://corningnyhistory.com/wp-content/uploads/2024/01/lh-75-1876.jpg
lh-75-1877.jpg,https://corningnyhistory.com/wp-content/uploads/2024/01/lh-75-1877.jpg
lh-75-1878.jpg,https://corningnyhistory.com/wp-content/uploads/2024/01/lh-75-1878.jpg
lh-75-1879.jpg,https://corningnyhistory.com/wp-content/uploads/2024/01/lh-75-1879.jpg
lh-75-1880.jpg,https://corningnyhistory.com/wp-content/uploads/2024/01/lh-75-1880.jpg
lh-75-1881.jpg,https://corningnyhistory.com/wp-content/uploads/2024/01/lh-75-1881.jpg
lh-75-1882.jpg,https://corningnyhistory.com/wp-content/uploads/2024/01/lh-75-1882.jpg
lh-75-1883.jpg,https://corningnyhistory.com/wp-content/uploads/2024/01/lh-75-1883.jpg
lh-75-1884.jpg,https://corningnyhistory.com/wp-content/uploads/2024/01/lh-75-1884.jpg
lh-75-1885.jpg,https://corningnyhistory.com/wp-content/uploads/2024/01/lh-75-1885.jpg
lh-75-1886.jpg,https://corningnyhistory.com/wp-content/uploads/2024/01/lh-75-1886.jpg
lh-75-1887.jpg,https://corningnyhistory.com/wp-content/uploads/2024/01/lh-75-1887.jpg
lh-75-1888.jpg,https://corningnyhistory.com/wp-content/uploads/2024/01/lh-75-1888.jpg
lh-75-1889.jpg,https://corningnyhistory.com/wp-content/uploads/2024/01/lh-75-1889.jpg
lh-75-1890.jpg,https://corningnyhistory.com/wp-content/uploads/2024/01/lh-75-1890.jpg
lh-75-1891.jpg,https://corningnyhistory.com/wp-content/uploads/2024/01/lh-75-1891.jpg
lh-75-1892.jpg,https://corningnyhistory.com/wp-content/uploads/2024/01/lh-75-1892.jpg
lh-75-1893.jpg,https://corningnyhistory.com/wp-content/uploads/2024/01/lh-75-1893.jpg
lh-75-1894.jpg,https://corningnyhistory.com/wp-content/uploads/2024/01/lh-75-1894.jpg
lh-75-1895.jpg,https://corningnyhistory.com/wp-content/uploads/2024/01/lh-75-1895.jpg
lh-75-1896.jpg,https://corningnyhistory.com/wp-content/uploads/2024/01/lh-75-1896.jpg
lh-75-1897.jpg,https://corningnyhistory.com/wp-content/uploads/2024/01/lh-75-1897.jpg
lh-75-1898.jpg,https://corningnyhistory.com/wp-content/uploads/2024/01/lh-75-1898.jpg
lh-75-1899.jpg,https://corningnyhistory.com/wp-content/uploads/2024/01/lh-75-1899.jpg
lh-75-1901.jpg,https://corningnyhistory.com/wp-content/uploads/2024/01/lh-75-1901.jpg
lh-75-1902.jpg,https://corningnyhistory.com/wp-content/uploads/2024/01/lh-75-1902.jpg
lh-75-1903.jpg,https://corningnyhistory.com/wp-content/uploads/2024/01/lh-75-1903.jpg
lh-75-1904.jpg,https://corningnyhistory.com/wp-content/uploads/2024/01/lh-75-1904.jpg
lh-75-1907.jpg,https://corningnyhistory.com/wp-content/uploads/2024/01/lh-75-1907.jpg
lh-75-1908.jpg,https://corningnyhistory.com/wp-content/uploads/2024/01/lh-75-1908.jpg
lh-75-1909.jpg,https://corningnyhistory.com/wp-content/uploads/2024/01/lh-75-1909.jpg
lh-75-1910.jpg,https://corningnyhistory.com/wp-content/uploads/2024/01/lh-75-1910.jpg
lh-75-1911.jpg,https://corningnyhistory.com/wp-content/uploads/2024/01/lh-75-1911.jpg
lh-75-1912.jpg,https://corningnyhistory.com/wp-content/uploads/2024/01/lh-75-1912.jpg
lh-75-1913.jpg,https://corningnyhistory.com/wp-content/uploads/2024/01/lh-75-1913.jpg
lh-75-1917.jpg,https://corningnyhistory.com/wp-content/uploads/2024/01/lh-75-1917.jpg
lh-75-1918.jpg,https://corningnyhistory.com/wp-content/uploads/2024/01/lh-75-1918.jpg
lh-75-1919.jpg,https://corningnyhistory.com/wp-content/uploads/2024/01/lh-75-1919.jpg
lh-75-1920.jpg,https://corningnyhistory.com/wp-content/uploads/2024/01/lh-75-1920.jpg
lh-75-1921.jpg,https://corningnyhistory.com/wp-content/uploads/2024/01/lh-75-1921.jpg
lh-75-1922.jpg,https://corningnyhistory.com/wp-content/uploads/2024/01/lh-75-1922.jpg
lh-75-1923.jpg,https://corningnyhistory.com/wp-content/uploads/2024/01/lh-75-1923.jpg
lh-75-1924.jpg,https://corningnyhistory.com/wp-content/uploads/2024/01/lh-75-1924.jpg
lh-75-1925.jpg,https://corningnyhistory.com/wp-content/uploads/2024/01/lh-75-1925.jpg
lh-75-1926.jpg,https://corningnyhistory.com/wp-content/uploads/2024/01/lh-75-1926.jpg
lh-75-672.jpg,https://corningnyhistory.com/wp-content/uploads/2024/01/lh-75-672.jpg
lh-76-0696.jpg,https://corningnyhistory.com/wp-content/uploads/2024/01/lh-76-0696.jpg
lh-76-1606.jpg,https://corningnyhistory.com/wp-content/uploads/2024/01/lh-76-1606.jpg
lh-76-1607.jpg,https://corningnyhistory.com/wp-content/uploads/2024/01/lh-76-1607.jpg
lh-76-1608.jpg,https://corningnyhistory.com/wp-content/uploads/2024/01/lh-76-1608.jpg
lh-76-1609.jpg,https://corningnyhistory.com/wp-content/uploads/2024/01/lh-76-1609.jpg
lh-76-1610.jpg,https://corningnyhistory.com/wp-content/uploads/2024/01/lh-76-1610.jpg
lh-76-1611.jpg,https://corningnyhistory.com/wp-content/uploads/2024/01/lh-76-1611.jpg
lh-76-1612.jpg,https://corningnyhistory.com/wp-content/uploads/2024/01/lh-76-1612.jpg
lh-76-1613.jpg,https://corningnyhistory.com/wp-content/uploads/2024/01/lh-76-1613.jpg
lh-76-1616.jpg,https://corningnyhistory.com/wp-content/uploads/2024/01/lh-76-1616.jpg
lh-76-1617.jpg,https://corningnyhistory.com/wp-content/uploads/2024/01/lh-76-1617.jpg
lh-76-1618.jpg,https://corningnyhistory.com/wp-content/uploads/2024/01/lh-76-1618.jpg
lh-76-1619.jpg,https://corningnyhistory.com/wp-content/uploads/2024/01/lh-76-1619.jpg
lh-76-1620.jpg,https://corningnyhistory.com/wp-content/uploads/2024/01/lh-76-1620.jpg
lh-76-1621.jpg,https://corningnyhistory.com/wp-content/uploads/2024/01/lh-76-1621.jpg
lh-76-1622.jpg,https://corningnyhistory.com/wp-content/uploads/2024/01/lh-76-1622.jpg
lh-76-1623.jpg,https://corningnyhistory.com/wp-content/uploads/2024/01/lh-76-1623.jpg
lh-76-1624.jpg,https://corningnyhistory.com/wp-content/uploads/2024/01/lh-76-1624.jpg
lh-76-1625.jpg,https://corningnyhistory.com/wp-content/uploads/2024/01/lh-76-1625.jpg
lh-76-1626.jpg,https://corningnyhistory.com/wp-content/uploads/2024/01/lh-76-1626.jpg
lh-76-1627.jpg,https://corningnyhistory.com/wp-content/uploads/2024/01/lh-76-1627.jpg
lh-76-1629.jpg,https://corningnyhistory.com/wp-content/uploads/2024/01/lh-76-1629.jpg
lh-76-1630.jpg,https://corningnyhistory.com/wp-content/uploads/2024/01/lh-76-1630.jpg
lh-76-1631.jpg,https://corningnyhistory.com/wp-content/uploads/2024/01/lh-76-1631.jpg
lh-76-1632.jpg,https://corningnyhistory.com/wp-content/uploads/2024/01/lh-76-1632.jpg
lh-76-1634.jpg,https://corningnyhistory.com/wp-content/uploads/2024/01/lh-76-1634.jpg
lh-76-1637.jpg,https://corningnyhistory.com/wp-content/uploads/2024/01/lh-76-1637.jpg
lh-76-1639.jpg,https://corningnyhistory.com/wp-content/uploads/2024/01/lh-76-1639.jpg
lh-76-1640.jpg,https://corningnyhistory.com/wp-content/uploads/2024/01/lh-76-1640.jpg
lh-76-1641.jpg,https://corningnyhistory.com/wp-content/uploads/2024/01/lh-76-1641.jpg
lh-76-1642.jpg,https://corningnyhistory.com/wp-content/uploads/2024/01/lh-76-1642.jpg
lh-76-1643.jpg,https://corningnyhistory.com/wp-content/uploads/2024/01/lh-76-1643.jpg
lh-76-1644.jpg,https://corningnyhistory.com/wp-content/uploads/2024/01/lh-76-1644.jpg
lh-76-1645.jpg,https://corningnyhistory.com/wp-content/uploads/2024/01/lh-76-1645.jpg
lh-76-1646.jpg,https://corningnyhistory.com/wp-content/uploads/2024/01/lh-76-1646.jpg
lh-76-1647.jpg,https://corningnyhistory.com/wp-content/uploads/2024/01/lh-76-1647.jpg
lh-76-1648.jpg,https://corningnyhistory.com/wp-content/uploads/2024/01/lh-76-1648.jpg
lh-76-1649.jpg,https://corningnyhistory.com/wp-content/uploads/2024/01/lh-76-1649.jpg
lh-76-1650.jpg,https://corningnyhistory.com/wp-content/uploads/2024/01/lh-76-1650.jpg
lh-76-1651.jpg,https://corningnyhistory.com/wp-content/uploads/2024/01/lh-76-1651.jpg
lh-76-1652.jpg,https://corningnyhistory.com/wp-content/uploads/2024/01/lh-76-1652.jpg
lh-76-1653.jpg,https://corningnyhistory.com/wp-content/uploads/2024/01/lh-76-1653.jpg
lh-76-1654.jpg,https://corningnyhistory.com/wp-content/uploads/2024/01/lh-76-1654.jpg
lh-76-1655.jpg,https://corningnyhistory.com/wp-content/uploads/2024/01/lh-76-1655.jpg
lh-76-1656.jpg,https://corningnyhistory.com/wp-content/uploads/2024/01/lh-76-1656.jpg
lh-76-1657.jpg,https://corningnyhistory.com/wp-content/uploads/2024/01/lh-76-1657.jpg
lh-76-1658.jpg,https://corningnyhistory.com/wp-content/uploads/2024/01/lh-76-1658.jpg
lh-76-1660.jpg,https://corningnyhistory.com/wp-content/uploads/2024/01/lh-76-1660.jpg
lh-76-1661.jpg,https://corningnyhistory.com/wp-content/uploads/2024/01/lh-76-1661.jpg
lh-76-1662.jpg,https://corningnyhistory.com/wp-content/uploads/2024/01/lh-76-1662.jpg
lh-76-1663.jpg,https://corningnyhistory.com/wp-content/uploads/2024/01/lh-76-1663.jpg
lh-76-1665.jpg,https://corningnyhistory.com/wp-content/uploads/2024/01/lh-76-1665.jpg
lh-76-1666.jpg,https://corningnyhistory.com/wp-content/uploads/2024/01/lh-76-1666.jpg
lh-76-1667.jpg,https://corningnyhistory.com/wp-content/uploads/2024/01/lh-76-1667.jpg
lh-76-1668.jpg,https://corningnyhistory.com/wp-content/uploads/2024/01/lh-76-1668.jpg
lh-76-1670.jpg,https://corningnyhistory.com/wp-content/uploads/2024/01/lh-76-1670.jpg
lh-76-1671.jpg,https://corningnyhistory.com/wp-content/uploads/2024/01/lh-76-1671.jpg
lh-76-1672.jpg,https://corningnyhistory.com/wp-content/uploads/2024/01/lh-76-1672.jpg
lh-76-1673.jpg,https://corningnyhistory.com/wp-content/uploads/2024/01/lh-76-1673.jpg
lh-76-1674.jpg,https://corningnyhistory.com/wp-content/uploads/2024/01/lh-76-1674.jpg
lh-76-1675.jpg,https://corningnyhistory.com/wp-content/uploads/2024/01/lh-76-1675.jpg
lh-76-1676.jpg,https://corningnyhistory.com/wp-content/uploads/2024/01/lh-76-1676.jpg
lh-76-1677.jpg,https://corningnyhistory.com/wp-content/uploads/2024/01/lh-76-1677.jpg
lh-76-1678.jpg,https://corningnyhistory.com/wp-content/uploads/2024/01/lh-76-1678.jpg
lh-76-1679.jpg,https://corningnyhistory.com/wp-content/uploads/2024/01/lh-76-1679.jpg
lh-76-1680.jpg,https://corningnyhistory.com/wp-content/uploads/2024/01/lh-76-1680.jpg
lh-76-1681.jpg,https://corningnyhistory.com/wp-content/uploads/2024/01/lh-76-1681.jpg
lh-76-1682.jpg,https://corningnyhistory.com/wp-content/uploads/2024/01/lh-76-1682.jpg
lh-76-1683.jpg,https://corningnyhistory.com/wp-content/uploads/2024/01/lh-76-1683.jpg
lh-76-1685.jpg,https://corningnyhistory.com/wp-content/uploads/2024/01/lh-76-1685.jpg
lh-76-1686.jpg,https://corningnyhistory.com/wp-content/uploads/2024/01/lh-76-1686.jpg
lh-76-1687.jpg,https://corningnyhistory.com/wp-content/uploads/2024/01/lh-76-1687.jpg
lh-76-1688.jpg,https://corningnyhistory.com/wp-content/uploads/2024/01/lh-76-1688.jpg
lh-76-1689.jpg,https://corningnyhistory.com/wp-content/uploads/2024/01/lh-76-1689.jpg
lh-76-1690.jpg,https://corningnyhistory.com/wp-content/uploads/2024/01/lh-76-1690.jpg
lh-76-1691.jpg,https://corningnyhistory.com/wp-content/uploads/2024/01/lh-76-1691.jpg
lh-76-1692.jpg,https://corningnyhistory.com/wp-content/uploads/2024/01/lh-76-1692.jpg
lh-76-1693.jpg,https://corningnyhistory.com/wp-content/uploads/2024/01/lh-76-1693.jpg
lh-76-1694.jpg,https://corningnyhistory.com/wp-content/uploads/2024/01/lh-76-1694.jpg
lh-76-1695.jpg,https://corningnyhistory.com/wp-content/uploads/2024/01/lh-76-1695.jpg
lh-76-1696.jpg,https://corningnyhistory.com/wp-content/uploads/2024/01/lh-76-1696.jpg
lh-76-1697.jpg,https://corningnyhistory.com/wp-content/uploads/2024/01/lh-76-1697.jpg
lh-76-1698.jpg,https://corningnyhistory.com/wp-content/uploads/2024/01/lh-76-1698.jpg
lh-76-1699.jpg,https://corningnyhistory.com/wp-content/uploads/2024/01/lh-76-1699.jpg
lh-76-1700.jpg,https://corningnyhistory.com/wp-content/uploads/2024/01/lh-76-1700.jpg
lh-76-1701.jpg,https://corningnyhistory.com/wp-content/uploads/2024/01/lh-76-1701.jpg
lh-76-1702.jpg,https://corningnyhistory.com/wp-content/uploads/2024/01/lh-76-1702.jpg
lh-76-1703.jpg,https://corningnyhistory.com/wp-content/uploads/2024/01/lh-76-1703.jpg
lh-76-1704.jpg,https://corningnyhistory.com/wp-content/uploads/2024/01/lh-76-1704.jpg
lh-76-1705.jpg,https://corningnyhistory.com/wp-content/uploads/2024/01/lh-76-1705.jpg
lh-76-1706.jpg,https://corningnyhistory.com/wp-content/uploads/2024/01/lh-76-1706.jpg
lh-76-1707.jpg,https://corningnyhistory.com/wp-content/uploads/2024/01/lh-76-1707.jpg
lh-76-1708.jpg,https://corningnyhistory.com/wp-content/uploads/2024/01/lh-76-1708.jpg
lh-76-1709.jpg,https://corningnyhistory.com/wp-content/uploads/2024/01/lh-76-1709.jpg
lh-76-1710.jpg,https://corningnyhistory.com/wp-content/uploads/2024/01/lh-76-1710.jpg
lh-76-1711.jpg,https://corningnyhistory.com/wp-content/uploads/2024/01/lh-76-1711.jpg
lh-76-1712.jpg,https://corningnyhistory.com/wp-content/uploads/2024/01/lh-76-1712.jpg
lh-76-1713.jpg,https://corningnyhistory.com/wp-content/uploads/2024/01/lh-76-1713.jpg
lh-76-1714.jpg,https://corningnyhistory.com/wp-content/uploads/2024/01/lh-76-1714.jpg
lh-76-1715.jpg,https://corningnyhistory.com/wp-content/uploads/2024/01/lh-76-1715.jpg
lh-76-1717.jpg,https://corningnyhistory.com/wp-content/uploads/2024/01/lh-76-1717.jpg
lh-76-1718.jpg,https://corningnyhistory.com/wp-content/uploads/2024/01/lh-76-1718.jpg
lh-76-1719.jpg,https://corningnyhistory.com/wp-content/uploads/2024/01/lh-76-1719.jpg
lh-76-1720.jpg,https://corningnyhistory.com/wp-content/uploads/2024/01/lh-76-1720.jpg
lh-76-1721.jpg,https://corningnyhistory.com/wp-content/uploads/2024/01/lh-76-1721.jpg
lh-76-1722.jpg,https://corningnyhistory.com/wp-content/uploads/2024/01/lh-76-1722.jpg
lh-76-1723.jpg,https://corningnyhistory.com/wp-content/uploads/2024/01/lh-76-1723.jpg
lh-76-1724.jpg,https://corningnyhistory.com/wp-content/uploads/2024/01/lh-76-1724.jpg
lh-76-1725.jpg,https://corningnyhistory.com/wp-content/uploads/2024/01/lh-76-1725.jpg
lh-76-1726.jpg,https://corningnyhistory.com/wp-content/uploads/2024/01/lh-76-1726.jpg
lh-76-1727.jpg,https://corningnyhistory.com/wp-content/uploads/2024/01/lh-76-1727.jpg
lh-76-1728.jpg,https://corningnyhistory.com/wp-content/uploads/2024/01/lh-76-1728.jpg
lh-76-1729.jpg,https://corningnyhistory.com/wp-content/uploads/2024/01/lh-76-1729.jpg
lh-76-1730.jpg,https://corningnyhistory.com/wp-content/uploads/2024/01/lh-76-1730.jpg
lh-76-1731.jpg,https://corningnyhistory.com/wp-content/uploads/2024/01/lh-76-1731.jpg
lh-76-1732.jpg,https://corningnyhistory.com/wp-content/uploads/2024/01/lh-76-1732.jpg
lh-76-1733.jpg,https://corningnyhistory.com/wp-content/uploads/2024/01/lh-76-1733.jpg
lh-76-1734.jpg,https://corningnyhistory.com/wp-content/uploads/2024/01/lh-76-1734.jpg
lh-76-1735.jpg,https://corningnyhistory.com/wp-content/uploads/2024/01/lh-76-1735.jpg
lh-76-1736.jpg,https://corningnyhistory.com/wp-content/uploads/2024/01/lh-76-1736.jpg
lh-76-1737.jpg,https://corningnyhistory.com/wp-content/uploads/2024/01/lh-76-1737.jpg
lh-76-1738.jpg,https://corningnyhistory.com/wp-content/uploads/2024/01/lh-76-1738.jpg
lh-76-1739.jpg,https://corningnyhistory.com/wp-content/uploads/2024/01/lh-76-1739.jpg
lh-76-1740.jpg,https://corningnyhistory.com/wp-content/uploads/2024/01/lh-76-1740.jpg
lh-76-1741.jpg,https://corningnyhistory.com/wp-content/uploads/2024/01/lh-76-1741.jpg
lh-76-1742.jpg,https://corningnyhistory.com/wp-content/uploads/2024/01/lh-76-1742.jpg
lh-76-1743.jpg,https://corningnyhistory.com/wp-content/uploads/2024/01/lh-76-1743.jpg
lh-76-1744.jpg,https://corningnyhistory.com/wp-content/uploads/2024/01/lh-76-1744.jpg
lh-76-1745.jpg,https://corningnyhistory.com/wp-content/uploads/2024/01/lh-76-1745.jpg
lh-76-1746.jpg,https://corningnyhistory.com/wp-content/uploads/2024/01/lh-76-1746.jpg
lh-76-1748.jpg,https://corningnyhistory.com/wp-content/uploads/2024/01/lh-76-1748.jpg
lh-76-1749.jpg,https://corningnyhistory.com/wp-content/uploads/2024/01/lh-76-1749.jpg
lh-76-1750.jpg,https://corningnyhistory.com/wp-content/uploads/2024/01/lh-76-1750.jpg
lh-76-1751.jpg,https://corningnyhistory.com/wp-content/uploads/2024/01/lh-76-1751.jpg
lh-76-1752.jpg,https://corningnyhistory.com/wp-content/uploads/2024/01/lh-76-1752.jpg
lh-76-1753.jpg,https://corningnyhistory.com/wp-content/uploads/2024/01/lh-76-1753.jpg
lh-76-1754.jpg,https://corningnyhistory.com/wp-content/uploads/2024/01/lh-76-1754.jpg
lh-76-1755.jpg,https://corningnyhistory.com/wp-content/uploads/2024/01/lh-76-1755.jpg
lh-76-1757.jpg,https://corningnyhistory.com/wp-content/uploads/2024/01/lh-76-1757.jpg
lh-76-1758.jpg,https://corningnyhistory.com/wp-content/uploads/2024/01/lh-76-1758.jpg
lh-76-1759.jpg,https://corningnyhistory.com/wp-content/uploads/2024/01/lh-76-1759.jpg
lh-76-1760.jpg,https://corningnyhistory.com/wp-content/uploads/2024/01/lh-76-1760.jpg
lh-76-1761.jpg,https://corningnyhistory.com/wp-content/uploads/2024/01/lh-76-1761.jpg
lh-76-1762.jpg,https://corningnyhistory.com/wp-content/uploads/2024/01/lh-76-1762.jpg
lh-76-1763.jpg,https://corningnyhistory.com/wp-content/uploads/2024/01/lh-76-1763.jpg
lh-77-1764.jpg,https://corningnyhistory.com/wp-content/uploads/2024/01/lh-77-1764.jpg
lh-77-1765.jpg,https://corningnyhistory.com/wp-content/uploads/2024/01/lh-77-1765.jpg
lh-77-1766.jpg,https://corningnyhistory.com/wp-content/uploads/2024/01/lh-77-1766.jpg
lh-77-1767.jpg,https://corningnyhistory.com/wp-content/uploads/2024/01/lh-77-1767.jpg
lh-77-1768.jpg,https://corningnyhistory.com/wp-content/uploads/2024/01/lh-77-1768.jpg
lh-77-1769.jpg,https://corningnyhistory.com/wp-content/uploads/2024/01/lh-77-1769.jpg
lh-77-1771.jpg,https://corningnyhistory.com/wp-content/uploads/2024/01/lh-77-1771.jpg
lh-77-1772.jpg,https://corningnyhistory.com/wp-content/uploads/2024/01/lh-77-1772.jpg
lh-77-1773.jpg,https://corningnyhistory.com/wp-content/uploads/2024/01/lh-77-1773.jpg
lh-77-1774.jpg,https://corningnyhistory.com/wp-content/uploads/2024/01/lh-77-1774.jpg
lh-77-1775.jpg,https://corningnyhistory.com/wp-content/uploads/2024/01/lh-77-1775.jpg
lh-77-1776.jpg,https://corningnyhistory.com/wp-content/uploads/2024/01/lh-77-1776.jpg
lh-77-1777.jpg,https://corningnyhistory.com/wp-content/uploads/2024/01/lh-77-1777.jpg
lh-77-1779.jpg,https://corningnyhistory.com/wp-content/uploads/2024/01/lh-77-1779.jpg
lh-77-1780.jpg,https://corningnyhistory.com/wp-content/uploads/2024/01/lh-77-1780.jpg
lh-77-1781.jpg,https://corningnyhistory.com/wp-content/uploads/2024/01/lh-77-1781.jpg
lh-77-1782.jpg,https://corningnyhistory.com/wp-content/uploads/2024/01/lh-77-1782.jpg
lh-77-1783.jpg,https://corningnyhistory.com/wp-content/uploads/2024/01/lh-77-1783.jpg
lh-77-1784.jpg,https://corningnyhistory.com/wp-content/uploads/2024/01/lh-77-1784.jpg
lh-77-1785.jpg,https://corningnyhistory.com/wp-content/uploads/2024/01/lh-77-1785.jpg
lh-77-1786.jpg,https://corningnyhistory.com/wp-content/uploads/2024/01/lh-77-1786.jpg
lh-77-1787.jpg,https://corningnyhistory.com/wp-content/uploads/2024/01/lh-77-1787.jpg
lh-77-1788.jpg,https://corningnyhistory.com/wp-content/uploads/2024/01/lh-77-1788.jpg
lh-77-1789.jpg,https://corningnyhistory.com/wp-content/uploads/2024/01/lh-77-1789.jpg
lh-77-1790.jpg,https://corningnyhistory.com/wp-content/uploads/2024/01/lh-77-1790.jpg
lh-77-1791.jpg,https://corningnyhistory.com/wp-content/uploads/2024/01/lh-77-1791.jpg
lh-77-1792.jpg,https://corningnyhistory.com/wp-content/uploads/2024/01/lh-77-1792.jpg
lh-77-1793.jpg,https://corningnyhistory.com/wp-content/uploads/2024/01/lh-77-1793.jpg
lh-77-1794.jpg,https://corningnyhistory.com/wp-content/uploads/2024/01/lh-77-1794.jpg
lh-77-1795.jpg,https://corningnyhistory.com/wp-content/uploads/2024/01/lh-77-1795.jpg
lh-77-1796.jpg,https://corningnyhistory.com/wp-content/uploads/2024/01/lh-77-1796.jpg
lh-77-1797.jpg,https://corningnyhistory.com/wp-content/uploads/2024/01/lh-77-1797.jpg
lh-77-1798.jpg,https://corningnyhistory.com/wp-content/uploads/2024/01/lh-77-1798.jpg
lh-77-1799.jpg,https://corningnyhistory.com/wp-content/uploads/2024/01/lh-77-1799.jpg
lh-77-1800.jpg,https://corningnyhistory.com/wp-content/uploads/2024/01/lh-77-1800.jpg
lh-77-1801.jpg,https://corningnyhistory.com/wp-content/uploads/2024/01/lh-77-1801.jpg
lh-77-1802.jpg,https://corningnyhistory.com/wp-content/uploads/2024/01/lh-77-1802.jpg
lh-77-1803.jpg,https://corningnyhistory.com/wp-content/uploads/2024/01/lh-77-1803.jpg
lh-77-1804.jpg,https://corningnyhistory.com/wp-content/uploads/2024/01/lh-77-1804.jpg
lh-77-1805.jpg,https://corningnyhistory.com/wp-content/uploads/2024/01/lh-77-1805.jpg
lh-77-1806.jpg,https://corningnyhistory.com/wp-content/uploads/2024/01/lh-77-1806.jpg
lh-77-1807.jpg,https://corningnyhistory.com/wp-content/uploads/2024/01/lh-77-1807.jpg
lh-77-1808.jpg,https://corningnyhistory.com/wp-content/uploads/2024/01/lh-77-1808.jpg
lh-77-1809.jpg,https://corningnyhistory.com/wp-content/uploads/2024/01/lh-77-1809.jpg
lh-77-1810.jpg,https://corningnyhistory.com/wp-content/uploads/2024/01/lh-77-1810.jpg
lh-77-1811.jpg,https://corningnyhistory.com/wp-content/uploads/2024/01/lh-77-1811.jpg
lh-77-1812.jpg,https://corningnyhistory.com/wp-content/uploads/2024/01/lh-77-1812.jpg
lh-77-1813.jpg,https://corningnyhistory.com/wp-content/uploads/2024/01/lh-77-1813.jpg
lh-77-1814.jpg,https://corningnyhistory.com/wp-content/uploads/2024/01/lh-77-1814.jpg
lh-77-1815.jpg,https://corningnyhistory.com/wp-content/uploads/2024/01/lh-77-1815.jpg
lh-77-1816.jpg,https://corningnyhistory.com/wp-content/uploads/2024/01/lh-77-1816.jpg
lh-77-1818.jpg,https://corningnyhistory.com/wp-content/uploads/2024/01/lh-77-1818.jpg
lh-77-1819.jpg,https://corningnyhistory.com/wp-content/uploads/2024/01/lh-77-1819.jpg
lh-77-1820.jpg,https://corningnyhistory.com/wp-content/uploads/2024/01/lh-77-1820.jpg
lh-77-1821.jpg,https://corningnyhistory.com/wp-content/uploads/2024/01/lh-77-1821.jpg
lh-77-1822.jpg,https://corningnyhistory.com/wp-content/uploads/2024/01/lh-77-1822.jpg
lh-77-1823.jpg,https://corningnyhistory.com/wp-content/uploads/2024/01/lh-77-1823.jpg
lh-77-1824.jpg,https://corningnyhistory.com/wp-content/uploads/2024/01/lh-77-1824.jpg
lh-77-1825.jpg,https://corningnyhistory.com/wp-content/uploads/2024/01/lh-77-1825.jpg
lh-77-1826.jpg,https://corningnyhistory.com/wp-content/uploads/2024/01/lh-77-1826.jpg
lh-77-1827.jpg,https://corningnyhistory.com/wp-content/uploads/2024/01/lh-77-1827.jpg
lh-77-1828.jpg,https://corningnyhistory.com/wp-content/uploads/2024/01/lh-77-1828.jpg
lh-77-1829.jpg,https://corningnyhistory.com/wp-content/uploads/2024/01/lh-77-1829.jpg
lh-77-1830.jpg,https://corningnyhistory.com/wp-content/uploads/2024/01/lh-77-1830.jpg
lh-77-1831.jpg,https://corningnyhistory.com/wp-content/uploads/2024/01/lh-77-1831.jpg
lh-77-1832.jpg,https://corningnyhistory.com/wp-content/uploads/2024/01/lh-77-1832.jpg
lh-77-1833.jpg,https://corningnyhistory.com/wp-content/uploads/2024/01/lh-77-1833.jpg
lh-77-1834.jpg,https://corningnyhistory.com/wp-content/uploads/2024/01/lh-77-1834.jpg
lh-77-1835.jpg,https://corningnyhistory.com/wp-content/uploads/2024/01/lh-77-1835.jpg
lh-77-1836.jpg,https://corningnyhistory.com/wp-content/uploads/2024/01/lh-77-1836.jpg
lh-77-1837.jpg,https://corningnyhistory.com/wp-content/uploads/2024/01/lh-77-1837.jpg
lh-77-1838.jpg,https://corningnyhistory.com/wp-content/uploads/2024/01/lh-77-1838.jpg
lh-77-1839.jpg,https://corningnyhistory.com/wp-content/uploads/2024/01/lh-77-1839.jpg
lh-77-1840.jpg,https://corningnyhistory.com/wp-content/uploads/2024/01/lh-77-1840.jpg
lh-77-1841.jpg,https://corningnyhistory.com/wp-content/uploads/2024/01/lh-77-1841.jpg
lh-77-1842.jpg,https://corningnyhistory.com/wp-content/uploads/2024/01/lh-77-1842.jpg
lh-77-1843.jpg,https://corningnyhistory.com/wp-content/uploads/2024/01/lh-77-1843.jpg
lh-77-1844.jpg,https://corningnyhistory.com/wp-content/uploads/2024/01/lh-77-1844.jpg
lh-77-1845.jpg,https://corningnyhistory.com/wp-content/uploads/2024/01/lh-77-1845.jpg
lh-77-1846.jpg,https://corningnyhistory.com/wp-content/uploads/2024/01/lh-77-1846.jpg
lh-77-1847.jpg,https://corningnyhistory.com/wp-content/uploads/2024/01/lh-77-1847.jpg
lh-77-1848.jpg,https://corningnyhistory.com/wp-content/uploads/2024/01/lh-77-1848.jpg
lh-77-1849.jpg,https://corningnyhistory.com/wp-content/uploads/2024/01/lh-77-1849.jpg
lh-77-1850.jpg,https://corningnyhistory.com/wp-content/uploads/2024/01/lh-77-1850.jpg
lh-77-1851.jpg,https://corningnyhistory.com/wp-content/uploads/2024/01/lh-77-1851.jpg
lh-77-1852.jpg,https://corningnyhistory.com/wp-content/uploads/2024/01/lh-77-1852.jpg
lh-77-1853.jpg,https://corningnyhistory.com/wp-content/uploads/2024/01/lh-77-1853.jpg
lh-77-1854.jpg,https://corningnyhistory.com/wp-content/uploads/2024/01/lh-77-1854.jpg
lh-77-1855.jpg,https://corningnyhistory.com/wp-content/uploads/2024/01/lh-77-1855.jpg
lh-77-1856.jpg,https://corningnyhistory.com/wp-content/uploads/2024/01/lh-77-1856.jpg
lh-77-1857.jpg,https://corningnyhistory.com/wp-content/uploads/2024/01/lh-77-1857.jpg
lh-77-1858.jpg,https://corningnyhistory.com/wp-content/uploads/2024/01/lh-77-1858.jpg
lh-77-1859.jpg,https://corningnyhistory.com/wp-content/uploads/2024/01/lh-77-1859.jpg
lh-77-1860.jpg,https://corningnyhistory.com/wp-content/uploads/2024/01/lh-77-1860.jpg
lh-77-1861.jpg,https://corningnyhistory.com/wp-content/uploads/2024/01/lh-77-1861.jpg
lh-77-1862.jpg,https://corningnyhistory.com/wp-content/uploads/2024/01/lh-77-1862.jpg
lh-77-1863.jpg,https://corningnyhistory.com/wp-content/uploads/2024/01/lh-77-1863.jpg
lh-77-1864.jpg,https://corningnyhistory.com/wp-content/uploads/2024/01/lh-77-1864.jpg
lh-77-1865.jpg,https://corningnyhistory.com/wp-content/uploads/2024/01/lh-77-1865.jpg
lh-77-1866.jpg,https://corningnyhistory.com/wp-content/uploads/2024/01/lh-77-1866.jpg
lh-77-1867.jpg,https://corningnyhistory.com/wp-content/uploads/2024/01/lh-77-1867.jpg
lh-77-1868.jpg,https://corningnyhistory.com/wp-content/uploads/2024/01/lh-77-1868.jpg
lh-77-1869.jpg,https://corningnyhistory.com/wp-content/uploads/2024/01/lh-77-1869.jpg
lh-77-1870.jpg,https://corningnyhistory.com/wp-content/uploads/2024/01/lh-77-1870.jpg
lh-77-1871.jpg,https://corningnyhistory.com/wp-content/uploads/2024/01/lh-77-1871.jpg
lh-77-1872.jpg,https://corningnyhistory.com/wp-content/uploads/2024/01/lh-77-1872.jpg
lh-77-1873.jpg,https://corningnyhistory.com/wp-content/uploads/2024/01/lh-77-1873.jpg
lh-77-1874.jpg,https://corningnyhistory.com/wp-content/uploads/2024/01/lh-77-1874.jpg
lh-77-1875.jpg,https://corningnyhistory.com/wp-content/uploads/2024/01/lh-77-1875.jpg
lh-77-1876.jpg,https://corningnyhistory.com/wp-content/uploads/2024/01/lh-77-1876.jpg
lh-77-1877.jpg,https://corningnyhistory.com/wp-content/uploads/2024/01/lh-77-1877.jpg
lh-77-1878.jpg,https://corningnyhistory.com/wp-content/uploads/2024/01/lh-77-1878.jpg
lh-77-1879.jpg,https://corningnyhistory.com/wp-content/uploads/2024/01/lh-77-1879.jpg
lh-77-1880.jpg,https://corningnyhistory.com/wp-content/uploads/2024/01/lh-77-1880.jpg
lh-77-1881.jpg,https://corningnyhistory.com/wp-content/uploads/2024/01/lh-77-1881.jpg
lh-77-1882.jpg,https://corningnyhistory.com/wp-content/uploads/2024/01/lh-77-1882.jpg
lh-77-1883.jpg,https://corningnyhistory.com/wp-content/uploads/2024/01/lh-77-1883.jpg
lh-77-1884.jpg,https://corningnyhistory.com/wp-content/uploads/2024/01/lh-77-1884.jpg
lh-77-1885.jpg,https://corningnyhistory.com/wp-content/uploads/2024/01/lh-77-1885.jpg
lh-77-1886.jpg,https://corningnyhistory.com/wp-content/uploads/2024/01/lh-77-1886.jpg
lh-77-1887.jpg,https://corningnyhistory.com/wp-content/uploads/2024/01/lh-77-1887.jpg
lh-77-1888.jpg,https://corningnyhistory.com/wp-content/uploads/2024/01/lh-77-1888.jpg
lh-77-1889.jpg,https://corningnyhistory.com/wp-content/uploads/2024/01/lh-77-1889.jpg
lh-77-1890.jpg,https://corningnyhistory.com/wp-content/uploads/2024/01/lh-77-1890.jpg
lh-77-1891.jpg,https://corningnyhistory.com/wp-content/uploads/2024/01/lh-77-1891.jpg
lh-77-1892.jpg,https://corningnyhistory.com/wp-content/uploads/2024/01/lh-77-1892.jpg
lh-77-1893.jpg,https://corningnyhistory.com/wp-content/uploads/2024/01/lh-77-1893.jpg
lh-77-1894.jpg,https://corningnyhistory.com/wp-content/uploads/2024/01/lh-77-1894.jpg
lh-77-1895.jpg,https://corningnyhistory.com/wp-content/uploads/2024/01/lh-77-1895.jpg
lh-77-1896.jpg,https://corningnyhistory.com/wp-content/uploads/2024/01/lh-77-1896.jpg
lh-77-1897.jpg,https://corningnyhistory.com/wp-content/uploads/2024/01/lh-77-1897.jpg
lh-77-1898.jpg,https://corningnyhistory.com/wp-content/uploads/2024/01/lh-77-1898.jpg
lh-77-1899.jpg,https://corningnyhistory.com/wp-content/uploads/2024/01/lh-77-1899.jpg
lh-77-1901.jpg,https://corningnyhistory.com/wp-content/uploads/2024/01/lh-77-1901.jpg
lh-77-1902.jpg,https://corningnyhistory.com/wp-content/uploads/2024/01/lh-77-1902.jpg
lh-77-1903.jpg,https://corningnyhistory.com/wp-content/uploads/2024/01/lh-77-1903.jpg
lh-77-1904.jpg,https://corningnyhistory.com/wp-content/uploads/2024/01/lh-77-1904.jpg
lh-77-1907.jpg,https://corningnyhistory.com/wp-content/uploads/2024/01/lh-77-1907.jpg
lh-77-1908.jpg,https://corningnyhistory.com/wp-content/uploads/2024/01/lh-77-1908.jpg
lh-77-1909.jpg,https://corningnyhistory.com/wp-content/uploads/2024/01/lh-77-1909.jpg
lh-77-1910.jpg,https://corningnyhistory.com/wp-content/uploads/2024/01/lh-77-1910.jpg
lh-77-1911.jpg,https://corningnyhistory.com/wp-content/uploads/2024/01/lh-77-1911.jpg
lh-77-1912.jpg,https://corningnyhistory.com/wp-content/uploads/2024/01/lh-77-1912.jpg
lh-77-1913.jpg,https://corningnyhistory.com/wp-content/uploads/2024/01/lh-77-1913.jpg
lh-77-1917.jpg,https://corningnyhistory.com/wp-content/uploads/2024/01/lh-77-1917.jpg
lh-77-1918.jpg,https://corningnyhistory.com/wp-content/uploads/2024/01/lh-77-1918.jpg
lh-77-1919.jpg,https://corningnyhistory.com/wp-content/uploads/2024/01/lh-77-1919.jpg
lh-77-1920.jpg,https://corningnyhistory.com/wp-content/uploads/2024/01/lh-77-1920.jpg
lh-77-1921.jpg,https://corningnyhistory.com/wp-content/uploads/2024/01/lh-77-1921.jpg
lh-77-1922.jpg,https://corningnyhistory.com/wp-content/uploads/2024/01/lh-77-1922.jpg
lh-77-1923.jpg,https://corningnyhistory.com/wp-content/uploads/2024/01/lh-77-1923.jpg
lh-77-1924.jpg,https://corningnyhistory.com/wp-content/uploads/2024/01/lh-77-1924.jpg
lh-77-1925.jpg,https://corningnyhistory.com/wp-content/uploads/2024/01/lh-77-1925.jpg
lh-77-1926.jpg,https://corningnyhistory.com/wp-content/uploads/2024/01/lh-77-1926.jpg
lh-77-1927.jpg,https://corningnyhistory.com/wp-content/uploads/2024/01/lh-77-1927.jpg
lh-77-1928.jpg,https://corningnyhistory.com/wp-content/uploads/2024/01/lh-77-1928.jpg
lh-77-1929.jpg,https://corningnyhistory.com/wp-content/uploads/2024/01/lh-77-1929.jpg
lh-77-1930.jpg,https://corningnyhistory.com/wp-content/uploads/2024/01/lh-77-1930.jpg
lh-77-1931.jpg,https://corningnyhistory.com/wp-content/uploads/2024/01/lh-77-1931.jpg
lh-77-1932.jpg,https://corningnyhistory.com/wp-content/uploads/2024/01/lh-77-1932.jpg
lh-77-1933.jpg,https://corningnyhistory.com/wp-content/uploads/2024/01/lh-77-1933.jpg
lh-77-1934.jpg,https://corningnyhistory.com/wp-content/uploads/2024/01/lh-77-1934.jpg
lh-77-1935.jpg,https://corningnyhistory.com/wp-content/uploads/2024/01/lh-77-1935.jpg
lh-77-1936.jpg,https://corningnyhistory.com/wp-content/uploads/2024/01/lh-77-1936.jpg
lh-77-1937.jpg,https://corningnyhistory.com/wp-content/uploads/2024/01/lh-77-1937.jpg
lh-77-1938.jpg,https://corningnyhistory.com/wp-content/uploads/2024/01/lh-77-1938.jpg
lh-77-1939.jpg,https://corningnyhistory.com/wp-content/uploads/2024/01/lh-77-1939.jpg
lh-77-1940.jpg,https://corningnyhistory.com/wp-content/uploads/2024/01/lh-77-1940.jpg
lh-77-1941.jpg,https://corningnyhistory.com/wp-content/uploads/2024/01/lh-77-1941.jpg
lh-77-1942.jpg,https://corningnyhistory.com/wp-content/uploads/2024/01/lh-77-1942.jpg
lh-77-1943.jpg,https://corningnyhistory.com/wp-content/uploads/2024/01/lh-77-1943.jpg
lh-77-1944.jpg,https://corningnyhistory.com/wp-content/uploads/2024/01/lh-77-1944.jpg
lh-77-1945.jpg,https://corningnyhistory.com/wp-content/uploads/2024/01/lh-77-1945.jpg
lh-77-1946.jpg,https://corningnyhistory.com/wp-content/uploads/2024/01/lh-77-1946.jpg
lh-77-1947.jpg,https://corningnyhistory.com/wp-content/uploads/2024/01/lh-77-1947.jpg
lh-77-1948.jpg,https://corningnyhistory.com/wp-content/uploads/2024/01/lh-77-1948.jpg
lh-77-1949.jpg,https://corningnyhistory.com/wp-content/uploads/2024/01/lh-77-1949.jpg
lh-77-1950.jpg,https://corningnyhistory.com/wp-content/uploads/2024/01/lh-77-1950.jpg
lh-77-1951.jpg,https://corningnyhistory.com/wp-content/uploads/2024/01/lh-77-1951.jpg
lh-77-1952.jpg,https://corningnyhistory.com/wp-content/uploads/2024/01/lh-77-1952.jpg
lh-77-1953.jpg,https://corningnyhistory.com/wp-content/uploads/2024/01/lh-77-1953.jpg
lh-77-1954.jpg,https://corningnyhistory.com/wp-content/uploads/2024/01/lh-77-1954.jpg
lh-77-1955.jpg,https://corningnyhistory.com/wp-content/uploads/2024/01/lh-77-1955.jpg
lh-77-1956.jpg,https://corningnyhistory.com/wp-content/uploads/2024/01/lh-77-1956.jpg
lh-77-1957.jpg,https://corningnyhistory.com/wp-content/uploads/2024/01/lh-77-1957.jpg
lh-77-1958.jpg,https://corningnyhistory.com/wp-content/uploads/2024/01/lh-77-1958.jpg
lh-77-1959.jpg,https://corningnyhistory.com/wp-content/uploads/2024/01/lh-77-1959.jpg
lh-77-1960.jpg,https://corningnyhistory.com/wp-content/uploads/2024/01/lh-77-1960.jpg
lh-77-1961.jpg,https://corningnyhistory.com/wp-content/uploads/2024/01/lh-77-1961.jpg
lh-77-1962.jpg,https://corningnyhistory.com/wp-content/uploads/2024/01/lh-77-1962.jpg
lh-77-1963.jpg,https://corningnyhistory.com/wp-content/uploads/2024/01/lh-77-1963.jpg
lh-77-1964.jpg,https://corningnyhistory.com/wp-content/uploads/2024/01/lh-77-1964.jpg
lh-77-1965.jpg,https://corningnyhistory.com/wp-content/uploads/2024/01/lh-77-1965.jpg
lh-77-1966.jpg,https://corningnyhistory.com/wp-content/uploads/2024/01/lh-77-1966.jpg
lh-77-1967.jpg,https://corningnyhistory.com/wp-content/uploads/2024/01/lh-77-1967.jpg
